# manifest_id	toefl-2026-missing-audio-manifest
# manifest_version	2026-08-20.v1
# scope	400_new_files_only;260_existing_mp3_preserved
# generation_authorized	no
media_id	set_id	section	module	task	source_item_ids	planned_url	source_ref	script_sha256	source_script_characters	billable_characters	words	request_segments	speaker_labels	declared_voice_roles	cast_profiles	target_profile	sample_candidate	media_status	approval_status
media:toefl:set-1:listening-m1-choose-6	set-1	listening	listening-1	choose-response	item:t1-l-m1-cr6-v1	/audio/toefl/set-1/listening-m1-choose-6.mp3	src/data/toefl/listening-fixed-sets-1-5.ts#media:toefl:set-1:listening-m1-choose-6	e9ef6de371f7b4a7a65fed0a251b9529bc3fb21d14ca3f967c49d0674f9b3a19	49	49	9	1	woman	woman	woman	mp3_44100_64_mono_after_QA	yes	script-ready-audio-blocked	blocked_pending_owner_manifest_voices_sample_cost
media:toefl:set-1:listening-m1-choose-7	set-1	listening	listening-1	choose-response	item:t1-l-m1-cr7-v1	/audio/toefl/set-1/listening-m1-choose-7.mp3	src/data/toefl/listening-fixed-sets-1-5.ts#media:toefl:set-1:listening-m1-choose-7	75b8d6cd13c11b635cf3a8f7a4b67cca26e5246b7e1039141c3f0f6e5e79fc89	51	51	11	1	man	man	man	mp3_44100_64_mono_after_QA	no	script-ready-audio-blocked	blocked_pending_owner_manifest_voices_sample_cost
media:toefl:set-1:listening-m1-choose-8	set-1	listening	listening-1	choose-response	item:t1-l-m1-cr8-v1	/audio/toefl/set-1/listening-m1-choose-8.mp3	src/data/toefl/listening-fixed-sets-1-5.ts#media:toefl:set-1:listening-m1-choose-8	67852bbdc04194ade29b298560e96be673383e8eeb301bd5c95e480da508887b	44	44	9	1	woman	woman	woman	mp3_44100_64_mono_after_QA	no	script-ready-audio-blocked	blocked_pending_owner_manifest_voices_sample_cost
media:toefl:set-1:listening-m2-academic-talk	set-1	listening	listening-2	academic-talk	item:t1-l-m2-at1-v1;item:t1-l-m2-at2-v1;item:t1-l-m2-at3-v1;item:t1-l-m2-at4-v1	/audio/toefl/set-1/listening-m2-academic-talk.mp3	src/data/toefl/listening-fixed-sets-1-5.ts#media:toefl:set-1:listening-m2-academic-talk	1cc7197623cbb322679c3c72853d303b4c7eedb502aaf686d5d98c591621fceb	1252	1241	193	1	PROFESSOR	professor	professor	mp3_44100_64_mono_after_QA	yes	script-ready-audio-blocked	blocked_pending_owner_manifest_voices_sample_cost
media:toefl:set-1:listening-m2-announcement	set-1	listening	listening-2	announcement	item:t1-l-m2-an1-v1;item:t1-l-m2-an2-v1	/audio/toefl/set-1/listening-m2-announcement.mp3	src/data/toefl/listening-fixed-sets-1-5.ts#media:toefl:set-1:listening-m2-announcement	13630947abc0ca360c490fdcf84925ba255c87ac354bc539eec0b10d3251ab81	383	372	60	1	ANNOUNCER	announcer	announcer	mp3_44100_64_mono_after_QA	yes	script-ready-audio-blocked	blocked_pending_owner_manifest_voices_sample_cost
media:toefl:set-1:listening-m2-choose-1	set-1	listening	listening-2	choose-response	item:t1-l-m2-cr1-v1	/audio/toefl/set-1/listening-m2-choose-1.mp3	src/data/toefl/listening-fixed-sets-1-5.ts#media:toefl:set-1:listening-m2-choose-1	1e81452802f06fc03030178322be1b4034e58f1e2e63f4eeb7b6e9e8c220e721	50	50	9	1	man	man	man	mp3_44100_64_mono_after_QA	yes	script-ready-audio-blocked	blocked_pending_owner_manifest_voices_sample_cost
media:toefl:set-1:listening-m2-choose-2	set-1	listening	listening-2	choose-response	item:t1-l-m2-cr2-v1	/audio/toefl/set-1/listening-m2-choose-2.mp3	src/data/toefl/listening-fixed-sets-1-5.ts#media:toefl:set-1:listening-m2-choose-2	eeecb3f6d87814151d0f5b7d42a7eb2b02c87bba7ce5cb5de844ba92cf6aecd9	36	36	6	1	woman	woman	woman	mp3_44100_64_mono_after_QA	no	script-ready-audio-blocked	blocked_pending_owner_manifest_voices_sample_cost
media:toefl:set-1:listening-m2-choose-3	set-1	listening	listening-2	choose-response	item:t1-l-m2-cr3-v1	/audio/toefl/set-1/listening-m2-choose-3.mp3	src/data/toefl/listening-fixed-sets-1-5.ts#media:toefl:set-1:listening-m2-choose-3	ba00109aae548a63f8cc11dbb180407d8a9d30b0fa47f98f6cdab149ebb0689f	37	37	8	1	man	man	man	mp3_44100_64_mono_after_QA	no	script-ready-audio-blocked	blocked_pending_owner_manifest_voices_sample_cost
media:toefl:set-1:listening-m2-choose-4	set-1	listening	listening-2	choose-response	item:t1-l-m2-cr4-v1	/audio/toefl/set-1/listening-m2-choose-4.mp3	src/data/toefl/listening-fixed-sets-1-5.ts#media:toefl:set-1:listening-m2-choose-4	45a7f96cea6c397ec3b8c25de03a031b22dce585933aad85f1ced14c61b44a51	48	48	8	1	woman	woman	woman	mp3_44100_64_mono_after_QA	no	script-ready-audio-blocked	blocked_pending_owner_manifest_voices_sample_cost
media:toefl:set-1:listening-m2-choose-5	set-1	listening	listening-2	choose-response	item:t1-l-m2-cr5-v1	/audio/toefl/set-1/listening-m2-choose-5.mp3	src/data/toefl/listening-fixed-sets-1-5.ts#media:toefl:set-1:listening-m2-choose-5	faad94b36f4c66e000ad7caa49d802d20e3aee1d92a56467acfa43cb5df24f20	49	49	8	1	man	man	man	mp3_44100_64_mono_after_QA	no	script-ready-audio-blocked	blocked_pending_owner_manifest_voices_sample_cost
media:toefl:set-1:listening-m2-choose-6	set-1	listening	listening-2	choose-response	item:t1-l-m2-cr6-v1	/audio/toefl/set-1/listening-m2-choose-6.mp3	src/data/toefl/listening-fixed-sets-1-5.ts#media:toefl:set-1:listening-m2-choose-6	913a8dc042e25a30b820be10fcb3bb1c422323b0740d19b560d067d047b1a17a	33	33	7	1	woman	woman	woman	mp3_44100_64_mono_after_QA	no	script-ready-audio-blocked	blocked_pending_owner_manifest_voices_sample_cost
media:toefl:set-1:listening-m2-choose-7	set-1	listening	listening-2	choose-response	item:t1-l-m2-cr7-v1	/audio/toefl/set-1/listening-m2-choose-7.mp3	src/data/toefl/listening-fixed-sets-1-5.ts#media:toefl:set-1:listening-m2-choose-7	b5306df65e76c501b3982c50e84a52c1600e051beee48b5f671a7f201acab629	30	30	7	1	man	man	man	mp3_44100_64_mono_after_QA	no	script-ready-audio-blocked	blocked_pending_owner_manifest_voices_sample_cost
media:toefl:set-1:listening-m2-choose-8	set-1	listening	listening-2	choose-response	item:t1-l-m2-cr8-v1	/audio/toefl/set-1/listening-m2-choose-8.mp3	src/data/toefl/listening-fixed-sets-1-5.ts#media:toefl:set-1:listening-m2-choose-8	3d7c88c1e2b6f46d85c954d19bd07010ab58b7a15c8db8a2fefcc4a23cb91b16	40	40	7	1	woman	woman	woman	mp3_44100_64_mono_after_QA	no	script-ready-audio-blocked	blocked_pending_owner_manifest_voices_sample_cost
media:toefl:set-1:listening-m2-conversation	set-1	listening	listening-2	conversation	item:t1-l-m2-cv1-v1;item:t1-l-m2-cv2-v1	/audio/toefl/set-1/listening-m2-conversation.mp3	src/data/toefl/listening-fixed-sets-1-5.ts#media:toefl:set-1:listening-m2-conversation	1c47b4f68645afb44230359634b701dcff11af3ef6fcb01ad8c5176db9d8a19b	489	437	78	4	STUDENT;STAFF MEMBER	student;announcer	student;staff	mp3_44100_64_mono_after_QA	yes	script-ready-audio-blocked	blocked_pending_owner_manifest_voices_sample_cost
media:toefl:set-1:speaking-interview-1	set-1	speaking	speaking	take-an-interview	t1-s-iv1	/audio/toefl/set-1/interview-1.mp3	src/data/mocks/toefl-set-1.ts#t1-s-iv1	9748e0ffbd96a770aa93f31dd65244b0cb6046646cb1b6531663e8eb599578ae	103	103	23	1	INTERVIEWER	interviewer	interviewer	mp3_44100_64_mono_after_QA	yes	script-ready-audio-blocked	blocked_pending_owner_manifest_voices_sample_cost
media:toefl:set-1:speaking-interview-2	set-1	speaking	speaking	take-an-interview	t1-s-iv2	/audio/toefl/set-1/interview-2.mp3	src/data/mocks/toefl-set-1.ts#t1-s-iv2	9a40a46341ab1d4ca7afe81e8cfc48d571f4bd32a8b78bc361b2d38b6bc49f43	141	141	26	1	INTERVIEWER	interviewer	interviewer	mp3_44100_64_mono_after_QA	no	script-ready-audio-blocked	blocked_pending_owner_manifest_voices_sample_cost
media:toefl:set-1:speaking-interview-3	set-1	speaking	speaking	take-an-interview	t1-s-iv3	/audio/toefl/set-1/interview-3.mp3	src/data/mocks/toefl-set-1.ts#t1-s-iv3	0211c5253c0d1a130436856ced1cd272ec42ae035f9fc1ea2af409ef93d0fa9e	166	166	26	1	INTERVIEWER	interviewer	interviewer	mp3_44100_64_mono_after_QA	no	script-ready-audio-blocked	blocked_pending_owner_manifest_voices_sample_cost
media:toefl:set-1:speaking-interview-4	set-1	speaking	speaking	take-an-interview	t1-s-iv4	/audio/toefl/set-1/interview-4.mp3	src/data/mocks/toefl-set-1.ts#t1-s-iv4	6300b35262cf0ab56ea1da51b05bcc13403ca4a968a784aa9d78730a6f1fa027	128	128	21	1	INTERVIEWER	interviewer	interviewer	mp3_44100_64_mono_after_QA	no	script-ready-audio-blocked	blocked_pending_owner_manifest_voices_sample_cost
media:toefl:set-1:speaking-repeat-6	set-1	speaking	speaking	listen-and-repeat	t1-s-rp6	/audio/toefl/set-1/repeat-6.mp3	src/data/toefl/speaking-fixed-repeat.ts#t1-s-rp6	38cb10ce32f45ce06cfb92dc48b6078ff243b4f3dd653e7e63ffb108d9967cf4	97	97	15	1	woman	woman	woman	mp3_44100_64_mono_after_QA	no	script-ready-audio-blocked	blocked_pending_owner_manifest_voices_sample_cost
media:toefl:set-1:speaking-repeat-7	set-1	speaking	speaking	listen-and-repeat	t1-s-rp7	/audio/toefl/set-1/repeat-7.mp3	src/data/toefl/speaking-fixed-repeat.ts#t1-s-rp7	f172ccf0796b3f0103206e6c322fe9b4bdedbf502e9e5e247c352c7fa1575fc0	124	124	19	1	man	man	man	mp3_44100_64_mono_after_QA	yes	script-ready-audio-blocked	blocked_pending_owner_manifest_voices_sample_cost
media:toefl:set-2:listening-m1-choose-6	set-2	listening	listening-1	choose-response	item:t2-l-m1-cr6-v1	/audio/toefl/set-2/listening-m1-choose-6.mp3	src/data/toefl/listening-fixed-sets-1-5.ts#media:toefl:set-2:listening-m1-choose-6	c059b11e285f05cc24327c514c736825d6a92291374ee7ddd163af0562ad01b5	44	44	9	1	man	man	man	mp3_44100_64_mono_after_QA	yes	script-ready-audio-blocked	blocked_pending_owner_manifest_voices_sample_cost
media:toefl:set-2:listening-m1-choose-7	set-2	listening	listening-1	choose-response	item:t2-l-m1-cr7-v1	/audio/toefl/set-2/listening-m1-choose-7.mp3	src/data/toefl/listening-fixed-sets-1-5.ts#media:toefl:set-2:listening-m1-choose-7	2f5a72362c7a932265c6af48b3ac44961ad685d0b4f01f55a7e5a5ee48db1a65	43	43	7	1	woman	woman	woman	mp3_44100_64_mono_after_QA	yes	script-ready-audio-blocked	blocked_pending_owner_manifest_voices_sample_cost
media:toefl:set-2:listening-m1-choose-8	set-2	listening	listening-1	choose-response	item:t2-l-m1-cr8-v1	/audio/toefl/set-2/listening-m1-choose-8.mp3	src/data/toefl/listening-fixed-sets-1-5.ts#media:toefl:set-2:listening-m1-choose-8	e2735318eae8a2b89599aa0f0acd37c031fbbdc2d1a911834c5c74b116ca7263	43	43	7	1	man	man	man	mp3_44100_64_mono_after_QA	no	script-ready-audio-blocked	blocked_pending_owner_manifest_voices_sample_cost
media:toefl:set-2:listening-m2-academic-talk	set-2	listening	listening-2	academic-talk	item:t2-l-m2-at1-v1;item:t2-l-m2-at2-v1;item:t2-l-m2-at3-v1;item:t2-l-m2-at4-v1	/audio/toefl/set-2/listening-m2-academic-talk.mp3	src/data/toefl/listening-fixed-sets-1-5.ts#media:toefl:set-2:listening-m2-academic-talk	8a3c9a3e3db10c82cc240015740ddedd7f4583ecec89a05397cdd793ed16a7ee	1323	1312	202	1	PROFESSOR	professor	professor	mp3_44100_64_mono_after_QA	no	script-ready-audio-blocked	blocked_pending_owner_manifest_voices_sample_cost
media:toefl:set-2:listening-m2-announcement	set-2	listening	listening-2	announcement	item:t2-l-m2-an1-v1;item:t2-l-m2-an2-v1	/audio/toefl/set-2/listening-m2-announcement.mp3	src/data/toefl/listening-fixed-sets-1-5.ts#media:toefl:set-2:listening-m2-announcement	37ab80a850bb5c01f23e0cd1bc5f4272f57e53728370e1a3551250f5a7193006	391	380	62	1	ANNOUNCER	announcer	announcer	mp3_44100_64_mono_after_QA	no	script-ready-audio-blocked	blocked_pending_owner_manifest_voices_sample_cost
media:toefl:set-2:listening-m2-choose-1	set-2	listening	listening-2	choose-response	item:t2-l-m2-cr1-v1	/audio/toefl/set-2/listening-m2-choose-1.mp3	src/data/toefl/listening-fixed-sets-1-5.ts#media:toefl:set-2:listening-m2-choose-1	5e4bd3ae906d1a1a56d188fe39d9c2450ab4cb5674bdd659e9d0f2f619859eb1	45	45	9	1	woman	woman	woman	mp3_44100_64_mono_after_QA	no	script-ready-audio-blocked	blocked_pending_owner_manifest_voices_sample_cost
media:toefl:set-2:listening-m2-choose-2	set-2	listening	listening-2	choose-response	item:t2-l-m2-cr2-v1	/audio/toefl/set-2/listening-m2-choose-2.mp3	src/data/toefl/listening-fixed-sets-1-5.ts#media:toefl:set-2:listening-m2-choose-2	a35cb1970d65bf58df35b6c523d069241fc7f7821936f04795e8a2f06a70d584	42	42	7	1	man	man	man	mp3_44100_64_mono_after_QA	no	script-ready-audio-blocked	blocked_pending_owner_manifest_voices_sample_cost
media:toefl:set-2:listening-m2-choose-3	set-2	listening	listening-2	choose-response	item:t2-l-m2-cr3-v1	/audio/toefl/set-2/listening-m2-choose-3.mp3	src/data/toefl/listening-fixed-sets-1-5.ts#media:toefl:set-2:listening-m2-choose-3	a1492bac952c22d2d022b36cbe780a976e747b453127b9674a83c47b8bd84e2a	49	49	10	1	woman	woman	woman	mp3_44100_64_mono_after_QA	no	script-ready-audio-blocked	blocked_pending_owner_manifest_voices_sample_cost
media:toefl:set-2:listening-m2-choose-4	set-2	listening	listening-2	choose-response	item:t2-l-m2-cr4-v1	/audio/toefl/set-2/listening-m2-choose-4.mp3	src/data/toefl/listening-fixed-sets-1-5.ts#media:toefl:set-2:listening-m2-choose-4	3ba2fb8d8ed38c324d3457a859d635cf6b48f06228aa313321a14351b125718a	39	39	7	1	man	man	man	mp3_44100_64_mono_after_QA	no	script-ready-audio-blocked	blocked_pending_owner_manifest_voices_sample_cost
media:toefl:set-2:listening-m2-choose-5	set-2	listening	listening-2	choose-response	item:t2-l-m2-cr5-v1	/audio/toefl/set-2/listening-m2-choose-5.mp3	src/data/toefl/listening-fixed-sets-1-5.ts#media:toefl:set-2:listening-m2-choose-5	b986b2250d165e130ad54efc992c078c6f4790b82be8131823563e1791fb375e	42	42	8	1	woman	woman	woman	mp3_44100_64_mono_after_QA	no	script-ready-audio-blocked	blocked_pending_owner_manifest_voices_sample_cost
media:toefl:set-2:listening-m2-choose-6	set-2	listening	listening-2	choose-response	item:t2-l-m2-cr6-v1	/audio/toefl/set-2/listening-m2-choose-6.mp3	src/data/toefl/listening-fixed-sets-1-5.ts#media:toefl:set-2:listening-m2-choose-6	4c5b53c50889d15ed61ba540ed9ab624ce86cd352c18d89b8d918bc47364b7b2	47	47	11	1	man	man	man	mp3_44100_64_mono_after_QA	no	script-ready-audio-blocked	blocked_pending_owner_manifest_voices_sample_cost
media:toefl:set-2:listening-m2-choose-7	set-2	listening	listening-2	choose-response	item:t2-l-m2-cr7-v1	/audio/toefl/set-2/listening-m2-choose-7.mp3	src/data/toefl/listening-fixed-sets-1-5.ts#media:toefl:set-2:listening-m2-choose-7	7e3f7abf76fa843bf0a9027966c5e29c82281af215f19518d2b6d4b24956f846	19	19	4	1	woman	woman	woman	mp3_44100_64_mono_after_QA	no	script-ready-audio-blocked	blocked_pending_owner_manifest_voices_sample_cost
media:toefl:set-2:listening-m2-choose-8	set-2	listening	listening-2	choose-response	item:t2-l-m2-cr8-v1	/audio/toefl/set-2/listening-m2-choose-8.mp3	src/data/toefl/listening-fixed-sets-1-5.ts#media:toefl:set-2:listening-m2-choose-8	d4960b6f5cdbc4ae3d8eafcc9b95076ac697cabeade87c4a8990a3b15723217b	37	37	7	1	man	man	man	mp3_44100_64_mono_after_QA	no	script-ready-audio-blocked	blocked_pending_owner_manifest_voices_sample_cost
media:toefl:set-2:listening-m2-conversation	set-2	listening	listening-2	conversation	item:t2-l-m2-cv1-v1;item:t2-l-m2-cv2-v1	/audio/toefl/set-2/listening-m2-conversation.mp3	src/data/toefl/listening-fixed-sets-1-5.ts#media:toefl:set-2:listening-m2-conversation	9ae829616896ef5ec6fc43afe858c0117807166712d7a1962811100b62e7f197	432	382	65	4	STUDENT;COORDINATOR	student;announcer	student;staff	mp3_44100_64_mono_after_QA	yes	script-ready-audio-blocked	blocked_pending_owner_manifest_voices_sample_cost
media:toefl:set-2:speaking-interview-1	set-2	speaking	speaking	take-an-interview	t2-s-iv1	/audio/toefl/set-2/interview-1.mp3	src/data/mocks/toefl-set-2.ts#t2-s-iv1	b6006078552997c4320f2d6a2ce6290e4f9107894f8c9021910af7fd6fc3c599	93	93	18	1	INTERVIEWER	interviewer	interviewer	mp3_44100_64_mono_after_QA	no	script-ready-audio-blocked	blocked_pending_owner_manifest_voices_sample_cost
media:toefl:set-2:speaking-interview-2	set-2	speaking	speaking	take-an-interview	t2-s-iv2	/audio/toefl/set-2/interview-2.mp3	src/data/mocks/toefl-set-2.ts#t2-s-iv2	1bc5f7b7645e9c1489e738ba40952a34c39725ca8848d26c2e447fae322b006e	142	142	25	1	INTERVIEWER	interviewer	interviewer	mp3_44100_64_mono_after_QA	no	script-ready-audio-blocked	blocked_pending_owner_manifest_voices_sample_cost
media:toefl:set-2:speaking-interview-3	set-2	speaking	speaking	take-an-interview	t2-s-iv3	/audio/toefl/set-2/interview-3.mp3	src/data/mocks/toefl-set-2.ts#t2-s-iv3	721f39d0f56911d899f10aca88bb729f99d7e1fec2d8cdd686347bb96acd13a7	156	156	28	1	INTERVIEWER	interviewer	interviewer	mp3_44100_64_mono_after_QA	no	script-ready-audio-blocked	blocked_pending_owner_manifest_voices_sample_cost
media:toefl:set-2:speaking-interview-4	set-2	speaking	speaking	take-an-interview	t2-s-iv4	/audio/toefl/set-2/interview-4.mp3	src/data/mocks/toefl-set-2.ts#t2-s-iv4	bdcb44f7271a60f0f0dc43c8727e0bc9673f9ce41d96dd11b914916af75c501c	125	125	21	1	INTERVIEWER	interviewer	interviewer	mp3_44100_64_mono_after_QA	no	script-ready-audio-blocked	blocked_pending_owner_manifest_voices_sample_cost
media:toefl:set-2:speaking-repeat-6	set-2	speaking	speaking	listen-and-repeat	t2-s-rp6	/audio/toefl/set-2/repeat-6.mp3	src/data/toefl/speaking-fixed-repeat.ts#t2-s-rp6	cbc57c71309d82fc9dfdc7bbe92094fb6a5aa50b273a694ee1a2043b42efcc56	96	96	15	1	man	man	man	mp3_44100_64_mono_after_QA	no	script-ready-audio-blocked	blocked_pending_owner_manifest_voices_sample_cost
media:toefl:set-2:speaking-repeat-7	set-2	speaking	speaking	listen-and-repeat	t2-s-rp7	/audio/toefl/set-2/repeat-7.mp3	src/data/toefl/speaking-fixed-repeat.ts#t2-s-rp7	0cd6056f30ce0060661b21d3d35c2294301c40beb508f1513beb43d76be14f3e	127	127	20	1	woman	woman	woman	mp3_44100_64_mono_after_QA	no	script-ready-audio-blocked	blocked_pending_owner_manifest_voices_sample_cost
media:toefl:set-3:listening-m1-choose-6	set-3	listening	listening-1	choose-response	item:t3-l-m1-cr6-v1	/audio/toefl/set-3/listening-m1-choose-6.mp3	src/data/toefl/listening-fixed-sets-1-5.ts#media:toefl:set-3:listening-m1-choose-6	1f033ce9d43702a503408c8770e84f689ff2b6bc63fa8cdd64f04f744f27aa6c	49	49	10	1	woman	woman	woman	mp3_44100_64_mono_after_QA	no	script-ready-audio-blocked	blocked_pending_owner_manifest_voices_sample_cost
media:toefl:set-3:listening-m1-choose-7	set-3	listening	listening-1	choose-response	item:t3-l-m1-cr7-v1	/audio/toefl/set-3/listening-m1-choose-7.mp3	src/data/toefl/listening-fixed-sets-1-5.ts#media:toefl:set-3:listening-m1-choose-7	a3581cf88ca6fc9552b5f5c5161a49ac49001f1000170be1dca1edf49381b48a	48	48	8	1	man	man	man	mp3_44100_64_mono_after_QA	no	script-ready-audio-blocked	blocked_pending_owner_manifest_voices_sample_cost
media:toefl:set-3:listening-m1-choose-8	set-3	listening	listening-1	choose-response	item:t3-l-m1-cr8-v1	/audio/toefl/set-3/listening-m1-choose-8.mp3	src/data/toefl/listening-fixed-sets-1-5.ts#media:toefl:set-3:listening-m1-choose-8	8974eb0627c754103a7dd0c2127159ec0005a1d7e586d83244eed0dc982bd4de	38	38	7	1	woman	woman	woman	mp3_44100_64_mono_after_QA	no	script-ready-audio-blocked	blocked_pending_owner_manifest_voices_sample_cost
media:toefl:set-3:listening-m2-academic-talk	set-3	listening	listening-2	academic-talk	item:t3-l-m2-at1-v1;item:t3-l-m2-at2-v1;item:t3-l-m2-at3-v1;item:t3-l-m2-at4-v1	/audio/toefl/set-3/listening-m2-academic-talk.mp3	src/data/toefl/listening-fixed-sets-1-5.ts#media:toefl:set-3:listening-m2-academic-talk	7a56ba04a57964450bfa3b4fe55eca823b3dab6ce8a20e4406dd55b53eb7c0d9	1303	1292	199	1	PROFESSOR	professor	professor	mp3_44100_64_mono_after_QA	no	script-ready-audio-blocked	blocked_pending_owner_manifest_voices_sample_cost
media:toefl:set-3:listening-m2-announcement	set-3	listening	listening-2	announcement	item:t3-l-m2-an1-v1;item:t3-l-m2-an2-v1	/audio/toefl/set-3/listening-m2-announcement.mp3	src/data/toefl/listening-fixed-sets-1-5.ts#media:toefl:set-3:listening-m2-announcement	364d6cee4a462c5c9ca1cdb747b3e958e5677c7ffe0d457a5bc87d7efaddf1bc	411	400	63	1	ANNOUNCER	announcer	announcer	mp3_44100_64_mono_after_QA	no	script-ready-audio-blocked	blocked_pending_owner_manifest_voices_sample_cost
media:toefl:set-3:listening-m2-choose-1	set-3	listening	listening-2	choose-response	item:t3-l-m2-cr1-v1	/audio/toefl/set-3/listening-m2-choose-1.mp3	src/data/toefl/listening-fixed-sets-1-5.ts#media:toefl:set-3:listening-m2-choose-1	67a55a3b5626b1fbedd04008b8cafa261cf4b62143f428e09dd01cf47b11c5f9	35	35	7	1	man	man	man	mp3_44100_64_mono_after_QA	no	script-ready-audio-blocked	blocked_pending_owner_manifest_voices_sample_cost
media:toefl:set-3:listening-m2-choose-2	set-3	listening	listening-2	choose-response	item:t3-l-m2-cr2-v1	/audio/toefl/set-3/listening-m2-choose-2.mp3	src/data/toefl/listening-fixed-sets-1-5.ts#media:toefl:set-3:listening-m2-choose-2	128646bb6e65d5193d2e4da18bf3700dbeab2c8c756ccc7ec94b80f051a0b80b	43	43	8	1	woman	woman	woman	mp3_44100_64_mono_after_QA	no	script-ready-audio-blocked	blocked_pending_owner_manifest_voices_sample_cost
media:toefl:set-3:listening-m2-choose-3	set-3	listening	listening-2	choose-response	item:t3-l-m2-cr3-v1	/audio/toefl/set-3/listening-m2-choose-3.mp3	src/data/toefl/listening-fixed-sets-1-5.ts#media:toefl:set-3:listening-m2-choose-3	c103fb318e7597f37d87bafb1e17fab9036c2f63c700989f2873b74e3000d77b	37	37	9	1	man	man	man	mp3_44100_64_mono_after_QA	no	script-ready-audio-blocked	blocked_pending_owner_manifest_voices_sample_cost
media:toefl:set-3:listening-m2-choose-4	set-3	listening	listening-2	choose-response	item:t3-l-m2-cr4-v1	/audio/toefl/set-3/listening-m2-choose-4.mp3	src/data/toefl/listening-fixed-sets-1-5.ts#media:toefl:set-3:listening-m2-choose-4	fade830f6d466c48b31b1e0a3e8b383f47d454c491939f245aa66037689ce141	38	38	7	1	woman	woman	woman	mp3_44100_64_mono_after_QA	no	script-ready-audio-blocked	blocked_pending_owner_manifest_voices_sample_cost
media:toefl:set-3:listening-m2-choose-5	set-3	listening	listening-2	choose-response	item:t3-l-m2-cr5-v1	/audio/toefl/set-3/listening-m2-choose-5.mp3	src/data/toefl/listening-fixed-sets-1-5.ts#media:toefl:set-3:listening-m2-choose-5	6607eb6b470656aef9c785aacf9649dbd4ec483d312172196d243f7e7f847f3e	45	45	7	1	man	man	man	mp3_44100_64_mono_after_QA	no	script-ready-audio-blocked	blocked_pending_owner_manifest_voices_sample_cost
media:toefl:set-3:listening-m2-choose-6	set-3	listening	listening-2	choose-response	item:t3-l-m2-cr6-v1	/audio/toefl/set-3/listening-m2-choose-6.mp3	src/data/toefl/listening-fixed-sets-1-5.ts#media:toefl:set-3:listening-m2-choose-6	567aca416ab16a989547b4352d05d57f73d1b606fda2ccb779c74fa755db8bb2	38	38	7	1	woman	woman	woman	mp3_44100_64_mono_after_QA	no	script-ready-audio-blocked	blocked_pending_owner_manifest_voices_sample_cost
media:toefl:set-3:listening-m2-choose-7	set-3	listening	listening-2	choose-response	item:t3-l-m2-cr7-v1	/audio/toefl/set-3/listening-m2-choose-7.mp3	src/data/toefl/listening-fixed-sets-1-5.ts#media:toefl:set-3:listening-m2-choose-7	8287dfe9f843429ab3b7b4b60ebd2bfd02e569e61cdc852b8a036397dab1f967	48	48	8	1	man	man	man	mp3_44100_64_mono_after_QA	no	script-ready-audio-blocked	blocked_pending_owner_manifest_voices_sample_cost
media:toefl:set-3:listening-m2-choose-8	set-3	listening	listening-2	choose-response	item:t3-l-m2-cr8-v1	/audio/toefl/set-3/listening-m2-choose-8.mp3	src/data/toefl/listening-fixed-sets-1-5.ts#media:toefl:set-3:listening-m2-choose-8	f3094c161393cac5944e7828f0626d9f500e3350f7b4dc28169b6fa17b96ee61	48	48	8	1	woman	woman	woman	mp3_44100_64_mono_after_QA	no	script-ready-audio-blocked	blocked_pending_owner_manifest_voices_sample_cost
media:toefl:set-3:listening-m2-conversation	set-3	listening	listening-2	conversation	item:t3-l-m2-cv1-v1;item:t3-l-m2-cv2-v1	/audio/toefl/set-3/listening-m2-conversation.mp3	src/data/toefl/listening-fixed-sets-1-5.ts#media:toefl:set-3:listening-m2-conversation	30a4fe8d0b720e2fdaf7bff8c4c908c707f4f47b885b485546b008dfb65a151b	491	445	74	4	STUDENT;PROFESSOR	student;professor	student;professor	mp3_44100_64_mono_after_QA	no	script-ready-audio-blocked	blocked_pending_owner_manifest_voices_sample_cost
media:toefl:set-3:speaking-interview-1	set-3	speaking	speaking	take-an-interview	t3-s-iv1	/audio/toefl/set-3/interview-1.mp3	src/data/mocks/toefl-set-3.ts#t3-s-iv1	30237b5ab26db21c2668de9d5b27aa69b2ce9c08a5a6fad01f2716d14cafdf28	103	103	22	1	INTERVIEWER	interviewer	interviewer	mp3_44100_64_mono_after_QA	no	script-ready-audio-blocked	blocked_pending_owner_manifest_voices_sample_cost
media:toefl:set-3:speaking-interview-2	set-3	speaking	speaking	take-an-interview	t3-s-iv2	/audio/toefl/set-3/interview-2.mp3	src/data/mocks/toefl-set-3.ts#t3-s-iv2	14d4791ba5bb760868847e83e6bf22e9d189cc97642e9a60e98ad992dd26ff13	143	143	27	1	INTERVIEWER	interviewer	interviewer	mp3_44100_64_mono_after_QA	no	script-ready-audio-blocked	blocked_pending_owner_manifest_voices_sample_cost
media:toefl:set-3:speaking-interview-3	set-3	speaking	speaking	take-an-interview	t3-s-iv3	/audio/toefl/set-3/interview-3.mp3	src/data/mocks/toefl-set-3.ts#t3-s-iv3	3c8d00e282907d74c505632fb259d4546de4668164ce7398f00c91bbf42732f3	178	178	29	1	INTERVIEWER	interviewer	interviewer	mp3_44100_64_mono_after_QA	no	script-ready-audio-blocked	blocked_pending_owner_manifest_voices_sample_cost
media:toefl:set-3:speaking-interview-4	set-3	speaking	speaking	take-an-interview	t3-s-iv4	/audio/toefl/set-3/interview-4.mp3	src/data/mocks/toefl-set-3.ts#t3-s-iv4	21e5bf151433839098cd27bb634e852198d236bd1c1b5e8cd813a1ef4a756c12	137	137	22	1	INTERVIEWER	interviewer	interviewer	mp3_44100_64_mono_after_QA	no	script-ready-audio-blocked	blocked_pending_owner_manifest_voices_sample_cost
media:toefl:set-3:speaking-repeat-6	set-3	speaking	speaking	listen-and-repeat	t3-s-rp6	/audio/toefl/set-3/repeat-6.mp3	src/data/toefl/speaking-fixed-repeat.ts#t3-s-rp6	b452e4566da33e4fc60b1c99f16e057a2eea1472adb051aca43bdca43beec637	104	104	15	1	woman	woman	woman	mp3_44100_64_mono_after_QA	no	script-ready-audio-blocked	blocked_pending_owner_manifest_voices_sample_cost
media:toefl:set-3:speaking-repeat-7	set-3	speaking	speaking	listen-and-repeat	t3-s-rp7	/audio/toefl/set-3/repeat-7.mp3	src/data/toefl/speaking-fixed-repeat.ts#t3-s-rp7	6fffacaecddef298ca0f0d887a4a99bdbd89a0999185b482888f2816c955281d	118	118	18	1	man	man	man	mp3_44100_64_mono_after_QA	no	script-ready-audio-blocked	blocked_pending_owner_manifest_voices_sample_cost
media:toefl:set-4:listening-m1-choose-6	set-4	listening	listening-1	choose-response	item:t4-l-m1-cr6-v1	/audio/toefl/set-4/listening-m1-choose-6.mp3	src/data/toefl/listening-fixed-sets-1-5.ts#media:toefl:set-4:listening-m1-choose-6	51d04165d8e39bdaa5ec5f28d1dbdd696f225010ef079234195b7dddb6e9efd8	53	53	8	1	man	man	man	mp3_44100_64_mono_after_QA	no	script-ready-audio-blocked	blocked_pending_owner_manifest_voices_sample_cost
media:toefl:set-4:listening-m1-choose-7	set-4	listening	listening-1	choose-response	item:t4-l-m1-cr7-v1	/audio/toefl/set-4/listening-m1-choose-7.mp3	src/data/toefl/listening-fixed-sets-1-5.ts#media:toefl:set-4:listening-m1-choose-7	66c821482ac0c7422331bab3f373caaa4c7925935887ee46aabbcd97599e7a1b	33	33	6	1	woman	woman	woman	mp3_44100_64_mono_after_QA	no	script-ready-audio-blocked	blocked_pending_owner_manifest_voices_sample_cost
media:toefl:set-4:listening-m1-choose-8	set-4	listening	listening-1	choose-response	item:t4-l-m1-cr8-v1	/audio/toefl/set-4/listening-m1-choose-8.mp3	src/data/toefl/listening-fixed-sets-1-5.ts#media:toefl:set-4:listening-m1-choose-8	4bc104a2d22fd01c93980452e46897bd7544edb34b0d123637b87b13810c7f3f	46	46	9	1	man	man	man	mp3_44100_64_mono_after_QA	no	script-ready-audio-blocked	blocked_pending_owner_manifest_voices_sample_cost
media:toefl:set-4:listening-m2-academic-talk	set-4	listening	listening-2	academic-talk	item:t4-l-m2-at1-v1;item:t4-l-m2-at2-v1;item:t4-l-m2-at3-v1;item:t4-l-m2-at4-v1	/audio/toefl/set-4/listening-m2-academic-talk.mp3	src/data/toefl/listening-fixed-sets-1-5.ts#media:toefl:set-4:listening-m2-academic-talk	132f115b72742b2eb12b7cc365cb9246e21fa318258eb1b725dda84e283286fa	1333	1322	202	1	PROFESSOR	professor	professor	mp3_44100_64_mono_after_QA	no	script-ready-audio-blocked	blocked_pending_owner_manifest_voices_sample_cost
media:toefl:set-4:listening-m2-announcement	set-4	listening	listening-2	announcement	item:t4-l-m2-an1-v1;item:t4-l-m2-an2-v1	/audio/toefl/set-4/listening-m2-announcement.mp3	src/data/toefl/listening-fixed-sets-1-5.ts#media:toefl:set-4:listening-m2-announcement	566f224452ac7920442e70ae0224ac52e837b77e7a749963cf00bee6fceb59d3	453	442	74	1	ANNOUNCER	announcer	announcer	mp3_44100_64_mono_after_QA	no	script-ready-audio-blocked	blocked_pending_owner_manifest_voices_sample_cost
media:toefl:set-4:listening-m2-choose-1	set-4	listening	listening-2	choose-response	item:t4-l-m2-cr1-v1	/audio/toefl/set-4/listening-m2-choose-1.mp3	src/data/toefl/listening-fixed-sets-1-5.ts#media:toefl:set-4:listening-m2-choose-1	124020d30473fc87f1aa95dd1f2e50dcbda7448769e3b9e9fe482cf758543797	43	43	8	1	woman	woman	woman	mp3_44100_64_mono_after_QA	no	script-ready-audio-blocked	blocked_pending_owner_manifest_voices_sample_cost
media:toefl:set-4:listening-m2-choose-2	set-4	listening	listening-2	choose-response	item:t4-l-m2-cr2-v1	/audio/toefl/set-4/listening-m2-choose-2.mp3	src/data/toefl/listening-fixed-sets-1-5.ts#media:toefl:set-4:listening-m2-choose-2	ef0bf8a72dec3b1720e1903ea10606a384cc33c37d27ac31308b8955f575db28	48	48	7	1	man	man	man	mp3_44100_64_mono_after_QA	no	script-ready-audio-blocked	blocked_pending_owner_manifest_voices_sample_cost
media:toefl:set-4:listening-m2-choose-3	set-4	listening	listening-2	choose-response	item:t4-l-m2-cr3-v1	/audio/toefl/set-4/listening-m2-choose-3.mp3	src/data/toefl/listening-fixed-sets-1-5.ts#media:toefl:set-4:listening-m2-choose-3	32376d9231216c59212a87bb8ef83e5d899c19267ba90a2d6edf0aa94f249962	46	46	9	1	woman	woman	woman	mp3_44100_64_mono_after_QA	no	script-ready-audio-blocked	blocked_pending_owner_manifest_voices_sample_cost
media:toefl:set-4:listening-m2-choose-4	set-4	listening	listening-2	choose-response	item:t4-l-m2-cr4-v1	/audio/toefl/set-4/listening-m2-choose-4.mp3	src/data/toefl/listening-fixed-sets-1-5.ts#media:toefl:set-4:listening-m2-choose-4	30e3e9a669e3bbb50d80d456093357966f1f6cbd3355eec8d89a4a400fadb17c	44	44	8	1	man	man	man	mp3_44100_64_mono_after_QA	no	script-ready-audio-blocked	blocked_pending_owner_manifest_voices_sample_cost
media:toefl:set-4:listening-m2-choose-5	set-4	listening	listening-2	choose-response	item:t4-l-m2-cr5-v1	/audio/toefl/set-4/listening-m2-choose-5.mp3	src/data/toefl/listening-fixed-sets-1-5.ts#media:toefl:set-4:listening-m2-choose-5	579a418dcc0a7e6a545d7da2ba829e5b75fa22501121cec00264026b4086bc3c	47	47	9	1	woman	woman	woman	mp3_44100_64_mono_after_QA	no	script-ready-audio-blocked	blocked_pending_owner_manifest_voices_sample_cost
media:toefl:set-4:listening-m2-choose-6	set-4	listening	listening-2	choose-response	item:t4-l-m2-cr6-v1	/audio/toefl/set-4/listening-m2-choose-6.mp3	src/data/toefl/listening-fixed-sets-1-5.ts#media:toefl:set-4:listening-m2-choose-6	27e7975850a2aa0969a2114e07a3c24ef74b252732a317d4d17ad1ead894cde1	48	48	10	1	man	man	man	mp3_44100_64_mono_after_QA	no	script-ready-audio-blocked	blocked_pending_owner_manifest_voices_sample_cost
media:toefl:set-4:listening-m2-choose-7	set-4	listening	listening-2	choose-response	item:t4-l-m2-cr7-v1	/audio/toefl/set-4/listening-m2-choose-7.mp3	src/data/toefl/listening-fixed-sets-1-5.ts#media:toefl:set-4:listening-m2-choose-7	30cf3795b1293a2fece8d07d7ca5725e190a4b6ccdea22ce0bb75c8acb36421e	38	38	6	1	woman	woman	woman	mp3_44100_64_mono_after_QA	no	script-ready-audio-blocked	blocked_pending_owner_manifest_voices_sample_cost
media:toefl:set-4:listening-m2-choose-8	set-4	listening	listening-2	choose-response	item:t4-l-m2-cr8-v1	/audio/toefl/set-4/listening-m2-choose-8.mp3	src/data/toefl/listening-fixed-sets-1-5.ts#media:toefl:set-4:listening-m2-choose-8	4cc28f995d2efda2b31b4907b0909d41affaa00922f0995499af17843b6789e2	40	40	7	1	man	man	man	mp3_44100_64_mono_after_QA	no	script-ready-audio-blocked	blocked_pending_owner_manifest_voices_sample_cost
media:toefl:set-4:listening-m2-conversation	set-4	listening	listening-2	conversation	item:t4-l-m2-cv1-v1;item:t4-l-m2-cv2-v1	/audio/toefl/set-4/listening-m2-conversation.mp3	src/data/toefl/listening-fixed-sets-1-5.ts#media:toefl:set-4:listening-m2-conversation	e56e44005664f7bf531dfedfbb43eb91ee059b245a3767658a9c298e2434b608	473	421	75	4	STUDENT;STAFF MEMBER	student;announcer	student;staff	mp3_44100_64_mono_after_QA	no	script-ready-audio-blocked	blocked_pending_owner_manifest_voices_sample_cost
media:toefl:set-4:speaking-interview-1	set-4	speaking	speaking	take-an-interview	t4-s-iv1	/audio/toefl/set-4/interview-1.mp3	src/data/mocks/toefl-set-4.ts#t4-s-iv1	a387801cce09c1b530e4ed1bef20a7af9817730b56899e80a2fdfdacb5f128a6	95	95	18	1	INTERVIEWER	interviewer	interviewer	mp3_44100_64_mono_after_QA	no	script-ready-audio-blocked	blocked_pending_owner_manifest_voices_sample_cost
media:toefl:set-4:speaking-interview-2	set-4	speaking	speaking	take-an-interview	t4-s-iv2	/audio/toefl/set-4/interview-2.mp3	src/data/mocks/toefl-set-4.ts#t4-s-iv2	df7c2f492b29baf736a18a2a59e46addea85cd3f430bd52704ab5a6d57956b33	145	145	27	1	INTERVIEWER	interviewer	interviewer	mp3_44100_64_mono_after_QA	no	script-ready-audio-blocked	blocked_pending_owner_manifest_voices_sample_cost
media:toefl:set-4:speaking-interview-3	set-4	speaking	speaking	take-an-interview	t4-s-iv3	/audio/toefl/set-4/interview-3.mp3	src/data/mocks/toefl-set-4.ts#t4-s-iv3	5ef7b764b86887b0b8cfe5240a4ebc90ccda5e5f58278b85c20380bd91cb7f06	176	176	27	1	INTERVIEWER	interviewer	interviewer	mp3_44100_64_mono_after_QA	no	script-ready-audio-blocked	blocked_pending_owner_manifest_voices_sample_cost
media:toefl:set-4:speaking-interview-4	set-4	speaking	speaking	take-an-interview	t4-s-iv4	/audio/toefl/set-4/interview-4.mp3	src/data/mocks/toefl-set-4.ts#t4-s-iv4	ebee88a64347c206c3693ca98c346a5be800a9b055901512631c63012f82e276	134	134	23	1	INTERVIEWER	interviewer	interviewer	mp3_44100_64_mono_after_QA	no	script-ready-audio-blocked	blocked_pending_owner_manifest_voices_sample_cost
media:toefl:set-4:speaking-repeat-6	set-4	speaking	speaking	listen-and-repeat	t4-s-rp6	/audio/toefl/set-4/repeat-6.mp3	src/data/toefl/speaking-fixed-repeat.ts#t4-s-rp6	a97005f5cd920c716e78c161aae03391e6f725d54494f5a6a992c8fa9eb1c37f	102	102	15	1	man	man	man	mp3_44100_64_mono_after_QA	no	script-ready-audio-blocked	blocked_pending_owner_manifest_voices_sample_cost
media:toefl:set-4:speaking-repeat-7	set-4	speaking	speaking	listen-and-repeat	t4-s-rp7	/audio/toefl/set-4/repeat-7.mp3	src/data/toefl/speaking-fixed-repeat.ts#t4-s-rp7	666c5fba72527e5090a618c00b81be9406923826ad7be8945f1b3c61e85e9a9a	131	131	19	1	woman	woman	woman	mp3_44100_64_mono_after_QA	no	script-ready-audio-blocked	blocked_pending_owner_manifest_voices_sample_cost
media:toefl:set-5:listening-m1-choose-6	set-5	listening	listening-1	choose-response	item:t5-l-m1-cr6-v1	/audio/toefl/set-5/listening-m1-choose-6.mp3	src/data/toefl/listening-fixed-sets-1-5.ts#media:toefl:set-5:listening-m1-choose-6	b26558b37aca1cac576dc91938ca3a3c1ade274819d1940bdfa31ca4d5021b8e	52	52	11	1	woman	woman	woman	mp3_44100_64_mono_after_QA	no	script-ready-audio-blocked	blocked_pending_owner_manifest_voices_sample_cost
media:toefl:set-5:listening-m1-choose-7	set-5	listening	listening-1	choose-response	item:t5-l-m1-cr7-v1	/audio/toefl/set-5/listening-m1-choose-7.mp3	src/data/toefl/listening-fixed-sets-1-5.ts#media:toefl:set-5:listening-m1-choose-7	add798e8457c108c2083785e11145bc13cbc0ac0e5e8e5cd9b8d7a9f0ec4d300	44	44	8	1	man	man	man	mp3_44100_64_mono_after_QA	no	script-ready-audio-blocked	blocked_pending_owner_manifest_voices_sample_cost
media:toefl:set-5:listening-m1-choose-8	set-5	listening	listening-1	choose-response	item:t5-l-m1-cr8-v1	/audio/toefl/set-5/listening-m1-choose-8.mp3	src/data/toefl/listening-fixed-sets-1-5.ts#media:toefl:set-5:listening-m1-choose-8	c0aecfa23a98f0df7cc755a48dbe2087115727772da9d7ccf46c0f9dba110e68	43	43	6	1	woman	woman	woman	mp3_44100_64_mono_after_QA	no	script-ready-audio-blocked	blocked_pending_owner_manifest_voices_sample_cost
media:toefl:set-5:listening-m2-academic-talk	set-5	listening	listening-2	academic-talk	item:t5-l-m2-at1-v1;item:t5-l-m2-at2-v1;item:t5-l-m2-at3-v1;item:t5-l-m2-at4-v1	/audio/toefl/set-5/listening-m2-academic-talk.mp3	src/data/toefl/listening-fixed-sets-1-5.ts#media:toefl:set-5:listening-m2-academic-talk	381c85ebcde9241bc777a12827849f29a4015ff88cd6fe6a0f372c8b0e131789	1290	1279	195	1	PROFESSOR	professor	professor	mp3_44100_64_mono_after_QA	no	script-ready-audio-blocked	blocked_pending_owner_manifest_voices_sample_cost
media:toefl:set-5:listening-m2-announcement	set-5	listening	listening-2	announcement	item:t5-l-m2-an1-v1;item:t5-l-m2-an2-v1	/audio/toefl/set-5/listening-m2-announcement.mp3	src/data/toefl/listening-fixed-sets-1-5.ts#media:toefl:set-5:listening-m2-announcement	c91fe74cfebd19adf2f020097bd2a5352fc6de3af7d8e92f5eb9b6d876164295	383	372	64	1	ANNOUNCER	announcer	announcer	mp3_44100_64_mono_after_QA	no	script-ready-audio-blocked	blocked_pending_owner_manifest_voices_sample_cost
media:toefl:set-5:listening-m2-choose-1	set-5	listening	listening-2	choose-response	item:t5-l-m2-cr1-v1	/audio/toefl/set-5/listening-m2-choose-1.mp3	src/data/toefl/listening-fixed-sets-1-5.ts#media:toefl:set-5:listening-m2-choose-1	b3b42fdd9a6ab816811ac5e757e272ba4833065d1655266ce63e0dde458a0574	44	44	7	1	man	man	man	mp3_44100_64_mono_after_QA	no	script-ready-audio-blocked	blocked_pending_owner_manifest_voices_sample_cost
media:toefl:set-5:listening-m2-choose-2	set-5	listening	listening-2	choose-response	item:t5-l-m2-cr2-v1	/audio/toefl/set-5/listening-m2-choose-2.mp3	src/data/toefl/listening-fixed-sets-1-5.ts#media:toefl:set-5:listening-m2-choose-2	cf1dbc9f2bc4478b4506282bb1b35abd8ecf1d601fdc5834b2dc45ebe318bee6	40	40	8	1	woman	woman	woman	mp3_44100_64_mono_after_QA	no	script-ready-audio-blocked	blocked_pending_owner_manifest_voices_sample_cost
media:toefl:set-5:listening-m2-choose-3	set-5	listening	listening-2	choose-response	item:t5-l-m2-cr3-v1	/audio/toefl/set-5/listening-m2-choose-3.mp3	src/data/toefl/listening-fixed-sets-1-5.ts#media:toefl:set-5:listening-m2-choose-3	e8e1acee245521af847401bd962476edbd8429bf1601e3be75e382ec22c0ddab	47	47	8	1	man	man	man	mp3_44100_64_mono_after_QA	no	script-ready-audio-blocked	blocked_pending_owner_manifest_voices_sample_cost
media:toefl:set-5:listening-m2-choose-4	set-5	listening	listening-2	choose-response	item:t5-l-m2-cr4-v1	/audio/toefl/set-5/listening-m2-choose-4.mp3	src/data/toefl/listening-fixed-sets-1-5.ts#media:toefl:set-5:listening-m2-choose-4	50536eb100e34e0b347af49ee835d9ee36acbbf1f97c2ed3cda39300089af46c	41	41	8	1	woman	woman	woman	mp3_44100_64_mono_after_QA	no	script-ready-audio-blocked	blocked_pending_owner_manifest_voices_sample_cost
media:toefl:set-5:listening-m2-choose-5	set-5	listening	listening-2	choose-response	item:t5-l-m2-cr5-v1	/audio/toefl/set-5/listening-m2-choose-5.mp3	src/data/toefl/listening-fixed-sets-1-5.ts#media:toefl:set-5:listening-m2-choose-5	8f995d99b8f68125f2c7d78dbdabf299f249b81cdf356a5932525232e7227b70	49	49	9	1	man	man	man	mp3_44100_64_mono_after_QA	no	script-ready-audio-blocked	blocked_pending_owner_manifest_voices_sample_cost
media:toefl:set-5:listening-m2-choose-6	set-5	listening	listening-2	choose-response	item:t5-l-m2-cr6-v1	/audio/toefl/set-5/listening-m2-choose-6.mp3	src/data/toefl/listening-fixed-sets-1-5.ts#media:toefl:set-5:listening-m2-choose-6	8097a263ee383905cef17fdb77663371c2524650ab86fb03d0b810a594ee2f4a	41	41	8	1	woman	woman	woman	mp3_44100_64_mono_after_QA	no	script-ready-audio-blocked	blocked_pending_owner_manifest_voices_sample_cost
media:toefl:set-5:listening-m2-choose-7	set-5	listening	listening-2	choose-response	item:t5-l-m2-cr7-v1	/audio/toefl/set-5/listening-m2-choose-7.mp3	src/data/toefl/listening-fixed-sets-1-5.ts#media:toefl:set-5:listening-m2-choose-7	b63e47f118e7650ca12cea24b907afa52137dd75b04e851c6868042172de7ebd	46	46	9	1	man	man	man	mp3_44100_64_mono_after_QA	no	script-ready-audio-blocked	blocked_pending_owner_manifest_voices_sample_cost
media:toefl:set-5:listening-m2-choose-8	set-5	listening	listening-2	choose-response	item:t5-l-m2-cr8-v1	/audio/toefl/set-5/listening-m2-choose-8.mp3	src/data/toefl/listening-fixed-sets-1-5.ts#media:toefl:set-5:listening-m2-choose-8	2c2a37f136a494425e306715bb76c4a53ed7aad0e8de6f7f71acc8f9870de632	40	40	8	1	woman	woman	woman	mp3_44100_64_mono_after_QA	no	script-ready-audio-blocked	blocked_pending_owner_manifest_voices_sample_cost
media:toefl:set-5:listening-m2-conversation	set-5	listening	listening-2	conversation	item:t5-l-m2-cv1-v1;item:t5-l-m2-cv2-v1	/audio/toefl/set-5/listening-m2-conversation.mp3	src/data/toefl/listening-fixed-sets-1-5.ts#media:toefl:set-5:listening-m2-conversation	9f011a1ad7183cf6579705b0729e2088c9a0a2eaab60ce5dece0881a53170230	529	487	76	4	STUDENT;ADVISER	student;announcer	student;staff	mp3_44100_64_mono_after_QA	no	script-ready-audio-blocked	blocked_pending_owner_manifest_voices_sample_cost
media:toefl:set-5:speaking-interview-1	set-5	speaking	speaking	take-an-interview	t5-s-iv1	/audio/toefl/set-5/interview-1.mp3	src/data/mocks/toefl-set-5.ts#t5-s-iv1	b3663035f60616251e15a48ea212483b3908a444fa43dc525a3c5caaaa03fdea	115	115	21	1	INTERVIEWER	interviewer	interviewer	mp3_44100_64_mono_after_QA	no	script-ready-audio-blocked	blocked_pending_owner_manifest_voices_sample_cost
media:toefl:set-5:speaking-interview-2	set-5	speaking	speaking	take-an-interview	t5-s-iv2	/audio/toefl/set-5/interview-2.mp3	src/data/mocks/toefl-set-5.ts#t5-s-iv2	7cc6d4364863490c1bc2162dcd1e28cc737785306144cf2422597ce939242c79	133	133	22	1	INTERVIEWER	interviewer	interviewer	mp3_44100_64_mono_after_QA	no	script-ready-audio-blocked	blocked_pending_owner_manifest_voices_sample_cost
media:toefl:set-5:speaking-interview-3	set-5	speaking	speaking	take-an-interview	t5-s-iv3	/audio/toefl/set-5/interview-3.mp3	src/data/mocks/toefl-set-5.ts#t5-s-iv3	6dacbd62b12ae840527d437b9b2757da03a641ca32bd12818dcd62d39bbd6ff7	179	179	33	1	INTERVIEWER	interviewer	interviewer	mp3_44100_64_mono_after_QA	no	script-ready-audio-blocked	blocked_pending_owner_manifest_voices_sample_cost
media:toefl:set-5:speaking-interview-4	set-5	speaking	speaking	take-an-interview	t5-s-iv4	/audio/toefl/set-5/interview-4.mp3	src/data/mocks/toefl-set-5.ts#t5-s-iv4	0b397567c033efa72048e8ef5874f098deb08d1389a756fec3611a6a1e0123be	158	158	25	1	INTERVIEWER	interviewer	interviewer	mp3_44100_64_mono_after_QA	no	script-ready-audio-blocked	blocked_pending_owner_manifest_voices_sample_cost
media:toefl:set-5:speaking-repeat-6	set-5	speaking	speaking	listen-and-repeat	t5-s-rp6	/audio/toefl/set-5/repeat-6.mp3	src/data/toefl/speaking-fixed-repeat.ts#t5-s-rp6	806987fe4791ee35db3d43f32da1d5f81fc9f31bf17bf73f329c9a1941b2e073	103	103	15	1	woman	woman	woman	mp3_44100_64_mono_after_QA	no	script-ready-audio-blocked	blocked_pending_owner_manifest_voices_sample_cost
media:toefl:set-5:speaking-repeat-7	set-5	speaking	speaking	listen-and-repeat	t5-s-rp7	/audio/toefl/set-5/repeat-7.mp3	src/data/toefl/speaking-fixed-repeat.ts#t5-s-rp7	d2572dfc0c2b90f6d6726ef81b1e14edd40d15d6b373395463c8e46bb2efbb62	121	121	20	1	man	man	man	mp3_44100_64_mono_after_QA	no	script-ready-audio-blocked	blocked_pending_owner_manifest_voices_sample_cost
media:toefl:set-6:listening-m1-choose-6	set-6	listening	listening-1	choose-response	item:t6-l-m1-cr6-v1	/audio/toefl/set-6/listening-m1-choose-6.mp3	src/data/toefl/listening-fixed-sets-6-10.ts#media:toefl:set-6:listening-m1-choose-6	d91c96deb13f120e07784ed410701410439baeb24ac36e7f57346badfb52f7de	49	49	8	1	woman	woman	woman	mp3_44100_64_mono_after_QA	no	script-ready-audio-blocked	blocked_pending_owner_manifest_voices_sample_cost
media:toefl:set-6:listening-m1-choose-7	set-6	listening	listening-1	choose-response	item:t6-l-m1-cr7-v1	/audio/toefl/set-6/listening-m1-choose-7.mp3	src/data/toefl/listening-fixed-sets-6-10.ts#media:toefl:set-6:listening-m1-choose-7	0ff23e8e2588e9efc23b10428ef1857068ef6e023a2e0c0c481882c274a3de68	42	42	9	1	man	man	man	mp3_44100_64_mono_after_QA	no	script-ready-audio-blocked	blocked_pending_owner_manifest_voices_sample_cost
media:toefl:set-6:listening-m1-choose-8	set-6	listening	listening-1	choose-response	item:t6-l-m1-cr8-v1	/audio/toefl/set-6/listening-m1-choose-8.mp3	src/data/toefl/listening-fixed-sets-6-10.ts#media:toefl:set-6:listening-m1-choose-8	6f046db75e4679d2417df55ec98b64152fb9a99011a18e67da39132777137b1a	38	38	6	1	woman	woman	woman	mp3_44100_64_mono_after_QA	no	script-ready-audio-blocked	blocked_pending_owner_manifest_voices_sample_cost
media:toefl:set-6:listening-m2-academic-talk	set-6	listening	listening-2	academic-talk	item:t6-l-m2-at1-v1;item:t6-l-m2-at2-v1;item:t6-l-m2-at3-v1;item:t6-l-m2-at4-v1	/audio/toefl/set-6/listening-m2-academic-talk.mp3	src/data/toefl/listening-fixed-sets-6-10.ts#media:toefl:set-6:listening-m2-academic-talk	903ff70cd6950a8b4b76c8be6676b41342715545ef99406095f80dd3f068c464	1304	1293	196	1	PROFESSOR	professor	professor	mp3_44100_64_mono_after_QA	no	script-ready-audio-blocked	blocked_pending_owner_manifest_voices_sample_cost
media:toefl:set-6:listening-m2-announcement	set-6	listening	listening-2	announcement	item:t6-l-m2-an1-v1;item:t6-l-m2-an2-v1	/audio/toefl/set-6/listening-m2-announcement.mp3	src/data/toefl/listening-fixed-sets-6-10.ts#media:toefl:set-6:listening-m2-announcement	62b653d2e2105e873d910ba32f4f6fb4cfa2ece1c6ed39b74ee70aa28c226b13	380	369	56	1	ANNOUNCER	announcer	announcer	mp3_44100_64_mono_after_QA	no	script-ready-audio-blocked	blocked_pending_owner_manifest_voices_sample_cost
media:toefl:set-6:listening-m2-choose-1	set-6	listening	listening-2	choose-response	item:t6-l-m2-cr1-v1	/audio/toefl/set-6/listening-m2-choose-1.mp3	src/data/toefl/listening-fixed-sets-6-10.ts#media:toefl:set-6:listening-m2-choose-1	7689d66e8e9856fb928e80dbb82f3f956c178ebdc51b07341684480c39fd272a	50	50	9	1	man	man	man	mp3_44100_64_mono_after_QA	no	script-ready-audio-blocked	blocked_pending_owner_manifest_voices_sample_cost
media:toefl:set-6:listening-m2-choose-2	set-6	listening	listening-2	choose-response	item:t6-l-m2-cr2-v1	/audio/toefl/set-6/listening-m2-choose-2.mp3	src/data/toefl/listening-fixed-sets-6-10.ts#media:toefl:set-6:listening-m2-choose-2	dfc0479e6ea97c7ee3c70d1de1df6dfb6be3a4d82ae572c58cf79867aa7cfa7a	46	46	9	1	woman	woman	woman	mp3_44100_64_mono_after_QA	no	script-ready-audio-blocked	blocked_pending_owner_manifest_voices_sample_cost
media:toefl:set-6:listening-m2-choose-3	set-6	listening	listening-2	choose-response	item:t6-l-m2-cr3-v1	/audio/toefl/set-6/listening-m2-choose-3.mp3	src/data/toefl/listening-fixed-sets-6-10.ts#media:toefl:set-6:listening-m2-choose-3	11436c1f4799a258d27769a74208bea6c418ff33914855dee3a7be6849e5b1fe	42	42	7	1	man	man	man	mp3_44100_64_mono_after_QA	no	script-ready-audio-blocked	blocked_pending_owner_manifest_voices_sample_cost
media:toefl:set-6:listening-m2-choose-4	set-6	listening	listening-2	choose-response	item:t6-l-m2-cr4-v1	/audio/toefl/set-6/listening-m2-choose-4.mp3	src/data/toefl/listening-fixed-sets-6-10.ts#media:toefl:set-6:listening-m2-choose-4	dabdf911cbe8c0532970b021ae2e792cd8de0a353b9ec1c1845547294d7c416a	43	43	7	1	woman	woman	woman	mp3_44100_64_mono_after_QA	no	script-ready-audio-blocked	blocked_pending_owner_manifest_voices_sample_cost
media:toefl:set-6:listening-m2-choose-5	set-6	listening	listening-2	choose-response	item:t6-l-m2-cr5-v1	/audio/toefl/set-6/listening-m2-choose-5.mp3	src/data/toefl/listening-fixed-sets-6-10.ts#media:toefl:set-6:listening-m2-choose-5	3b536d87c25d51e592dbd67639d525e9d1ccdec031e9232c63467e16bf41515f	41	41	7	1	man	man	man	mp3_44100_64_mono_after_QA	no	script-ready-audio-blocked	blocked_pending_owner_manifest_voices_sample_cost
media:toefl:set-6:listening-m2-choose-6	set-6	listening	listening-2	choose-response	item:t6-l-m2-cr6-v1	/audio/toefl/set-6/listening-m2-choose-6.mp3	src/data/toefl/listening-fixed-sets-6-10.ts#media:toefl:set-6:listening-m2-choose-6	cbed79010fdfcf52a28918fbc6c7970b67ab158c07934882c0e39fd22cef98e1	45	45	9	1	woman	woman	woman	mp3_44100_64_mono_after_QA	no	script-ready-audio-blocked	blocked_pending_owner_manifest_voices_sample_cost
media:toefl:set-6:listening-m2-choose-7	set-6	listening	listening-2	choose-response	item:t6-l-m2-cr7-v1	/audio/toefl/set-6/listening-m2-choose-7.mp3	src/data/toefl/listening-fixed-sets-6-10.ts#media:toefl:set-6:listening-m2-choose-7	b9d9dd938e18f3ea489a7d12f1e91755a2daab31779f8506e0e939a6d2eabcd9	42	42	9	1	man	man	man	mp3_44100_64_mono_after_QA	no	script-ready-audio-blocked	blocked_pending_owner_manifest_voices_sample_cost
media:toefl:set-6:listening-m2-choose-8	set-6	listening	listening-2	choose-response	item:t6-l-m2-cr8-v1	/audio/toefl/set-6/listening-m2-choose-8.mp3	src/data/toefl/listening-fixed-sets-6-10.ts#media:toefl:set-6:listening-m2-choose-8	3c536e65073ff7468d4fff3a67acb92980a8f89a177391bf29a39e2b2124c144	36	36	6	1	woman	woman	woman	mp3_44100_64_mono_after_QA	no	script-ready-audio-blocked	blocked_pending_owner_manifest_voices_sample_cost
media:toefl:set-6:listening-m2-conversation	set-6	listening	listening-2	conversation	item:t6-l-m2-cv1-v1;item:t6-l-m2-cv2-v1	/audio/toefl/set-6/listening-m2-conversation.mp3	src/data/toefl/listening-fixed-sets-6-10.ts#media:toefl:set-6:listening-m2-conversation	c2f22756c9703cae59e15b421ccd873bd5534b088f1734ef4bcce46955a060df	567	519	84	4	STUDENT;INSTRUCTOR	student;professor	student;professor	mp3_44100_64_mono_after_QA	no	script-ready-audio-blocked	blocked_pending_owner_manifest_voices_sample_cost
media:toefl:set-6:speaking-interview-1	set-6	speaking	speaking	take-an-interview	t6-s-iv1	/audio/toefl/set-6/interview-1.mp3	src/data/mocks/toefl-set-6.ts#t6-s-iv1	3b1a3582b9f9815e19e1c328e7e96ff8f882aa12bfb76c3a47eb02ad6822a6e1	108	108	24	1	INTERVIEWER	interviewer	interviewer	mp3_44100_64_mono_after_QA	no	script-ready-audio-blocked	blocked_pending_owner_manifest_voices_sample_cost
media:toefl:set-6:speaking-interview-2	set-6	speaking	speaking	take-an-interview	t6-s-iv2	/audio/toefl/set-6/interview-2.mp3	src/data/mocks/toefl-set-6.ts#t6-s-iv2	7e1c4cdf905f9dbde2ce94b170693020868f8276c0916fe541eab88e02380437	139	139	24	1	INTERVIEWER	interviewer	interviewer	mp3_44100_64_mono_after_QA	no	script-ready-audio-blocked	blocked_pending_owner_manifest_voices_sample_cost
media:toefl:set-6:speaking-interview-3	set-6	speaking	speaking	take-an-interview	t6-s-iv3	/audio/toefl/set-6/interview-3.mp3	src/data/mocks/toefl-set-6.ts#t6-s-iv3	194e1a386ba3c6433c58c8150a9a6149e92dc00a2d0378dbded84391c2245ed9	158	158	27	1	INTERVIEWER	interviewer	interviewer	mp3_44100_64_mono_after_QA	no	script-ready-audio-blocked	blocked_pending_owner_manifest_voices_sample_cost
media:toefl:set-6:speaking-interview-4	set-6	speaking	speaking	take-an-interview	t6-s-iv4	/audio/toefl/set-6/interview-4.mp3	src/data/mocks/toefl-set-6.ts#t6-s-iv4	8c1646d1d15a768d493034eece07a9353c399e8d0e301457b6babff3f2e1a335	126	126	22	1	INTERVIEWER	interviewer	interviewer	mp3_44100_64_mono_after_QA	no	script-ready-audio-blocked	blocked_pending_owner_manifest_voices_sample_cost
media:toefl:set-6:speaking-repeat-6	set-6	speaking	speaking	listen-and-repeat	t6-s-rp6	/audio/toefl/set-6/repeat-6.mp3	src/data/toefl/speaking-fixed-repeat.ts#t6-s-rp6	4a24f3bde054b78dab0da4260022b880436edd7256ae5b96fc20a9be6c7df639	114	114	15	1	man	man	man	mp3_44100_64_mono_after_QA	no	script-ready-audio-blocked	blocked_pending_owner_manifest_voices_sample_cost
media:toefl:set-6:speaking-repeat-7	set-6	speaking	speaking	listen-and-repeat	t6-s-rp7	/audio/toefl/set-6/repeat-7.mp3	src/data/toefl/speaking-fixed-repeat.ts#t6-s-rp7	5145f85d74d43dfdc92b89e2611fbd54b1c0ce39d7d7adf9a92fa588bb15e082	116	116	20	1	woman	woman	woman	mp3_44100_64_mono_after_QA	no	script-ready-audio-blocked	blocked_pending_owner_manifest_voices_sample_cost
media:toefl:set-7:listening-m1-choose-6	set-7	listening	listening-1	choose-response	item:t7-l-m1-cr6-v1	/audio/toefl/set-7/listening-m1-choose-6.mp3	src/data/toefl/listening-fixed-sets-6-10.ts#media:toefl:set-7:listening-m1-choose-6	eb6b6df75ea3f257cd05289a947adfa6734729c5472d1db5bd6172a29757eaee	45	45	9	1	man	man	man	mp3_44100_64_mono_after_QA	no	script-ready-audio-blocked	blocked_pending_owner_manifest_voices_sample_cost
media:toefl:set-7:listening-m1-choose-7	set-7	listening	listening-1	choose-response	item:t7-l-m1-cr7-v1	/audio/toefl/set-7/listening-m1-choose-7.mp3	src/data/toefl/listening-fixed-sets-6-10.ts#media:toefl:set-7:listening-m1-choose-7	80591e27d8e480b79bd956fea854e96f88e8b539e78c353d36d449b2eac55ba8	48	48	7	1	woman	woman	woman	mp3_44100_64_mono_after_QA	no	script-ready-audio-blocked	blocked_pending_owner_manifest_voices_sample_cost
media:toefl:set-7:listening-m1-choose-8	set-7	listening	listening-1	choose-response	item:t7-l-m1-cr8-v1	/audio/toefl/set-7/listening-m1-choose-8.mp3	src/data/toefl/listening-fixed-sets-6-10.ts#media:toefl:set-7:listening-m1-choose-8	3b54a500a89a0098abc090a6aa301c5b495c0c8513ccdbb97ed546d8afc936a1	50	50	8	1	man	man	man	mp3_44100_64_mono_after_QA	no	script-ready-audio-blocked	blocked_pending_owner_manifest_voices_sample_cost
media:toefl:set-7:listening-m2-academic-talk	set-7	listening	listening-2	academic-talk	item:t7-l-m2-at1-v1;item:t7-l-m2-at2-v1;item:t7-l-m2-at3-v1;item:t7-l-m2-at4-v1	/audio/toefl/set-7/listening-m2-academic-talk.mp3	src/data/toefl/listening-fixed-sets-6-10.ts#media:toefl:set-7:listening-m2-academic-talk	beac99ce9fd2a91d55a777501d17f46c6144ab15bce45c56df6ffb6adf11a66f	1448	1437	206	1	PROFESSOR	professor	professor	mp3_44100_64_mono_after_QA	no	script-ready-audio-blocked	blocked_pending_owner_manifest_voices_sample_cost
media:toefl:set-7:listening-m2-announcement	set-7	listening	listening-2	announcement	item:t7-l-m2-an1-v1;item:t7-l-m2-an2-v1	/audio/toefl/set-7/listening-m2-announcement.mp3	src/data/toefl/listening-fixed-sets-6-10.ts#media:toefl:set-7:listening-m2-announcement	68fbad6fc173cab19328f4f89444174e914c748610939417085217b3f08b68ee	415	404	65	1	ANNOUNCER	announcer	announcer	mp3_44100_64_mono_after_QA	no	script-ready-audio-blocked	blocked_pending_owner_manifest_voices_sample_cost
media:toefl:set-7:listening-m2-choose-1	set-7	listening	listening-2	choose-response	item:t7-l-m2-cr1-v1	/audio/toefl/set-7/listening-m2-choose-1.mp3	src/data/toefl/listening-fixed-sets-6-10.ts#media:toefl:set-7:listening-m2-choose-1	4075de4da8c7b5fbd02ffb26f49ab783660f5da30ca9aff4e8ac8f9f5a0b9861	51	51	7	1	woman	woman	woman	mp3_44100_64_mono_after_QA	no	script-ready-audio-blocked	blocked_pending_owner_manifest_voices_sample_cost
media:toefl:set-7:listening-m2-choose-2	set-7	listening	listening-2	choose-response	item:t7-l-m2-cr2-v1	/audio/toefl/set-7/listening-m2-choose-2.mp3	src/data/toefl/listening-fixed-sets-6-10.ts#media:toefl:set-7:listening-m2-choose-2	cf76d6471e53ef8880b42ba8859fb1091d6b2d1f221381c4b7396789ec414462	58	58	9	1	man	man	man	mp3_44100_64_mono_after_QA	no	script-ready-audio-blocked	blocked_pending_owner_manifest_voices_sample_cost
media:toefl:set-7:listening-m2-choose-3	set-7	listening	listening-2	choose-response	item:t7-l-m2-cr3-v1	/audio/toefl/set-7/listening-m2-choose-3.mp3	src/data/toefl/listening-fixed-sets-6-10.ts#media:toefl:set-7:listening-m2-choose-3	589666733a5333e878fb4265e93af1df8a82662a0aaa30133acf4a9d8f2fdd5f	45	45	8	1	woman	woman	woman	mp3_44100_64_mono_after_QA	no	script-ready-audio-blocked	blocked_pending_owner_manifest_voices_sample_cost
media:toefl:set-7:listening-m2-choose-4	set-7	listening	listening-2	choose-response	item:t7-l-m2-cr4-v1	/audio/toefl/set-7/listening-m2-choose-4.mp3	src/data/toefl/listening-fixed-sets-6-10.ts#media:toefl:set-7:listening-m2-choose-4	0a11c29d6abf94f6fb7227017d26104e4658abe480a7b6727af2ee34e7802755	33	33	7	1	man	man	man	mp3_44100_64_mono_after_QA	no	script-ready-audio-blocked	blocked_pending_owner_manifest_voices_sample_cost
media:toefl:set-7:listening-m2-choose-5	set-7	listening	listening-2	choose-response	item:t7-l-m2-cr5-v1	/audio/toefl/set-7/listening-m2-choose-5.mp3	src/data/toefl/listening-fixed-sets-6-10.ts#media:toefl:set-7:listening-m2-choose-5	a4e6826575606ba6a62d3e89f90ee8302a8ce85b6249f298a669450d1ab5f6b5	45	45	8	1	woman	woman	woman	mp3_44100_64_mono_after_QA	no	script-ready-audio-blocked	blocked_pending_owner_manifest_voices_sample_cost
media:toefl:set-7:listening-m2-choose-6	set-7	listening	listening-2	choose-response	item:t7-l-m2-cr6-v1	/audio/toefl/set-7/listening-m2-choose-6.mp3	src/data/toefl/listening-fixed-sets-6-10.ts#media:toefl:set-7:listening-m2-choose-6	bc74a62f74d06b0c1f8487f21eddf6b429f7b2dbf0a4f1f56abff3aa241a6b04	48	48	9	1	man	man	man	mp3_44100_64_mono_after_QA	no	script-ready-audio-blocked	blocked_pending_owner_manifest_voices_sample_cost
media:toefl:set-7:listening-m2-choose-7	set-7	listening	listening-2	choose-response	item:t7-l-m2-cr7-v1	/audio/toefl/set-7/listening-m2-choose-7.mp3	src/data/toefl/listening-fixed-sets-6-10.ts#media:toefl:set-7:listening-m2-choose-7	d79fcfd31f02fc240b8ac651e0b337c6dc65810c42702a396a6ef1944feb753b	44	44	9	1	woman	woman	woman	mp3_44100_64_mono_after_QA	no	script-ready-audio-blocked	blocked_pending_owner_manifest_voices_sample_cost
media:toefl:set-7:listening-m2-choose-8	set-7	listening	listening-2	choose-response	item:t7-l-m2-cr8-v1	/audio/toefl/set-7/listening-m2-choose-8.mp3	src/data/toefl/listening-fixed-sets-6-10.ts#media:toefl:set-7:listening-m2-choose-8	faf00cc7d06103645b027d82081319f7f8c939f9f0d350b0090119ddefdbd478	48	48	8	1	man	man	man	mp3_44100_64_mono_after_QA	no	script-ready-audio-blocked	blocked_pending_owner_manifest_voices_sample_cost
media:toefl:set-7:listening-m2-conversation	set-7	listening	listening-2	conversation	item:t7-l-m2-cv1-v1;item:t7-l-m2-cv2-v1	/audio/toefl/set-7/listening-m2-conversation.mp3	src/data/toefl/listening-fixed-sets-6-10.ts#media:toefl:set-7:listening-m2-conversation	8927b13b958e181ea00534eed262ab74994e8a334686446247b3683e3ceafcdb	489	437	77	4	STUDENT;STAFF MEMBER	student;announcer	student;staff	mp3_44100_64_mono_after_QA	no	script-ready-audio-blocked	blocked_pending_owner_manifest_voices_sample_cost
media:toefl:set-7:speaking-interview-1	set-7	speaking	speaking	take-an-interview	t7-s-iv1	/audio/toefl/set-7/interview-1.mp3	src/data/mocks/toefl-set-7.ts#t7-s-iv1	16b6ceb7bd3c5b9824818707916e718996cb2601aecae1ab56f9171620d263c6	114	114	24	1	INTERVIEWER	interviewer	interviewer	mp3_44100_64_mono_after_QA	no	script-ready-audio-blocked	blocked_pending_owner_manifest_voices_sample_cost
media:toefl:set-7:speaking-interview-2	set-7	speaking	speaking	take-an-interview	t7-s-iv2	/audio/toefl/set-7/interview-2.mp3	src/data/mocks/toefl-set-7.ts#t7-s-iv2	b6f92099368c2224086923903632e6f0fca16acb6fa174e761a518ba267b2c79	148	148	25	1	INTERVIEWER	interviewer	interviewer	mp3_44100_64_mono_after_QA	no	script-ready-audio-blocked	blocked_pending_owner_manifest_voices_sample_cost
media:toefl:set-7:speaking-interview-3	set-7	speaking	speaking	take-an-interview	t7-s-iv3	/audio/toefl/set-7/interview-3.mp3	src/data/mocks/toefl-set-7.ts#t7-s-iv3	54665920fec1ca7686a36fb0d95610d012ac8dcee8db703816c83fd2122f65a5	157	157	27	1	INTERVIEWER	interviewer	interviewer	mp3_44100_64_mono_after_QA	no	script-ready-audio-blocked	blocked_pending_owner_manifest_voices_sample_cost
media:toefl:set-7:speaking-interview-4	set-7	speaking	speaking	take-an-interview	t7-s-iv4	/audio/toefl/set-7/interview-4.mp3	src/data/mocks/toefl-set-7.ts#t7-s-iv4	7488b9584d1c51e737e4e2c3647816ea72c1a68ec68ac357389f04a1d0f44ec5	127	127	20	1	INTERVIEWER	interviewer	interviewer	mp3_44100_64_mono_after_QA	no	script-ready-audio-blocked	blocked_pending_owner_manifest_voices_sample_cost
media:toefl:set-7:speaking-repeat-6	set-7	speaking	speaking	listen-and-repeat	t7-s-rp6	/audio/toefl/set-7/repeat-6.mp3	src/data/toefl/speaking-fixed-repeat.ts#t7-s-rp6	91f0a955c6bce9f243fd0a67dafcfa0595c4a333697cacf3acdedd964c1d863b	93	93	15	1	woman	woman	woman	mp3_44100_64_mono_after_QA	no	script-ready-audio-blocked	blocked_pending_owner_manifest_voices_sample_cost
media:toefl:set-7:speaking-repeat-7	set-7	speaking	speaking	listen-and-repeat	t7-s-rp7	/audio/toefl/set-7/repeat-7.mp3	src/data/toefl/speaking-fixed-repeat.ts#t7-s-rp7	03b5c77517c74a8952515eb1a7dc6ff36ea2f0ed7ffbf9c2cbb05b90616b1a38	129	129	20	1	man	man	man	mp3_44100_64_mono_after_QA	no	script-ready-audio-blocked	blocked_pending_owner_manifest_voices_sample_cost
media:toefl:set-8:listening-m1-choose-6	set-8	listening	listening-1	choose-response	item:t8-l-m1-cr6-v1	/audio/toefl/set-8/listening-m1-choose-6.mp3	src/data/toefl/listening-fixed-sets-6-10.ts#media:toefl:set-8:listening-m1-choose-6	73885404b88b7c36d727946a4e8a7183333a36364bce3d3a24b350d3dec2dc65	45	45	8	1	woman	woman	woman	mp3_44100_64_mono_after_QA	no	script-ready-audio-blocked	blocked_pending_owner_manifest_voices_sample_cost
media:toefl:set-8:listening-m1-choose-7	set-8	listening	listening-1	choose-response	item:t8-l-m1-cr7-v1	/audio/toefl/set-8/listening-m1-choose-7.mp3	src/data/toefl/listening-fixed-sets-6-10.ts#media:toefl:set-8:listening-m1-choose-7	a0a0afe69787901257a9751b902d1baaad66a2812a70cfce742cb703989feec1	45	45	8	1	man	man	man	mp3_44100_64_mono_after_QA	no	script-ready-audio-blocked	blocked_pending_owner_manifest_voices_sample_cost
media:toefl:set-8:listening-m1-choose-8	set-8	listening	listening-1	choose-response	item:t8-l-m1-cr8-v1	/audio/toefl/set-8/listening-m1-choose-8.mp3	src/data/toefl/listening-fixed-sets-6-10.ts#media:toefl:set-8:listening-m1-choose-8	2b4ac68c63eab2c223d9f50d53928a37a402cee36bfbeab1599fa105a812e973	48	48	10	1	woman	woman	woman	mp3_44100_64_mono_after_QA	no	script-ready-audio-blocked	blocked_pending_owner_manifest_voices_sample_cost
media:toefl:set-8:listening-m2-academic-talk	set-8	listening	listening-2	academic-talk	item:t8-l-m2-at1-v1;item:t8-l-m2-at2-v1;item:t8-l-m2-at3-v1;item:t8-l-m2-at4-v1	/audio/toefl/set-8/listening-m2-academic-talk.mp3	src/data/toefl/listening-fixed-sets-6-10.ts#media:toefl:set-8:listening-m2-academic-talk	8601eea48af0ab02f9a13938a1a42e764d2540848057bbaaa89819c35c0bc738	1343	1332	198	1	PROFESSOR	professor	professor	mp3_44100_64_mono_after_QA	no	script-ready-audio-blocked	blocked_pending_owner_manifest_voices_sample_cost
media:toefl:set-8:listening-m2-announcement	set-8	listening	listening-2	announcement	item:t8-l-m2-an1-v1;item:t8-l-m2-an2-v1	/audio/toefl/set-8/listening-m2-announcement.mp3	src/data/toefl/listening-fixed-sets-6-10.ts#media:toefl:set-8:listening-m2-announcement	81bef7716e1a74bc1db6ef8d8ebc14b9b64f084b76e3287891ac24396537c596	410	399	64	1	ANNOUNCER	announcer	announcer	mp3_44100_64_mono_after_QA	no	script-ready-audio-blocked	blocked_pending_owner_manifest_voices_sample_cost
media:toefl:set-8:listening-m2-choose-1	set-8	listening	listening-2	choose-response	item:t8-l-m2-cr1-v1	/audio/toefl/set-8/listening-m2-choose-1.mp3	src/data/toefl/listening-fixed-sets-6-10.ts#media:toefl:set-8:listening-m2-choose-1	025038a7a0b7054bd1204e53f42f843d480cd86294de8a7773548fd49b3e8545	43	43	8	1	man	man	man	mp3_44100_64_mono_after_QA	no	script-ready-audio-blocked	blocked_pending_owner_manifest_voices_sample_cost
media:toefl:set-8:listening-m2-choose-2	set-8	listening	listening-2	choose-response	item:t8-l-m2-cr2-v1	/audio/toefl/set-8/listening-m2-choose-2.mp3	src/data/toefl/listening-fixed-sets-6-10.ts#media:toefl:set-8:listening-m2-choose-2	b1cd8c21c8889f53a36dedee6beee448257237045d8c130ba901185076e488a0	48	48	7	1	woman	woman	woman	mp3_44100_64_mono_after_QA	no	script-ready-audio-blocked	blocked_pending_owner_manifest_voices_sample_cost
media:toefl:set-8:listening-m2-choose-3	set-8	listening	listening-2	choose-response	item:t8-l-m2-cr3-v1	/audio/toefl/set-8/listening-m2-choose-3.mp3	src/data/toefl/listening-fixed-sets-6-10.ts#media:toefl:set-8:listening-m2-choose-3	a25b5cf031f78a4ead64b7a22dc24dccfc7f2eae77add170862e81069f3f4443	47	47	9	1	man	man	man	mp3_44100_64_mono_after_QA	no	script-ready-audio-blocked	blocked_pending_owner_manifest_voices_sample_cost
media:toefl:set-8:listening-m2-choose-4	set-8	listening	listening-2	choose-response	item:t8-l-m2-cr4-v1	/audio/toefl/set-8/listening-m2-choose-4.mp3	src/data/toefl/listening-fixed-sets-6-10.ts#media:toefl:set-8:listening-m2-choose-4	c095d5d0ed29786dde600a85c383629aebbab862938b3ae249559406053f0b75	41	41	7	1	woman	woman	woman	mp3_44100_64_mono_after_QA	no	script-ready-audio-blocked	blocked_pending_owner_manifest_voices_sample_cost
media:toefl:set-8:listening-m2-choose-5	set-8	listening	listening-2	choose-response	item:t8-l-m2-cr5-v1	/audio/toefl/set-8/listening-m2-choose-5.mp3	src/data/toefl/listening-fixed-sets-6-10.ts#media:toefl:set-8:listening-m2-choose-5	c470d342ca8ca9374702d105e4950e1e16831ee14e5ae0bd1daaccaea0f2a3b8	42	42	7	1	man	man	man	mp3_44100_64_mono_after_QA	no	script-ready-audio-blocked	blocked_pending_owner_manifest_voices_sample_cost
media:toefl:set-8:listening-m2-choose-6	set-8	listening	listening-2	choose-response	item:t8-l-m2-cr6-v1	/audio/toefl/set-8/listening-m2-choose-6.mp3	src/data/toefl/listening-fixed-sets-6-10.ts#media:toefl:set-8:listening-m2-choose-6	2f4e4e6e9678711442d26cb6fc7128f5f75403874bc0d7d3da280931d4574f70	40	40	7	1	woman	woman	woman	mp3_44100_64_mono_after_QA	no	script-ready-audio-blocked	blocked_pending_owner_manifest_voices_sample_cost
media:toefl:set-8:listening-m2-choose-7	set-8	listening	listening-2	choose-response	item:t8-l-m2-cr7-v1	/audio/toefl/set-8/listening-m2-choose-7.mp3	src/data/toefl/listening-fixed-sets-6-10.ts#media:toefl:set-8:listening-m2-choose-7	1da1b2fff45962dc4237ade035bab468ab9fdbff3eff7ac95de4cc0bbaf06235	47	47	7	1	man	man	man	mp3_44100_64_mono_after_QA	no	script-ready-audio-blocked	blocked_pending_owner_manifest_voices_sample_cost
media:toefl:set-8:listening-m2-choose-8	set-8	listening	listening-2	choose-response	item:t8-l-m2-cr8-v1	/audio/toefl/set-8/listening-m2-choose-8.mp3	src/data/toefl/listening-fixed-sets-6-10.ts#media:toefl:set-8:listening-m2-choose-8	333f5e251b1bd67467ec7079b72f36eab72a293a862c03190760344daa50e5e7	41	41	8	1	woman	woman	woman	mp3_44100_64_mono_after_QA	no	script-ready-audio-blocked	blocked_pending_owner_manifest_voices_sample_cost
media:toefl:set-8:listening-m2-conversation	set-8	listening	listening-2	conversation	item:t8-l-m2-cv1-v1;item:t8-l-m2-cv2-v1	/audio/toefl/set-8/listening-m2-conversation.mp3	src/data/toefl/listening-fixed-sets-6-10.ts#media:toefl:set-8:listening-m2-conversation	3bbc6bfcce44f422de1a284357f070a34f2fca68fd474da21712a159d3ac52ca	507	461	79	4	STUDENT;LIBRARIAN	student;announcer	student;staff	mp3_44100_64_mono_after_QA	no	script-ready-audio-blocked	blocked_pending_owner_manifest_voices_sample_cost
media:toefl:set-8:speaking-interview-1	set-8	speaking	speaking	take-an-interview	t8-s-iv1	/audio/toefl/set-8/interview-1.mp3	src/data/mocks/toefl-set-8.ts#t8-s-iv1	25ae6f6a69910f5a3455c9e405d577b4ef7e89f9fe642eb577eadc179e867a3a	86	86	18	1	INTERVIEWER	interviewer	interviewer	mp3_44100_64_mono_after_QA	no	script-ready-audio-blocked	blocked_pending_owner_manifest_voices_sample_cost
media:toefl:set-8:speaking-interview-2	set-8	speaking	speaking	take-an-interview	t8-s-iv2	/audio/toefl/set-8/interview-2.mp3	src/data/mocks/toefl-set-8.ts#t8-s-iv2	e70baa8a38e73dc527e1eff1cea738e192a1ec32a703520b2766c1f3d1f6252b	137	137	25	1	INTERVIEWER	interviewer	interviewer	mp3_44100_64_mono_after_QA	no	script-ready-audio-blocked	blocked_pending_owner_manifest_voices_sample_cost
media:toefl:set-8:speaking-interview-3	set-8	speaking	speaking	take-an-interview	t8-s-iv3	/audio/toefl/set-8/interview-3.mp3	src/data/mocks/toefl-set-8.ts#t8-s-iv3	b7c008d8078bc1cd68293204a8e99a3e7251154801968f462680604f9202242c	160	160	25	1	INTERVIEWER	interviewer	interviewer	mp3_44100_64_mono_after_QA	no	script-ready-audio-blocked	blocked_pending_owner_manifest_voices_sample_cost
media:toefl:set-8:speaking-interview-4	set-8	speaking	speaking	take-an-interview	t8-s-iv4	/audio/toefl/set-8/interview-4.mp3	src/data/mocks/toefl-set-8.ts#t8-s-iv4	694109037fff9a75fce131d18d68d6114eadd5280d9625064d5a65a17236c171	117	117	19	1	INTERVIEWER	interviewer	interviewer	mp3_44100_64_mono_after_QA	no	script-ready-audio-blocked	blocked_pending_owner_manifest_voices_sample_cost
media:toefl:set-8:speaking-repeat-6	set-8	speaking	speaking	listen-and-repeat	t8-s-rp6	/audio/toefl/set-8/repeat-6.mp3	src/data/toefl/speaking-fixed-repeat.ts#t8-s-rp6	3c15129545e48bccfd27729636367ef8575450da896827a0de40f335e37ce665	115	115	16	1	man	man	man	mp3_44100_64_mono_after_QA	no	script-ready-audio-blocked	blocked_pending_owner_manifest_voices_sample_cost
media:toefl:set-8:speaking-repeat-7	set-8	speaking	speaking	listen-and-repeat	t8-s-rp7	/audio/toefl/set-8/repeat-7.mp3	src/data/toefl/speaking-fixed-repeat.ts#t8-s-rp7	c0c9f4bde8f44fd6c0de2b4f76837f85027f163a2c99ccf86be0a568a61f6a58	144	144	20	1	woman	woman	woman	mp3_44100_64_mono_after_QA	no	script-ready-audio-blocked	blocked_pending_owner_manifest_voices_sample_cost
media:toefl:set-9:listening-m1-choose-6	set-9	listening	listening-1	choose-response	item:t9-l-m1-cr6-v1	/audio/toefl/set-9/listening-m1-choose-6.mp3	src/data/toefl/listening-fixed-sets-6-10.ts#media:toefl:set-9:listening-m1-choose-6	00a5a9b3065924d9f8661f4590b17a407a284ff9dc19e19473680d0c7ebaddc6	41	41	7	1	man	man	man	mp3_44100_64_mono_after_QA	no	script-ready-audio-blocked	blocked_pending_owner_manifest_voices_sample_cost
media:toefl:set-9:listening-m1-choose-7	set-9	listening	listening-1	choose-response	item:t9-l-m1-cr7-v1	/audio/toefl/set-9/listening-m1-choose-7.mp3	src/data/toefl/listening-fixed-sets-6-10.ts#media:toefl:set-9:listening-m1-choose-7	8c642e1cba140db9e5514dbbd44071e5f8e1e39589b37168bd221acf91b875d2	42	42	8	1	woman	woman	woman	mp3_44100_64_mono_after_QA	no	script-ready-audio-blocked	blocked_pending_owner_manifest_voices_sample_cost
media:toefl:set-9:listening-m1-choose-8	set-9	listening	listening-1	choose-response	item:t9-l-m1-cr8-v1	/audio/toefl/set-9/listening-m1-choose-8.mp3	src/data/toefl/listening-fixed-sets-6-10.ts#media:toefl:set-9:listening-m1-choose-8	2bed2c1d37f5d90c5952de8478469a9b97a1b6172f732ebfb2da51e418b0544c	41	41	6	1	man	man	man	mp3_44100_64_mono_after_QA	no	script-ready-audio-blocked	blocked_pending_owner_manifest_voices_sample_cost
media:toefl:set-9:listening-m2-academic-talk	set-9	listening	listening-2	academic-talk	item:t9-l-m2-at1-v1;item:t9-l-m2-at2-v1;item:t9-l-m2-at3-v1;item:t9-l-m2-at4-v1	/audio/toefl/set-9/listening-m2-academic-talk.mp3	src/data/toefl/listening-fixed-sets-6-10.ts#media:toefl:set-9:listening-m2-academic-talk	5d952e72d03f2c107c364e7e2fe2a7ff14cd8090d6f312bd2b8efbfdf9c7045c	1371	1360	205	1	PROFESSOR	professor	professor	mp3_44100_64_mono_after_QA	no	script-ready-audio-blocked	blocked_pending_owner_manifest_voices_sample_cost
media:toefl:set-9:listening-m2-announcement	set-9	listening	listening-2	announcement	item:t9-l-m2-an1-v1;item:t9-l-m2-an2-v1	/audio/toefl/set-9/listening-m2-announcement.mp3	src/data/toefl/listening-fixed-sets-6-10.ts#media:toefl:set-9:listening-m2-announcement	3120ec4b2000b8d0f9bf4c42ec0df6885608f713c41964504ddaf7d45be296fa	414	403	63	1	ANNOUNCER	announcer	announcer	mp3_44100_64_mono_after_QA	no	script-ready-audio-blocked	blocked_pending_owner_manifest_voices_sample_cost
media:toefl:set-9:listening-m2-choose-1	set-9	listening	listening-2	choose-response	item:t9-l-m2-cr1-v1	/audio/toefl/set-9/listening-m2-choose-1.mp3	src/data/toefl/listening-fixed-sets-6-10.ts#media:toefl:set-9:listening-m2-choose-1	ddddf5fbde78e33f48fb0c7a1efbfc348b1877121f58108da2bf20449ec1b93c	43	43	7	1	woman	woman	woman	mp3_44100_64_mono_after_QA	no	script-ready-audio-blocked	blocked_pending_owner_manifest_voices_sample_cost
media:toefl:set-9:listening-m2-choose-2	set-9	listening	listening-2	choose-response	item:t9-l-m2-cr2-v1	/audio/toefl/set-9/listening-m2-choose-2.mp3	src/data/toefl/listening-fixed-sets-6-10.ts#media:toefl:set-9:listening-m2-choose-2	5acff5d31207d386fc128c2e05eea34c1c45988e59410e121e920de397c4d8b5	54	54	9	1	man	man	man	mp3_44100_64_mono_after_QA	no	script-ready-audio-blocked	blocked_pending_owner_manifest_voices_sample_cost
media:toefl:set-9:listening-m2-choose-3	set-9	listening	listening-2	choose-response	item:t9-l-m2-cr3-v1	/audio/toefl/set-9/listening-m2-choose-3.mp3	src/data/toefl/listening-fixed-sets-6-10.ts#media:toefl:set-9:listening-m2-choose-3	9ae48c476e07f23e5b8b7842668ac448e713cbb928130dbcebadc1b07c195c7e	51	51	9	1	woman	woman	woman	mp3_44100_64_mono_after_QA	no	script-ready-audio-blocked	blocked_pending_owner_manifest_voices_sample_cost
media:toefl:set-9:listening-m2-choose-4	set-9	listening	listening-2	choose-response	item:t9-l-m2-cr4-v1	/audio/toefl/set-9/listening-m2-choose-4.mp3	src/data/toefl/listening-fixed-sets-6-10.ts#media:toefl:set-9:listening-m2-choose-4	8c75891e1054903158bc4d72b2afe8c3e915ffd7d736c8afd919ed016855680d	50	50	9	1	man	man	man	mp3_44100_64_mono_after_QA	no	script-ready-audio-blocked	blocked_pending_owner_manifest_voices_sample_cost
media:toefl:set-9:listening-m2-choose-5	set-9	listening	listening-2	choose-response	item:t9-l-m2-cr5-v1	/audio/toefl/set-9/listening-m2-choose-5.mp3	src/data/toefl/listening-fixed-sets-6-10.ts#media:toefl:set-9:listening-m2-choose-5	d529dacb77a4bc91b480b33dfa679e82a09aeeab674068ac267866b972fd48f9	40	40	9	1	woman	woman	woman	mp3_44100_64_mono_after_QA	no	script-ready-audio-blocked	blocked_pending_owner_manifest_voices_sample_cost
media:toefl:set-9:listening-m2-choose-6	set-9	listening	listening-2	choose-response	item:t9-l-m2-cr6-v1	/audio/toefl/set-9/listening-m2-choose-6.mp3	src/data/toefl/listening-fixed-sets-6-10.ts#media:toefl:set-9:listening-m2-choose-6	da5c789abd9267a34c571514eefe134b232e9918ed670dc3e49fc91832bdb292	54	54	10	1	man	man	man	mp3_44100_64_mono_after_QA	no	script-ready-audio-blocked	blocked_pending_owner_manifest_voices_sample_cost
media:toefl:set-9:listening-m2-choose-7	set-9	listening	listening-2	choose-response	item:t9-l-m2-cr7-v1	/audio/toefl/set-9/listening-m2-choose-7.mp3	src/data/toefl/listening-fixed-sets-6-10.ts#media:toefl:set-9:listening-m2-choose-7	d3d72e836a8f365a8ab5b99c905e6a717ee9c0ab047edec07ba2ac3c0d711482	51	51	8	1	woman	woman	woman	mp3_44100_64_mono_after_QA	no	script-ready-audio-blocked	blocked_pending_owner_manifest_voices_sample_cost
media:toefl:set-9:listening-m2-choose-8	set-9	listening	listening-2	choose-response	item:t9-l-m2-cr8-v1	/audio/toefl/set-9/listening-m2-choose-8.mp3	src/data/toefl/listening-fixed-sets-6-10.ts#media:toefl:set-9:listening-m2-choose-8	2897e74c560dd6171100400dbff008cbd2ccae1f1c9ff1cf6b4eaa5b825a60c5	47	47	8	1	man	man	man	mp3_44100_64_mono_after_QA	no	script-ready-audio-blocked	blocked_pending_owner_manifest_voices_sample_cost
media:toefl:set-9:listening-m2-conversation	set-9	listening	listening-2	conversation	item:t9-l-m2-cv1-v1;item:t9-l-m2-cv2-v1	/audio/toefl/set-9/listening-m2-conversation.mp3	src/data/toefl/listening-fixed-sets-6-10.ts#media:toefl:set-9:listening-m2-conversation	f652e66aaa813d377323304778fd5aaa31711e245665c7bef1bab67d44383a10	527	485	83	4	STUDENT;ADVISER	student;announcer	student;staff	mp3_44100_64_mono_after_QA	no	script-ready-audio-blocked	blocked_pending_owner_manifest_voices_sample_cost
media:toefl:set-9:speaking-interview-1	set-9	speaking	speaking	take-an-interview	t9-s-iv1	/audio/toefl/set-9/interview-1.mp3	src/data/mocks/toefl-set-9.ts#t9-s-iv1	198a31afb24aa0be1b9a59cb42b5978a23e81701714cd5ef4ed778094e107022	108	108	22	1	INTERVIEWER	interviewer	interviewer	mp3_44100_64_mono_after_QA	no	script-ready-audio-blocked	blocked_pending_owner_manifest_voices_sample_cost
media:toefl:set-9:speaking-interview-2	set-9	speaking	speaking	take-an-interview	t9-s-iv2	/audio/toefl/set-9/interview-2.mp3	src/data/mocks/toefl-set-9.ts#t9-s-iv2	b6fd151c00c0da57ca4aac45c23f94869199f5658d70a756fad4974f12551cf0	150	150	27	1	INTERVIEWER	interviewer	interviewer	mp3_44100_64_mono_after_QA	no	script-ready-audio-blocked	blocked_pending_owner_manifest_voices_sample_cost
media:toefl:set-9:speaking-interview-3	set-9	speaking	speaking	take-an-interview	t9-s-iv3	/audio/toefl/set-9/interview-3.mp3	src/data/mocks/toefl-set-9.ts#t9-s-iv3	84999e8d4bb392b0e084f4ddc544cdae53dc16ecf92f9564beb91b0a556303a3	175	175	29	1	INTERVIEWER	interviewer	interviewer	mp3_44100_64_mono_after_QA	no	script-ready-audio-blocked	blocked_pending_owner_manifest_voices_sample_cost
media:toefl:set-9:speaking-interview-4	set-9	speaking	speaking	take-an-interview	t9-s-iv4	/audio/toefl/set-9/interview-4.mp3	src/data/mocks/toefl-set-9.ts#t9-s-iv4	dd2ee144a93d0ebeeda81ad6c8066723ac30db1e7d2b21673b0f7c30e70038fc	125	125	18	1	INTERVIEWER	interviewer	interviewer	mp3_44100_64_mono_after_QA	no	script-ready-audio-blocked	blocked_pending_owner_manifest_voices_sample_cost
media:toefl:set-9:speaking-repeat-6	set-9	speaking	speaking	listen-and-repeat	t9-s-rp6	/audio/toefl/set-9/repeat-6.mp3	src/data/toefl/speaking-fixed-repeat.ts#t9-s-rp6	31fc291952f8164431d29dfd3959ef92bb3e754ba3938eb5eaafcd0e569d9a90	86	86	15	1	woman	woman	woman	mp3_44100_64_mono_after_QA	no	script-ready-audio-blocked	blocked_pending_owner_manifest_voices_sample_cost
media:toefl:set-9:speaking-repeat-7	set-9	speaking	speaking	listen-and-repeat	t9-s-rp7	/audio/toefl/set-9/repeat-7.mp3	src/data/toefl/speaking-fixed-repeat.ts#t9-s-rp7	2de9793a2414420b8e200cf1a1d999d8cf5b893711831a376acf83b43a8f5fdb	112	112	20	1	man	man	man	mp3_44100_64_mono_after_QA	no	script-ready-audio-blocked	blocked_pending_owner_manifest_voices_sample_cost
media:toefl:set-10:listening-m1-choose-6	set-10	listening	listening-1	choose-response	item:t10-l-m1-cr6-v1	/audio/toefl/set-10/listening-m1-choose-6.mp3	src/data/toefl/listening-fixed-sets-6-10.ts#media:toefl:set-10:listening-m1-choose-6	e9cdacdfd91913cc7f4ffd5796108c8816942d99d59a888d919c6b5f16e6de8d	43	43	7	1	woman	woman	woman	mp3_44100_64_mono_after_QA	no	script-ready-audio-blocked	blocked_pending_owner_manifest_voices_sample_cost
media:toefl:set-10:listening-m1-choose-7	set-10	listening	listening-1	choose-response	item:t10-l-m1-cr7-v1	/audio/toefl/set-10/listening-m1-choose-7.mp3	src/data/toefl/listening-fixed-sets-6-10.ts#media:toefl:set-10:listening-m1-choose-7	95161155a134c7a85100fd44bfcb51a208823d4a0a559603653ff5f6f2ee7db1	48	48	9	1	man	man	man	mp3_44100_64_mono_after_QA	no	script-ready-audio-blocked	blocked_pending_owner_manifest_voices_sample_cost
media:toefl:set-10:listening-m1-choose-8	set-10	listening	listening-1	choose-response	item:t10-l-m1-cr8-v1	/audio/toefl/set-10/listening-m1-choose-8.mp3	src/data/toefl/listening-fixed-sets-6-10.ts#media:toefl:set-10:listening-m1-choose-8	9162e47b908b1a044d82167c8c10c2398b9fdbc19c85ba2849e6d3c3a72acc00	54	54	11	1	woman	woman	woman	mp3_44100_64_mono_after_QA	no	script-ready-audio-blocked	blocked_pending_owner_manifest_voices_sample_cost
media:toefl:set-10:listening-m2-academic-talk	set-10	listening	listening-2	academic-talk	item:t10-l-m2-at1-v1;item:t10-l-m2-at2-v1;item:t10-l-m2-at3-v1;item:t10-l-m2-at4-v1	/audio/toefl/set-10/listening-m2-academic-talk.mp3	src/data/toefl/listening-fixed-sets-6-10.ts#media:toefl:set-10:listening-m2-academic-talk	0a791a6af1c14fd8b9578d353809d067ea3e54c9d0d578d0738f31eab62edffa	1384	1373	201	1	PROFESSOR	professor	professor	mp3_44100_64_mono_after_QA	no	script-ready-audio-blocked	blocked_pending_owner_manifest_voices_sample_cost
media:toefl:set-10:listening-m2-announcement	set-10	listening	listening-2	announcement	item:t10-l-m2-an1-v1;item:t10-l-m2-an2-v1	/audio/toefl/set-10/listening-m2-announcement.mp3	src/data/toefl/listening-fixed-sets-6-10.ts#media:toefl:set-10:listening-m2-announcement	fa855c6fee3fa0b597d532b05ff49c8286289ef606234dda02e283fb42c01c3e	391	380	63	1	ANNOUNCER	announcer	announcer	mp3_44100_64_mono_after_QA	no	script-ready-audio-blocked	blocked_pending_owner_manifest_voices_sample_cost
media:toefl:set-10:listening-m2-choose-1	set-10	listening	listening-2	choose-response	item:t10-l-m2-cr1-v1	/audio/toefl/set-10/listening-m2-choose-1.mp3	src/data/toefl/listening-fixed-sets-6-10.ts#media:toefl:set-10:listening-m2-choose-1	1cd675d3562e35c2696e18a7a7551629fffecfaa94658cee673c5f68850d1936	44	44	7	1	man	man	man	mp3_44100_64_mono_after_QA	no	script-ready-audio-blocked	blocked_pending_owner_manifest_voices_sample_cost
media:toefl:set-10:listening-m2-choose-2	set-10	listening	listening-2	choose-response	item:t10-l-m2-cr2-v1	/audio/toefl/set-10/listening-m2-choose-2.mp3	src/data/toefl/listening-fixed-sets-6-10.ts#media:toefl:set-10:listening-m2-choose-2	4a45f6a477c054ac0bdfda9b295e05b6c5d8207dfe8c5f84ea94b133b34a35e4	46	46	8	1	woman	woman	woman	mp3_44100_64_mono_after_QA	no	script-ready-audio-blocked	blocked_pending_owner_manifest_voices_sample_cost
media:toefl:set-10:listening-m2-choose-3	set-10	listening	listening-2	choose-response	item:t10-l-m2-cr3-v1	/audio/toefl/set-10/listening-m2-choose-3.mp3	src/data/toefl/listening-fixed-sets-6-10.ts#media:toefl:set-10:listening-m2-choose-3	e6d37af9d325ccf20495ad7801746813a3b3ca02ca22ee230443c0db6440a330	46	46	10	1	man	man	man	mp3_44100_64_mono_after_QA	no	script-ready-audio-blocked	blocked_pending_owner_manifest_voices_sample_cost
media:toefl:set-10:listening-m2-choose-4	set-10	listening	listening-2	choose-response	item:t10-l-m2-cr4-v1	/audio/toefl/set-10/listening-m2-choose-4.mp3	src/data/toefl/listening-fixed-sets-6-10.ts#media:toefl:set-10:listening-m2-choose-4	0df6de3b7f05e2057db2f413fd4fd3888add7420f827557a61cd2aa1ef4aeb0c	44	44	7	1	woman	woman	woman	mp3_44100_64_mono_after_QA	no	script-ready-audio-blocked	blocked_pending_owner_manifest_voices_sample_cost
media:toefl:set-10:listening-m2-choose-5	set-10	listening	listening-2	choose-response	item:t10-l-m2-cr5-v1	/audio/toefl/set-10/listening-m2-choose-5.mp3	src/data/toefl/listening-fixed-sets-6-10.ts#media:toefl:set-10:listening-m2-choose-5	dd1f19fefe34f0445113f0feac0a6aed43c2a7be504e4b76ff0fa08f336d60ae	41	41	8	1	man	man	man	mp3_44100_64_mono_after_QA	no	script-ready-audio-blocked	blocked_pending_owner_manifest_voices_sample_cost
media:toefl:set-10:listening-m2-choose-6	set-10	listening	listening-2	choose-response	item:t10-l-m2-cr6-v1	/audio/toefl/set-10/listening-m2-choose-6.mp3	src/data/toefl/listening-fixed-sets-6-10.ts#media:toefl:set-10:listening-m2-choose-6	e5e09c385e3da672d5b5b7a0a6fe15a466d55b8d6870ab79ab24d379a6e8fd67	48	48	8	1	woman	woman	woman	mp3_44100_64_mono_after_QA	no	script-ready-audio-blocked	blocked_pending_owner_manifest_voices_sample_cost
media:toefl:set-10:listening-m2-choose-7	set-10	listening	listening-2	choose-response	item:t10-l-m2-cr7-v1	/audio/toefl/set-10/listening-m2-choose-7.mp3	src/data/toefl/listening-fixed-sets-6-10.ts#media:toefl:set-10:listening-m2-choose-7	82758d49d63263b3df0077927f7b8caf9223eefe016eb734bd0013d0ad8be73b	52	52	10	1	man	man	man	mp3_44100_64_mono_after_QA	no	script-ready-audio-blocked	blocked_pending_owner_manifest_voices_sample_cost
media:toefl:set-10:listening-m2-choose-8	set-10	listening	listening-2	choose-response	item:t10-l-m2-cr8-v1	/audio/toefl/set-10/listening-m2-choose-8.mp3	src/data/toefl/listening-fixed-sets-6-10.ts#media:toefl:set-10:listening-m2-choose-8	6ba46030c1f9d0c0a0f64b4ddca879aac88401b27eb8adbe92004734eeb1143e	37	37	8	1	woman	woman	woman	mp3_44100_64_mono_after_QA	no	script-ready-audio-blocked	blocked_pending_owner_manifest_voices_sample_cost
media:toefl:set-10:listening-m2-conversation	set-10	listening	listening-2	conversation	item:t10-l-m2-cv1-v1;item:t10-l-m2-cv2-v1	/audio/toefl/set-10/listening-m2-conversation.mp3	src/data/toefl/listening-fixed-sets-6-10.ts#media:toefl:set-10:listening-m2-conversation	6bf06d9d66707fe2d63427599ae102c3c7aa94b06b1fd3a1df7b82b0cea3ee4e	584	542	84	4	STUDENT;ADVISER	student;announcer	student;staff	mp3_44100_64_mono_after_QA	no	script-ready-audio-blocked	blocked_pending_owner_manifest_voices_sample_cost
media:toefl:set-10:speaking-interview-1	set-10	speaking	speaking	take-an-interview	t10-s-iv1	/audio/toefl/set-10/interview-1.mp3	src/data/mocks/toefl-set-10.ts#t10-s-iv1	445b32a918e6f6408b526efdc1388b8b4f23ca06b70a97c72c0d99891affbf57	96	96	21	1	INTERVIEWER	interviewer	interviewer	mp3_44100_64_mono_after_QA	no	script-ready-audio-blocked	blocked_pending_owner_manifest_voices_sample_cost
media:toefl:set-10:speaking-interview-2	set-10	speaking	speaking	take-an-interview	t10-s-iv2	/audio/toefl/set-10/interview-2.mp3	src/data/mocks/toefl-set-10.ts#t10-s-iv2	b29719a814f7234351d8e6171f53b8fcc6ee8d83b7108da9f2c1c3eeda3c57b1	131	131	25	1	INTERVIEWER	interviewer	interviewer	mp3_44100_64_mono_after_QA	no	script-ready-audio-blocked	blocked_pending_owner_manifest_voices_sample_cost
media:toefl:set-10:speaking-interview-3	set-10	speaking	speaking	take-an-interview	t10-s-iv3	/audio/toefl/set-10/interview-3.mp3	src/data/mocks/toefl-set-10.ts#t10-s-iv3	81671962d70166ce7c6509050ec4b76245f9cf56315ff86c485c252e535a5512	148	148	24	1	INTERVIEWER	interviewer	interviewer	mp3_44100_64_mono_after_QA	no	script-ready-audio-blocked	blocked_pending_owner_manifest_voices_sample_cost
media:toefl:set-10:speaking-interview-4	set-10	speaking	speaking	take-an-interview	t10-s-iv4	/audio/toefl/set-10/interview-4.mp3	src/data/mocks/toefl-set-10.ts#t10-s-iv4	bad66057431de1e892cdcfc21ce21315dc8836087569b6ee1df4d6128edb3590	143	143	21	1	INTERVIEWER	interviewer	interviewer	mp3_44100_64_mono_after_QA	no	script-ready-audio-blocked	blocked_pending_owner_manifest_voices_sample_cost
media:toefl:set-10:speaking-repeat-6	set-10	speaking	speaking	listen-and-repeat	t10-s-rp6	/audio/toefl/set-10/repeat-6.mp3	src/data/toefl/speaking-fixed-repeat.ts#t10-s-rp6	587d5a1db70916d83df4a7df5292e9cca7c394e782f187caf5c5e248c9989426	101	101	15	1	man	man	man	mp3_44100_64_mono_after_QA	no	script-ready-audio-blocked	blocked_pending_owner_manifest_voices_sample_cost
media:toefl:set-10:speaking-repeat-7	set-10	speaking	speaking	listen-and-repeat	t10-s-rp7	/audio/toefl/set-10/repeat-7.mp3	src/data/toefl/speaking-fixed-repeat.ts#t10-s-rp7	a37c96ef75b873e67cb69538caf3faa6b8cc534e08c1437c63b006d03fa1112c	138	138	21	1	woman	woman	woman	mp3_44100_64_mono_after_QA	no	script-ready-audio-blocked	blocked_pending_owner_manifest_voices_sample_cost
media:toefl:set-11:listening-m1-choose-6	set-11	listening	listening-1	choose-response	item:t11-l-m1-cr6-v1	/audio/toefl/set-11/listening-m1-choose-6.mp3	src/data/toefl/listening-fixed-sets-11-15.ts#media:toefl:set-11:listening-m1-choose-6	7504c20c3610e72bbcb8496f5a6d37c0f1166fa23f310a21973e40876d6a3084	42	42	7	1	woman	woman	woman	mp3_44100_64_mono_after_QA	no	script-ready-audio-blocked	blocked_pending_owner_manifest_voices_sample_cost
media:toefl:set-11:listening-m1-choose-7	set-11	listening	listening-1	choose-response	item:t11-l-m1-cr7-v1	/audio/toefl/set-11/listening-m1-choose-7.mp3	src/data/toefl/listening-fixed-sets-11-15.ts#media:toefl:set-11:listening-m1-choose-7	401b5925d85fe148b967da2375f5be70a66e5342eb482b75e71191bccb5db072	47	47	9	1	man	man	man	mp3_44100_64_mono_after_QA	no	script-ready-audio-blocked	blocked_pending_owner_manifest_voices_sample_cost
media:toefl:set-11:listening-m1-choose-8	set-11	listening	listening-1	choose-response	item:t11-l-m1-cr8-v1	/audio/toefl/set-11/listening-m1-choose-8.mp3	src/data/toefl/listening-fixed-sets-11-15.ts#media:toefl:set-11:listening-m1-choose-8	d9666a875c0870d2b6df8fbd1d3717f40073f0388bb31333228442f2b9680460	45	45	7	1	woman	woman	woman	mp3_44100_64_mono_after_QA	no	script-ready-audio-blocked	blocked_pending_owner_manifest_voices_sample_cost
media:toefl:set-11:listening-m2-academic-talk	set-11	listening	listening-2	academic-talk	item:t11-l-m2-at1-v1;item:t11-l-m2-at2-v1;item:t11-l-m2-at3-v1;item:t11-l-m2-at4-v1	/audio/toefl/set-11/listening-m2-academic-talk.mp3	src/data/toefl/listening-fixed-sets-11-15.ts#media:toefl:set-11:listening-m2-academic-talk	142569bfd70964debcff901c2c732b0bfd7d5ad4d96f093ff2263d20d590a19f	1349	1338	199	1	PROFESSOR	professor	professor	mp3_44100_64_mono_after_QA	no	script-ready-audio-blocked	blocked_pending_owner_manifest_voices_sample_cost
media:toefl:set-11:listening-m2-announcement	set-11	listening	listening-2	announcement	item:t11-l-m2-an1-v1;item:t11-l-m2-an2-v1	/audio/toefl/set-11/listening-m2-announcement.mp3	src/data/toefl/listening-fixed-sets-11-15.ts#media:toefl:set-11:listening-m2-announcement	59c9ba55fdf6590c7c4c01298e6bcf354b4baefda5bd9772d5a1b6d6070b0a5d	368	357	58	1	ANNOUNCER	announcer	announcer	mp3_44100_64_mono_after_QA	no	script-ready-audio-blocked	blocked_pending_owner_manifest_voices_sample_cost
media:toefl:set-11:listening-m2-choose-1	set-11	listening	listening-2	choose-response	item:t11-l-m2-cr1-v1	/audio/toefl/set-11/listening-m2-choose-1.mp3	src/data/toefl/listening-fixed-sets-11-15.ts#media:toefl:set-11:listening-m2-choose-1	661a4d9a159d9510e7cbae771b2ccec898e5aadbea8a39801f817ef976d13573	37	37	6	1	man	man	man	mp3_44100_64_mono_after_QA	no	script-ready-audio-blocked	blocked_pending_owner_manifest_voices_sample_cost
media:toefl:set-11:listening-m2-choose-2	set-11	listening	listening-2	choose-response	item:t11-l-m2-cr2-v1	/audio/toefl/set-11/listening-m2-choose-2.mp3	src/data/toefl/listening-fixed-sets-11-15.ts#media:toefl:set-11:listening-m2-choose-2	ef68926748d514a5f65d63624ad760a01f72d221734d8170a6569d61df353452	44	44	8	1	woman	woman	woman	mp3_44100_64_mono_after_QA	no	script-ready-audio-blocked	blocked_pending_owner_manifest_voices_sample_cost
media:toefl:set-11:listening-m2-choose-3	set-11	listening	listening-2	choose-response	item:t11-l-m2-cr3-v1	/audio/toefl/set-11/listening-m2-choose-3.mp3	src/data/toefl/listening-fixed-sets-11-15.ts#media:toefl:set-11:listening-m2-choose-3	7a420c49f03de1d15d7dcef0c9d2b7d04158b97ed0995315da541fc4aed9e564	40	40	8	1	man	man	man	mp3_44100_64_mono_after_QA	no	script-ready-audio-blocked	blocked_pending_owner_manifest_voices_sample_cost
media:toefl:set-11:listening-m2-choose-4	set-11	listening	listening-2	choose-response	item:t11-l-m2-cr4-v1	/audio/toefl/set-11/listening-m2-choose-4.mp3	src/data/toefl/listening-fixed-sets-11-15.ts#media:toefl:set-11:listening-m2-choose-4	bc24f3998bc74b7b0dd729e4972ba7e8099b8b9ed3123a9455bf34b0b4a36479	39	39	7	1	woman	woman	woman	mp3_44100_64_mono_after_QA	no	script-ready-audio-blocked	blocked_pending_owner_manifest_voices_sample_cost
media:toefl:set-11:listening-m2-choose-5	set-11	listening	listening-2	choose-response	item:t11-l-m2-cr5-v1	/audio/toefl/set-11/listening-m2-choose-5.mp3	src/data/toefl/listening-fixed-sets-11-15.ts#media:toefl:set-11:listening-m2-choose-5	7e0dd8a18095d10f7f683ba1a4d8754351805018b3da302610a76225e8257dd9	44	44	8	1	man	man	man	mp3_44100_64_mono_after_QA	no	script-ready-audio-blocked	blocked_pending_owner_manifest_voices_sample_cost
media:toefl:set-11:listening-m2-choose-6	set-11	listening	listening-2	choose-response	item:t11-l-m2-cr6-v1	/audio/toefl/set-11/listening-m2-choose-6.mp3	src/data/toefl/listening-fixed-sets-11-15.ts#media:toefl:set-11:listening-m2-choose-6	e1bcfaea23618caeae322626528996dc4f2d57a97cbd158b521420c066256c54	43	43	8	1	woman	woman	woman	mp3_44100_64_mono_after_QA	no	script-ready-audio-blocked	blocked_pending_owner_manifest_voices_sample_cost
media:toefl:set-11:listening-m2-choose-7	set-11	listening	listening-2	choose-response	item:t11-l-m2-cr7-v1	/audio/toefl/set-11/listening-m2-choose-7.mp3	src/data/toefl/listening-fixed-sets-11-15.ts#media:toefl:set-11:listening-m2-choose-7	5557f84d020e2f2c7a8aa90974733010977df30fe314513326c49f8c73797f9d	40	40	8	1	man	man	man	mp3_44100_64_mono_after_QA	no	script-ready-audio-blocked	blocked_pending_owner_manifest_voices_sample_cost
media:toefl:set-11:listening-m2-choose-8	set-11	listening	listening-2	choose-response	item:t11-l-m2-cr8-v1	/audio/toefl/set-11/listening-m2-choose-8.mp3	src/data/toefl/listening-fixed-sets-11-15.ts#media:toefl:set-11:listening-m2-choose-8	74ee502c350b2342726b4389b461dc2b5d20a9f6c520d8d47bfa6514e6ced62f	46	46	9	1	woman	woman	woman	mp3_44100_64_mono_after_QA	no	script-ready-audio-blocked	blocked_pending_owner_manifest_voices_sample_cost
media:toefl:set-11:listening-m2-conversation	set-11	listening	listening-2	conversation	item:t11-l-m2-cv1-v1;item:t11-l-m2-cv2-v1	/audio/toefl/set-11/listening-m2-conversation.mp3	src/data/toefl/listening-fixed-sets-11-15.ts#media:toefl:set-11:listening-m2-conversation	a332035863b4c44a2c9fbc086810f9c24449f9d9d695a561f8e8025240b1963d	509	459	76	4	STUDENT;COORDINATOR	student;announcer	student;staff	mp3_44100_64_mono_after_QA	no	script-ready-audio-blocked	blocked_pending_owner_manifest_voices_sample_cost
media:toefl:set-11:speaking-interview-1	set-11	speaking	speaking	take-an-interview	t11-s-iv1	/audio/toefl/set-11/interview-1.mp3	src/data/mocks/toefl-set-11.ts#t11-s-iv1	565beba81c1fce917282184171453c7a5083ebc0785e1c81118f58ea80e5eeca	106	106	21	1	INTERVIEWER	interviewer	interviewer	mp3_44100_64_mono_after_QA	no	script-ready-audio-blocked	blocked_pending_owner_manifest_voices_sample_cost
media:toefl:set-11:speaking-interview-2	set-11	speaking	speaking	take-an-interview	t11-s-iv2	/audio/toefl/set-11/interview-2.mp3	src/data/mocks/toefl-set-11.ts#t11-s-iv2	d39401f1d9d402d8f9550f102f528ba4b37385c3667aefe1f5ef688eb218d5a3	140	140	25	1	INTERVIEWER	interviewer	interviewer	mp3_44100_64_mono_after_QA	no	script-ready-audio-blocked	blocked_pending_owner_manifest_voices_sample_cost
media:toefl:set-11:speaking-interview-3	set-11	speaking	speaking	take-an-interview	t11-s-iv3	/audio/toefl/set-11/interview-3.mp3	src/data/mocks/toefl-set-11.ts#t11-s-iv3	8bd04b0a8e9f2203a67ac7d5fad3ea906bc17a173e1b99e22b3bdd2ed4bad545	146	146	26	1	INTERVIEWER	interviewer	interviewer	mp3_44100_64_mono_after_QA	no	script-ready-audio-blocked	blocked_pending_owner_manifest_voices_sample_cost
media:toefl:set-11:speaking-interview-4	set-11	speaking	speaking	take-an-interview	t11-s-iv4	/audio/toefl/set-11/interview-4.mp3	src/data/mocks/toefl-set-11.ts#t11-s-iv4	7565f1e2697f13684256e8e13832ec73c9e037b837603a7fbe2edd8013332e21	128	128	19	1	INTERVIEWER	interviewer	interviewer	mp3_44100_64_mono_after_QA	no	script-ready-audio-blocked	blocked_pending_owner_manifest_voices_sample_cost
media:toefl:set-11:speaking-repeat-6	set-11	speaking	speaking	listen-and-repeat	t11-s-rp6	/audio/toefl/set-11/repeat-6.mp3	src/data/toefl/speaking-fixed-repeat.ts#t11-s-rp6	7466d40875d824a521c5b00803b445ab6109d77bbfbb9ae91680f245ea72f8ae	112	112	15	1	woman	woman	woman	mp3_44100_64_mono_after_QA	no	script-ready-audio-blocked	blocked_pending_owner_manifest_voices_sample_cost
media:toefl:set-11:speaking-repeat-7	set-11	speaking	speaking	listen-and-repeat	t11-s-rp7	/audio/toefl/set-11/repeat-7.mp3	src/data/toefl/speaking-fixed-repeat.ts#t11-s-rp7	8d34f936619cc90dcd4792aa99a6ed71f6ae4390defa80caf2b96c969fbec651	130	130	19	1	man	man	man	mp3_44100_64_mono_after_QA	no	script-ready-audio-blocked	blocked_pending_owner_manifest_voices_sample_cost
media:toefl:set-12:listening-m1-choose-6	set-12	listening	listening-1	choose-response	item:t12-l-m1-cr6-v1	/audio/toefl/set-12/listening-m1-choose-6.mp3	src/data/toefl/listening-fixed-sets-11-15.ts#media:toefl:set-12:listening-m1-choose-6	674eabf0f8bdb3ab56962ae200c231a4ef0c8eca83f8d11d182bb26526cb66e5	48	48	9	1	man	man	man	mp3_44100_64_mono_after_QA	no	script-ready-audio-blocked	blocked_pending_owner_manifest_voices_sample_cost
media:toefl:set-12:listening-m1-choose-7	set-12	listening	listening-1	choose-response	item:t12-l-m1-cr7-v1	/audio/toefl/set-12/listening-m1-choose-7.mp3	src/data/toefl/listening-fixed-sets-11-15.ts#media:toefl:set-12:listening-m1-choose-7	51e1e1c8ef0bc0a68da9bd9eda3cd8940d8cffd0c9703e6368780fa3300b9f42	38	38	8	1	woman	woman	woman	mp3_44100_64_mono_after_QA	no	script-ready-audio-blocked	blocked_pending_owner_manifest_voices_sample_cost
media:toefl:set-12:listening-m1-choose-8	set-12	listening	listening-1	choose-response	item:t12-l-m1-cr8-v1	/audio/toefl/set-12/listening-m1-choose-8.mp3	src/data/toefl/listening-fixed-sets-11-15.ts#media:toefl:set-12:listening-m1-choose-8	33a48bc53144042381529113593509c81915b6bf04431fc6da7166253c1d86b5	48	48	8	1	man	man	man	mp3_44100_64_mono_after_QA	no	script-ready-audio-blocked	blocked_pending_owner_manifest_voices_sample_cost
media:toefl:set-12:listening-m2-academic-talk	set-12	listening	listening-2	academic-talk	item:t12-l-m2-at1-v1;item:t12-l-m2-at2-v1;item:t12-l-m2-at3-v1;item:t12-l-m2-at4-v1	/audio/toefl/set-12/listening-m2-academic-talk.mp3	src/data/toefl/listening-fixed-sets-11-15.ts#media:toefl:set-12:listening-m2-academic-talk	e24e9ec02f5f6d112a09dbe0e1ccf716050eb853b28acc9c914162f40350442f	1302	1291	195	1	PROFESSOR	professor	professor	mp3_44100_64_mono_after_QA	no	script-ready-audio-blocked	blocked_pending_owner_manifest_voices_sample_cost
media:toefl:set-12:listening-m2-announcement	set-12	listening	listening-2	announcement	item:t12-l-m2-an1-v1;item:t12-l-m2-an2-v1	/audio/toefl/set-12/listening-m2-announcement.mp3	src/data/toefl/listening-fixed-sets-11-15.ts#media:toefl:set-12:listening-m2-announcement	04a70e17efb0b5bd3032d624dcd5c5332ebc62ba5838d5ca61a478fe19e88805	389	378	65	1	ANNOUNCER	announcer	announcer	mp3_44100_64_mono_after_QA	no	script-ready-audio-blocked	blocked_pending_owner_manifest_voices_sample_cost
media:toefl:set-12:listening-m2-choose-1	set-12	listening	listening-2	choose-response	item:t12-l-m2-cr1-v1	/audio/toefl/set-12/listening-m2-choose-1.mp3	src/data/toefl/listening-fixed-sets-11-15.ts#media:toefl:set-12:listening-m2-choose-1	b2b84bc5355975c0b689fe011ecab6fad6fc1befdbe6770048bc184b762f9c9f	41	41	7	1	woman	woman	woman	mp3_44100_64_mono_after_QA	no	script-ready-audio-blocked	blocked_pending_owner_manifest_voices_sample_cost
media:toefl:set-12:listening-m2-choose-2	set-12	listening	listening-2	choose-response	item:t12-l-m2-cr2-v1	/audio/toefl/set-12/listening-m2-choose-2.mp3	src/data/toefl/listening-fixed-sets-11-15.ts#media:toefl:set-12:listening-m2-choose-2	cf1aacfa7113f177ca030779995317e2f6a15c4d46bc530d72461fbb06a1e8c6	44	44	8	1	man	man	man	mp3_44100_64_mono_after_QA	no	script-ready-audio-blocked	blocked_pending_owner_manifest_voices_sample_cost
media:toefl:set-12:listening-m2-choose-3	set-12	listening	listening-2	choose-response	item:t12-l-m2-cr3-v1	/audio/toefl/set-12/listening-m2-choose-3.mp3	src/data/toefl/listening-fixed-sets-11-15.ts#media:toefl:set-12:listening-m2-choose-3	455df0dc7df39f7067b39e3311e62d8842b354878ac2a6100d3de92ec7ce68fd	51	51	10	1	woman	woman	woman	mp3_44100_64_mono_after_QA	no	script-ready-audio-blocked	blocked_pending_owner_manifest_voices_sample_cost
media:toefl:set-12:listening-m2-choose-4	set-12	listening	listening-2	choose-response	item:t12-l-m2-cr4-v1	/audio/toefl/set-12/listening-m2-choose-4.mp3	src/data/toefl/listening-fixed-sets-11-15.ts#media:toefl:set-12:listening-m2-choose-4	9713b59b66dcb0be87ae849a658be9e0057796094868c9981769ead28335128a	41	41	8	1	man	man	man	mp3_44100_64_mono_after_QA	no	script-ready-audio-blocked	blocked_pending_owner_manifest_voices_sample_cost
media:toefl:set-12:listening-m2-choose-5	set-12	listening	listening-2	choose-response	item:t12-l-m2-cr5-v1	/audio/toefl/set-12/listening-m2-choose-5.mp3	src/data/toefl/listening-fixed-sets-11-15.ts#media:toefl:set-12:listening-m2-choose-5	e071aa39c284e6cc153c70c05693ba26a2c9eebc889ba1ccd1352d3abc40f4d0	42	42	8	1	woman	woman	woman	mp3_44100_64_mono_after_QA	no	script-ready-audio-blocked	blocked_pending_owner_manifest_voices_sample_cost
media:toefl:set-12:listening-m2-choose-6	set-12	listening	listening-2	choose-response	item:t12-l-m2-cr6-v1	/audio/toefl/set-12/listening-m2-choose-6.mp3	src/data/toefl/listening-fixed-sets-11-15.ts#media:toefl:set-12:listening-m2-choose-6	75f240b654fdb486f43285ba463b9195dabcca364171e26fdfd127f7ac9ded5c	51	51	8	1	man	man	man	mp3_44100_64_mono_after_QA	no	script-ready-audio-blocked	blocked_pending_owner_manifest_voices_sample_cost
media:toefl:set-12:listening-m2-choose-7	set-12	listening	listening-2	choose-response	item:t12-l-m2-cr7-v1	/audio/toefl/set-12/listening-m2-choose-7.mp3	src/data/toefl/listening-fixed-sets-11-15.ts#media:toefl:set-12:listening-m2-choose-7	18d118e12576ec04d7e4ddb4dfe1aa2c76149a29dfd2f51f2273a7679b7b8c08	46	46	7	1	woman	woman	woman	mp3_44100_64_mono_after_QA	no	script-ready-audio-blocked	blocked_pending_owner_manifest_voices_sample_cost
media:toefl:set-12:listening-m2-choose-8	set-12	listening	listening-2	choose-response	item:t12-l-m2-cr8-v1	/audio/toefl/set-12/listening-m2-choose-8.mp3	src/data/toefl/listening-fixed-sets-11-15.ts#media:toefl:set-12:listening-m2-choose-8	2f642c3aa06ff3a2b989c4592655d247fa0301f56dc51eda5d1c91981e1f9c29	40	40	8	1	man	man	man	mp3_44100_64_mono_after_QA	no	script-ready-audio-blocked	blocked_pending_owner_manifest_voices_sample_cost
media:toefl:set-12:listening-m2-conversation	set-12	listening	listening-2	conversation	item:t12-l-m2-cv1-v1;item:t12-l-m2-cv2-v1	/audio/toefl/set-12/listening-m2-conversation.mp3	src/data/toefl/listening-fixed-sets-11-15.ts#media:toefl:set-12:listening-m2-conversation	43d9a0c8f40098ec7900ad4d3846d4ac9f96be5feaec2a208247b2c7aaffd036	510	466	79	4	STUDENT;DIRECTOR	student;announcer	student;staff	mp3_44100_64_mono_after_QA	no	script-ready-audio-blocked	blocked_pending_owner_manifest_voices_sample_cost
media:toefl:set-12:speaking-interview-1	set-12	speaking	speaking	take-an-interview	t12-s-iv1	/audio/toefl/set-12/interview-1.mp3	src/data/mocks/toefl-set-12.ts#t12-s-iv1	9d99266a99c0c82a7145e5629769254c69138860790398e5d0205990bafce6f6	116	116	20	1	INTERVIEWER	interviewer	interviewer	mp3_44100_64_mono_after_QA	no	script-ready-audio-blocked	blocked_pending_owner_manifest_voices_sample_cost
media:toefl:set-12:speaking-interview-2	set-12	speaking	speaking	take-an-interview	t12-s-iv2	/audio/toefl/set-12/interview-2.mp3	src/data/mocks/toefl-set-12.ts#t12-s-iv2	8508808b37545606d90c760e6bf6da1ec93bfde5eb42ef53560148420a6b3172	155	155	28	1	INTERVIEWER	interviewer	interviewer	mp3_44100_64_mono_after_QA	no	script-ready-audio-blocked	blocked_pending_owner_manifest_voices_sample_cost
media:toefl:set-12:speaking-interview-3	set-12	speaking	speaking	take-an-interview	t12-s-iv3	/audio/toefl/set-12/interview-3.mp3	src/data/mocks/toefl-set-12.ts#t12-s-iv3	8527ee0b7105ad7094bae9851ac707d2b9281fe8bf4bf8d6b96f8a03cae819a1	169	169	26	1	INTERVIEWER	interviewer	interviewer	mp3_44100_64_mono_after_QA	no	script-ready-audio-blocked	blocked_pending_owner_manifest_voices_sample_cost
media:toefl:set-12:speaking-interview-4	set-12	speaking	speaking	take-an-interview	t12-s-iv4	/audio/toefl/set-12/interview-4.mp3	src/data/mocks/toefl-set-12.ts#t12-s-iv4	48ce09bf8f5162b74f5ddee35b70763a50365f39985f1d739345e0b05a21acb1	116	116	19	1	INTERVIEWER	interviewer	interviewer	mp3_44100_64_mono_after_QA	no	script-ready-audio-blocked	blocked_pending_owner_manifest_voices_sample_cost
media:toefl:set-12:speaking-repeat-6	set-12	speaking	speaking	listen-and-repeat	t12-s-rp6	/audio/toefl/set-12/repeat-6.mp3	src/data/toefl/speaking-fixed-repeat.ts#t12-s-rp6	fb38ab934a2e2d3cf9c0f3dad010fb7d44b5971dde381ebc6d55c16dae5cb664	115	115	15	1	man	man	man	mp3_44100_64_mono_after_QA	no	script-ready-audio-blocked	blocked_pending_owner_manifest_voices_sample_cost
media:toefl:set-12:speaking-repeat-7	set-12	speaking	speaking	listen-and-repeat	t12-s-rp7	/audio/toefl/set-12/repeat-7.mp3	src/data/toefl/speaking-fixed-repeat.ts#t12-s-rp7	7e18a5bc6fd67a12f90343addfa76ce6a30cc609a360e02b0600d471dfdef465	122	122	19	1	woman	woman	woman	mp3_44100_64_mono_after_QA	no	script-ready-audio-blocked	blocked_pending_owner_manifest_voices_sample_cost
media:toefl:set-13:listening-m1-choose-6	set-13	listening	listening-1	choose-response	item:t13-l-m1-cr6-v1	/audio/toefl/set-13/listening-m1-choose-6.mp3	src/data/toefl/listening-fixed-sets-11-15.ts#media:toefl:set-13:listening-m1-choose-6	f8a5a098961865a7861ef82a2356fda3853483d4fde6b6c54aa63611b001405c	53	53	10	1	woman	woman	woman	mp3_44100_64_mono_after_QA	no	script-ready-audio-blocked	blocked_pending_owner_manifest_voices_sample_cost
media:toefl:set-13:listening-m1-choose-7	set-13	listening	listening-1	choose-response	item:t13-l-m1-cr7-v1	/audio/toefl/set-13/listening-m1-choose-7.mp3	src/data/toefl/listening-fixed-sets-11-15.ts#media:toefl:set-13:listening-m1-choose-7	258ef1eee728f3bb22f08bdd9fd6491fcaa72bd0458aa57b8a097c7ae0e1e6c2	49	49	9	1	man	man	man	mp3_44100_64_mono_after_QA	no	script-ready-audio-blocked	blocked_pending_owner_manifest_voices_sample_cost
media:toefl:set-13:listening-m1-choose-8	set-13	listening	listening-1	choose-response	item:t13-l-m1-cr8-v1	/audio/toefl/set-13/listening-m1-choose-8.mp3	src/data/toefl/listening-fixed-sets-11-15.ts#media:toefl:set-13:listening-m1-choose-8	15506c6e636de9c1759366bc1efbf53b8dc73545080572f2100503d83860d4fa	45	45	7	1	woman	woman	woman	mp3_44100_64_mono_after_QA	no	script-ready-audio-blocked	blocked_pending_owner_manifest_voices_sample_cost
media:toefl:set-13:listening-m2-academic-talk	set-13	listening	listening-2	academic-talk	item:t13-l-m2-at1-v1;item:t13-l-m2-at2-v1;item:t13-l-m2-at3-v1;item:t13-l-m2-at4-v1	/audio/toefl/set-13/listening-m2-academic-talk.mp3	src/data/toefl/listening-fixed-sets-11-15.ts#media:toefl:set-13:listening-m2-academic-talk	e1b329c46bde400d394762b5c3e39155eab35ae134fc2d8bff48be433708c804	1298	1287	196	1	PROFESSOR	professor	professor	mp3_44100_64_mono_after_QA	no	script-ready-audio-blocked	blocked_pending_owner_manifest_voices_sample_cost
media:toefl:set-13:listening-m2-announcement	set-13	listening	listening-2	announcement	item:t13-l-m2-an1-v1;item:t13-l-m2-an2-v1	/audio/toefl/set-13/listening-m2-announcement.mp3	src/data/toefl/listening-fixed-sets-11-15.ts#media:toefl:set-13:listening-m2-announcement	91949501c7eccdc16341849ad8ebfc376ebc10c5ff6be6b8db0b08f76b7d3f49	373	362	65	1	ANNOUNCER	announcer	announcer	mp3_44100_64_mono_after_QA	no	script-ready-audio-blocked	blocked_pending_owner_manifest_voices_sample_cost
media:toefl:set-13:listening-m2-choose-1	set-13	listening	listening-2	choose-response	item:t13-l-m2-cr1-v1	/audio/toefl/set-13/listening-m2-choose-1.mp3	src/data/toefl/listening-fixed-sets-11-15.ts#media:toefl:set-13:listening-m2-choose-1	b9d9e1643f4649cfc996624a63533fe7f1da79264862725a6dcd8f7d52d2dc83	46	46	8	1	man	man	man	mp3_44100_64_mono_after_QA	no	script-ready-audio-blocked	blocked_pending_owner_manifest_voices_sample_cost
media:toefl:set-13:listening-m2-choose-2	set-13	listening	listening-2	choose-response	item:t13-l-m2-cr2-v1	/audio/toefl/set-13/listening-m2-choose-2.mp3	src/data/toefl/listening-fixed-sets-11-15.ts#media:toefl:set-13:listening-m2-choose-2	fa21e205fabe4e406f9aaecb6aaac2e557c389ff931c16e89493476b05a21d81	42	42	7	1	woman	woman	woman	mp3_44100_64_mono_after_QA	no	script-ready-audio-blocked	blocked_pending_owner_manifest_voices_sample_cost
media:toefl:set-13:listening-m2-choose-3	set-13	listening	listening-2	choose-response	item:t13-l-m2-cr3-v1	/audio/toefl/set-13/listening-m2-choose-3.mp3	src/data/toefl/listening-fixed-sets-11-15.ts#media:toefl:set-13:listening-m2-choose-3	0ae31586b8f3e5e97684782e1d76433608508f23b0fa3604395ab0a6ee4120f9	46	46	9	1	man	man	man	mp3_44100_64_mono_after_QA	no	script-ready-audio-blocked	blocked_pending_owner_manifest_voices_sample_cost
media:toefl:set-13:listening-m2-choose-4	set-13	listening	listening-2	choose-response	item:t13-l-m2-cr4-v1	/audio/toefl/set-13/listening-m2-choose-4.mp3	src/data/toefl/listening-fixed-sets-11-15.ts#media:toefl:set-13:listening-m2-choose-4	662d2a1846a4917be4cac0552ff689d25370c22dd4594f9893274b1a44b606e1	47	47	7	1	woman	woman	woman	mp3_44100_64_mono_after_QA	no	script-ready-audio-blocked	blocked_pending_owner_manifest_voices_sample_cost
media:toefl:set-13:listening-m2-choose-5	set-13	listening	listening-2	choose-response	item:t13-l-m2-cr5-v1	/audio/toefl/set-13/listening-m2-choose-5.mp3	src/data/toefl/listening-fixed-sets-11-15.ts#media:toefl:set-13:listening-m2-choose-5	22e152d6fa2949739d48c5b14c36b39f0ae17afe0adba4c4670d7bec9a2ee287	50	50	8	1	man	man	man	mp3_44100_64_mono_after_QA	no	script-ready-audio-blocked	blocked_pending_owner_manifest_voices_sample_cost
media:toefl:set-13:listening-m2-choose-6	set-13	listening	listening-2	choose-response	item:t13-l-m2-cr6-v1	/audio/toefl/set-13/listening-m2-choose-6.mp3	src/data/toefl/listening-fixed-sets-11-15.ts#media:toefl:set-13:listening-m2-choose-6	04ddd9c3282a4092a470c39cab421a2b121b1cf96c9e8542eafa02de7b7f2708	37	37	7	1	woman	woman	woman	mp3_44100_64_mono_after_QA	no	script-ready-audio-blocked	blocked_pending_owner_manifest_voices_sample_cost
media:toefl:set-13:listening-m2-choose-7	set-13	listening	listening-2	choose-response	item:t13-l-m2-cr7-v1	/audio/toefl/set-13/listening-m2-choose-7.mp3	src/data/toefl/listening-fixed-sets-11-15.ts#media:toefl:set-13:listening-m2-choose-7	d00761ab5633d051b2e17b3d2fdab1f8a3bf944429f0a61daf0e13e8caa1e788	47	47	8	1	man	man	man	mp3_44100_64_mono_after_QA	no	script-ready-audio-blocked	blocked_pending_owner_manifest_voices_sample_cost
media:toefl:set-13:listening-m2-choose-8	set-13	listening	listening-2	choose-response	item:t13-l-m2-cr8-v1	/audio/toefl/set-13/listening-m2-choose-8.mp3	src/data/toefl/listening-fixed-sets-11-15.ts#media:toefl:set-13:listening-m2-choose-8	1a98c905621aea633a2f352f011602c33d7672b73fa7514e1b42ce902091abe0	36	36	6	1	woman	woman	woman	mp3_44100_64_mono_after_QA	no	script-ready-audio-blocked	blocked_pending_owner_manifest_voices_sample_cost
media:toefl:set-13:listening-m2-conversation	set-13	listening	listening-2	conversation	item:t13-l-m2-cv1-v1;item:t13-l-m2-cv2-v1	/audio/toefl/set-13/listening-m2-conversation.mp3	src/data/toefl/listening-fixed-sets-11-15.ts#media:toefl:set-13:listening-m2-conversation	31a3d9725bd120403fed79771e170886ba577ff81f9d9dca2839030e27bb9112	521	475	86	4	STUDENT;LIBRARIAN	student;announcer	student;staff	mp3_44100_64_mono_after_QA	no	script-ready-audio-blocked	blocked_pending_owner_manifest_voices_sample_cost
media:toefl:set-13:speaking-interview-1	set-13	speaking	speaking	take-an-interview	t13-s-iv1	/audio/toefl/set-13/interview-1.mp3	src/data/mocks/toefl-set-13.ts#t13-s-iv1	f51a7ae9b6b28cf4878d710e297a5867c5ad15e0c53270ca5d6a5c277bee6812	97	97	20	1	INTERVIEWER	interviewer	interviewer	mp3_44100_64_mono_after_QA	no	script-ready-audio-blocked	blocked_pending_owner_manifest_voices_sample_cost
media:toefl:set-13:speaking-interview-2	set-13	speaking	speaking	take-an-interview	t13-s-iv2	/audio/toefl/set-13/interview-2.mp3	src/data/mocks/toefl-set-13.ts#t13-s-iv2	5fcc747dbca1ab2c7849aafa4e8fcf5cd9e28cd99c36a37eb50a5ad5f1ccfd17	140	140	25	1	INTERVIEWER	interviewer	interviewer	mp3_44100_64_mono_after_QA	no	script-ready-audio-blocked	blocked_pending_owner_manifest_voices_sample_cost
media:toefl:set-13:speaking-interview-3	set-13	speaking	speaking	take-an-interview	t13-s-iv3	/audio/toefl/set-13/interview-3.mp3	src/data/mocks/toefl-set-13.ts#t13-s-iv3	3fd865415164da8a2ab9b08591ebcb96a3160710826dd751d0decf949368dbac	168	168	29	1	INTERVIEWER	interviewer	interviewer	mp3_44100_64_mono_after_QA	no	script-ready-audio-blocked	blocked_pending_owner_manifest_voices_sample_cost
media:toefl:set-13:speaking-interview-4	set-13	speaking	speaking	take-an-interview	t13-s-iv4	/audio/toefl/set-13/interview-4.mp3	src/data/mocks/toefl-set-13.ts#t13-s-iv4	8f4a808743d7abfc3f8e04d80bcef74a94876ac57ae38681e52e2fb96e399f04	126	126	19	1	INTERVIEWER	interviewer	interviewer	mp3_44100_64_mono_after_QA	no	script-ready-audio-blocked	blocked_pending_owner_manifest_voices_sample_cost
media:toefl:set-13:speaking-repeat-6	set-13	speaking	speaking	listen-and-repeat	t13-s-rp6	/audio/toefl/set-13/repeat-6.mp3	src/data/toefl/speaking-fixed-repeat.ts#t13-s-rp6	9954b5b0f11ce7d04b11d0bef6b876c564b2e9e252547f499eebff00bce39f62	89	89	16	1	woman	woman	woman	mp3_44100_64_mono_after_QA	no	script-ready-audio-blocked	blocked_pending_owner_manifest_voices_sample_cost
media:toefl:set-13:speaking-repeat-7	set-13	speaking	speaking	listen-and-repeat	t13-s-rp7	/audio/toefl/set-13/repeat-7.mp3	src/data/toefl/speaking-fixed-repeat.ts#t13-s-rp7	1c0bf14db949ad6e284ae1f36a17c35753e269ebd935c70b7de6277b4ef4d1a5	125	125	19	1	man	man	man	mp3_44100_64_mono_after_QA	no	script-ready-audio-blocked	blocked_pending_owner_manifest_voices_sample_cost
media:toefl:set-14:listening-m1-choose-6	set-14	listening	listening-1	choose-response	item:t14-l-m1-cr6-v1	/audio/toefl/set-14/listening-m1-choose-6.mp3	src/data/toefl/listening-fixed-sets-11-15.ts#media:toefl:set-14:listening-m1-choose-6	465019297c3e43945c7db75f149903e7d60290cc2157175d472b1172ecbe4cb5	49	49	8	1	man	man	man	mp3_44100_64_mono_after_QA	no	script-ready-audio-blocked	blocked_pending_owner_manifest_voices_sample_cost
media:toefl:set-14:listening-m1-choose-7	set-14	listening	listening-1	choose-response	item:t14-l-m1-cr7-v1	/audio/toefl/set-14/listening-m1-choose-7.mp3	src/data/toefl/listening-fixed-sets-11-15.ts#media:toefl:set-14:listening-m1-choose-7	0b85d34dc26b15724e7c7eb207580413999c109dc95f332d2912e6a9e44bdca2	52	52	9	1	woman	woman	woman	mp3_44100_64_mono_after_QA	no	script-ready-audio-blocked	blocked_pending_owner_manifest_voices_sample_cost
media:toefl:set-14:listening-m1-choose-8	set-14	listening	listening-1	choose-response	item:t14-l-m1-cr8-v1	/audio/toefl/set-14/listening-m1-choose-8.mp3	src/data/toefl/listening-fixed-sets-11-15.ts#media:toefl:set-14:listening-m1-choose-8	9d0a2033462c13b401256e6443d0055f64a8318a79ef5136dfcbe85755e401a2	62	62	9	1	man	man	man	mp3_44100_64_mono_after_QA	no	script-ready-audio-blocked	blocked_pending_owner_manifest_voices_sample_cost
media:toefl:set-14:listening-m2-academic-talk	set-14	listening	listening-2	academic-talk	item:t14-l-m2-at1-v1;item:t14-l-m2-at2-v1;item:t14-l-m2-at3-v1;item:t14-l-m2-at4-v1	/audio/toefl/set-14/listening-m2-academic-talk.mp3	src/data/toefl/listening-fixed-sets-11-15.ts#media:toefl:set-14:listening-m2-academic-talk	71fced63e9919e02e8f87b989b98039318276aef11723769823357a18cef9720	1313	1302	199	1	PROFESSOR	professor	professor	mp3_44100_64_mono_after_QA	no	script-ready-audio-blocked	blocked_pending_owner_manifest_voices_sample_cost
media:toefl:set-14:listening-m2-announcement	set-14	listening	listening-2	announcement	item:t14-l-m2-an1-v1;item:t14-l-m2-an2-v1	/audio/toefl/set-14/listening-m2-announcement.mp3	src/data/toefl/listening-fixed-sets-11-15.ts#media:toefl:set-14:listening-m2-announcement	5ebcf0c99da99dfcdc41aacdd647a95ff6a9bedeebae198e9447d4f58d59b844	385	374	64	1	ANNOUNCER	announcer	announcer	mp3_44100_64_mono_after_QA	no	script-ready-audio-blocked	blocked_pending_owner_manifest_voices_sample_cost
media:toefl:set-14:listening-m2-choose-1	set-14	listening	listening-2	choose-response	item:t14-l-m2-cr1-v1	/audio/toefl/set-14/listening-m2-choose-1.mp3	src/data/toefl/listening-fixed-sets-11-15.ts#media:toefl:set-14:listening-m2-choose-1	3f2de9347fcedd2f6357cea3222a229f2973ce423b12abe4217af269ba509ad6	40	40	7	1	woman	woman	woman	mp3_44100_64_mono_after_QA	no	script-ready-audio-blocked	blocked_pending_owner_manifest_voices_sample_cost
media:toefl:set-14:listening-m2-choose-2	set-14	listening	listening-2	choose-response	item:t14-l-m2-cr2-v1	/audio/toefl/set-14/listening-m2-choose-2.mp3	src/data/toefl/listening-fixed-sets-11-15.ts#media:toefl:set-14:listening-m2-choose-2	eeaa66a7838decb03e48a80a7edd4a1be7ffcef9cf7f9a287de36b0f082b4840	59	59	12	1	man	man	man	mp3_44100_64_mono_after_QA	no	script-ready-audio-blocked	blocked_pending_owner_manifest_voices_sample_cost
media:toefl:set-14:listening-m2-choose-3	set-14	listening	listening-2	choose-response	item:t14-l-m2-cr3-v1	/audio/toefl/set-14/listening-m2-choose-3.mp3	src/data/toefl/listening-fixed-sets-11-15.ts#media:toefl:set-14:listening-m2-choose-3	79c503e9354fb9305ee9a5d35b38fd6eb720d16a8fd78bc0af7c3018b3e3a401	51	51	9	1	woman	woman	woman	mp3_44100_64_mono_after_QA	no	script-ready-audio-blocked	blocked_pending_owner_manifest_voices_sample_cost
media:toefl:set-14:listening-m2-choose-4	set-14	listening	listening-2	choose-response	item:t14-l-m2-cr4-v1	/audio/toefl/set-14/listening-m2-choose-4.mp3	src/data/toefl/listening-fixed-sets-11-15.ts#media:toefl:set-14:listening-m2-choose-4	51c99f7c35ce133e0c0e56c8e56a92e17181953ad83c79918148d8d78a631d5d	40	40	7	1	man	man	man	mp3_44100_64_mono_after_QA	no	script-ready-audio-blocked	blocked_pending_owner_manifest_voices_sample_cost
media:toefl:set-14:listening-m2-choose-5	set-14	listening	listening-2	choose-response	item:t14-l-m2-cr5-v1	/audio/toefl/set-14/listening-m2-choose-5.mp3	src/data/toefl/listening-fixed-sets-11-15.ts#media:toefl:set-14:listening-m2-choose-5	44e738695091633f77ebbf26df0259972ebf5eba4fbd9dabbe460d024bcde974	42	42	8	1	woman	woman	woman	mp3_44100_64_mono_after_QA	no	script-ready-audio-blocked	blocked_pending_owner_manifest_voices_sample_cost
media:toefl:set-14:listening-m2-choose-6	set-14	listening	listening-2	choose-response	item:t14-l-m2-cr6-v1	/audio/toefl/set-14/listening-m2-choose-6.mp3	src/data/toefl/listening-fixed-sets-11-15.ts#media:toefl:set-14:listening-m2-choose-6	831a60554afef32e2ec4c963a62a3e0e97be17496bab464987ba96c30b96de61	55	55	10	1	man	man	man	mp3_44100_64_mono_after_QA	no	script-ready-audio-blocked	blocked_pending_owner_manifest_voices_sample_cost
media:toefl:set-14:listening-m2-choose-7	set-14	listening	listening-2	choose-response	item:t14-l-m2-cr7-v1	/audio/toefl/set-14/listening-m2-choose-7.mp3	src/data/toefl/listening-fixed-sets-11-15.ts#media:toefl:set-14:listening-m2-choose-7	1ecfe105cfea3de66734c16b9cfda8c1451a2238dc62d914478719747eb766c7	51	51	9	1	woman	woman	woman	mp3_44100_64_mono_after_QA	no	script-ready-audio-blocked	blocked_pending_owner_manifest_voices_sample_cost
media:toefl:set-14:listening-m2-choose-8	set-14	listening	listening-2	choose-response	item:t14-l-m2-cr8-v1	/audio/toefl/set-14/listening-m2-choose-8.mp3	src/data/toefl/listening-fixed-sets-11-15.ts#media:toefl:set-14:listening-m2-choose-8	ef401b6da4d54bf789bcf3250c608bca2b6baa9c0f3375b414bd6e7d46afa3fc	51	51	9	1	man	man	man	mp3_44100_64_mono_after_QA	no	script-ready-audio-blocked	blocked_pending_owner_manifest_voices_sample_cost
media:toefl:set-14:listening-m2-conversation	set-14	listening	listening-2	conversation	item:t14-l-m2-cv1-v1;item:t14-l-m2-cv2-v1	/audio/toefl/set-14/listening-m2-conversation.mp3	src/data/toefl/listening-fixed-sets-11-15.ts#media:toefl:set-14:listening-m2-conversation	77f24fa7594da83eeb97b3ba7a0853c98d68666b31a86a7ec8453759b159d5ce	526	478	73	4	STUDENT;TECHNICIAN	student;announcer	student;staff	mp3_44100_64_mono_after_QA	no	script-ready-audio-blocked	blocked_pending_owner_manifest_voices_sample_cost
media:toefl:set-14:speaking-interview-1	set-14	speaking	speaking	take-an-interview	t14-s-iv1	/audio/toefl/set-14/interview-1.mp3	src/data/mocks/toefl-set-14.ts#t14-s-iv1	3c5fec3ba64e315c9754b3510ea4bf5ee36e60d7304c4086ee18428a12f1ba93	79	79	17	1	INTERVIEWER	interviewer	interviewer	mp3_44100_64_mono_after_QA	no	script-ready-audio-blocked	blocked_pending_owner_manifest_voices_sample_cost
media:toefl:set-14:speaking-interview-2	set-14	speaking	speaking	take-an-interview	t14-s-iv2	/audio/toefl/set-14/interview-2.mp3	src/data/mocks/toefl-set-14.ts#t14-s-iv2	bb6f3e63481bdf8f8c8391f4ead0eed89a6452cb483197715924d8a3c77e3620	141	141	25	1	INTERVIEWER	interviewer	interviewer	mp3_44100_64_mono_after_QA	no	script-ready-audio-blocked	blocked_pending_owner_manifest_voices_sample_cost
media:toefl:set-14:speaking-interview-3	set-14	speaking	speaking	take-an-interview	t14-s-iv3	/audio/toefl/set-14/interview-3.mp3	src/data/mocks/toefl-set-14.ts#t14-s-iv3	c5a7165b8f1cfbe03e25584730e7aee2d64e4950eb8e9ce7da39095f4c76b0e4	160	160	26	1	INTERVIEWER	interviewer	interviewer	mp3_44100_64_mono_after_QA	no	script-ready-audio-blocked	blocked_pending_owner_manifest_voices_sample_cost
media:toefl:set-14:speaking-interview-4	set-14	speaking	speaking	take-an-interview	t14-s-iv4	/audio/toefl/set-14/interview-4.mp3	src/data/mocks/toefl-set-14.ts#t14-s-iv4	e2f097da8bc89b9be1893595ca0f4db5c263b5ed7342b1f5aa2162cdaf980730	117	117	19	1	INTERVIEWER	interviewer	interviewer	mp3_44100_64_mono_after_QA	no	script-ready-audio-blocked	blocked_pending_owner_manifest_voices_sample_cost
media:toefl:set-14:speaking-repeat-6	set-14	speaking	speaking	listen-and-repeat	t14-s-rp6	/audio/toefl/set-14/repeat-6.mp3	src/data/toefl/speaking-fixed-repeat.ts#t14-s-rp6	85aa6d1bb56b89ce22d6cf2fc6d781791a2ff7c548065b2a12a7d6bc75ee57e7	96	96	15	1	man	man	man	mp3_44100_64_mono_after_QA	no	script-ready-audio-blocked	blocked_pending_owner_manifest_voices_sample_cost
media:toefl:set-14:speaking-repeat-7	set-14	speaking	speaking	listen-and-repeat	t14-s-rp7	/audio/toefl/set-14/repeat-7.mp3	src/data/toefl/speaking-fixed-repeat.ts#t14-s-rp7	113999409d5b34d1140cd22f3589b532ea9872be619fff8bfbde51d433c4e076	130	130	20	1	woman	woman	woman	mp3_44100_64_mono_after_QA	no	script-ready-audio-blocked	blocked_pending_owner_manifest_voices_sample_cost
media:toefl:set-15:listening-m1-choose-6	set-15	listening	listening-1	choose-response	item:t15-l-m1-cr6-v1	/audio/toefl/set-15/listening-m1-choose-6.mp3	src/data/toefl/listening-fixed-sets-11-15.ts#media:toefl:set-15:listening-m1-choose-6	b4a97f196e01a22310084b59ca5f64ae29b1c71cba586c7e80188f5ea5e9f9ee	45	45	7	1	woman	woman	woman	mp3_44100_64_mono_after_QA	no	script-ready-audio-blocked	blocked_pending_owner_manifest_voices_sample_cost
media:toefl:set-15:listening-m1-choose-7	set-15	listening	listening-1	choose-response	item:t15-l-m1-cr7-v1	/audio/toefl/set-15/listening-m1-choose-7.mp3	src/data/toefl/listening-fixed-sets-11-15.ts#media:toefl:set-15:listening-m1-choose-7	df0cd0531806697da24fd6ad7e17a419b68dba59302b0f8cf2a99167863b02b3	42	42	8	1	man	man	man	mp3_44100_64_mono_after_QA	no	script-ready-audio-blocked	blocked_pending_owner_manifest_voices_sample_cost
media:toefl:set-15:listening-m1-choose-8	set-15	listening	listening-1	choose-response	item:t15-l-m1-cr8-v1	/audio/toefl/set-15/listening-m1-choose-8.mp3	src/data/toefl/listening-fixed-sets-11-15.ts#media:toefl:set-15:listening-m1-choose-8	85aa8ef4faf4ed163130024b75f13cc8bcbe81dd1053ecf34317d3243db46c00	48	48	9	1	woman	woman	woman	mp3_44100_64_mono_after_QA	no	script-ready-audio-blocked	blocked_pending_owner_manifest_voices_sample_cost
media:toefl:set-15:listening-m2-academic-talk	set-15	listening	listening-2	academic-talk	item:t15-l-m2-at1-v1;item:t15-l-m2-at2-v1;item:t15-l-m2-at3-v1;item:t15-l-m2-at4-v1	/audio/toefl/set-15/listening-m2-academic-talk.mp3	src/data/toefl/listening-fixed-sets-11-15.ts#media:toefl:set-15:listening-m2-academic-talk	637ccd3c51e735e7f23772a6d48987d1e5a81c1120b2b51baf5eb87c0545d304	1264	1253	196	1	PROFESSOR	professor	professor	mp3_44100_64_mono_after_QA	no	script-ready-audio-blocked	blocked_pending_owner_manifest_voices_sample_cost
media:toefl:set-15:listening-m2-announcement	set-15	listening	listening-2	announcement	item:t15-l-m2-an1-v1;item:t15-l-m2-an2-v1	/audio/toefl/set-15/listening-m2-announcement.mp3	src/data/toefl/listening-fixed-sets-11-15.ts#media:toefl:set-15:listening-m2-announcement	e7907809b4d1a2c6390a0d4caf585e8b3e743ba0dacd710c371c3c4c128559c9	377	366	55	1	ANNOUNCER	announcer	announcer	mp3_44100_64_mono_after_QA	no	script-ready-audio-blocked	blocked_pending_owner_manifest_voices_sample_cost
media:toefl:set-15:listening-m2-choose-1	set-15	listening	listening-2	choose-response	item:t15-l-m2-cr1-v1	/audio/toefl/set-15/listening-m2-choose-1.mp3	src/data/toefl/listening-fixed-sets-11-15.ts#media:toefl:set-15:listening-m2-choose-1	f7dc939fd82075ad918a7b0655f393516bb036e26b10be35663196aac2e42e6a	46	46	7	1	man	man	man	mp3_44100_64_mono_after_QA	no	script-ready-audio-blocked	blocked_pending_owner_manifest_voices_sample_cost
media:toefl:set-15:listening-m2-choose-2	set-15	listening	listening-2	choose-response	item:t15-l-m2-cr2-v1	/audio/toefl/set-15/listening-m2-choose-2.mp3	src/data/toefl/listening-fixed-sets-11-15.ts#media:toefl:set-15:listening-m2-choose-2	9c271d04e096c4fd5c7db42bbf132078d40f469785784ae81321514b62e8fab8	44	44	10	1	woman	woman	woman	mp3_44100_64_mono_after_QA	no	script-ready-audio-blocked	blocked_pending_owner_manifest_voices_sample_cost
media:toefl:set-15:listening-m2-choose-3	set-15	listening	listening-2	choose-response	item:t15-l-m2-cr3-v1	/audio/toefl/set-15/listening-m2-choose-3.mp3	src/data/toefl/listening-fixed-sets-11-15.ts#media:toefl:set-15:listening-m2-choose-3	101be4d101ec12ccb2926355aab57ce0f33f43fab75403616d4b00781a9b2c13	46	46	7	1	man	man	man	mp3_44100_64_mono_after_QA	no	script-ready-audio-blocked	blocked_pending_owner_manifest_voices_sample_cost
media:toefl:set-15:listening-m2-choose-4	set-15	listening	listening-2	choose-response	item:t15-l-m2-cr4-v1	/audio/toefl/set-15/listening-m2-choose-4.mp3	src/data/toefl/listening-fixed-sets-11-15.ts#media:toefl:set-15:listening-m2-choose-4	af2ca5b5ab577975fc0390e09a83e4cd3cbea03448d3dd815dd60f535595f615	55	55	10	1	woman	woman	woman	mp3_44100_64_mono_after_QA	no	script-ready-audio-blocked	blocked_pending_owner_manifest_voices_sample_cost
media:toefl:set-15:listening-m2-choose-5	set-15	listening	listening-2	choose-response	item:t15-l-m2-cr5-v1	/audio/toefl/set-15/listening-m2-choose-5.mp3	src/data/toefl/listening-fixed-sets-11-15.ts#media:toefl:set-15:listening-m2-choose-5	0821aa5ec3179bb6b1e80eabf49e43078f9ee610a47c917daf841d751a1aa07a	44	44	7	1	man	man	man	mp3_44100_64_mono_after_QA	no	script-ready-audio-blocked	blocked_pending_owner_manifest_voices_sample_cost
media:toefl:set-15:listening-m2-choose-6	set-15	listening	listening-2	choose-response	item:t15-l-m2-cr6-v1	/audio/toefl/set-15/listening-m2-choose-6.mp3	src/data/toefl/listening-fixed-sets-11-15.ts#media:toefl:set-15:listening-m2-choose-6	4d337ef2268d6d1a2add80327b283d23ec29d13482fa0d2679fd9239041d6202	49	49	8	1	woman	woman	woman	mp3_44100_64_mono_after_QA	no	script-ready-audio-blocked	blocked_pending_owner_manifest_voices_sample_cost
media:toefl:set-15:listening-m2-choose-7	set-15	listening	listening-2	choose-response	item:t15-l-m2-cr7-v1	/audio/toefl/set-15/listening-m2-choose-7.mp3	src/data/toefl/listening-fixed-sets-11-15.ts#media:toefl:set-15:listening-m2-choose-7	3edadaf77fd66dc44896da6be5bfd1919cc58a8caa2015a4fd3e8ff8be572552	48	48	8	1	man	man	man	mp3_44100_64_mono_after_QA	no	script-ready-audio-blocked	blocked_pending_owner_manifest_voices_sample_cost
media:toefl:set-15:listening-m2-choose-8	set-15	listening	listening-2	choose-response	item:t15-l-m2-cr8-v1	/audio/toefl/set-15/listening-m2-choose-8.mp3	src/data/toefl/listening-fixed-sets-11-15.ts#media:toefl:set-15:listening-m2-choose-8	429741824d6dd4d0718f354821a6db86eb614f27704562b7dea5493fab977f82	44	44	7	1	woman	woman	woman	mp3_44100_64_mono_after_QA	no	script-ready-audio-blocked	blocked_pending_owner_manifest_voices_sample_cost
media:toefl:set-15:listening-m2-conversation	set-15	listening	listening-2	conversation	item:t15-l-m2-cv1-v1;item:t15-l-m2-cv2-v1	/audio/toefl/set-15/listening-m2-conversation.mp3	src/data/toefl/listening-fixed-sets-11-15.ts#media:toefl:set-15:listening-m2-conversation	c7829a7d3c6a340452b3d02bf7e26eb19e98551020f2cc63bb63371c4fa3beb9	518	466	80	4	STUDENT;STAFF MEMBER	student;announcer	student;staff	mp3_44100_64_mono_after_QA	no	script-ready-audio-blocked	blocked_pending_owner_manifest_voices_sample_cost
media:toefl:set-15:speaking-interview-1	set-15	speaking	speaking	take-an-interview	t15-s-iv1	/audio/toefl/set-15/interview-1.mp3	src/data/mocks/toefl-set-15.ts#t15-s-iv1	91b36d36542210fb8c560adba5a2eb91c0fa14462129b19cc1fe72f372b0a8f4	95	95	17	1	INTERVIEWER	interviewer	interviewer	mp3_44100_64_mono_after_QA	no	script-ready-audio-blocked	blocked_pending_owner_manifest_voices_sample_cost
media:toefl:set-15:speaking-interview-2	set-15	speaking	speaking	take-an-interview	t15-s-iv2	/audio/toefl/set-15/interview-2.mp3	src/data/mocks/toefl-set-15.ts#t15-s-iv2	acf3804b9e86fb6c3a2ef203bf8b48935788cb246201b325c3beafd73c01f777	141	141	25	1	INTERVIEWER	interviewer	interviewer	mp3_44100_64_mono_after_QA	no	script-ready-audio-blocked	blocked_pending_owner_manifest_voices_sample_cost
media:toefl:set-15:speaking-interview-3	set-15	speaking	speaking	take-an-interview	t15-s-iv3	/audio/toefl/set-15/interview-3.mp3	src/data/mocks/toefl-set-15.ts#t15-s-iv3	77273baa5bfc56f360a5d5e06b2bb317b15a3a9901c37c4c17a062db54af80a0	150	150	27	1	INTERVIEWER	interviewer	interviewer	mp3_44100_64_mono_after_QA	no	script-ready-audio-blocked	blocked_pending_owner_manifest_voices_sample_cost
media:toefl:set-15:speaking-interview-4	set-15	speaking	speaking	take-an-interview	t15-s-iv4	/audio/toefl/set-15/interview-4.mp3	src/data/mocks/toefl-set-15.ts#t15-s-iv4	5324ff66208e0be91d6fd7baf6d9cb6c48ab318c66fb3163299d89b6ff38eeb2	138	138	22	1	INTERVIEWER	interviewer	interviewer	mp3_44100_64_mono_after_QA	no	script-ready-audio-blocked	blocked_pending_owner_manifest_voices_sample_cost
media:toefl:set-15:speaking-repeat-6	set-15	speaking	speaking	listen-and-repeat	t15-s-rp6	/audio/toefl/set-15/repeat-6.mp3	src/data/toefl/speaking-fixed-repeat.ts#t15-s-rp6	ef429b0fbe76c0420aaff961c2a9c8a75044a8df40b0faa865595bd2d0bbad67	106	106	15	1	woman	woman	woman	mp3_44100_64_mono_after_QA	no	script-ready-audio-blocked	blocked_pending_owner_manifest_voices_sample_cost
media:toefl:set-15:speaking-repeat-7	set-15	speaking	speaking	listen-and-repeat	t15-s-rp7	/audio/toefl/set-15/repeat-7.mp3	src/data/toefl/speaking-fixed-repeat.ts#t15-s-rp7	b8e3c94a4f5df5973fff2aa5c989d4fe4c69fbd5c450113a4bc2821a0e69c3e8	117	117	19	1	man	man	man	mp3_44100_64_mono_after_QA	no	script-ready-audio-blocked	blocked_pending_owner_manifest_voices_sample_cost
media:toefl:set-16:listening-m1-choose-6	set-16	listening	listening-1	choose-response	item:t16-l-m1-cr6-v1	/audio/toefl/set-16/listening-m1-choose-6.mp3	src/data/toefl/listening-fixed-sets-16-20.ts#media:toefl:set-16:listening-m1-choose-6	9731a7150f988f19ddf00bd4edd6fdc4db7d584b1ace3db0574ba6125a70f13a	48	48	7	1	woman	woman	woman	mp3_44100_64_mono_after_QA	no	script-ready-audio-blocked	blocked_pending_owner_manifest_voices_sample_cost
media:toefl:set-16:listening-m1-choose-7	set-16	listening	listening-1	choose-response	item:t16-l-m1-cr7-v1	/audio/toefl/set-16/listening-m1-choose-7.mp3	src/data/toefl/listening-fixed-sets-16-20.ts#media:toefl:set-16:listening-m1-choose-7	acf4e48c50505ef23429fb48d46966cc4acb9def746ec8a998181fb8fe383fff	48	48	8	1	man	man	man	mp3_44100_64_mono_after_QA	no	script-ready-audio-blocked	blocked_pending_owner_manifest_voices_sample_cost
media:toefl:set-16:listening-m1-choose-8	set-16	listening	listening-1	choose-response	item:t16-l-m1-cr8-v1	/audio/toefl/set-16/listening-m1-choose-8.mp3	src/data/toefl/listening-fixed-sets-16-20.ts#media:toefl:set-16:listening-m1-choose-8	cb44476fa3b8684f5b4a641e2bc73c33ebeb44eb59029da3a72507ffe542bfed	48	48	10	1	woman	woman	woman	mp3_44100_64_mono_after_QA	no	script-ready-audio-blocked	blocked_pending_owner_manifest_voices_sample_cost
media:toefl:set-16:listening-m2-academic-talk	set-16	listening	listening-2	academic-talk	item:t16-l-m2-at1-v1;item:t16-l-m2-at2-v1;item:t16-l-m2-at3-v1;item:t16-l-m2-at4-v1	/audio/toefl/set-16/listening-m2-academic-talk.mp3	src/data/toefl/listening-fixed-sets-16-20.ts#media:toefl:set-16:listening-m2-academic-talk	df5af6266e7a78058645b0b82f80ca172ec9aea729dbe9dffd34ea9c33d0765e	1282	1271	199	1	PROFESSOR	professor	professor	mp3_44100_64_mono_after_QA	no	script-ready-audio-blocked	blocked_pending_owner_manifest_voices_sample_cost
media:toefl:set-16:listening-m2-announcement	set-16	listening	listening-2	announcement	item:t16-l-m2-an1-v1;item:t16-l-m2-an2-v1	/audio/toefl/set-16/listening-m2-announcement.mp3	src/data/toefl/listening-fixed-sets-16-20.ts#media:toefl:set-16:listening-m2-announcement	0ecfc9c5e36c8d1dcc2b97f3a5195d8ea92e7bf0d13cb14f28d40029fa0c5d5a	384	373	62	1	ANNOUNCER	announcer	announcer	mp3_44100_64_mono_after_QA	no	script-ready-audio-blocked	blocked_pending_owner_manifest_voices_sample_cost
media:toefl:set-16:listening-m2-choose-1	set-16	listening	listening-2	choose-response	item:t16-l-m2-cr1-v1	/audio/toefl/set-16/listening-m2-choose-1.mp3	src/data/toefl/listening-fixed-sets-16-20.ts#media:toefl:set-16:listening-m2-choose-1	ac26c3fb1d1b0698ebdd6d220aa04cb799bd79788e7a4e14a4974cc6a9d711a4	44	44	7	1	man	man	man	mp3_44100_64_mono_after_QA	no	script-ready-audio-blocked	blocked_pending_owner_manifest_voices_sample_cost
media:toefl:set-16:listening-m2-choose-2	set-16	listening	listening-2	choose-response	item:t16-l-m2-cr2-v1	/audio/toefl/set-16/listening-m2-choose-2.mp3	src/data/toefl/listening-fixed-sets-16-20.ts#media:toefl:set-16:listening-m2-choose-2	83c2c0d8c362c9faf2c91d0d9c9e3544bd6a1a0d06b894f5eba2c8e23a88a7bc	49	49	9	1	woman	woman	woman	mp3_44100_64_mono_after_QA	no	script-ready-audio-blocked	blocked_pending_owner_manifest_voices_sample_cost
media:toefl:set-16:listening-m2-choose-3	set-16	listening	listening-2	choose-response	item:t16-l-m2-cr3-v1	/audio/toefl/set-16/listening-m2-choose-3.mp3	src/data/toefl/listening-fixed-sets-16-20.ts#media:toefl:set-16:listening-m2-choose-3	7601b3cb2870a10b4b036ab59ae1bbcb0c01e6c53b0688fb50ba050f1c77c0be	52	52	8	1	man	man	man	mp3_44100_64_mono_after_QA	no	script-ready-audio-blocked	blocked_pending_owner_manifest_voices_sample_cost
media:toefl:set-16:listening-m2-choose-4	set-16	listening	listening-2	choose-response	item:t16-l-m2-cr4-v1	/audio/toefl/set-16/listening-m2-choose-4.mp3	src/data/toefl/listening-fixed-sets-16-20.ts#media:toefl:set-16:listening-m2-choose-4	0ac059b4837eeb4f1455d4ff8200dbf859e9a52cd3d245f4661ca42402a513e6	45	45	9	1	woman	woman	woman	mp3_44100_64_mono_after_QA	no	script-ready-audio-blocked	blocked_pending_owner_manifest_voices_sample_cost
media:toefl:set-16:listening-m2-choose-5	set-16	listening	listening-2	choose-response	item:t16-l-m2-cr5-v1	/audio/toefl/set-16/listening-m2-choose-5.mp3	src/data/toefl/listening-fixed-sets-16-20.ts#media:toefl:set-16:listening-m2-choose-5	d8d58d2ea10289b95d71487fe43ad2400058cc3209d118bbb3e8fd3e0b5dcefe	40	40	7	1	man	man	man	mp3_44100_64_mono_after_QA	no	script-ready-audio-blocked	blocked_pending_owner_manifest_voices_sample_cost
media:toefl:set-16:listening-m2-choose-6	set-16	listening	listening-2	choose-response	item:t16-l-m2-cr6-v1	/audio/toefl/set-16/listening-m2-choose-6.mp3	src/data/toefl/listening-fixed-sets-16-20.ts#media:toefl:set-16:listening-m2-choose-6	ca4ca66f8e4e9cea87e686d5c20e1dc6f3f8a6e829e0982a0a959de956bcc3e0	54	54	10	1	woman	woman	woman	mp3_44100_64_mono_after_QA	no	script-ready-audio-blocked	blocked_pending_owner_manifest_voices_sample_cost
media:toefl:set-16:listening-m2-choose-7	set-16	listening	listening-2	choose-response	item:t16-l-m2-cr7-v1	/audio/toefl/set-16/listening-m2-choose-7.mp3	src/data/toefl/listening-fixed-sets-16-20.ts#media:toefl:set-16:listening-m2-choose-7	750acbd77527bbdb929147025e370ccec40cfdea5be464636b19aa5bc85aeb42	50	50	9	1	man	man	man	mp3_44100_64_mono_after_QA	no	script-ready-audio-blocked	blocked_pending_owner_manifest_voices_sample_cost
media:toefl:set-16:listening-m2-choose-8	set-16	listening	listening-2	choose-response	item:t16-l-m2-cr8-v1	/audio/toefl/set-16/listening-m2-choose-8.mp3	src/data/toefl/listening-fixed-sets-16-20.ts#media:toefl:set-16:listening-m2-choose-8	9b623cbda54c26632cf61d6e5593c9f0cd92cc3059da0b4006b12721067a0b87	38	38	8	1	woman	woman	woman	mp3_44100_64_mono_after_QA	no	script-ready-audio-blocked	blocked_pending_owner_manifest_voices_sample_cost
media:toefl:set-16:listening-m2-conversation	set-16	listening	listening-2	conversation	item:t16-l-m2-cv1-v1;item:t16-l-m2-cv2-v1	/audio/toefl/set-16/listening-m2-conversation.mp3	src/data/toefl/listening-fixed-sets-16-20.ts#media:toefl:set-16:listening-m2-conversation	b48c8b22bd5b30752b9434e6056f961fb2c5071ffdf4b654d5bc01aa6794776f	511	463	82	4	STUDENT;TECHNICIAN	student;announcer	student;staff	mp3_44100_64_mono_after_QA	no	script-ready-audio-blocked	blocked_pending_owner_manifest_voices_sample_cost
media:toefl:set-16:speaking-interview-1	set-16	speaking	speaking	take-an-interview	t16-s-iv1	/audio/toefl/set-16/interview-1.mp3	src/data/mocks/toefl-set-16.ts#t16-s-iv1	1c354d34735c85043f936a401687a4367f8e4fe6561add646a5203934731252a	118	118	24	1	INTERVIEWER	interviewer	interviewer	mp3_44100_64_mono_after_QA	no	script-ready-audio-blocked	blocked_pending_owner_manifest_voices_sample_cost
media:toefl:set-16:speaking-interview-2	set-16	speaking	speaking	take-an-interview	t16-s-iv2	/audio/toefl/set-16/interview-2.mp3	src/data/mocks/toefl-set-16.ts#t16-s-iv2	2294d5783632799070f9fa431729615d7abf984078644dfbf3f53a051d43f5d9	155	155	27	1	INTERVIEWER	interviewer	interviewer	mp3_44100_64_mono_after_QA	no	script-ready-audio-blocked	blocked_pending_owner_manifest_voices_sample_cost
media:toefl:set-16:speaking-interview-3	set-16	speaking	speaking	take-an-interview	t16-s-iv3	/audio/toefl/set-16/interview-3.mp3	src/data/mocks/toefl-set-16.ts#t16-s-iv3	31648220c5c5c64c96709e4bd2896fa0436662fd67143996b7ee44dfb9ec1740	166	166	27	1	INTERVIEWER	interviewer	interviewer	mp3_44100_64_mono_after_QA	no	script-ready-audio-blocked	blocked_pending_owner_manifest_voices_sample_cost
media:toefl:set-16:speaking-interview-4	set-16	speaking	speaking	take-an-interview	t16-s-iv4	/audio/toefl/set-16/interview-4.mp3	src/data/mocks/toefl-set-16.ts#t16-s-iv4	0e4f6bf328e9db2dba7d101cdbcce27201ab1534f10b31eb13053bed48487e69	137	137	22	1	INTERVIEWER	interviewer	interviewer	mp3_44100_64_mono_after_QA	no	script-ready-audio-blocked	blocked_pending_owner_manifest_voices_sample_cost
media:toefl:set-16:speaking-repeat-6	set-16	speaking	speaking	listen-and-repeat	t16-s-rp6	/audio/toefl/set-16/repeat-6.mp3	src/data/toefl/speaking-fixed-repeat.ts#t16-s-rp6	2efc90c7efd22c9e5236cd1b135961cc5b3ed3e22ea58457091e9505f2bd1465	99	99	16	1	man	man	man	mp3_44100_64_mono_after_QA	no	script-ready-audio-blocked	blocked_pending_owner_manifest_voices_sample_cost
media:toefl:set-16:speaking-repeat-7	set-16	speaking	speaking	listen-and-repeat	t16-s-rp7	/audio/toefl/set-16/repeat-7.mp3	src/data/toefl/speaking-fixed-repeat.ts#t16-s-rp7	61c9b71599d47e742484f9ff785d97c6f88dcc122ab11269c2fe3a4195386aac	155	155	22	1	woman	woman	woman	mp3_44100_64_mono_after_QA	no	script-ready-audio-blocked	blocked_pending_owner_manifest_voices_sample_cost
media:toefl:set-17:listening-m1-choose-6	set-17	listening	listening-1	choose-response	item:t17-l-m1-cr6-v1	/audio/toefl/set-17/listening-m1-choose-6.mp3	src/data/toefl/listening-fixed-sets-16-20.ts#media:toefl:set-17:listening-m1-choose-6	3ad2f1b88a848d855d3e987f08c8d8e68b7f8022c8aa0d25096f2f3229cbe367	39	39	7	1	man	man	man	mp3_44100_64_mono_after_QA	no	script-ready-audio-blocked	blocked_pending_owner_manifest_voices_sample_cost
media:toefl:set-17:listening-m1-choose-7	set-17	listening	listening-1	choose-response	item:t17-l-m1-cr7-v1	/audio/toefl/set-17/listening-m1-choose-7.mp3	src/data/toefl/listening-fixed-sets-16-20.ts#media:toefl:set-17:listening-m1-choose-7	5be11a4379c43e310a91fec6e886d4898b016a9227e8805bd483c9ea4cdcbe21	43	43	8	1	woman	woman	woman	mp3_44100_64_mono_after_QA	no	script-ready-audio-blocked	blocked_pending_owner_manifest_voices_sample_cost
media:toefl:set-17:listening-m1-choose-8	set-17	listening	listening-1	choose-response	item:t17-l-m1-cr8-v1	/audio/toefl/set-17/listening-m1-choose-8.mp3	src/data/toefl/listening-fixed-sets-16-20.ts#media:toefl:set-17:listening-m1-choose-8	e6c05bfdb7242f7fff4ec3b92c30cf67e372a3aaf7be305fbd59ddd9cc5e7599	51	51	8	1	man	man	man	mp3_44100_64_mono_after_QA	no	script-ready-audio-blocked	blocked_pending_owner_manifest_voices_sample_cost
media:toefl:set-17:listening-m2-academic-talk	set-17	listening	listening-2	academic-talk	item:t17-l-m2-at1-v1;item:t17-l-m2-at2-v1;item:t17-l-m2-at3-v1;item:t17-l-m2-at4-v1	/audio/toefl/set-17/listening-m2-academic-talk.mp3	src/data/toefl/listening-fixed-sets-16-20.ts#media:toefl:set-17:listening-m2-academic-talk	3745f1056b07fd0b7b45213781ccc66b93abf61577324bc96a18b0c90fcf6911	1234	1223	188	1	PROFESSOR	professor	professor	mp3_44100_64_mono_after_QA	no	script-ready-audio-blocked	blocked_pending_owner_manifest_voices_sample_cost
media:toefl:set-17:listening-m2-announcement	set-17	listening	listening-2	announcement	item:t17-l-m2-an1-v1;item:t17-l-m2-an2-v1	/audio/toefl/set-17/listening-m2-announcement.mp3	src/data/toefl/listening-fixed-sets-16-20.ts#media:toefl:set-17:listening-m2-announcement	9b29d31571ba70550d14ca55886b61a5aac87c6299ab5fd774586eafa42e2687	437	426	67	1	ANNOUNCER	announcer	announcer	mp3_44100_64_mono_after_QA	no	script-ready-audio-blocked	blocked_pending_owner_manifest_voices_sample_cost
media:toefl:set-17:listening-m2-choose-1	set-17	listening	listening-2	choose-response	item:t17-l-m2-cr1-v1	/audio/toefl/set-17/listening-m2-choose-1.mp3	src/data/toefl/listening-fixed-sets-16-20.ts#media:toefl:set-17:listening-m2-choose-1	58e42360d50c67c3ea4a096b183a5384ec6bbe467f5dcdeeae324b76ffa9bf5b	45	45	7	1	woman	woman	woman	mp3_44100_64_mono_after_QA	no	script-ready-audio-blocked	blocked_pending_owner_manifest_voices_sample_cost
media:toefl:set-17:listening-m2-choose-2	set-17	listening	listening-2	choose-response	item:t17-l-m2-cr2-v1	/audio/toefl/set-17/listening-m2-choose-2.mp3	src/data/toefl/listening-fixed-sets-16-20.ts#media:toefl:set-17:listening-m2-choose-2	9d7ef7e1a213802a36bc7f90ac2e6684480d60485ec087b190fc533bc90e721e	46	46	8	1	man	man	man	mp3_44100_64_mono_after_QA	no	script-ready-audio-blocked	blocked_pending_owner_manifest_voices_sample_cost
media:toefl:set-17:listening-m2-choose-3	set-17	listening	listening-2	choose-response	item:t17-l-m2-cr3-v1	/audio/toefl/set-17/listening-m2-choose-3.mp3	src/data/toefl/listening-fixed-sets-16-20.ts#media:toefl:set-17:listening-m2-choose-3	6e1d9130e2bf732adeff0ec703b33b62c50a6138f787cecf136050471574034c	44	44	7	1	woman	woman	woman	mp3_44100_64_mono_after_QA	no	script-ready-audio-blocked	blocked_pending_owner_manifest_voices_sample_cost
media:toefl:set-17:listening-m2-choose-4	set-17	listening	listening-2	choose-response	item:t17-l-m2-cr4-v1	/audio/toefl/set-17/listening-m2-choose-4.mp3	src/data/toefl/listening-fixed-sets-16-20.ts#media:toefl:set-17:listening-m2-choose-4	59f219053c86c92e9c3ef42a292655b589e78dd98aefacfa9ef5f3d303fffca6	53	53	9	1	man	man	man	mp3_44100_64_mono_after_QA	no	script-ready-audio-blocked	blocked_pending_owner_manifest_voices_sample_cost
media:toefl:set-17:listening-m2-choose-5	set-17	listening	listening-2	choose-response	item:t17-l-m2-cr5-v1	/audio/toefl/set-17/listening-m2-choose-5.mp3	src/data/toefl/listening-fixed-sets-16-20.ts#media:toefl:set-17:listening-m2-choose-5	6db7fba70105a0ddc1dae19b3365cd03d96043aa606ade997bb7cd7bc3e32804	57	57	9	1	woman	woman	woman	mp3_44100_64_mono_after_QA	no	script-ready-audio-blocked	blocked_pending_owner_manifest_voices_sample_cost
media:toefl:set-17:listening-m2-choose-6	set-17	listening	listening-2	choose-response	item:t17-l-m2-cr6-v1	/audio/toefl/set-17/listening-m2-choose-6.mp3	src/data/toefl/listening-fixed-sets-16-20.ts#media:toefl:set-17:listening-m2-choose-6	f42272c4580d305c756960cf0959bd4a8496b56c0ac5f413d73fce99366bd671	44	44	9	1	man	man	man	mp3_44100_64_mono_after_QA	no	script-ready-audio-blocked	blocked_pending_owner_manifest_voices_sample_cost
media:toefl:set-17:listening-m2-choose-7	set-17	listening	listening-2	choose-response	item:t17-l-m2-cr7-v1	/audio/toefl/set-17/listening-m2-choose-7.mp3	src/data/toefl/listening-fixed-sets-16-20.ts#media:toefl:set-17:listening-m2-choose-7	b48c582fa896b4154c23b45e190f5043729b1cdcdaa492f5bd9e89870f609298	44	44	8	1	woman	woman	woman	mp3_44100_64_mono_after_QA	no	script-ready-audio-blocked	blocked_pending_owner_manifest_voices_sample_cost
media:toefl:set-17:listening-m2-choose-8	set-17	listening	listening-2	choose-response	item:t17-l-m2-cr8-v1	/audio/toefl/set-17/listening-m2-choose-8.mp3	src/data/toefl/listening-fixed-sets-16-20.ts#media:toefl:set-17:listening-m2-choose-8	d2c16b9baca0f03bf58ceba04fabb5368e12265c4ee143544a7a4f2e85aeec7a	40	40	6	1	man	man	man	mp3_44100_64_mono_after_QA	no	script-ready-audio-blocked	blocked_pending_owner_manifest_voices_sample_cost
media:toefl:set-17:listening-m2-conversation	set-17	listening	listening-2	conversation	item:t17-l-m2-cv1-v1;item:t17-l-m2-cv2-v1	/audio/toefl/set-17/listening-m2-conversation.mp3	src/data/toefl/listening-fixed-sets-16-20.ts#media:toefl:set-17:listening-m2-conversation	37bff4221f7e12c9adfab58b224827e07961373e0dcaf33ede058ec518387592	615	569	87	4	STUDENT;REGISTRAR	student;announcer	student;staff	mp3_44100_64_mono_after_QA	no	script-ready-audio-blocked	blocked_pending_owner_manifest_voices_sample_cost
media:toefl:set-17:speaking-interview-1	set-17	speaking	speaking	take-an-interview	t17-s-iv1	/audio/toefl/set-17/interview-1.mp3	src/data/mocks/toefl-set-17.ts#t17-s-iv1	4ffb16030050963bbed7205ed5ad39e3e938fba439cbdd4e8a644254dc4a86c5	106	106	23	1	INTERVIEWER	interviewer	interviewer	mp3_44100_64_mono_after_QA	no	script-ready-audio-blocked	blocked_pending_owner_manifest_voices_sample_cost
media:toefl:set-17:speaking-interview-2	set-17	speaking	speaking	take-an-interview	t17-s-iv2	/audio/toefl/set-17/interview-2.mp3	src/data/mocks/toefl-set-17.ts#t17-s-iv2	fa7df04c2c5e096cb5ba81eead6c21b9362a12545f0dce9419e96684a1a26235	157	157	27	1	INTERVIEWER	interviewer	interviewer	mp3_44100_64_mono_after_QA	no	script-ready-audio-blocked	blocked_pending_owner_manifest_voices_sample_cost
media:toefl:set-17:speaking-interview-3	set-17	speaking	speaking	take-an-interview	t17-s-iv3	/audio/toefl/set-17/interview-3.mp3	src/data/mocks/toefl-set-17.ts#t17-s-iv3	6ec4e02f0a95bd9e3cca5272024e37658d461b61bc4a77ab396b60c85e6201b1	175	175	28	1	INTERVIEWER	interviewer	interviewer	mp3_44100_64_mono_after_QA	no	script-ready-audio-blocked	blocked_pending_owner_manifest_voices_sample_cost
media:toefl:set-17:speaking-interview-4	set-17	speaking	speaking	take-an-interview	t17-s-iv4	/audio/toefl/set-17/interview-4.mp3	src/data/mocks/toefl-set-17.ts#t17-s-iv4	c20509a4cddd3d370ce1aaa31aa7e793a5bbc98a5c2f1175987a727366c37384	125	125	21	1	INTERVIEWER	interviewer	interviewer	mp3_44100_64_mono_after_QA	no	script-ready-audio-blocked	blocked_pending_owner_manifest_voices_sample_cost
media:toefl:set-17:speaking-repeat-6	set-17	speaking	speaking	listen-and-repeat	t17-s-rp6	/audio/toefl/set-17/repeat-6.mp3	src/data/toefl/speaking-fixed-repeat.ts#t17-s-rp6	5af77b1a4fcaf2af77802028193f5bac7df7988cc71d7370e53444bd62d5d9bc	96	96	16	1	woman	woman	woman	mp3_44100_64_mono_after_QA	no	script-ready-audio-blocked	blocked_pending_owner_manifest_voices_sample_cost
media:toefl:set-17:speaking-repeat-7	set-17	speaking	speaking	listen-and-repeat	t17-s-rp7	/audio/toefl/set-17/repeat-7.mp3	src/data/toefl/speaking-fixed-repeat.ts#t17-s-rp7	1cdb570146efcce97a51dd9c9c3e2e2f80e07e31aa984fb45b294ed921223e23	131	131	19	1	man	man	man	mp3_44100_64_mono_after_QA	no	script-ready-audio-blocked	blocked_pending_owner_manifest_voices_sample_cost
media:toefl:set-18:listening-m1-choose-6	set-18	listening	listening-1	choose-response	item:t18-l-m1-cr6-v1	/audio/toefl/set-18/listening-m1-choose-6.mp3	src/data/toefl/listening-fixed-sets-16-20.ts#media:toefl:set-18:listening-m1-choose-6	3b4dfb4952bc972c297b24277f6bb202b069ec6d19749d016de41509f37a170d	46	46	10	1	woman	woman	woman	mp3_44100_64_mono_after_QA	no	script-ready-audio-blocked	blocked_pending_owner_manifest_voices_sample_cost
media:toefl:set-18:listening-m1-choose-7	set-18	listening	listening-1	choose-response	item:t18-l-m1-cr7-v1	/audio/toefl/set-18/listening-m1-choose-7.mp3	src/data/toefl/listening-fixed-sets-16-20.ts#media:toefl:set-18:listening-m1-choose-7	60e30da984b26d62b41e2ee2649d602cec8f1e8c17c5a25e7dafc2cc91eaa8cc	52	52	9	1	man	man	man	mp3_44100_64_mono_after_QA	no	script-ready-audio-blocked	blocked_pending_owner_manifest_voices_sample_cost
media:toefl:set-18:listening-m1-choose-8	set-18	listening	listening-1	choose-response	item:t18-l-m1-cr8-v1	/audio/toefl/set-18/listening-m1-choose-8.mp3	src/data/toefl/listening-fixed-sets-16-20.ts#media:toefl:set-18:listening-m1-choose-8	7cdced59967fe6bf0ace44e15718a9eb112be641d5fac5ca324095f1a4f6686c	51	51	8	1	woman	woman	woman	mp3_44100_64_mono_after_QA	no	script-ready-audio-blocked	blocked_pending_owner_manifest_voices_sample_cost
media:toefl:set-18:listening-m2-academic-talk	set-18	listening	listening-2	academic-talk	item:t18-l-m2-at1-v1;item:t18-l-m2-at2-v1;item:t18-l-m2-at3-v1;item:t18-l-m2-at4-v1	/audio/toefl/set-18/listening-m2-academic-talk.mp3	src/data/toefl/listening-fixed-sets-16-20.ts#media:toefl:set-18:listening-m2-academic-talk	4c0cf0ff7aa80ad471dd6bf5901c2caf8ff0aa4c55d00e020b793cfd055f6117	1425	1414	202	1	PROFESSOR	professor	professor	mp3_44100_64_mono_after_QA	no	script-ready-audio-blocked	blocked_pending_owner_manifest_voices_sample_cost
media:toefl:set-18:listening-m2-announcement	set-18	listening	listening-2	announcement	item:t18-l-m2-an1-v1;item:t18-l-m2-an2-v1	/audio/toefl/set-18/listening-m2-announcement.mp3	src/data/toefl/listening-fixed-sets-16-20.ts#media:toefl:set-18:listening-m2-announcement	ce3d6f3377ecb39d3ce7934a5b0ac337c81c725133c6f351123ad798d24f2025	489	478	65	1	ANNOUNCER	announcer	announcer	mp3_44100_64_mono_after_QA	no	script-ready-audio-blocked	blocked_pending_owner_manifest_voices_sample_cost
media:toefl:set-18:listening-m2-choose-1	set-18	listening	listening-2	choose-response	item:t18-l-m2-cr1-v1	/audio/toefl/set-18/listening-m2-choose-1.mp3	src/data/toefl/listening-fixed-sets-16-20.ts#media:toefl:set-18:listening-m2-choose-1	efe806c8c05bac99d01ab2b66fa40011fde998eb1eaea4673afe38fcaee5a201	37	37	7	1	man	man	man	mp3_44100_64_mono_after_QA	no	script-ready-audio-blocked	blocked_pending_owner_manifest_voices_sample_cost
media:toefl:set-18:listening-m2-choose-2	set-18	listening	listening-2	choose-response	item:t18-l-m2-cr2-v1	/audio/toefl/set-18/listening-m2-choose-2.mp3	src/data/toefl/listening-fixed-sets-16-20.ts#media:toefl:set-18:listening-m2-choose-2	b021fd3bcfa0ca4da8da14852eae719934bc3dddef27f0c7748fc621ea6a214b	57	57	10	1	woman	woman	woman	mp3_44100_64_mono_after_QA	no	script-ready-audio-blocked	blocked_pending_owner_manifest_voices_sample_cost
media:toefl:set-18:listening-m2-choose-3	set-18	listening	listening-2	choose-response	item:t18-l-m2-cr3-v1	/audio/toefl/set-18/listening-m2-choose-3.mp3	src/data/toefl/listening-fixed-sets-16-20.ts#media:toefl:set-18:listening-m2-choose-3	7bfdcc01395a65103b46b7334bb673fab88136a0416638d98ccd55f25a86e06a	44	44	6	1	man	man	man	mp3_44100_64_mono_after_QA	no	script-ready-audio-blocked	blocked_pending_owner_manifest_voices_sample_cost
media:toefl:set-18:listening-m2-choose-4	set-18	listening	listening-2	choose-response	item:t18-l-m2-cr4-v1	/audio/toefl/set-18/listening-m2-choose-4.mp3	src/data/toefl/listening-fixed-sets-16-20.ts#media:toefl:set-18:listening-m2-choose-4	2944b9b128d21c9881dea80f6ee7a2ec121181b016ae965d7a0a253153d0b7de	54	54	10	1	woman	woman	woman	mp3_44100_64_mono_after_QA	no	script-ready-audio-blocked	blocked_pending_owner_manifest_voices_sample_cost
media:toefl:set-18:listening-m2-choose-5	set-18	listening	listening-2	choose-response	item:t18-l-m2-cr5-v1	/audio/toefl/set-18/listening-m2-choose-5.mp3	src/data/toefl/listening-fixed-sets-16-20.ts#media:toefl:set-18:listening-m2-choose-5	4221ed92a2da5eb8092dfbe96941fd8bcdbe05e36ca9da97631d186dbbb3be15	46	46	9	1	man	man	man	mp3_44100_64_mono_after_QA	no	script-ready-audio-blocked	blocked_pending_owner_manifest_voices_sample_cost
media:toefl:set-18:listening-m2-choose-6	set-18	listening	listening-2	choose-response	item:t18-l-m2-cr6-v1	/audio/toefl/set-18/listening-m2-choose-6.mp3	src/data/toefl/listening-fixed-sets-16-20.ts#media:toefl:set-18:listening-m2-choose-6	db06e92eba2e2ba408446d6603a7ef77276b7bd03e2d57a4864c2d3850058510	52	52	8	1	woman	woman	woman	mp3_44100_64_mono_after_QA	no	script-ready-audio-blocked	blocked_pending_owner_manifest_voices_sample_cost
media:toefl:set-18:listening-m2-choose-7	set-18	listening	listening-2	choose-response	item:t18-l-m2-cr7-v1	/audio/toefl/set-18/listening-m2-choose-7.mp3	src/data/toefl/listening-fixed-sets-16-20.ts#media:toefl:set-18:listening-m2-choose-7	a4fc1813b60aa69675b587467650503d422df0782ba41bc355b7a99d7aa27032	50	50	8	1	man	man	man	mp3_44100_64_mono_after_QA	no	script-ready-audio-blocked	blocked_pending_owner_manifest_voices_sample_cost
media:toefl:set-18:listening-m2-choose-8	set-18	listening	listening-2	choose-response	item:t18-l-m2-cr8-v1	/audio/toefl/set-18/listening-m2-choose-8.mp3	src/data/toefl/listening-fixed-sets-16-20.ts#media:toefl:set-18:listening-m2-choose-8	7a9a1832fa58ce1ed29d9ff79332e9c3366990cb84de9675e69489f9b80934a0	52	52	10	1	woman	woman	woman	mp3_44100_64_mono_after_QA	no	script-ready-audio-blocked	blocked_pending_owner_manifest_voices_sample_cost
media:toefl:set-18:listening-m2-conversation	set-18	listening	listening-2	conversation	item:t18-l-m2-cv1-v1;item:t18-l-m2-cv2-v1	/audio/toefl/set-18/listening-m2-conversation.mp3	src/data/toefl/listening-fixed-sets-16-20.ts#media:toefl:set-18:listening-m2-conversation	41f34e88f3cc46518f6824b1ad7e9c38546ec5b702e25ad9eb582c52aed4f9ab	474	414	78	4	STUDENT;BOX OFFICE STAFF	student;announcer	student;staff	mp3_44100_64_mono_after_QA	no	script-ready-audio-blocked	blocked_pending_owner_manifest_voices_sample_cost
media:toefl:set-18:speaking-interview-1	set-18	speaking	speaking	take-an-interview	t18-s-iv1	/audio/toefl/set-18/interview-1.mp3	src/data/mocks/toefl-set-18.ts#t18-s-iv1	13feb355e6859ecdac8781655fd66aff8094d209504bd8ec0ff775a5982f09cd	112	112	22	1	INTERVIEWER	interviewer	interviewer	mp3_44100_64_mono_after_QA	no	script-ready-audio-blocked	blocked_pending_owner_manifest_voices_sample_cost
media:toefl:set-18:speaking-interview-2	set-18	speaking	speaking	take-an-interview	t18-s-iv2	/audio/toefl/set-18/interview-2.mp3	src/data/mocks/toefl-set-18.ts#t18-s-iv2	a69200f1d953cb94dedf5dab43b51ba514b6b2a5bcf8a692c015ddf60ae194ce	140	140	27	1	INTERVIEWER	interviewer	interviewer	mp3_44100_64_mono_after_QA	no	script-ready-audio-blocked	blocked_pending_owner_manifest_voices_sample_cost
media:toefl:set-18:speaking-interview-3	set-18	speaking	speaking	take-an-interview	t18-s-iv3	/audio/toefl/set-18/interview-3.mp3	src/data/mocks/toefl-set-18.ts#t18-s-iv3	a6044a2bb8cf4a5df17c8f1938b6f327ef17a4d61b492c8e15e2c5c14c145ee6	145	145	26	1	INTERVIEWER	interviewer	interviewer	mp3_44100_64_mono_after_QA	no	script-ready-audio-blocked	blocked_pending_owner_manifest_voices_sample_cost
media:toefl:set-18:speaking-interview-4	set-18	speaking	speaking	take-an-interview	t18-s-iv4	/audio/toefl/set-18/interview-4.mp3	src/data/mocks/toefl-set-18.ts#t18-s-iv4	0e092ceb383d1cb480bc1ecec69137004154dd2b08f29b4b91d93de0fc220d3f	136	136	21	1	INTERVIEWER	interviewer	interviewer	mp3_44100_64_mono_after_QA	no	script-ready-audio-blocked	blocked_pending_owner_manifest_voices_sample_cost
media:toefl:set-18:speaking-repeat-6	set-18	speaking	speaking	listen-and-repeat	t18-s-rp6	/audio/toefl/set-18/repeat-6.mp3	src/data/toefl/speaking-fixed-repeat.ts#t18-s-rp6	ca5227278ef95d8efbe5e4ecb6135cae6c371fda8f5a2918e113eb1cb5c72569	108	108	15	1	man	man	man	mp3_44100_64_mono_after_QA	no	script-ready-audio-blocked	blocked_pending_owner_manifest_voices_sample_cost
media:toefl:set-18:speaking-repeat-7	set-18	speaking	speaking	listen-and-repeat	t18-s-rp7	/audio/toefl/set-18/repeat-7.mp3	src/data/toefl/speaking-fixed-repeat.ts#t18-s-rp7	8660ebc8b11591f0b13da13aef3c5f68efba20d783badde3ec61eecfc5863c74	129	129	19	1	woman	woman	woman	mp3_44100_64_mono_after_QA	no	script-ready-audio-blocked	blocked_pending_owner_manifest_voices_sample_cost
media:toefl:set-19:listening-m1-choose-6	set-19	listening	listening-1	choose-response	item:t19-l-m1-cr6-v1	/audio/toefl/set-19/listening-m1-choose-6.mp3	src/data/toefl/listening-fixed-sets-16-20.ts#media:toefl:set-19:listening-m1-choose-6	ff01ba16b72395b0ed23930b1b8c8bba2769029d2868efcfd2f9c0c5af2336e7	49	49	8	1	man	man	man	mp3_44100_64_mono_after_QA	no	script-ready-audio-blocked	blocked_pending_owner_manifest_voices_sample_cost
media:toefl:set-19:listening-m1-choose-7	set-19	listening	listening-1	choose-response	item:t19-l-m1-cr7-v1	/audio/toefl/set-19/listening-m1-choose-7.mp3	src/data/toefl/listening-fixed-sets-16-20.ts#media:toefl:set-19:listening-m1-choose-7	4ab9e30ca56424e10b688b14d025da0722fc9bcdb5d5c527e57af46407a06091	55	55	8	1	woman	woman	woman	mp3_44100_64_mono_after_QA	no	script-ready-audio-blocked	blocked_pending_owner_manifest_voices_sample_cost
media:toefl:set-19:listening-m1-choose-8	set-19	listening	listening-1	choose-response	item:t19-l-m1-cr8-v1	/audio/toefl/set-19/listening-m1-choose-8.mp3	src/data/toefl/listening-fixed-sets-16-20.ts#media:toefl:set-19:listening-m1-choose-8	4115b5ccd79cdfc28c45edf4fd171bf7def335f12a23044f497746161c7b0e4d	53	53	11	1	man	man	man	mp3_44100_64_mono_after_QA	no	script-ready-audio-blocked	blocked_pending_owner_manifest_voices_sample_cost
media:toefl:set-19:listening-m2-academic-talk	set-19	listening	listening-2	academic-talk	item:t19-l-m2-at1-v1;item:t19-l-m2-at2-v1;item:t19-l-m2-at3-v1;item:t19-l-m2-at4-v1	/audio/toefl/set-19/listening-m2-academic-talk.mp3	src/data/toefl/listening-fixed-sets-16-20.ts#media:toefl:set-19:listening-m2-academic-talk	ca048a78e3d69ad8a01ed2291a599b084f2f44f6db931bf5a866089063e41e30	1326	1315	196	1	PROFESSOR	professor	professor	mp3_44100_64_mono_after_QA	no	script-ready-audio-blocked	blocked_pending_owner_manifest_voices_sample_cost
media:toefl:set-19:listening-m2-announcement	set-19	listening	listening-2	announcement	item:t19-l-m2-an1-v1;item:t19-l-m2-an2-v1	/audio/toefl/set-19/listening-m2-announcement.mp3	src/data/toefl/listening-fixed-sets-16-20.ts#media:toefl:set-19:listening-m2-announcement	0c1c7ff05ce57be1c6c12570b93c82d63322b3ce07615122b5fa414fa100eda8	436	425	68	1	ANNOUNCER	announcer	announcer	mp3_44100_64_mono_after_QA	no	script-ready-audio-blocked	blocked_pending_owner_manifest_voices_sample_cost
media:toefl:set-19:listening-m2-choose-1	set-19	listening	listening-2	choose-response	item:t19-l-m2-cr1-v1	/audio/toefl/set-19/listening-m2-choose-1.mp3	src/data/toefl/listening-fixed-sets-16-20.ts#media:toefl:set-19:listening-m2-choose-1	a34da0c5b99051a0e0ecb26a6c765907eabac316f8324333581dc620f117a914	46	46	7	1	woman	woman	woman	mp3_44100_64_mono_after_QA	no	script-ready-audio-blocked	blocked_pending_owner_manifest_voices_sample_cost
media:toefl:set-19:listening-m2-choose-2	set-19	listening	listening-2	choose-response	item:t19-l-m2-cr2-v1	/audio/toefl/set-19/listening-m2-choose-2.mp3	src/data/toefl/listening-fixed-sets-16-20.ts#media:toefl:set-19:listening-m2-choose-2	e949af1e902600c8369561cb683d0368edc9cb512ea4239c8468b100d02951d2	56	56	8	1	man	man	man	mp3_44100_64_mono_after_QA	no	script-ready-audio-blocked	blocked_pending_owner_manifest_voices_sample_cost
media:toefl:set-19:listening-m2-choose-3	set-19	listening	listening-2	choose-response	item:t19-l-m2-cr3-v1	/audio/toefl/set-19/listening-m2-choose-3.mp3	src/data/toefl/listening-fixed-sets-16-20.ts#media:toefl:set-19:listening-m2-choose-3	f1f580a3fb6f7b3102ef0305dc5ea2255d9f5602e790da733e09575f9bdd400e	57	57	9	1	woman	woman	woman	mp3_44100_64_mono_after_QA	no	script-ready-audio-blocked	blocked_pending_owner_manifest_voices_sample_cost
media:toefl:set-19:listening-m2-choose-4	set-19	listening	listening-2	choose-response	item:t19-l-m2-cr4-v1	/audio/toefl/set-19/listening-m2-choose-4.mp3	src/data/toefl/listening-fixed-sets-16-20.ts#media:toefl:set-19:listening-m2-choose-4	8116dfbe5861fa9349d5b0cc8559c55ca75cb0b1d74e78e158a00fef6a810147	47	47	8	1	man	man	man	mp3_44100_64_mono_after_QA	no	script-ready-audio-blocked	blocked_pending_owner_manifest_voices_sample_cost
media:toefl:set-19:listening-m2-choose-5	set-19	listening	listening-2	choose-response	item:t19-l-m2-cr5-v1	/audio/toefl/set-19/listening-m2-choose-5.mp3	src/data/toefl/listening-fixed-sets-16-20.ts#media:toefl:set-19:listening-m2-choose-5	c252833c0e30dffcad00b5a51f86b11af632ed3247a07daf754e55c351d5fd4c	47	47	8	1	woman	woman	woman	mp3_44100_64_mono_after_QA	no	script-ready-audio-blocked	blocked_pending_owner_manifest_voices_sample_cost
media:toefl:set-19:listening-m2-choose-6	set-19	listening	listening-2	choose-response	item:t19-l-m2-cr6-v1	/audio/toefl/set-19/listening-m2-choose-6.mp3	src/data/toefl/listening-fixed-sets-16-20.ts#media:toefl:set-19:listening-m2-choose-6	aed2ed8ccd54b4c9552a7dee13a72fd3aadaedf98fab8e6640f895bc729dc1ab	51	51	7	1	man	man	man	mp3_44100_64_mono_after_QA	no	script-ready-audio-blocked	blocked_pending_owner_manifest_voices_sample_cost
media:toefl:set-19:listening-m2-choose-7	set-19	listening	listening-2	choose-response	item:t19-l-m2-cr7-v1	/audio/toefl/set-19/listening-m2-choose-7.mp3	src/data/toefl/listening-fixed-sets-16-20.ts#media:toefl:set-19:listening-m2-choose-7	c0ba2731091905846370b3e0ce19660ce775ffe2f25fe55402ba8dcf7ffd41c4	47	47	8	1	woman	woman	woman	mp3_44100_64_mono_after_QA	no	script-ready-audio-blocked	blocked_pending_owner_manifest_voices_sample_cost
media:toefl:set-19:listening-m2-choose-8	set-19	listening	listening-2	choose-response	item:t19-l-m2-cr8-v1	/audio/toefl/set-19/listening-m2-choose-8.mp3	src/data/toefl/listening-fixed-sets-16-20.ts#media:toefl:set-19:listening-m2-choose-8	d891a685a1910ed78a62c40e5f06f125844ea15c8b89e20121e3c97cb647d9fb	49	49	9	1	man	man	man	mp3_44100_64_mono_after_QA	no	script-ready-audio-blocked	blocked_pending_owner_manifest_voices_sample_cost
media:toefl:set-19:listening-m2-conversation	set-19	listening	listening-2	conversation	item:t19-l-m2-cv1-v1;item:t19-l-m2-cv2-v1	/audio/toefl/set-19/listening-m2-conversation.mp3	src/data/toefl/listening-fixed-sets-16-20.ts#media:toefl:set-19:listening-m2-conversation	d4e6f78bb70cdf14a5efe880fd1a50bc8e87a9c660219b1d988ce4d4babd1512	522	474	83	4	STUDENT;SUPERVISOR	student;announcer	student;staff	mp3_44100_64_mono_after_QA	no	script-ready-audio-blocked	blocked_pending_owner_manifest_voices_sample_cost
media:toefl:set-19:speaking-interview-1	set-19	speaking	speaking	take-an-interview	t19-s-iv1	/audio/toefl/set-19/interview-1.mp3	src/data/mocks/toefl-set-19.ts#t19-s-iv1	406284e66cb41309389858e5c45c9e60806b32d30fa1050b3c1c3a356aa084f7	96	96	20	1	INTERVIEWER	interviewer	interviewer	mp3_44100_64_mono_after_QA	no	script-ready-audio-blocked	blocked_pending_owner_manifest_voices_sample_cost
media:toefl:set-19:speaking-interview-2	set-19	speaking	speaking	take-an-interview	t19-s-iv2	/audio/toefl/set-19/interview-2.mp3	src/data/mocks/toefl-set-19.ts#t19-s-iv2	9479f297015b1c4cbb3a95d938e12f49d1671556c8dbb57e6c9a74d679865b06	145	145	29	1	INTERVIEWER	interviewer	interviewer	mp3_44100_64_mono_after_QA	no	script-ready-audio-blocked	blocked_pending_owner_manifest_voices_sample_cost
media:toefl:set-19:speaking-interview-3	set-19	speaking	speaking	take-an-interview	t19-s-iv3	/audio/toefl/set-19/interview-3.mp3	src/data/mocks/toefl-set-19.ts#t19-s-iv3	5b961c3479fb0322286626d08f049515463ad82cd884548df341f5a56b8a086e	171	171	30	1	INTERVIEWER	interviewer	interviewer	mp3_44100_64_mono_after_QA	no	script-ready-audio-blocked	blocked_pending_owner_manifest_voices_sample_cost
media:toefl:set-19:speaking-interview-4	set-19	speaking	speaking	take-an-interview	t19-s-iv4	/audio/toefl/set-19/interview-4.mp3	src/data/mocks/toefl-set-19.ts#t19-s-iv4	fd95791616bb3f104450e910d85fe1f954a40d7d10609fdbbef2cbd545b69de6	111	111	17	1	INTERVIEWER	interviewer	interviewer	mp3_44100_64_mono_after_QA	no	script-ready-audio-blocked	blocked_pending_owner_manifest_voices_sample_cost
media:toefl:set-19:speaking-repeat-6	set-19	speaking	speaking	listen-and-repeat	t19-s-rp6	/audio/toefl/set-19/repeat-6.mp3	src/data/toefl/speaking-fixed-repeat.ts#t19-s-rp6	42849aa0259b4c53031dc9e94c84f820b88bb63df73ec009618b04ffeec70e4f	92	92	16	1	woman	woman	woman	mp3_44100_64_mono_after_QA	no	script-ready-audio-blocked	blocked_pending_owner_manifest_voices_sample_cost
media:toefl:set-19:speaking-repeat-7	set-19	speaking	speaking	listen-and-repeat	t19-s-rp7	/audio/toefl/set-19/repeat-7.mp3	src/data/toefl/speaking-fixed-repeat.ts#t19-s-rp7	d5e2597e636d82bc67c04393839de569902267d0f930d65c8d0ee4855394b1bf	133	133	22	1	man	man	man	mp3_44100_64_mono_after_QA	no	script-ready-audio-blocked	blocked_pending_owner_manifest_voices_sample_cost
media:toefl:set-20:listening-m1-choose-6	set-20	listening	listening-1	choose-response	item:t20-l-m1-cr6-v1	/audio/toefl/set-20/listening-m1-choose-6.mp3	src/data/toefl/listening-fixed-sets-16-20.ts#media:toefl:set-20:listening-m1-choose-6	939ba429aa2ce34fa7d431b27b596b607c247a73b8ed92a92621dfcb12ab92d5	60	60	8	1	woman	woman	woman	mp3_44100_64_mono_after_QA	no	script-ready-audio-blocked	blocked_pending_owner_manifest_voices_sample_cost
media:toefl:set-20:listening-m1-choose-7	set-20	listening	listening-1	choose-response	item:t20-l-m1-cr7-v1	/audio/toefl/set-20/listening-m1-choose-7.mp3	src/data/toefl/listening-fixed-sets-16-20.ts#media:toefl:set-20:listening-m1-choose-7	ddc6f8e7adb1bf47ec98e579123e64435d05edf3ef6a026fa302c551c76a8909	40	40	7	1	man	man	man	mp3_44100_64_mono_after_QA	no	script-ready-audio-blocked	blocked_pending_owner_manifest_voices_sample_cost
media:toefl:set-20:listening-m1-choose-8	set-20	listening	listening-1	choose-response	item:t20-l-m1-cr8-v1	/audio/toefl/set-20/listening-m1-choose-8.mp3	src/data/toefl/listening-fixed-sets-16-20.ts#media:toefl:set-20:listening-m1-choose-8	06fe51005d55b08af71ee2789c5d8c796922bfa6981793dd23974ea208c4bf41	40	40	9	1	woman	woman	woman	mp3_44100_64_mono_after_QA	no	script-ready-audio-blocked	blocked_pending_owner_manifest_voices_sample_cost
media:toefl:set-20:listening-m2-academic-talk	set-20	listening	listening-2	academic-talk	item:t20-l-m2-at1-v1;item:t20-l-m2-at2-v1;item:t20-l-m2-at3-v1;item:t20-l-m2-at4-v1	/audio/toefl/set-20/listening-m2-academic-talk.mp3	src/data/toefl/listening-fixed-sets-16-20.ts#media:toefl:set-20:listening-m2-academic-talk	9ded7cc085e5a8797851e8714f85c723d2bef2495193cf2bbabd05368f6be480	1333	1322	190	1	PROFESSOR	professor	professor	mp3_44100_64_mono_after_QA	no	script-ready-audio-blocked	blocked_pending_owner_manifest_voices_sample_cost
media:toefl:set-20:listening-m2-announcement	set-20	listening	listening-2	announcement	item:t20-l-m2-an1-v1;item:t20-l-m2-an2-v1	/audio/toefl/set-20/listening-m2-announcement.mp3	src/data/toefl/listening-fixed-sets-16-20.ts#media:toefl:set-20:listening-m2-announcement	b17172c96210811217a5e979b1f3ceb74198debc5ceb1f32242923fdcd36995c	412	401	66	1	ANNOUNCER	announcer	announcer	mp3_44100_64_mono_after_QA	no	script-ready-audio-blocked	blocked_pending_owner_manifest_voices_sample_cost
media:toefl:set-20:listening-m2-choose-1	set-20	listening	listening-2	choose-response	item:t20-l-m2-cr1-v1	/audio/toefl/set-20/listening-m2-choose-1.mp3	src/data/toefl/listening-fixed-sets-16-20.ts#media:toefl:set-20:listening-m2-choose-1	f8e197b4e60df521d8572da6e313a2411e53bb4125594969e85a1f12707a20cc	45	45	8	1	man	man	man	mp3_44100_64_mono_after_QA	no	script-ready-audio-blocked	blocked_pending_owner_manifest_voices_sample_cost
media:toefl:set-20:listening-m2-choose-2	set-20	listening	listening-2	choose-response	item:t20-l-m2-cr2-v1	/audio/toefl/set-20/listening-m2-choose-2.mp3	src/data/toefl/listening-fixed-sets-16-20.ts#media:toefl:set-20:listening-m2-choose-2	de99e8c21bf0d29ed3197a7a809c151d64768dfaa781ebab92ee6692de9b96ad	53	53	8	1	woman	woman	woman	mp3_44100_64_mono_after_QA	no	script-ready-audio-blocked	blocked_pending_owner_manifest_voices_sample_cost
media:toefl:set-20:listening-m2-choose-3	set-20	listening	listening-2	choose-response	item:t20-l-m2-cr3-v1	/audio/toefl/set-20/listening-m2-choose-3.mp3	src/data/toefl/listening-fixed-sets-16-20.ts#media:toefl:set-20:listening-m2-choose-3	032917c62b304c2ba54e8c5bfc4ca7ca5161df8e970886ea9538bd15915aa1cb	53	53	8	1	man	man	man	mp3_44100_64_mono_after_QA	no	script-ready-audio-blocked	blocked_pending_owner_manifest_voices_sample_cost
media:toefl:set-20:listening-m2-choose-4	set-20	listening	listening-2	choose-response	item:t20-l-m2-cr4-v1	/audio/toefl/set-20/listening-m2-choose-4.mp3	src/data/toefl/listening-fixed-sets-16-20.ts#media:toefl:set-20:listening-m2-choose-4	84f763d9878d063cd987bfc678d82f357eeafcf026c130746a0c28584ad04e85	64	64	13	1	woman	woman	woman	mp3_44100_64_mono_after_QA	no	script-ready-audio-blocked	blocked_pending_owner_manifest_voices_sample_cost
media:toefl:set-20:listening-m2-choose-5	set-20	listening	listening-2	choose-response	item:t20-l-m2-cr5-v1	/audio/toefl/set-20/listening-m2-choose-5.mp3	src/data/toefl/listening-fixed-sets-16-20.ts#media:toefl:set-20:listening-m2-choose-5	4d5a1d69366dafd0ae96de6912813a7c5a3f31fff1bd29d2bb6c0ac5e1a8515e	46	46	8	1	man	man	man	mp3_44100_64_mono_after_QA	no	script-ready-audio-blocked	blocked_pending_owner_manifest_voices_sample_cost
media:toefl:set-20:listening-m2-choose-6	set-20	listening	listening-2	choose-response	item:t20-l-m2-cr6-v1	/audio/toefl/set-20/listening-m2-choose-6.mp3	src/data/toefl/listening-fixed-sets-16-20.ts#media:toefl:set-20:listening-m2-choose-6	ea645e867ced718d3ea0453166544a1ccbbfd0b0d3cfdbc0ecb6afad12992eb5	46	46	9	1	woman	woman	woman	mp3_44100_64_mono_after_QA	no	script-ready-audio-blocked	blocked_pending_owner_manifest_voices_sample_cost
media:toefl:set-20:listening-m2-choose-7	set-20	listening	listening-2	choose-response	item:t20-l-m2-cr7-v1	/audio/toefl/set-20/listening-m2-choose-7.mp3	src/data/toefl/listening-fixed-sets-16-20.ts#media:toefl:set-20:listening-m2-choose-7	708be268efdb45ed487892c7a14f6260c31fedcf9ebbf8c0e614e75022460bed	45	45	8	1	man	man	man	mp3_44100_64_mono_after_QA	no	script-ready-audio-blocked	blocked_pending_owner_manifest_voices_sample_cost
media:toefl:set-20:listening-m2-choose-8	set-20	listening	listening-2	choose-response	item:t20-l-m2-cr8-v1	/audio/toefl/set-20/listening-m2-choose-8.mp3	src/data/toefl/listening-fixed-sets-16-20.ts#media:toefl:set-20:listening-m2-choose-8	6e0db71c3078414865145284d8002d4066256b8ea55eb5d869762dba50605156	52	52	8	1	woman	woman	woman	mp3_44100_64_mono_after_QA	no	script-ready-audio-blocked	blocked_pending_owner_manifest_voices_sample_cost
media:toefl:set-20:listening-m2-conversation	set-20	listening	listening-2	conversation	item:t20-l-m2-cv1-v1;item:t20-l-m2-cv2-v1	/audio/toefl/set-20/listening-m2-conversation.mp3	src/data/toefl/listening-fixed-sets-16-20.ts#media:toefl:set-20:listening-m2-conversation	744348acc7c5a7a7809e7a2bffa7c25ad265dca0dad49eef9afcba58a710c364	522	458	78	4	STUDENT;EVENTS COORDINATOR	student;announcer	student;staff	mp3_44100_64_mono_after_QA	no	script-ready-audio-blocked	blocked_pending_owner_manifest_voices_sample_cost
media:toefl:set-20:speaking-interview-1	set-20	speaking	speaking	take-an-interview	t20-s-iv1	/audio/toefl/set-20/interview-1.mp3	src/data/mocks/toefl-set-20.ts#t20-s-iv1	80ca0128bef668347b71a8cb89013b362216f19307dd48cd0297af620c6edeb4	99	99	21	1	INTERVIEWER	interviewer	interviewer	mp3_44100_64_mono_after_QA	no	script-ready-audio-blocked	blocked_pending_owner_manifest_voices_sample_cost
media:toefl:set-20:speaking-interview-2	set-20	speaking	speaking	take-an-interview	t20-s-iv2	/audio/toefl/set-20/interview-2.mp3	src/data/mocks/toefl-set-20.ts#t20-s-iv2	0bf52388131fb25eb465e395ecaa92000630ca05582d319aa287d3272d63e897	148	148	27	1	INTERVIEWER	interviewer	interviewer	mp3_44100_64_mono_after_QA	no	script-ready-audio-blocked	blocked_pending_owner_manifest_voices_sample_cost
media:toefl:set-20:speaking-interview-3	set-20	speaking	speaking	take-an-interview	t20-s-iv3	/audio/toefl/set-20/interview-3.mp3	src/data/mocks/toefl-set-20.ts#t20-s-iv3	70ddc552c755b52d404ae55f33a0cb7e38d9fbf484e9130ea1bf9b0392b1f341	175	175	29	1	INTERVIEWER	interviewer	interviewer	mp3_44100_64_mono_after_QA	no	script-ready-audio-blocked	blocked_pending_owner_manifest_voices_sample_cost
media:toefl:set-20:speaking-interview-4	set-20	speaking	speaking	take-an-interview	t20-s-iv4	/audio/toefl/set-20/interview-4.mp3	src/data/mocks/toefl-set-20.ts#t20-s-iv4	f2c07d1c344e3cf3a87974a0764ebe30ad54d04d50b7c47b1d2a881c78d0c2fb	149	149	25	1	INTERVIEWER	interviewer	interviewer	mp3_44100_64_mono_after_QA	no	script-ready-audio-blocked	blocked_pending_owner_manifest_voices_sample_cost
media:toefl:set-20:speaking-repeat-6	set-20	speaking	speaking	listen-and-repeat	t20-s-rp6	/audio/toefl/set-20/repeat-6.mp3	src/data/toefl/speaking-fixed-repeat.ts#t20-s-rp6	032e84df280284c5fc38bd203d0ae65482404da9c0cb22ded43a257f2d338081	105	105	16	1	man	man	man	mp3_44100_64_mono_after_QA	no	script-ready-audio-blocked	blocked_pending_owner_manifest_voices_sample_cost
media:toefl:set-20:speaking-repeat-7	set-20	speaking	speaking	listen-and-repeat	t20-s-rp7	/audio/toefl/set-20/repeat-7.mp3	src/data/toefl/speaking-fixed-repeat.ts#t20-s-rp7	ddadc5aa9a1445efb486eeb47dab3692844f31ed8911caef143ee2b0ed35b7c3	144	144	22	1	woman	woman	woman	mp3_44100_64_mono_after_QA	no	script-ready-audio-blocked	blocked_pending_owner_manifest_voices_sample_cost
