# audit_id	toefl-2026-audio-technical-audit
# audit_version	2026-08-09.v1
# source_manifest	docs/toefl-2026-audio-manifest-2026-08-09.tsv
# source_manifest_sha256	4982abc724898d1b85b60f9605e981c25abcd390839ca9c80630a8c6b37d9913
# audio_fingerprint	dab2fdb8340d2dc72df4d70923985bdfd876174a922d646a3795bb39a5619842
# measurement_tool	FFmpeg_FFprobe_8.1.1
# loudness_contract	internal_-16_LUFS_plus_minus_2.5_not_ETS_requirement
# true_peak_contract	fail_above_0_dBTP_warn_above_minus_1_dBTP
# silence_contract	fail_leading_over_350ms_or_trailing_over_600ms_warn_internal_over_1600ms
# duplicate_contract	unique_MP3_and_PCM_hash_plus_wave_corr_over_0.98_and_envelope_corr_over_0.995
# duplicate_scan_top_pair	asset:toefl:set-5:part-5:listen-choose-3;asset:toefl:set-11:part-5:listen-choose-2
# duplicate_scan_top_wave_corr	0.18783
# duplicate_scan_top_envelope_corr	0.96785
# browser_contract	260_of_260_Chromium_AudioContext_decode_and_muted_HTMLAudio_playback_pass
# reuse_contract	technical_class_only_overall_class_pending_T07_T08
asset_id	set_id	part	task_rule	task_type	path	manifest_sha256	measured_sha256	manifest_bytes	measured_bytes	manifest_duration_ms	measured_duration_ms	codec	sample_rate_hz	channels	channel_layout	bitrate_bps	metadata_status	decode_status	decoder_warning	pcm_sha256	sample_count	sample_peak_dbfs	clipped_sample_count	dc_offset_dbfs	max_sample_delta_dbfs	integrated_lufs	loudness_range_lu	true_peak_dbtp	leading_silence_ms	trailing_silence_ms	max_internal_silence_ms	short_audible_fragment_count	hard_ending_status	near_duplicate_status	browser_status	fail_findings	warning_findings	technical_status	technical_reuse_class	action	owner	overall_reuse_status	release_status	reviewed_at	reviewer
asset:toefl:set-1:part-5:listen-choose-1	set-1	5	L-001	Listen and Choose a Response	public/audio/toefl/set-1/listen-choose-1.mp3	5c397a1458bbc2def111e50648c9e742c4a074fbbfdc742a3478faa6fd6fd076	5c397a1458bbc2def111e50648c9e742c4a074fbbfdc742a3478faa6fd6fd076	24912	24912	3040	3040	mp3	44100	1	mono	64000	pass_encoder_only	pass	none	43911bcdb5b356cd35437cb4637e63be441bb76e971f8ffdf5ee61981075abc6	134064	-2.105	0	-63.611	-13.233	-14.81	0.2	-2.1	0	0	30	0	pass_no_edge_flag	pass_no_candidate	pass_chromium_audio_context_and_muted_playback	none	none	pass_automated_T06	A_technical_conserve_candidate	conserve_source_technical_candidate	T07_T08	pending_T07_T08	blocked_not_validated	2026-08-09	Codex_automated_technical_audit
asset:toefl:set-1:part-5:listen-choose-2	set-1	5	L-001	Listen and Choose a Response	public/audio/toefl/set-1/listen-choose-2.mp3	8d276425d7a469d4280462c64cface44531b009a6a8aa12035e7d81357e745ad	8d276425d7a469d4280462c64cface44531b009a6a8aa12035e7d81357e745ad	26166	26166	3200	3200	mp3	44100	1	mono	64000	pass_encoder_only	pass	none	72e4b980e3ae0fa3ab05910f6cd2c61ed7b254fce1e66b0630b0d0993e66c43c	141120	-1.195	0	-59.812	-17.594	-13.68	0.4	-1.19	0	0	170	0	warning_possible_hard_ending	pass_no_candidate	pass_chromium_audio_context_and_muted_playback	none	TECH-CUT-001;TECH-LDN-003	pass_with_actionable_warning	A_technical_conserve_candidate	review_warning_in_T08_before_conserve	T08	pending_T07_T08	blocked_not_validated	2026-08-09	Codex_automated_technical_audit
asset:toefl:set-1:part-5:listen-choose-3	set-1	5	L-001	Listen and Choose a Response	public/audio/toefl/set-1/listen-choose-3.mp3	03fcd6e06d67a8aade21f2492326d1b50fc697ba8a4e1b2e93d165a8f2f7172a	03fcd6e06d67a8aade21f2492326d1b50fc697ba8a4e1b2e93d165a8f2f7172a	27420	27420	3360	3360	mp3	44100	1	mono	64000	pass_encoder_only	pass	none	f0750af4f8ff4aa291bf6b44e8119aac269e68a6d2410ec9e1545cb5f9128760	148176	-1.618	0	-67.237	-12.022	-15.07	1.2	-1.62	30	10	50	0	pass_no_edge_flag	pass_no_candidate	pass_chromium_audio_context_and_muted_playback	none	none	pass_automated_T06	A_technical_conserve_candidate	conserve_source_technical_candidate	T07_T08	pending_T07_T08	blocked_not_validated	2026-08-09	Codex_automated_technical_audit
asset:toefl:set-1:part-5:listen-choose-4	set-1	5	L-001	Listen and Choose a Response	public/audio/toefl/set-1/listen-choose-4.mp3	11944be706b6c2165c5b11575adf8e45a556dd6b00d86d72c654107ec4979758	11944be706b6c2165c5b11575adf8e45a556dd6b00d86d72c654107ec4979758	24285	24285	2960	2960	mp3	44100	1	mono	64000	pass_encoder_only	pass	none	d82c246342ffbb0e987bce35c0cfd93d4652a51f8338005d1bd7316cf73a9909	130536	-1.316	0	-62.748	-18.164	-14.62	0	-1.29	90	80	10	0	pass_no_edge_flag	pass_no_candidate	pass_chromium_audio_context_and_muted_playback	none	none	pass_automated_T06	A_technical_conserve_candidate	conserve_source_technical_candidate	T07_T08	pending_T07_T08	blocked_not_validated	2026-08-09	Codex_automated_technical_audit
asset:toefl:set-1:part-5:listen-choose-5	set-1	5	L-001	Listen and Choose a Response	public/audio/toefl/set-1/listen-choose-5.mp3	3f2c2190bd33607ec3d0a8669b90f0e5e841e9c891585b5a0085a181439d9bee	3f2c2190bd33607ec3d0a8669b90f0e5e841e9c891585b5a0085a181439d9bee	24285	24285	2960	2960	mp3	44100	1	mono	64000	pass_encoder_only	pass	none	58dca47653cc439b4283c756b7c0c83e70b41596469aefd7510994d72d03eb2e	130536	-1.859	0	-67.334	-12.664	-14.37	0	-1.84	40	0	40	0	pass_no_edge_flag	pass_no_candidate	pass_chromium_audio_context_and_muted_playback	none	none	pass_automated_T06	A_technical_conserve_candidate	conserve_source_technical_candidate	T07_T08	pending_T07_T08	blocked_not_validated	2026-08-09	Codex_automated_technical_audit
asset:toefl:set-1:part-6:conversation	set-1	6	L-002	Listen to a Conversation	public/audio/toefl/set-1/conversation.mp3	dfe47b5aacf092cdeaad940111968c1413856b9c184c529abd92ea06a21c645b	dfe47b5aacf092cdeaad940111968c1413856b9c184c529abd92ea06a21c645b	515805	515805	64400	64400	mp3	44100	1	mono	64000	pass_encoder_only	pass	none	3b719b106f5f2d48e981fc78dfb5c70c9c31bbcc4574afca1864f54ffebffc2d	2840040	-0.655	0	-67.795	-10.954	-14.97	2	-0.59	70	500	650	0	pass_no_edge_flag	pass_no_candidate	pass_chromium_audio_context_and_muted_playback	none	TECH-PEAK-003	pass_with_actionable_warning	A_technical_conserve_candidate	review_warning_in_T08_before_conserve	T08	pending_T07_T08	blocked_not_validated	2026-08-09	Codex_automated_technical_audit
asset:toefl:set-1:part-7:announcement	set-1	7	L-003	Listen to an Announcement	public/audio/toefl/set-1/announcement.mp3	379645912b17f6a6ca37d66f0b5e5599bc435ed6775331da1150431e656448dd	379645912b17f6a6ca37d66f0b5e5599bc435ed6775331da1150431e656448dd	423645	423645	52880	52880	mp3	44100	1	mono	64000	pass_encoder_only	pass	none	ac295f5b8d66b183e81ba354208bd9e9e0b8de796338a6ff00e5957c4285a063	2332008	-1.167	0	-63.983	-11.671	-15.78	2.8	-1.16	70	20	220	0	pass_no_edge_flag	pass_no_candidate	pass_chromium_audio_context_and_muted_playback	none	none	pass_automated_T06	A_technical_conserve_candidate	conserve_source_technical_candidate	T07_T08	pending_T07_T08	blocked_not_validated	2026-08-09	Codex_automated_technical_audit
asset:toefl:set-1:part-8:academic-talk	set-1	8	L-004	Listen to an Academic Talk	public/audio/toefl/set-1/academic-talk.mp3	77c55ddb0db398c3372372a401664812ae2ff2ad01505cbbd843e493690e91d9	77c55ddb0db398c3372372a401664812ae2ff2ad01505cbbd843e493690e91d9	1112860	1112860	139040	139040	mp3	44100	1	mono	64000	pass_encoder_only	pass	none	6a92bd9ae7995496c6c96286da7f960a4fab0c3a953ced95271b2694832093ce	6131664	-1.022	0	-68.507	-14.326	-18.26	3.5	-0.97	40	0	760	0	pass_no_edge_flag	pass_no_candidate	pass_chromium_audio_context_and_muted_playback	none	TECH-LDN-003;TECH-PEAK-003	pass_with_actionable_warning	A_technical_conserve_candidate	review_warning_in_T08_before_conserve	T08	pending_T07_T08	blocked_not_validated	2026-08-09	Codex_automated_technical_audit
asset:toefl:set-1:part-12:repeat-1	set-1	12	S-001	Listen and Repeat	public/audio/toefl/set-1/repeat-1.mp3	6802849e7b9e1caa8b212bb811204d708306d9dc3caba5e743f35f2f7f48335d	6802849e7b9e1caa8b212bb811204d708306d9dc3caba5e743f35f2f7f48335d	12164	12164	1440	1440	mp3	44100	1	mono	64000	pass_encoder_only	pass	none	5270062f991ec161692f2998923db3133a67b242a1b59d84b497f42c6d0c121d	63504	-1.485	0	-64.678	-16.953	-13.64	0	-1.47	30	40	70	0	pass_no_edge_flag	pass_no_candidate	pass_chromium_audio_context_and_muted_playback	none	TECH-LDN-003	pass_with_actionable_warning	A_technical_conserve_candidate	review_warning_in_T08_before_conserve	T08	pending_T07_T08	blocked_not_validated	2026-08-09	Codex_automated_technical_audit
asset:toefl:set-1:part-12:repeat-2	set-1	12	S-001	Listen and Repeat	public/audio/toefl/set-1/repeat-2.mp3	b6293b7f3481e30af575169049d493531c9be4af51d2e6e3f9a69f3f9037bafa	b6293b7f3481e30af575169049d493531c9be4af51d2e6e3f9a69f3f9037bafa	20315	20315	2480	2480	mp3	44100	1	mono	64000	pass_encoder_only	pass	none	81a356f3b6f5f2faa56a39c98a6bf193dcfa9e29e3a0e86bb07e3a20acfbe907	109368	-2.191	0	-60.761	-17.586	-13.63	0	-2.19	20	40	100	0	pass_no_edge_flag	pass_no_candidate	pass_chromium_audio_context_and_muted_playback	none	TECH-LDN-003	pass_with_actionable_warning	A_technical_conserve_candidate	review_warning_in_T08_before_conserve	T08	pending_T07_T08	blocked_not_validated	2026-08-09	Codex_automated_technical_audit
asset:toefl:set-1:part-12:repeat-3	set-1	12	S-001	Listen and Repeat	public/audio/toefl/set-1/repeat-3.mp3	02d1281e5aa876826ad9c3ec8282bf9fc54a177aa37aed508b93d632a588a61d	02d1281e5aa876826ad9c3ec8282bf9fc54a177aa37aed508b93d632a588a61d	28674	28674	3520	3520	mp3	44100	1	mono	64000	pass_encoder_only	pass	none	ff3c3c694da04b5d6793c755ce820e9a2cd7f67b61b06eb1c92a138de3515e87	155232	-1.81	0	-61.159	-19.236	-14.96	0.4	-1.79	70	70	140	0	pass_no_edge_flag	pass_no_candidate	pass_chromium_audio_context_and_muted_playback	none	none	pass_automated_T06	A_technical_conserve_candidate	conserve_source_technical_candidate	T07_T08	pending_T07_T08	blocked_not_validated	2026-08-09	Codex_automated_technical_audit
asset:toefl:set-1:part-12:repeat-4	set-1	12	S-001	Listen and Repeat	public/audio/toefl/set-1/repeat-4.mp3	fab7ba04db4eb61b6ae8c47238935eb509fb6cb2b7bba7109b71768c300b5954	fab7ba04db4eb61b6ae8c47238935eb509fb6cb2b7bba7109b71768c300b5954	27420	27420	3360	3360	mp3	44100	1	mono	64000	pass_encoder_only	pass	none	49c5c39a49bc6ed00a50295ba7e46f0684b61cad06adcd9899218cf0c4e24c9a	148176	-0.204	0	-62.819	-14.538	-14.01	0.3	-0.21	80	70	60	0	pass_no_edge_flag	pass_no_candidate	pass_chromium_audio_context_and_muted_playback	none	TECH-PEAK-003	pass_with_actionable_warning	A_technical_conserve_candidate	review_warning_in_T08_before_conserve	T08	pending_T07_T08	blocked_not_validated	2026-08-09	Codex_automated_technical_audit
asset:toefl:set-1:part-12:repeat-5	set-1	12	S-001	Listen and Repeat	public/audio/toefl/set-1/repeat-5.mp3	528f7c97b9c2922e15a4b78bd1b78be063ec349fa615ab82ef452ced173484d0	528f7c97b9c2922e15a4b78bd1b78be063ec349fa615ab82ef452ced173484d0	37033	37033	4560	4560	mp3	44100	1	mono	64000	pass_encoder_only	pass	none	c5d08e4813ef483bf51707c3cab25b8a9eb81dc1d768cb245fa7b8fb57ea6fa8	201096	-1.096	0	-64.599	-16.815	-16.89	1.1	-1.06	90	0	190	0	pass_no_edge_flag	pass_no_candidate	pass_chromium_audio_context_and_muted_playback	none	none	pass_automated_T06	A_technical_conserve_candidate	conserve_source_technical_candidate	T07_T08	pending_T07_T08	blocked_not_validated	2026-08-09	Codex_automated_technical_audit
asset:toefl:set-2:part-5:listen-choose-1	set-2	5	L-001	Listen and Choose a Response	public/audio/toefl/set-2/listen-choose-1.mp3	d9fd61a586887ea4c546b12880cd9860eff1735e47eb7cddc3adf1a56053d863	d9fd61a586887ea4c546b12880cd9860eff1735e47eb7cddc3adf1a56053d863	23031	23031	2820	2820	mp3	44100	1	mono	64000	pass_encoder_only	pass	none	4820422362f9d44aa1fdcc66d8142118ecfa7df0021928bce81ac60dbc39397b	124362	-2.401	0	-80.658	-12.846	-14.57	0	-2.4	120	500	40	0	pass_no_edge_flag	pass_no_candidate	pass_chromium_audio_context_and_muted_playback	none	none	pass_automated_T06	A_technical_conserve_candidate	conserve_source_technical_candidate	T07_T08	pending_T07_T08	blocked_not_validated	2026-08-09	Codex_automated_technical_audit
asset:toefl:set-2:part-5:listen-choose-2	set-2	5	L-001	Listen and Choose a Response	public/audio/toefl/set-2/listen-choose-2.mp3	69cf115e4ff99383c423c7f6bb380110b9149f32a9380bf49c44f2cd604203f7	69cf115e4ff99383c423c7f6bb380110b9149f32a9380bf49c44f2cd604203f7	28256	28256	3460	3460	mp3	44100	1	mono	64000	pass_encoder_only	pass	none	34dec040dafb8df261a05a5d5c51512002c3e5d503755e652730cdd1b36415c9	152586	-1.163	0	-63.128	-17.394	-13.87	1.1	-1.15	110	540	30	0	pass_no_edge_flag	pass_no_candidate	pass_chromium_audio_context_and_muted_playback	none	TECH-LDN-003	pass_with_actionable_warning	A_technical_conserve_candidate	review_warning_in_T08_before_conserve	T08	pending_T07_T08	blocked_not_validated	2026-08-09	Codex_automated_technical_audit
asset:toefl:set-2:part-5:listen-choose-3	set-2	5	L-001	Listen and Choose a Response	public/audio/toefl/set-2/listen-choose-3.mp3	c16d10b8076bfee5899154435f422d5b3dd27a5e143a548828ecc1de613b2462	c16d10b8076bfee5899154435f422d5b3dd27a5e143a548828ecc1de613b2462	18016	18016	2180	2180	mp3	44100	1	mono	64000	pass_encoder_only	pass	none	877c33bd30e11e503af8c622e32af8fc0436f82618e8b2f400fce58738acbe0a	96138	-1.284	0	-65.276	-17.671	-15.36	0	-1.28	40	500	30	0	pass_no_edge_flag	pass_no_candidate	pass_chromium_audio_context_and_muted_playback	none	none	pass_automated_T06	A_technical_conserve_candidate	conserve_source_technical_candidate	T07_T08	pending_T07_T08	blocked_not_validated	2026-08-09	Codex_automated_technical_audit
asset:toefl:set-2:part-5:listen-choose-4	set-2	5	L-001	Listen and Choose a Response	public/audio/toefl/set-2/listen-choose-4.mp3	d219aee6ac206599216dc50bb76ffd7219070fef6c63d99a5dbcacf83ce8b652	d219aee6ac206599216dc50bb76ffd7219070fef6c63d99a5dbcacf83ce8b652	29510	29510	3620	3620	mp3	44100	1	mono	64000	pass_encoder_only	pass	none	ff5b50068d076467852c5d813f28e6c0f12eee77dd0a0cf827d0e51cd639ba6d	159642	-0.69	0	-61.945	-17.324	-13.97	1.2	-0.66	0	500	180	0	pass_no_edge_flag	pass_no_candidate	pass_chromium_audio_context_and_muted_playback	none	TECH-LDN-003;TECH-PEAK-003	pass_with_actionable_warning	A_technical_conserve_candidate	review_warning_in_T08_before_conserve	T08	pending_T07_T08	blocked_not_validated	2026-08-09	Codex_automated_technical_audit
asset:toefl:set-2:part-5:listen-choose-5	set-2	5	L-001	Listen and Choose a Response	public/audio/toefl/set-2/listen-choose-5.mp3	66ef7eaddff6f90b8dc91cc87272dbfb14c1fd4b7d31c22c83b54c73b7639bb3	66ef7eaddff6f90b8dc91cc87272dbfb14c1fd4b7d31c22c83b54c73b7639bb3	27002	27002	3300	3300	mp3	44100	1	mono	64000	pass_encoder_only	pass	none	f1a68fdb09a3563c3d71602edb53622be34057b2bd83faa3640bdba3af241c4c	145530	-1.446	0	-58.896	-15.021	-15.27	0.9	-1.44	50	500	40	0	pass_no_edge_flag	pass_no_candidate	pass_chromium_audio_context_and_muted_playback	none	none	pass_automated_T06	A_technical_conserve_candidate	conserve_source_technical_candidate	T07_T08	pending_T07_T08	blocked_not_validated	2026-08-09	Codex_automated_technical_audit
asset:toefl:set-2:part-6:conversation	set-2	6	L-002	Listen to a Conversation	public/audio/toefl/set-2/conversation.mp3	3f66fa0793a1a025aef50df37fd73f5bfaab9084966e2c2d02bf2efc43d77a20	3f66fa0793a1a025aef50df37fd73f5bfaab9084966e2c2d02bf2efc43d77a20	693229	693229	86580	86580	mp3	44100	1	mono	64000	pass_encoder_only	pass	none	7e848fd2dc50dcc305d58287d62d13b333c140cf26c2a22d0cd0883817d2ae53	3818178	-1.151	0	-68.765	-11.787	-16.68	5.5	-1.1	50	500	1030	0	pass_no_edge_flag	pass_no_candidate	pass_chromium_audio_context_and_muted_playback	none	none	pass_automated_T06	A_technical_conserve_candidate	conserve_source_technical_candidate	T07_T08	pending_T07_T08	blocked_not_validated	2026-08-09	Codex_automated_technical_audit
asset:toefl:set-2:part-7:announcement	set-2	7	L-003	Listen to an Announcement	public/audio/toefl/set-2/announcement.mp3	33012af8b9274a7b2c31df0c699dafb0fe38e71d6b02f6a1ad450298366893e0	33012af8b9274a7b2c31df0c699dafb0fe38e71d6b02f6a1ad450298366893e0	418003	418003	52180	52180	mp3	44100	1	mono	64000	pass_encoder_only	pass	none	8fe65c0c8e1581b24245f977a7a21bb423368bcf10085cae145f9c3746beae4f	2301138	-1.339	0	-65.631	-12.497	-15.52	1.8	-1.32	70	510	160	0	pass_no_edge_flag	pass_no_candidate	pass_chromium_audio_context_and_muted_playback	none	none	pass_automated_T06	A_technical_conserve_candidate	conserve_source_technical_candidate	T07_T08	pending_T07_T08	blocked_not_validated	2026-08-09	Codex_automated_technical_audit
asset:toefl:set-2:part-8:academic-talk	set-2	8	L-004	Listen to an Academic Talk	public/audio/toefl/set-2/academic-talk.mp3	2abaea77d843663493e5aad9e2fcc24d836596f6970b553380d0e60290a6492a	2abaea77d843663493e5aad9e2fcc24d836596f6970b553380d0e60290a6492a	1150267	1150267	143701	143701	mp3	44100	1	mono	64000	pass_encoder_only	pass	none	540dc73c0c465af25f2aef9c8462c7c6fedc4fb383e17409cc61790f36d04d49	6337199	-1.34	0	-66.797	-12.91	-18.23	2.9	-1.33	40	530	1060	0	pass_no_edge_flag	pass_no_candidate	pass_chromium_audio_context_and_muted_playback	none	TECH-LDN-003	pass_with_actionable_warning	A_technical_conserve_candidate	review_warning_in_T08_before_conserve	T08	pending_T07_T08	blocked_not_validated	2026-08-09	Codex_automated_technical_audit
asset:toefl:set-2:part-12:repeat-1	set-2	12	S-001	Listen and Repeat	public/audio/toefl/set-2/repeat-1.mp3	757d57e54e6d519296657ca579ee14bbb6250c425ee1bd76e491dca731b37619	757d57e54e6d519296657ca579ee14bbb6250c425ee1bd76e491dca731b37619	16762	16762	2020	2020	mp3	44100	1	mono	64000	pass_encoder_only	pass	none	10e5a95a412d74c45ca70f9089fff7f3d2a6411f1d61b5f51b18e2f1b4a978a8	89082	-1.158	0	-65.344	-18.662	-13.35	0	-1.16	90	570	20	0	pass_no_edge_flag	pass_no_candidate	pass_chromium_audio_context_and_muted_playback	TECH-LDN-002	none	fail_actionable	B_technical_repair_candidate	measure_gain_create_versioned_normalized_variant	T20_T21_T22	pending_T07_T08	blocked_not_validated	2026-08-09	Codex_automated_technical_audit
asset:toefl:set-2:part-12:repeat-2	set-2	12	S-001	Listen and Repeat	public/audio/toefl/set-2/repeat-2.mp3	6c53cef42b966dd2ba3e12001fd14b3c9ee1a112dd7aeeef02ed4729e0f24c07	6c53cef42b966dd2ba3e12001fd14b3c9ee1a112dd7aeeef02ed4729e0f24c07	23867	23867	2901	2901	mp3	44100	1	mono	64000	pass_encoder_only	pass	none	afa8a443f0c4448376268563dfc25ab2287cf6a177ff3df90a9f076b44894d70	127919	-1.212	0	-62.959	-18.923	-12.85	0	-1.21	150	510	90	0	pass_no_edge_flag	pass_no_candidate	pass_chromium_audio_context_and_muted_playback	TECH-LDN-002	none	fail_actionable	B_technical_repair_candidate	measure_gain_create_versioned_normalized_variant	T20_T21_T22	pending_T07_T08	blocked_not_validated	2026-08-09	Codex_automated_technical_audit
asset:toefl:set-2:part-12:repeat-3	set-2	12	S-001	Listen and Repeat	public/audio/toefl/set-2/repeat-3.mp3	6d90fcd5d270277452675783843f7ef0f243abcf004f1fe03453cb994884c8ef	6d90fcd5d270277452675783843f7ef0f243abcf004f1fe03453cb994884c8ef	30764	30764	3780	3780	mp3	44100	1	mono	64000	pass_encoder_only	pass	none	e353202270e0d1a1ff1a0d62723eb5784ad965ff7d53f98ca9d9708590c58412	166698	-0.956	0	-63.72	-18.823	-15.64	2.4	-0.95	40	540	50	0	pass_no_edge_flag	pass_no_candidate	pass_chromium_audio_context_and_muted_playback	none	TECH-PEAK-003	pass_with_actionable_warning	A_technical_conserve_candidate	review_warning_in_T08_before_conserve	T08	pending_T07_T08	blocked_not_validated	2026-08-09	Codex_automated_technical_audit
asset:toefl:set-2:part-12:repeat-4	set-2	12	S-001	Listen and Repeat	public/audio/toefl/set-2/repeat-4.mp3	6995e51b473dabba0e1ecf9d65b9d315f152d3778ab1da5299fd7699fb11f4bb	6995e51b473dabba0e1ecf9d65b9d315f152d3778ab1da5299fd7699fb11f4bb	39123	39123	4820	4820	mp3	44100	1	mono	64000	pass_encoder_only	pass	none	737ece6b0877368fb1cce9e1cc56647cf380d25731fef65b966e508466312fb7	212562	-1.336	0	-63.792	-17.806	-13.87	2	-1.33	70	500	200	0	pass_no_edge_flag	pass_no_candidate	pass_chromium_audio_context_and_muted_playback	none	TECH-LDN-003	pass_with_actionable_warning	A_technical_conserve_candidate	review_warning_in_T08_before_conserve	T08	pending_T07_T08	blocked_not_validated	2026-08-09	Codex_automated_technical_audit
asset:toefl:set-2:part-12:repeat-5	set-2	12	S-001	Listen and Repeat	public/audio/toefl/set-2/repeat-5.mp3	7512f0c7100710937157c477e686e4ac728ac455d6b2d3a237f73e237b503c44	7512f0c7100710937157c477e686e4ac728ac455d6b2d3a237f73e237b503c44	42257	42257	5220	5220	mp3	44100	1	mono	64000	pass_encoder_only	pass	none	cf2a84249306f762103d10532a7fb6d705905ddc06fa9c10780d94f73a5cda3b	230202	-0.797	0	-64.072	-16.819	-14.6	1.9	-0.8	80	500	140	0	pass_no_edge_flag	pass_no_candidate	pass_chromium_audio_context_and_muted_playback	none	TECH-PEAK-003	pass_with_actionable_warning	A_technical_conserve_candidate	review_warning_in_T08_before_conserve	T08	pending_T07_T08	blocked_not_validated	2026-08-09	Codex_automated_technical_audit
asset:toefl:set-3:part-5:listen-choose-1	set-3	5	L-001	Listen and Choose a Response	public/audio/toefl/set-3/listen-choose-1.mp3	0ad66b726fc0fbe22e4121bdbcd8fc9ddef1c186dfae46af153e32e7b56469aa	0ad66b726fc0fbe22e4121bdbcd8fc9ddef1c186dfae46af153e32e7b56469aa	26375	26375	3220	3220	mp3	44100	1	mono	64000	pass_encoder_only	pass	none	97564dfcff35f0983ebd6f1115e8d0ba8cec02fd5c402a94bc6a47ff245273dc	142002	-1.057	0	-69.105	-12.133	-14.36	0.3	-1.06	0	510	40	0	pass_no_edge_flag	pass_no_candidate	pass_chromium_audio_context_and_muted_playback	none	none	pass_automated_T06	A_technical_conserve_candidate	conserve_source_technical_candidate	T07_T08	pending_T07_T08	blocked_not_validated	2026-08-09	Codex_automated_technical_audit
asset:toefl:set-3:part-5:listen-choose-2	set-3	5	L-001	Listen and Choose a Response	public/audio/toefl/set-3/listen-choose-2.mp3	b3ceb9e000eb718e20cb443c9ee32aef6d711dcc4d782d0e8f5182bb5c193f0e	b3ceb9e000eb718e20cb443c9ee32aef6d711dcc4d782d0e8f5182bb5c193f0e	33271	33271	4100	4100	mp3	44100	1	mono	64000	pass_encoder_only	pass	none	3a000d0ce66db6e3865798ab468e48fcb443ac96db0dbb698102add5bb8f1ec3	180810	-1.829	0	-61.052	-19.82	-15.15	1.4	-1.83	80	500	360	0	pass_no_edge_flag	pass_no_candidate	pass_chromium_audio_context_and_muted_playback	none	none	pass_automated_T06	A_technical_conserve_candidate	conserve_source_technical_candidate	T07_T08	pending_T07_T08	blocked_not_validated	2026-08-09	Codex_automated_technical_audit
asset:toefl:set-3:part-5:listen-choose-3	set-3	5	L-001	Listen and Choose a Response	public/audio/toefl/set-3/listen-choose-3.mp3	8e4d20134fc31874a6c6fb400af9892829aa66f7499cb47fbb70166399aec9e4	8e4d20134fc31874a6c6fb400af9892829aa66f7499cb47fbb70166399aec9e4	24494	24494	2980	2980	mp3	44100	1	mono	64000	pass_encoder_only	pass	none	2c0abe04e146f35dcfe5161042e34ae4bd720f506e8e1cb06542e164d4b10012	131418	-1.875	0	-69.788	-15.595	-14.37	0	-1.87	30	500	10	0	pass_no_edge_flag	pass_no_candidate	pass_chromium_audio_context_and_muted_playback	none	none	pass_automated_T06	A_technical_conserve_candidate	conserve_source_technical_candidate	T07_T08	pending_T07_T08	blocked_not_validated	2026-08-09	Codex_automated_technical_audit
asset:toefl:set-3:part-5:listen-choose-4	set-3	5	L-001	Listen and Choose a Response	public/audio/toefl/set-3/listen-choose-4.mp3	c53a5f618ddaeede7d23ec1032f468d611371262277ac4a08259374566449d29	c53a5f618ddaeede7d23ec1032f468d611371262277ac4a08259374566449d29	29510	29510	3620	3620	mp3	44100	1	mono	64000	pass_encoder_only	pass	none	844efd7663034e5b20b1d541567275b9fbb423cd823823eff74cec7223877631	159642	-0.446	0	-63.909	-13.906	-13.1	1.2	-0.42	40	500	350	0	pass_no_edge_flag	pass_no_candidate	pass_chromium_audio_context_and_muted_playback	TECH-LDN-002	TECH-PEAK-003	fail_actionable	B_technical_repair_candidate	measure_gain_create_versioned_normalized_variant	T20_T21_T22	pending_T07_T08	blocked_not_validated	2026-08-09	Codex_automated_technical_audit
asset:toefl:set-3:part-5:listen-choose-5	set-3	5	L-001	Listen and Choose a Response	public/audio/toefl/set-3/listen-choose-5.mp3	6e18d5c4adefc11b1d087d5455b188804a737a515964fb1b32a7cc8c14350486	6e18d5c4adefc11b1d087d5455b188804a737a515964fb1b32a7cc8c14350486	25748	25748	3140	3140	mp3	44100	1	mono	64000	pass_encoder_only	pass	none	5fba1bf5d7da4ac7363028dbe52ff10bf7ee17ef2feccdd3c18b5c3a1743e145	138474	-1.597	0	-97.805	-14.879	-15.31	0.7	-1.59	50	500	250	0	pass_no_edge_flag	pass_no_candidate	pass_chromium_audio_context_and_muted_playback	none	none	pass_automated_T06	A_technical_conserve_candidate	conserve_source_technical_candidate	T07_T08	pending_T07_T08	blocked_not_validated	2026-08-09	Codex_automated_technical_audit
asset:toefl:set-3:part-6:conversation	set-3	6	L-002	Listen to a Conversation	public/audio/toefl/set-3/conversation.mp3	fe728509f5f704d94700309c4597d1de5de38848fc8a12e608d4759394c520d3	fe728509f5f704d94700309c4597d1de5de38848fc8a12e608d4759394c520d3	598561	598561	74740	74740	mp3	44100	1	mono	64000	pass_encoder_only	pass	none	635a3b9f47d53f6e8ce00ea3f97712ebbac3b821c326772ded4664791a538701	3296034	-0.974	0	-64.244	-12.6	-14.8	2.9	-0.94	0	510	680	0	pass_no_edge_flag	pass_no_candidate	pass_chromium_audio_context_and_muted_playback	none	TECH-PEAK-003	pass_with_actionable_warning	A_technical_conserve_candidate	review_warning_in_T08_before_conserve	T08	pending_T07_T08	blocked_not_validated	2026-08-09	Codex_automated_technical_audit
asset:toefl:set-3:part-7:announcement	set-3	7	L-003	Listen to an Announcement	public/audio/toefl/set-3/announcement.mp3	5f97055dc409da12cbbf832c21e394be67b0ac485e9e7c98d982d7e0f71f15a6	5f97055dc409da12cbbf832c21e394be67b0ac485e9e7c98d982d7e0f71f15a6	444961	444961	55540	55540	mp3	44100	1	mono	64000	pass_encoder_only	pass	none	c77cc07d7d34e63ab63324a721cd62a92d6da5132d94060c4f9827d2e71b72b1	2449314	-1.461	0	-66.317	-13.838	-15.56	2.7	-1.46	30	520	320	0	pass_no_edge_flag	pass_no_candidate	pass_chromium_audio_context_and_muted_playback	none	none	pass_automated_T06	A_technical_conserve_candidate	conserve_source_technical_candidate	T07_T08	pending_T07_T08	blocked_not_validated	2026-08-09	Codex_automated_technical_audit
asset:toefl:set-3:part-8:academic-talk	set-3	8	L-004	Listen to an Academic Talk	public/audio/toefl/set-3/academic-talk.mp3	9517ee793d4fcb710ec4a46299c47840c1eafd54a4c33b85b650323856e15978	9517ee793d4fcb710ec4a46299c47840c1eafd54a4c33b85b650323856e15978	1015057	1015057	126820	126820	mp3	44100	1	mono	64000	pass_encoder_only	pass	none	6d6fd31d8c6e9f373139ef12c1093f5036f7b68c4b08aa50d194afaa6bf95b74	5592762	-0.965	0	-67.506	-13.612	-19.04	2.6	-0.94	100	540	630	0	pass_no_edge_flag	pass_no_candidate	pass_chromium_audio_context_and_muted_playback	TECH-LDN-002	TECH-PEAK-003	fail_actionable	B_technical_repair_candidate	measure_gain_create_versioned_normalized_variant	T20_T21_T22	pending_T07_T08	blocked_not_validated	2026-08-09	Codex_automated_technical_audit
asset:toefl:set-3:part-12:repeat-1	set-3	12	S-001	Listen and Repeat	public/audio/toefl/set-3/repeat-1.mp3	98c35c61be6eda2fcd7b7e2708b9ef0c56b8bf61f75574f5fadda423227c6632	98c35c61be6eda2fcd7b7e2708b9ef0c56b8bf61f75574f5fadda423227c6632	18016	18016	2180	2180	mp3	44100	1	mono	64000	pass_encoder_only	pass	none	0c66d8731b4c7fb848d18dfdb5eebfba51e47d40fc9be8c4e208709771c55fef	96138	-1.236	0	-67.232	-19.672	-15.26	0	-1.23	80	500	60	0	pass_no_edge_flag	pass_no_candidate	pass_chromium_audio_context_and_muted_playback	none	none	pass_automated_T06	A_technical_conserve_candidate	conserve_source_technical_candidate	T07_T08	pending_T07_T08	blocked_not_validated	2026-08-09	Codex_automated_technical_audit
asset:toefl:set-3:part-12:repeat-2	set-3	12	S-001	Listen and Repeat	public/audio/toefl/set-3/repeat-2.mp3	2ec6c4c73c8d02730c67e6396e244f834ba53ca8bc3cff7518a9dc83c96208db	2ec6c4c73c8d02730c67e6396e244f834ba53ca8bc3cff7518a9dc83c96208db	23031	23031	2820	2820	mp3	44100	1	mono	64000	pass_encoder_only	pass	none	809d19563e7ea0b829c0197a2cd2051e527748cb84a1ac08086e1ae4381116b2	124362	-1.12	0	-74.616	-17.818	-13.91	0	-1.11	70	590	80	0	pass_no_edge_flag	pass_no_candidate	pass_chromium_audio_context_and_muted_playback	none	TECH-LDN-003	pass_with_actionable_warning	A_technical_conserve_candidate	review_warning_in_T08_before_conserve	T08	pending_T07_T08	blocked_not_validated	2026-08-09	Codex_automated_technical_audit
asset:toefl:set-3:part-12:repeat-3	set-3	12	S-001	Listen and Repeat	public/audio/toefl/set-3/repeat-3.mp3	65d9c8e11240b15dd03c9ec48346c3c8467c0250ecbee714103cba5b3e314a02	65d9c8e11240b15dd03c9ec48346c3c8467c0250ecbee714103cba5b3e314a02	28256	28256	3460	3460	mp3	44100	1	mono	64000	pass_encoder_only	pass	none	1de4952b98c1d40a1eac6525e384e9761aa541d9b00c518348f576d228f1ea60	152586	-1.564	0	-67.54	-18.496	-15.43	1	-1.56	100	500	50	0	pass_no_edge_flag	pass_no_candidate	pass_chromium_audio_context_and_muted_playback	none	none	pass_automated_T06	A_technical_conserve_candidate	conserve_source_technical_candidate	T07_T08	pending_T07_T08	blocked_not_validated	2026-08-09	Codex_automated_technical_audit
asset:toefl:set-3:part-12:repeat-4	set-3	12	S-001	Listen and Repeat	public/audio/toefl/set-3/repeat-4.mp3	bff9d2b109fd579bd5adf6ef6430871e315ab352f91536941ce9082678204bb4	bff9d2b109fd579bd5adf6ef6430871e315ab352f91536941ce9082678204bb4	34107	34107	4181	4181	mp3	44100	1	mono	64000	pass_encoder_only	pass	none	d2e9fb6e9bd5eb479bd9a5e7617a8f77e76e0bfd686b539b9479fb2cb7fe8010	184367	-2.106	0	-66.806	-18.137	-16.67	2.3	-2.06	60	510	60	0	pass_no_edge_flag	pass_no_candidate	pass_chromium_audio_context_and_muted_playback	none	none	pass_automated_T06	A_technical_conserve_candidate	conserve_source_technical_candidate	T07_T08	pending_T07_T08	blocked_not_validated	2026-08-09	Codex_automated_technical_audit
asset:toefl:set-3:part-12:repeat-5	set-3	12	S-001	Listen and Repeat	public/audio/toefl/set-3/repeat-5.mp3	9b5a37554057d7bb71522c333ccb48b1b10ccf447bfab5ebac7915a5168f8527	9b5a37554057d7bb71522c333ccb48b1b10ccf447bfab5ebac7915a5168f8527	49363	49363	6100	6100	mp3	44100	1	mono	64000	pass_encoder_only	pass	none	1aedbdbed5f3f5b489dce20c9822d7a818572e2986eebe8ddf7cd6c87e692b17	269010	-1.692	0	-62.247	-18.639	-14.6	0.6	-1.69	60	530	250	0	pass_no_edge_flag	pass_no_candidate	pass_chromium_audio_context_and_muted_playback	none	none	pass_automated_T06	A_technical_conserve_candidate	conserve_source_technical_candidate	T07_T08	pending_T07_T08	blocked_not_validated	2026-08-09	Codex_automated_technical_audit
asset:toefl:set-4:part-5:listen-choose-1	set-4	5	L-001	Listen and Choose a Response	public/audio/toefl/set-4/listen-choose-1.mp3	1a667699262b99a0c0c82c6b1607a79ea939d1471a99eb0a50f32645818c14c6	1a667699262b99a0c0c82c6b1607a79ea939d1471a99eb0a50f32645818c14c6	26375	26375	3220	3220	mp3	44100	1	mono	64000	pass_encoder_only	pass	none	4f882ad45f212b63af961e09047660ad3bbbafcfafd2c04a6af51860f8adba2f	142002	-2.562	0	-63.342	-11.009	-14.75	0.3	-2.56	120	500	40	0	pass_no_edge_flag	pass_no_candidate	pass_chromium_audio_context_and_muted_playback	none	none	pass_automated_T06	A_technical_conserve_candidate	conserve_source_technical_candidate	T07_T08	pending_T07_T08	blocked_not_validated	2026-08-09	Codex_automated_technical_audit
asset:toefl:set-4:part-5:listen-choose-2	set-4	5	L-001	Listen and Choose a Response	public/audio/toefl/set-4/listen-choose-2.mp3	c2fbc7f70cfffc85f465490cded3cefef3d64e1b96968744121ac29126b869e1	c2fbc7f70cfffc85f465490cded3cefef3d64e1b96968744121ac29126b869e1	24494	24494	2980	2980	mp3	44100	1	mono	64000	pass_encoder_only	pass	none	69cf91282c06dc95078240f8fd7212550f38b176d2373711cb1264b6fbbfc022	131418	-0.768	0	-58.328	-19.609	-13.88	0	-0.77	30	500	30	0	pass_no_edge_flag	pass_no_candidate	pass_chromium_audio_context_and_muted_playback	none	TECH-LDN-003;TECH-PEAK-003	pass_with_actionable_warning	A_technical_conserve_candidate	review_warning_in_T08_before_conserve	T08	pending_T07_T08	blocked_not_validated	2026-08-09	Codex_automated_technical_audit
asset:toefl:set-4:part-5:listen-choose-3	set-4	5	L-001	Listen and Choose a Response	public/audio/toefl/set-4/listen-choose-3.mp3	499003a9177ff9834c7145eed877af660de33da334c186fd917241c3203ef3cd	499003a9177ff9834c7145eed877af660de33da334c186fd917241c3203ef3cd	23031	23031	2820	2820	mp3	44100	1	mono	64000	pass_encoder_only	pass	none	47a8297eecb37629995221078a60d5ea21b22a5c4dc9a13de6382f1dece2e87b	124362	-1.881	0	-66.132	-16.241	-13.96	0	-1.88	60	500	50	0	pass_no_edge_flag	pass_no_candidate	pass_chromium_audio_context_and_muted_playback	none	TECH-LDN-003	pass_with_actionable_warning	A_technical_conserve_candidate	review_warning_in_T08_before_conserve	T08	pending_T07_T08	blocked_not_validated	2026-08-09	Codex_automated_technical_audit
asset:toefl:set-4:part-5:listen-choose-4	set-4	5	L-001	Listen and Choose a Response	public/audio/toefl/set-4/listen-choose-4.mp3	3bd369462d339d1e2d8a3e6ad854570d4f6c17761d009522864d41a0cb42387c	3bd369462d339d1e2d8a3e6ad854570d4f6c17761d009522864d41a0cb42387c	35361	35361	4340	4340	mp3	44100	1	mono	64000	pass_encoder_only	pass	none	422b97073db62f5485611fc75f7b50d18ffd8f49a961224b0c54e9d4cff5ac38	191394	-0.487	0	-58.475	-16.359	-12.77	1	-0.46	100	540	320	0	pass_no_edge_flag	pass_no_candidate	pass_chromium_audio_context_and_muted_playback	TECH-LDN-002	TECH-PEAK-003	fail_actionable	B_technical_repair_candidate	measure_gain_create_versioned_normalized_variant	T20_T21_T22	pending_T07_T08	blocked_not_validated	2026-08-09	Codex_automated_technical_audit
asset:toefl:set-4:part-5:listen-choose-5	set-4	5	L-001	Listen and Choose a Response	public/audio/toefl/set-4/listen-choose-5.mp3	73cde1871f6d36bab03472b3831ac19321497ef365ac911a44d41cef52a294d6	73cde1871f6d36bab03472b3831ac19321497ef365ac911a44d41cef52a294d6	16762	16762	2020	2020	mp3	44100	1	mono	64000	pass_encoder_only	pass	none	2a6e7406b34fa3a3c5dabc84f34a992457b5228d562e1966e57f097bfa74eca0	89082	-1.618	0	-57.167	-13.538	-15.07	0	-1.62	0	530	30	0	pass_no_edge_flag	pass_no_candidate	pass_chromium_audio_context_and_muted_playback	none	none	pass_automated_T06	A_technical_conserve_candidate	conserve_source_technical_candidate	T07_T08	pending_T07_T08	blocked_not_validated	2026-08-09	Codex_automated_technical_audit
asset:toefl:set-4:part-6:conversation	set-4	6	L-002	Listen to a Conversation	public/audio/toefl/set-4/conversation.mp3	0a2c649edbd33e39ceb80e38737145ef891bf4ed3970f38eb8a2606a45d7af58	0a2c649edbd33e39ceb80e38737145ef891bf4ed3970f38eb8a2606a45d7af58	584977	584977	73040	73040	mp3	44100	1	mono	64000	pass_encoder_only	pass	none	8da40988670ee4f5ee38cec2ec2423d6962efe2c1a11e059cd75c384d5b4382f	3221064	-0.697	0	-67.008	-13.586	-17.14	5.1	-0.7	0	490	590	0	pass_no_edge_flag	pass_no_candidate	pass_chromium_audio_context_and_muted_playback	none	TECH-PEAK-003	pass_with_actionable_warning	A_technical_conserve_candidate	review_warning_in_T08_before_conserve	T08	pending_T07_T08	blocked_not_validated	2026-08-09	Codex_automated_technical_audit
asset:toefl:set-4:part-7:announcement	set-4	7	L-003	Listen to an Announcement	public/audio/toefl/set-4/announcement.mp3	de38d7e323773bb5f09173511fc814fbdf8333eaaa04e06118c13a4f52b657dd	de38d7e323773bb5f09173511fc814fbdf8333eaaa04e06118c13a4f52b657dd	409644	409644	51140	51140	mp3	44100	1	mono	64000	pass_encoder_only	pass	none	153f0926c47ea615812c233097a4260d0e52a57100e8384da9edb38c0a69dedf	2255274	-0.75	0	-69.03	-9.94	-15.26	2.2	-0.66	0	500	230	0	pass_no_edge_flag	pass_no_candidate	pass_chromium_audio_context_and_muted_playback	none	TECH-PEAK-003	pass_with_actionable_warning	A_technical_conserve_candidate	review_warning_in_T08_before_conserve	T08	pending_T07_T08	blocked_not_validated	2026-08-09	Codex_automated_technical_audit
asset:toefl:set-4:part-8:academic-talk	set-4	8	L-004	Listen to an Academic Talk	public/audio/toefl/set-4/academic-talk.mp3	0c2f7b6d4729db09a5dc8921b9ebac6c2da6a987c36ad4c9921d467ba6b36429	0c2f7b6d4729db09a5dc8921b9ebac6c2da6a987c36ad4c9921d467ba6b36429	1065630	1065630	133140	133140	mp3	44100	1	mono	64000	pass_encoder_only	pass	none	9513e54827d2c97b02534b142d74731c5ceb0ca6a9239d57605cc0ec7ea7edc1	5871474	-1.073	0	-67.35	-14.132	-18.82	2.2	-1.07	40	530	510	0	pass_no_edge_flag	pass_no_candidate	pass_chromium_audio_context_and_muted_playback	TECH-LDN-002	none	fail_actionable	B_technical_repair_candidate	measure_gain_create_versioned_normalized_variant	T20_T21_T22	pending_T07_T08	blocked_not_validated	2026-08-09	Codex_automated_technical_audit
asset:toefl:set-4:part-12:repeat-1	set-4	12	S-001	Listen and Repeat	public/audio/toefl/set-4/repeat-1.mp3	60c28f832378a8e114b76c017da7827367741db03201f05374aaed989f194e95	60c28f832378a8e114b76c017da7827367741db03201f05374aaed989f194e95	16762	16762	2020	2020	mp3	44100	1	mono	64000	pass_encoder_only	pass	none	42626f3f22456187466dff7225c7591ac98d490284578e844ebab107e69f2633	89082	-1.415	0	-57.691	-18.334	-13.46	0	-1.41	80	520	50	0	pass_no_edge_flag	pass_no_candidate	pass_chromium_audio_context_and_muted_playback	TECH-LDN-002	none	fail_actionable	B_technical_repair_candidate	measure_gain_create_versioned_normalized_variant	T20_T21_T22	pending_T07_T08	blocked_not_validated	2026-08-09	Codex_automated_technical_audit
asset:toefl:set-4:part-12:repeat-2	set-4	12	S-001	Listen and Repeat	public/audio/toefl/set-4/repeat-2.mp3	d6497e3bec88cec20e06b9b246561bbcb6830c83cfd4450113b90851b83b07c4	d6497e3bec88cec20e06b9b246561bbcb6830c83cfd4450113b90851b83b07c4	23031	23031	2820	2820	mp3	44100	1	mono	64000	pass_encoder_only	pass	none	4b48c6eca7392931a5fac445061fd3cee0c0803238aad4a7d9c212749f9b2843	124362	-0.914	0	-70.699	-16.666	-13.33	0	-0.91	80	520	40	0	pass_no_edge_flag	pass_no_candidate	pass_chromium_audio_context_and_muted_playback	TECH-LDN-002	TECH-PEAK-003	fail_actionable	B_technical_repair_candidate	measure_gain_create_versioned_normalized_variant	T20_T21_T22	pending_T07_T08	blocked_not_validated	2026-08-09	Codex_automated_technical_audit
asset:toefl:set-4:part-12:repeat-3	set-4	12	S-001	Listen and Repeat	public/audio/toefl/set-4/repeat-3.mp3	073c5885acb084717ca710d81ae0af35740544ad40c1a1e9cff5ad58e286acba	073c5885acb084717ca710d81ae0af35740544ad40c1a1e9cff5ad58e286acba	35988	35988	4420	4420	mp3	44100	1	mono	64000	pass_encoder_only	pass	none	a32e22a394129fd35c653f805a7bbcd99f6974fbebb36361a7aeaf1006b4866f	194922	-0.942	0	-61.944	-16.807	-14.48	2.5	-0.93	70	710	70	0	pass_no_edge_flag	pass_no_candidate	pass_chromium_audio_context_and_muted_playback	TECH-SIL-002	TECH-PEAK-003	fail_actionable	B_technical_repair_candidate	review_edges_create_versioned_trim_variant	T20_T21_T22	pending_T07_T08	blocked_not_validated	2026-08-09	Codex_automated_technical_audit
asset:toefl:set-4:part-12:repeat-4	set-4	12	S-001	Listen and Repeat	public/audio/toefl/set-4/repeat-4.mp3	2285eb04f4464811b41b9bfec4617cbee2ade72ea5b080e833c2dd901d3d406e	2285eb04f4464811b41b9bfec4617cbee2ade72ea5b080e833c2dd901d3d406e	36615	36615	4500	4500	mp3	44100	1	mono	64000	pass_encoder_only	pass	none	726c7d7cb8469c8816fca7c7805e256f7d68f61a64628b1dacfe69fc64bfbc09	198450	-1.084	0	-64.649	-16.549	-14.64	2	-1.07	70	500	50	0	pass_no_edge_flag	pass_no_candidate	pass_chromium_audio_context_and_muted_playback	none	none	pass_automated_T06	A_technical_conserve_candidate	conserve_source_technical_candidate	T07_T08	pending_T07_T08	blocked_not_validated	2026-08-09	Codex_automated_technical_audit
asset:toefl:set-4:part-12:repeat-5	set-4	12	S-001	Listen and Repeat	public/audio/toefl/set-4/repeat-5.mp3	c17418bc679bb7885f04f012f854a65628338f1e67ef560a50bd9fa836bb55ee	c17418bc679bb7885f04f012f854a65628338f1e67ef560a50bd9fa836bb55ee	51244	51244	6340	6340	mp3	44100	1	mono	64000	pass_encoder_only	pass	none	f0a42815385b1aa51db698554c77790e3d4deeb49a47c319a172e7a541c44d33	279594	-1.257	0	-57.984	-18.683	-14.85	0.6	-1.23	100	500	340	0	pass_no_edge_flag	pass_no_candidate	pass_chromium_audio_context_and_muted_playback	none	none	pass_automated_T06	A_technical_conserve_candidate	conserve_source_technical_candidate	T07_T08	pending_T07_T08	blocked_not_validated	2026-08-09	Codex_automated_technical_audit
asset:toefl:set-5:part-5:listen-choose-1	set-5	5	L-001	Listen and Choose a Response	public/audio/toefl/set-5/listen-choose-1.mp3	4da851c05e37ce6f8d0b58683d4218b25e42de0cfcf4157326c5cc83aa47bb10	4da851c05e37ce6f8d0b58683d4218b25e42de0cfcf4157326c5cc83aa47bb10	27002	27002	3300	3300	mp3	44100	1	mono	64000	pass_encoder_only	pass	none	2157814b00029cac63915e42b2bba66651b926c9ffa9ab050bdf6336cedf67c5	145530	-2.615	0	-65.921	-14.584	-14.55	0.3	-2.61	40	500	50	0	pass_no_edge_flag	pass_no_candidate	pass_chromium_audio_context_and_muted_playback	none	none	pass_automated_T06	A_technical_conserve_candidate	conserve_source_technical_candidate	T07_T08	pending_T07_T08	blocked_not_validated	2026-08-09	Codex_automated_technical_audit
asset:toefl:set-5:part-5:listen-choose-2	set-5	5	L-001	Listen and Choose a Response	public/audio/toefl/set-5/listen-choose-2.mp3	488cd60a5fe914712e599f91d8a08c80bb3894a419efe1b8f0690c91d0198906	488cd60a5fe914712e599f91d8a08c80bb3894a419efe1b8f0690c91d0198906	23031	23031	2820	2820	mp3	44100	1	mono	64000	pass_encoder_only	pass	none	0455a2245610e847aeba6deef876df5800de00b52c22fe821c48bcf62cd44846	124362	-1.531	0	-59.956	-18.533	-13.21	0	-1.5	70	630	30	0	pass_no_edge_flag	pass_no_candidate	pass_chromium_audio_context_and_muted_playback	TECH-SIL-002;TECH-LDN-002	none	fail_actionable	B_technical_repair_candidate	measure_gain_create_versioned_normalized_variant;review_edges_create_versioned_trim_variant	T20_T21_T22	pending_T07_T08	blocked_not_validated	2026-08-09	Codex_automated_technical_audit
asset:toefl:set-5:part-5:listen-choose-3	set-5	5	L-001	Listen and Choose a Response	public/audio/toefl/set-5/listen-choose-3.mp3	478faa01e9494fbc62c9faf9a596e630affc4c2675ff79c7081b7d5379baa06f	478faa01e9494fbc62c9faf9a596e630affc4c2675ff79c7081b7d5379baa06f	21150	21150	2580	2580	mp3	44100	1	mono	64000	pass_encoder_only	pass	none	5beec920deec8a9cb806114786eaaa7efff1ce887f9080a11dd308de21e561de	113778	-1.383	0	-66.006	-16.494	-13.94	0	-1.35	0	500	50	0	pass_no_edge_flag	pass_no_candidate	pass_chromium_audio_context_and_muted_playback	none	TECH-LDN-003	pass_with_actionable_warning	A_technical_conserve_candidate	review_warning_in_T08_before_conserve	T08	pending_T07_T08	blocked_not_validated	2026-08-09	Codex_automated_technical_audit
asset:toefl:set-5:part-5:listen-choose-4	set-5	5	L-001	Listen and Choose a Response	public/audio/toefl/set-5/listen-choose-4.mp3	2ef29bf8c59adb7e4679ad2130d246228d3b110765c6b0f8503f2bf8024cb814	2ef29bf8c59adb7e4679ad2130d246228d3b110765c6b0f8503f2bf8024cb814	30764	30764	3780	3780	mp3	44100	1	mono	64000	pass_encoder_only	pass	none	d4ddade768f70292585a71e6cbd5ffdf0fd7a5fe2be90c3f1e5e2d375b4a79aa	166698	-1.839	0	-65.583	-20.281	-17.24	2.3	-1.82	60	540	390	0	pass_no_edge_flag	pass_no_candidate	pass_chromium_audio_context_and_muted_playback	none	none	pass_automated_T06	A_technical_conserve_candidate	conserve_source_technical_candidate	T07_T08	pending_T07_T08	blocked_not_validated	2026-08-09	Codex_automated_technical_audit
asset:toefl:set-5:part-5:listen-choose-5	set-5	5	L-001	Listen and Choose a Response	public/audio/toefl/set-5/listen-choose-5.mp3	12c18ad69131d62e85b10e8ed613093caf1cea3efa1dd2c149b48febccd83e11	12c18ad69131d62e85b10e8ed613093caf1cea3efa1dd2c149b48febccd83e11	29510	29510	3620	3620	mp3	44100	1	mono	64000	pass_encoder_only	pass	none	6b4cd058240ca21b2e99d8b841ffbd5dd7e157fcd3340a6966e8cef2b4ef9329	159642	-1.27	0	-83.298	-15.577	-15.29	1.6	-1.27	0	520	50	0	pass_no_edge_flag	pass_no_candidate	pass_chromium_audio_context_and_muted_playback	none	none	pass_automated_T06	A_technical_conserve_candidate	conserve_source_technical_candidate	T07_T08	pending_T07_T08	blocked_not_validated	2026-08-09	Codex_automated_technical_audit
asset:toefl:set-5:part-6:conversation	set-5	6	L-002	Listen to a Conversation	public/audio/toefl/set-5/conversation.mp3	83bb8e0d51787a9b3d177bb161958ff6051e3bf45c9268225a84b6cc91c6e911	83bb8e0d51787a9b3d177bb161958ff6051e3bf45c9268225a84b6cc91c6e911	468994	468994	58560	58560	mp3	44100	1	mono	64000	pass_encoder_only	pass	none	10068f6a32a3ffe44999838de0f5d1a9038aa965bed1848269bd32b329b6ae03	2582496	-0.761	0	-64.898	-10.813	-14.93	3.3	-0.73	60	500	630	0	pass_no_edge_flag	pass_no_candidate	pass_chromium_audio_context_and_muted_playback	none	TECH-PEAK-003	pass_with_actionable_warning	A_technical_conserve_candidate	review_warning_in_T08_before_conserve	T08	pending_T07_T08	blocked_not_validated	2026-08-09	Codex_automated_technical_audit
asset:toefl:set-5:part-7:announcement	set-5	7	L-003	Listen to an Announcement	public/audio/toefl/set-5/announcement.mp3	ad7284770bd27b8e4b9bce6282855e822b1610388dcd697d265f27a34cfadd3e	ad7284770bd27b8e4b9bce6282855e822b1610388dcd697d265f27a34cfadd3e	374535	374535	46740	46740	mp3	44100	1	mono	64000	pass_encoder_only	pass	none	a6b88af6851b9679cefca439bde625295f4e60f863c9651ab1bde10a6caa399a	2061234	-1.654	0	-67.099	-11.477	-14.97	2.4	-1.65	80	510	100	0	pass_no_edge_flag	pass_no_candidate	pass_chromium_audio_context_and_muted_playback	none	none	pass_automated_T06	A_technical_conserve_candidate	conserve_source_technical_candidate	T07_T08	pending_T07_T08	blocked_not_validated	2026-08-09	Codex_automated_technical_audit
asset:toefl:set-5:part-8:academic-talk	set-5	8	L-004	Listen to an Academic Talk	public/audio/toefl/set-5/academic-talk.mp3	0c3245f0f30f0d21307c213f915c1195743698df99c749a1a8c2872eb25a7bc7	0c3245f0f30f0d21307c213f915c1195743698df99c749a1a8c2872eb25a7bc7	881310	881310	110100	110100	mp3	44100	1	mono	64000	pass_encoder_only	pass	none	94af0e844b2648a3adff3691a09ca0879c4bad44fbeff8796c9f237e9ff1ff78	4855410	-0.72	0	-69.967	-12.697	-18.89	2.7	-0.71	40	500	590	0	pass_no_edge_flag	pass_no_candidate	pass_chromium_audio_context_and_muted_playback	TECH-LDN-002	TECH-PEAK-003	fail_actionable	B_technical_repair_candidate	measure_gain_create_versioned_normalized_variant	T20_T21_T22	pending_T07_T08	blocked_not_validated	2026-08-09	Codex_automated_technical_audit
asset:toefl:set-5:part-12:repeat-1	set-5	12	S-001	Listen and Repeat	public/audio/toefl/set-5/repeat-1.mp3	f4db6897dabcdaacac7ddcf8a1adae53e4ed6c7641c1f5ad7bc8df6d6071b7b5	f4db6897dabcdaacac7ddcf8a1adae53e4ed6c7641c1f5ad7bc8df6d6071b7b5	15508	15508	1860	1860	mp3	44100	1	mono	64000	pass_encoder_only	pass	none	d9efa243ae506cdb6697274d7e886c882340e85bb3113b1a10d5cb5464537edf	82026	-1.722	0	-62.175	-17.391	-11.89	0	-1.7	70	500	0	0	pass_no_edge_flag	pass_no_candidate	pass_chromium_audio_context_and_muted_playback	TECH-LDN-002	none	fail_actionable	B_technical_repair_candidate	measure_gain_create_versioned_normalized_variant	T20_T21_T22	pending_T07_T08	blocked_not_validated	2026-08-09	Codex_automated_technical_audit
asset:toefl:set-5:part-12:repeat-2	set-5	12	S-001	Listen and Repeat	public/audio/toefl/set-5/repeat-2.mp3	16d639d13c72cdba1d90b274699da0a30f869c3027efe3f4992cb7c6d4c3c705	16d639d13c72cdba1d90b274699da0a30f869c3027efe3f4992cb7c6d4c3c705	26375	26375	3220	3220	mp3	44100	1	mono	64000	pass_encoder_only	pass	none	8d6e2b629b342d17d7d94b72a97deab509eae4b95cc88e8accd15f0b29b3dd09	142002	-1.428	0	-63.636	-18.93	-13.08	0.4	-1.42	50	690	10	0	pass_no_edge_flag	pass_no_candidate	pass_chromium_audio_context_and_muted_playback	TECH-SIL-002;TECH-LDN-002	none	fail_actionable	B_technical_repair_candidate	measure_gain_create_versioned_normalized_variant;review_edges_create_versioned_trim_variant	T20_T21_T22	pending_T07_T08	blocked_not_validated	2026-08-09	Codex_automated_technical_audit
asset:toefl:set-5:part-12:repeat-3	set-5	12	S-001	Listen and Repeat	public/audio/toefl/set-5/repeat-3.mp3	14c980f7264a095a6bb41643bcd503acce1214c34126671efc7bfcd8cd39fd8f	14c980f7264a095a6bb41643bcd503acce1214c34126671efc7bfcd8cd39fd8f	30764	30764	3780	3780	mp3	44100	1	mono	64000	pass_encoder_only	pass	none	f5e5dc054e5f6bd0614e4302fef08f85f2c307f2faa7b8dd8908e3da52830bc3	166698	-1.657	0	-64.044	-17.895	-15.53	2.3	-1.65	40	710	210	0	pass_no_edge_flag	pass_no_candidate	pass_chromium_audio_context_and_muted_playback	TECH-SIL-002	none	fail_actionable	B_technical_repair_candidate	review_edges_create_versioned_trim_variant	T20_T21_T22	pending_T07_T08	blocked_not_validated	2026-08-09	Codex_automated_technical_audit
asset:toefl:set-5:part-12:repeat-4	set-5	12	S-001	Listen and Repeat	public/audio/toefl/set-5/repeat-4.mp3	b16e6459cb2a1b12ba9da80a2e9039bdb7694ce298750cd14aeec0b61811dff0	b16e6459cb2a1b12ba9da80a2e9039bdb7694ce298750cd14aeec0b61811dff0	35988	35988	4420	4420	mp3	44100	1	mono	64000	pass_encoder_only	pass	none	1a0020fdf0f1fce75c6edcd196c74f0481367b046d5f3a5dbd24bd73a4719bab	194922	-1.757	0	-64.308	-19.298	-14.55	1	-1.75	120	500	50	0	pass_no_edge_flag	pass_no_candidate	pass_chromium_audio_context_and_muted_playback	none	none	pass_automated_T06	A_technical_conserve_candidate	conserve_source_technical_candidate	T07_T08	pending_T07_T08	blocked_not_validated	2026-08-09	Codex_automated_technical_audit
asset:toefl:set-5:part-12:repeat-5	set-5	12	S-001	Listen and Repeat	public/audio/toefl/set-5/repeat-5.mp3	40eb6a26ce32cecd1c61005fc1a74c6344974ea7895a055013b5f13999b26200	40eb6a26ce32cecd1c61005fc1a74c6344974ea7895a055013b5f13999b26200	41630	41630	5140	5140	mp3	44100	1	mono	64000	pass_encoder_only	pass	none	39b9ca373fc726d9ed3a443ae03849859133b725bdf43a7bd02731ff688a948f	226674	0	5	-60.355	-15.475	-14.42	0.4	0.29	0	500	100	0	pass_no_edge_flag	pass_no_candidate	pass_chromium_audio_context_and_muted_playback	TECH-PEAK-002;TECH-PEAK-001	none	fail_actionable	B_technical_repair_candidate	review_peak_create_versioned_limited_variant	T20_T21_T22	pending_T07_T08	blocked_not_validated	2026-08-09	Codex_automated_technical_audit
asset:toefl:set-6:part-5:listen-choose-1	set-6	5	L-001	Listen and Choose a Response	public/audio/toefl/set-6/listen-choose-1.mp3	e704a8e5bcd011735bf595b5f6979fe260a260c08e7daebe978a88e332c1016a	e704a8e5bcd011735bf595b5f6979fe260a260c08e7daebe978a88e332c1016a	29510	29510	3620	3620	mp3	44100	1	mono	64000	pass_encoder_only	pass	none	dd8cd596439f1b67b4e2630d286253f5780d3dd6b01d6297c656826c18e4bc7e	159642	-1.928	0	-67.743	-10.895	-15.29	1.4	-1.93	0	540	50	0	pass_no_edge_flag	pass_no_candidate	pass_chromium_audio_context_and_muted_playback	none	none	pass_automated_T06	A_technical_conserve_candidate	conserve_source_technical_candidate	T07_T08	pending_T07_T08	blocked_not_validated	2026-08-09	Codex_automated_technical_audit
asset:toefl:set-6:part-5:listen-choose-2	set-6	5	L-001	Listen and Choose a Response	public/audio/toefl/set-6/listen-choose-2.mp3	d34b7121cef26b47d239217d99d89740e33b68d5114f8bae83b651376a292558	d34b7121cef26b47d239217d99d89740e33b68d5114f8bae83b651376a292558	22404	22404	2740	2740	mp3	44100	1	mono	64000	pass_encoder_only	pass	none	ca3b57ecde7f73c5e596c1c96610c160241250aa68172445199de4d074c17b67	120834	-1.84	0	-62.539	-17.904	-14.08	0	-1.82	0	520	100	0	pass_no_edge_flag	pass_no_candidate	pass_chromium_audio_context_and_muted_playback	none	none	pass_automated_T06	A_technical_conserve_candidate	conserve_source_technical_candidate	T07_T08	pending_T07_T08	blocked_not_validated	2026-08-09	Codex_automated_technical_audit
asset:toefl:set-6:part-5:listen-choose-3	set-6	5	L-001	Listen and Choose a Response	public/audio/toefl/set-6/listen-choose-3.mp3	8d501527ab6be76f1a6631e2aae9c71f685cc379a3c4aa846a8250d3619eb0a2	8d501527ab6be76f1a6631e2aae9c71f685cc379a3c4aa846a8250d3619eb0a2	22404	22404	2740	2740	mp3	44100	1	mono	64000	pass_encoder_only	pass	none	b55f96aa0b1138725cec61672e5b813d62d3777a218251cf5163addc5c0bdc1d	120834	-2.67	0	-66.485	-18.051	-14.87	0	-2.67	0	500	20	0	pass_no_edge_flag	pass_no_candidate	pass_chromium_audio_context_and_muted_playback	none	none	pass_automated_T06	A_technical_conserve_candidate	conserve_source_technical_candidate	T07_T08	pending_T07_T08	blocked_not_validated	2026-08-09	Codex_automated_technical_audit
asset:toefl:set-6:part-5:listen-choose-4	set-6	5	L-001	Listen and Choose a Response	public/audio/toefl/set-6/listen-choose-4.mp3	b5e76030f0a34d2138230a3d2c3453de13cc8ed5de8ae1bf04b32467c2be3826	b5e76030f0a34d2138230a3d2c3453de13cc8ed5de8ae1bf04b32467c2be3826	22404	22404	2740	2740	mp3	44100	1	mono	64000	pass_encoder_only	pass	none	05b8f4213a816b0f27268d2d0711e9e56aab079c9df681d0f2b11ed4984c0c84	120834	-1.981	0	-59.459	-15.633	-12.86	0	-1.94	80	500	30	0	pass_no_edge_flag	pass_no_candidate	pass_chromium_audio_context_and_muted_playback	TECH-LDN-002	none	fail_actionable	B_technical_repair_candidate	measure_gain_create_versioned_normalized_variant	T20_T21_T22	pending_T07_T08	blocked_not_validated	2026-08-09	Codex_automated_technical_audit
asset:toefl:set-6:part-5:listen-choose-5	set-6	5	L-001	Listen and Choose a Response	public/audio/toefl/set-6/listen-choose-5.mp3	4f6df4a9da59d25db06deda5c25b97c75ead26f788b01583495567e61ab35aac	4f6df4a9da59d25db06deda5c25b97c75ead26f788b01583495567e61ab35aac	18016	18016	2180	2180	mp3	44100	1	mono	64000	pass_encoder_only	pass	none	20e573d1b20017f7dc452c79095ddb132ee41885bc4456ee42e9207bd70697fe	96138	-2.197	0	-69.72	-16.338	-14.18	0	-2.2	30	530	10	0	pass_no_edge_flag	pass_no_candidate	pass_chromium_audio_context_and_muted_playback	none	none	pass_automated_T06	A_technical_conserve_candidate	conserve_source_technical_candidate	T07_T08	pending_T07_T08	blocked_not_validated	2026-08-09	Codex_automated_technical_audit
asset:toefl:set-6:part-6:conversation	set-6	6	L-002	Listen to a Conversation	public/audio/toefl/set-6/conversation.mp3	01a0ed0a7a5b97ea6e6ab58dd004f2e2582e10333e028174fb5f6d7b125e9038	01a0ed0a7a5b97ea6e6ab58dd004f2e2582e10333e028174fb5f6d7b125e9038	581634	581634	72640	72640	mp3	44100	1	mono	64000	pass_encoder_only	pass	none	395a04db94374279fc3abc1504ca5a9c0ba2ad3a5ab0952b68315d22e8b0362d	3203424	-0.919	0	-71.566	-12.334	-16.81	5.5	-0.92	30	550	570	0	pass_no_edge_flag	pass_no_candidate	pass_chromium_audio_context_and_muted_playback	none	TECH-PEAK-003	pass_with_actionable_warning	A_technical_conserve_candidate	review_warning_in_T08_before_conserve	T08	pending_T07_T08	blocked_not_validated	2026-08-09	Codex_automated_technical_audit
asset:toefl:set-6:part-7:announcement	set-6	7	L-003	Listen to an Announcement	public/audio/toefl/set-6/announcement.mp3	6b980c483841cfe1e5b9a15bc82df4d1b346bc246d943e51a4c058576122811f	6b980c483841cfe1e5b9a15bc82df4d1b346bc246d943e51a4c058576122811f	331694	331694	41380	41380	mp3	44100	1	mono	64000	pass_encoder_only	pass	none	1a0a7cf030d58592a7b6a9850dd9fb257dd67aba13e010863fba505c5d5a60d2	1824858	-1.582	0	-66.794	-12.931	-15.48	2.3	-1.58	10	500	310	0	pass_no_edge_flag	pass_no_candidate	pass_chromium_audio_context_and_muted_playback	none	none	pass_automated_T06	A_technical_conserve_candidate	conserve_source_technical_candidate	T07_T08	pending_T07_T08	blocked_not_validated	2026-08-09	Codex_automated_technical_audit
asset:toefl:set-6:part-8:academic-talk	set-6	8	L-004	Listen to an Academic Talk	public/audio/toefl/set-6/academic-talk.mp3	201d6ce28bc9dcebcbd83e753863c4512fc3aeca42fe86b3cbfcd4117cbaf203	201d6ce28bc9dcebcbd83e753863c4512fc3aeca42fe86b3cbfcd4117cbaf203	1052883	1052883	131540	131540	mp3	44100	1	mono	64000	pass_encoder_only	pass	none	b2c0f6b747123a7a8ed43b7e22d553c6dda4a794a054653b0baa747f3bab97c8	5800914	-1.286	0	-68.743	-14.02	-18.56	3	-1.28	30	580	870	0	pass_no_edge_flag	pass_no_candidate	pass_chromium_audio_context_and_muted_playback	TECH-LDN-002	none	fail_actionable	B_technical_repair_candidate	measure_gain_create_versioned_normalized_variant	T20_T21_T22	pending_T07_T08	blocked_not_validated	2026-08-09	Codex_automated_technical_audit
asset:toefl:set-6:part-12:repeat-1	set-6	12	S-001	Listen and Repeat	public/audio/toefl/set-6/repeat-1.mp3	39d848e5118fde285e8629691447293e60c5e2899ffec1d3a47b2a663370e981	39d848e5118fde285e8629691447293e60c5e2899ffec1d3a47b2a663370e981	16762	16762	2020	2020	mp3	44100	1	mono	64000	pass_encoder_only	pass	none	71a36752249cab1c1e350cf4b26f74e54e25068621f94151dba0f1d20edd6e17	89082	-1.846	0	-62.293	-16.857	-14.36	0	-1.85	100	500	50	0	pass_no_edge_flag	pass_no_candidate	pass_chromium_audio_context_and_muted_playback	none	none	pass_automated_T06	A_technical_conserve_candidate	conserve_source_technical_candidate	T07_T08	pending_T07_T08	blocked_not_validated	2026-08-09	Codex_automated_technical_audit
asset:toefl:set-6:part-12:repeat-2	set-6	12	S-001	Listen and Repeat	public/audio/toefl/set-6/repeat-2.mp3	9a4f465ff022b68848cb9d1b9cb856946b1b4fefe8fa30ff22aa05d7d8fab7ef	9a4f465ff022b68848cb9d1b9cb856946b1b4fefe8fa30ff22aa05d7d8fab7ef	23031	23031	2820	2820	mp3	44100	1	mono	64000	pass_encoder_only	pass	none	539744e622c8eaa1c888cd076293ceef210b45b1e31d23edd831e6e3bedf53ea	124362	-1.151	0	-63.235	-17.025	-12.89	0	-1.11	50	500	50	0	pass_no_edge_flag	pass_no_candidate	pass_chromium_audio_context_and_muted_playback	TECH-LDN-002	none	fail_actionable	B_technical_repair_candidate	measure_gain_create_versioned_normalized_variant	T20_T21_T22	pending_T07_T08	blocked_not_validated	2026-08-09	Codex_automated_technical_audit
asset:toefl:set-6:part-12:repeat-3	set-6	12	S-001	Listen and Repeat	public/audio/toefl/set-6/repeat-3.mp3	7f5454c21741fbafdef8267e3a35b239229c20311943d17ac7301ede4cd13e79	7f5454c21741fbafdef8267e3a35b239229c20311943d17ac7301ede4cd13e79	30764	30764	3780	3780	mp3	44100	1	mono	64000	pass_encoder_only	pass	none	cd6ce73bb14ee1a254f1527f1194577b70fc2f1314a2e5dd90340c5e3782a5aa	166698	-1.271	0	-64.268	-17.487	-14.79	1.7	-1.27	150	510	40	0	pass_no_edge_flag	pass_no_candidate	pass_chromium_audio_context_and_muted_playback	none	none	pass_automated_T06	A_technical_conserve_candidate	conserve_source_technical_candidate	T07_T08	pending_T07_T08	blocked_not_validated	2026-08-09	Codex_automated_technical_audit
asset:toefl:set-6:part-12:repeat-4	set-6	12	S-001	Listen and Repeat	public/audio/toefl/set-6/repeat-4.mp3	bc54c2439238b6e454b1d25bb4cf7e76e9c9a4676468218e6cc48839c39f2106	bc54c2439238b6e454b1d25bb4cf7e76e9c9a4676468218e6cc48839c39f2106	35361	35361	4340	4340	mp3	44100	1	mono	64000	pass_encoder_only	pass	none	9d175864af000115f2b66c38144a916dc42a518d91900d9f222c4002185b3c8e	191394	-1.7	0	-64.784	-17.716	-14.76	2.3	-1.69	120	710	40	0	pass_no_edge_flag	pass_no_candidate	pass_chromium_audio_context_and_muted_playback	TECH-SIL-002	none	fail_actionable	B_technical_repair_candidate	review_edges_create_versioned_trim_variant	T20_T21_T22	pending_T07_T08	blocked_not_validated	2026-08-09	Codex_automated_technical_audit
asset:toefl:set-6:part-12:repeat-5	set-6	12	S-001	Listen and Repeat	public/audio/toefl/set-6/repeat-5.mp3	2b1642005390dcb937f1c3de76155da8f93c48890538eb6508046968c66773e6	2b1642005390dcb937f1c3de76155da8f93c48890538eb6508046968c66773e6	44974	44974	5540	5540	mp3	44100	1	mono	64000	pass_encoder_only	pass	none	52d4fa0c2dac4ab8ab61145e2ea742c91f1983005efb40d4b6c263e71ea04425	244314	-1.499	0	-67.175	-18.411	-15.29	2.6	-1.5	110	520	260	0	pass_no_edge_flag	pass_no_candidate	pass_chromium_audio_context_and_muted_playback	none	none	pass_automated_T06	A_technical_conserve_candidate	conserve_source_technical_candidate	T07_T08	pending_T07_T08	blocked_not_validated	2026-08-09	Codex_automated_technical_audit
asset:toefl:set-7:part-5:listen-choose-1	set-7	5	L-001	Listen and Choose a Response	public/audio/toefl/set-7/listen-choose-1.mp3	e2a75b24dee975b76a2ea061a4bc3401dc73a4709ffb6702f4e4f74beacfd947	e2a75b24dee975b76a2ea061a4bc3401dc73a4709ffb6702f4e4f74beacfd947	25121	25121	3060	3060	mp3	44100	1	mono	64000	pass_encoder_only	pass	none	8f4234bef2437c5c39803b9b607f18394b672c87ed82656bca4ab19865c083d4	134946	-1.309	0	-73.966	-14.643	-14.09	0.3	-1.31	40	500	40	0	pass_no_edge_flag	pass_no_candidate	pass_chromium_audio_context_and_muted_playback	none	none	pass_automated_T06	A_technical_conserve_candidate	conserve_source_technical_candidate	T07_T08	pending_T07_T08	blocked_not_validated	2026-08-09	Codex_automated_technical_audit
asset:toefl:set-7:part-5:listen-choose-2	set-7	5	L-001	Listen and Choose a Response	public/audio/toefl/set-7/listen-choose-2.mp3	8ef58010c58493fcc91c43ef28a5fdce8e4e3497cdc8cfc99c56e8e8279db7de	8ef58010c58493fcc91c43ef28a5fdce8e4e3497cdc8cfc99c56e8e8279db7de	22404	22404	2740	2740	mp3	44100	1	mono	64000	pass_encoder_only	pass	none	77576ea7d16c4625d63987521c6839a058d3bcce45c220ffb6d34fbe45f33fbf	120834	-0.883	0	-57.346	-19.771	-13.49	0	-0.88	60	500	60	0	pass_no_edge_flag	pass_no_candidate	pass_chromium_audio_context_and_muted_playback	TECH-LDN-002	TECH-PEAK-003	fail_actionable	B_technical_repair_candidate	measure_gain_create_versioned_normalized_variant	T20_T21_T22	pending_T07_T08	blocked_not_validated	2026-08-09	Codex_automated_technical_audit
asset:toefl:set-7:part-5:listen-choose-3	set-7	5	L-001	Listen and Choose a Response	public/audio/toefl/set-7/listen-choose-3.mp3	0dff560837db146e5b7161759a8f6e42f276ef783a27f31d1e1e0f583b726e12	0dff560837db146e5b7161759a8f6e42f276ef783a27f31d1e1e0f583b726e12	24494	24494	2980	2980	mp3	44100	1	mono	64000	pass_encoder_only	pass	none	155e8aa2a84d566ca7d8a7f7f219c6916ea2b86b7c7c16baedb7850c9e65066e	131418	-2.905	0	-63.849	-13.093	-15.76	0	-2.89	60	500	40	0	pass_no_edge_flag	pass_no_candidate	pass_chromium_audio_context_and_muted_playback	none	none	pass_automated_T06	A_technical_conserve_candidate	conserve_source_technical_candidate	T07_T08	pending_T07_T08	blocked_not_validated	2026-08-09	Codex_automated_technical_audit
asset:toefl:set-7:part-5:listen-choose-4	set-7	5	L-001	Listen and Choose a Response	public/audio/toefl/set-7/listen-choose-4.mp3	f70dd0cf6b11476f84cb4dcd8e7b8e886ab29fcf5dce9e1b247ce51c65d51a67	f70dd0cf6b11476f84cb4dcd8e7b8e886ab29fcf5dce9e1b247ce51c65d51a67	27629	27629	3380	3380	mp3	44100	1	mono	64000	pass_encoder_only	pass	none	1f78c3e9c72b7835313b8383f81d77dc7b8b319f731702981f0c3f6ea14114a6	149058	-2.48	0	-66.331	-19.514	-15	0.7	-2.48	110	640	40	0	pass_no_edge_flag	pass_no_candidate	pass_chromium_audio_context_and_muted_playback	TECH-SIL-002	none	fail_actionable	B_technical_repair_candidate	review_edges_create_versioned_trim_variant	T20_T21_T22	pending_T07_T08	blocked_not_validated	2026-08-09	Codex_automated_technical_audit
asset:toefl:set-7:part-5:listen-choose-5	set-7	5	L-001	Listen and Choose a Response	public/audio/toefl/set-7/listen-choose-5.mp3	811420d47a2ad424aa6afed1504946dfe83ca040c55761db4fbb4f7173007eef	811420d47a2ad424aa6afed1504946dfe83ca040c55761db4fbb4f7173007eef	20524	20524	2500	2500	mp3	44100	1	mono	64000	pass_encoder_only	pass	none	077be73d5b30c13e9b5a33d9edf590019d38fba812d14dc88ae939240d711ba1	110250	-1.366	0	-65.308	-17.742	-13.6	0	-1.36	0	500	30	0	pass_no_edge_flag	pass_no_candidate	pass_chromium_audio_context_and_muted_playback	none	TECH-LDN-003	pass_with_actionable_warning	A_technical_conserve_candidate	review_warning_in_T08_before_conserve	T08	pending_T07_T08	blocked_not_validated	2026-08-09	Codex_automated_technical_audit
asset:toefl:set-7:part-6:conversation	set-7	6	L-002	Listen to a Conversation	public/audio/toefl/set-7/conversation.mp3	600ce5a2769de0d9023b49f3162bcc25e6a956ca34738e44da514f838ec1bac7	600ce5a2769de0d9023b49f3162bcc25e6a956ca34738e44da514f838ec1bac7	453738	453738	56640	56640	mp3	44100	1	mono	64000	pass_encoder_only	pass	none	304bfc39c0eb5f08288a94c809be360bfa0a1e11dea9128f08249f10d1fb2c05	2497824	-0.914	0	-66.916	-12.34	-14.76	2.8	-0.84	60	500	660	0	pass_no_edge_flag	pass_no_candidate	pass_chromium_audio_context_and_muted_playback	none	TECH-PEAK-003	pass_with_actionable_warning	A_technical_conserve_candidate	review_warning_in_T08_before_conserve	T08	pending_T07_T08	blocked_not_validated	2026-08-09	Codex_automated_technical_audit
asset:toefl:set-7:part-7:announcement	set-7	7	L-003	Listen to an Announcement	public/audio/toefl/set-7/announcement.mp3	71fe7fb6158921bbb43b3524fb622657952f39eb9131a8c5baa4e370e527f478	71fe7fb6158921bbb43b3524fb622657952f39eb9131a8c5baa4e370e527f478	343188	343188	42820	42820	mp3	44100	1	mono	64000	pass_encoder_only	pass	none	a38f2f4ab0e10012402dd6e7d95d953554fe2924739dca723348f09b3a2fe0f0	1888362	-1.465	0	-65.432	-13.723	-15.47	3.1	-1.47	50	500	340	0	pass_no_edge_flag	pass_no_candidate	pass_chromium_audio_context_and_muted_playback	none	none	pass_automated_T06	A_technical_conserve_candidate	conserve_source_technical_candidate	T07_T08	pending_T07_T08	blocked_not_validated	2026-08-09	Codex_automated_technical_audit
asset:toefl:set-7:part-8:academic-talk	set-7	8	L-004	Listen to an Academic Talk	public/audio/toefl/set-7/academic-talk.mp3	84d643612feecaf4dc2c04321aee24f992b03ad7e7f172c9818c5cbb4373c850	84d643612feecaf4dc2c04321aee24f992b03ad7e7f172c9818c5cbb4373c850	879430	879430	109860	109860	mp3	44100	1	mono	64000	pass_encoder_only	pass	none	a16ea3a14d639f0b6c4f953362d303f3256dc9f2fc9408610dd63083cd3cd727	4844826	-0.929	0	-66.253	-11.958	-18.64	2.6	-0.92	30	500	650	0	pass_no_edge_flag	pass_no_candidate	pass_chromium_audio_context_and_muted_playback	TECH-LDN-002	TECH-PEAK-003	fail_actionable	B_technical_repair_candidate	measure_gain_create_versioned_normalized_variant	T20_T21_T22	pending_T07_T08	blocked_not_validated	2026-08-09	Codex_automated_technical_audit
asset:toefl:set-7:part-12:repeat-1	set-7	12	S-001	Listen and Repeat	public/audio/toefl/set-7/repeat-1.mp3	17a709492528b11463c16120e9e8c4c54bc8944e7c0211b8715f0ecd6fbcdfae	17a709492528b11463c16120e9e8c4c54bc8944e7c0211b8715f0ecd6fbcdfae	16762	16762	2020	2020	mp3	44100	1	mono	64000	pass_encoder_only	pass	none	409e26c5747a1586d9e1bb3225edabf334d8e1f22642b508b14034845f655bef	89082	-2.259	0	-66.419	-19.233	-15.47	0	-2.26	120	500	70	0	pass_no_edge_flag	pass_no_candidate	pass_chromium_audio_context_and_muted_playback	none	none	pass_automated_T06	A_technical_conserve_candidate	conserve_source_technical_candidate	T07_T08	pending_T07_T08	blocked_not_validated	2026-08-09	Codex_automated_technical_audit
asset:toefl:set-7:part-12:repeat-2	set-7	12	S-001	Listen and Repeat	public/audio/toefl/set-7/repeat-2.mp3	bc3cf69ffaa6e7641d374fc952def13acba4db2bf639795f1c59e62f66d17d7d	bc3cf69ffaa6e7641d374fc952def13acba4db2bf639795f1c59e62f66d17d7d	21150	21150	2580	2580	mp3	44100	1	mono	64000	pass_encoder_only	pass	none	54ce3d21b80061aef0e180eeac260cd9deadf290ec6152ec67f0f8a5862e4340	113778	-1.116	0	-66.928	-18.283	-13.74	0	-1.1	60	500	90	0	pass_no_edge_flag	pass_no_candidate	pass_chromium_audio_context_and_muted_playback	none	TECH-LDN-003	pass_with_actionable_warning	A_technical_conserve_candidate	review_warning_in_T08_before_conserve	T08	pending_T07_T08	blocked_not_validated	2026-08-09	Codex_automated_technical_audit
asset:toefl:set-7:part-12:repeat-3	set-7	12	S-001	Listen and Repeat	public/audio/toefl/set-7/repeat-3.mp3	14bc278ba085471ac9686e71a12523baa612d2e8dac7b86761dc55c2d81415ca	14bc278ba085471ac9686e71a12523baa612d2e8dac7b86761dc55c2d81415ca	27629	27629	3380	3380	mp3	44100	1	mono	64000	pass_encoder_only	pass	none	822c9dd9314c3979e1f721532302f8f44e9c6a011274c974d2ca16702f70772c	149058	-1.763	0	-57.803	-19	-13.99	1.1	-1.77	0	510	40	0	pass_no_edge_flag	pass_no_candidate	pass_chromium_audio_context_and_muted_playback	none	TECH-LDN-003	pass_with_actionable_warning	A_technical_conserve_candidate	review_warning_in_T08_before_conserve	T08	pending_T07_T08	blocked_not_validated	2026-08-09	Codex_automated_technical_audit
asset:toefl:set-7:part-12:repeat-4	set-7	12	S-001	Listen and Repeat	public/audio/toefl/set-7/repeat-4.mp3	072e4c6efe3e38a424134626df4236ff9f5ea787762309835cfdee356aaa5c32	072e4c6efe3e38a424134626df4236ff9f5ea787762309835cfdee356aaa5c32	34107	34107	4181	4181	mp3	44100	1	mono	64000	pass_encoder_only	pass	none	59b1d19061f46163f597c182171fb33748caed1b5d96babb60b65d7290014373	184367	-1.775	0	-60.526	-19.688	-15.53	0.9	-1.78	0	510	60	0	pass_no_edge_flag	pass_no_candidate	pass_chromium_audio_context_and_muted_playback	none	none	pass_automated_T06	A_technical_conserve_candidate	conserve_source_technical_candidate	T07_T08	pending_T07_T08	blocked_not_validated	2026-08-09	Codex_automated_technical_audit
asset:toefl:set-7:part-12:repeat-5	set-7	12	S-001	Listen and Repeat	public/audio/toefl/set-7/repeat-5.mp3	7dfd9e556b0e34dbb511b7f78aa5e345dc5d0ab053e45f51f36241f222841e05	7dfd9e556b0e34dbb511b7f78aa5e345dc5d0ab053e45f51f36241f222841e05	39123	39123	4820	4820	mp3	44100	1	mono	64000	pass_encoder_only	pass	none	0cf3c0a56a8cb8196fddd9ba247432d55ebac63fd9ada96b24d4d9d6eff1021b	212562	-0.73	0	-67.045	-15.762	-14.51	1.4	-0.72	50	510	140	0	pass_no_edge_flag	pass_no_candidate	pass_chromium_audio_context_and_muted_playback	none	TECH-PEAK-003	pass_with_actionable_warning	A_technical_conserve_candidate	review_warning_in_T08_before_conserve	T08	pending_T07_T08	blocked_not_validated	2026-08-09	Codex_automated_technical_audit
asset:toefl:set-8:part-5:listen-choose-1	set-8	5	L-001	Listen and Choose a Response	public/audio/toefl/set-8/listen-choose-1.mp3	438e1243008910cfc0c991e377faf1227b436cf3be3c11622b0187556c821eb0	438e1243008910cfc0c991e377faf1227b436cf3be3c11622b0187556c821eb0	27002	27002	3300	3300	mp3	44100	1	mono	64000	pass_encoder_only	pass	none	ce83e3bb431fd4f643d4044d98fb9b3a7e8b860fd0ab429686818091e97183fc	145530	-1.832	0	-64.596	-11.859	-14.91	0.3	-1.83	30	500	40	0	pass_no_edge_flag	pass_no_candidate	pass_chromium_audio_context_and_muted_playback	none	none	pass_automated_T06	A_technical_conserve_candidate	conserve_source_technical_candidate	T07_T08	pending_T07_T08	blocked_not_validated	2026-08-09	Codex_automated_technical_audit
asset:toefl:set-8:part-5:listen-choose-2	set-8	5	L-001	Listen and Choose a Response	public/audio/toefl/set-8/listen-choose-2.mp3	9e95271fbaa442ea4db4a9ef59f7e480b0f59cea6233fc539db2fab87d0645c9	9e95271fbaa442ea4db4a9ef59f7e480b0f59cea6233fc539db2fab87d0645c9	29510	29510	3620	3620	mp3	44100	1	mono	64000	pass_encoder_only	pass	none	fb9bf2891e02b709fb538283f35cea5f3166ad915c457af31c4f84616ec718c9	159642	-1.124	0	-65.743	-16.351	-15.06	1.8	-1.11	80	500	340	0	pass_no_edge_flag	pass_no_candidate	pass_chromium_audio_context_and_muted_playback	none	none	pass_automated_T06	A_technical_conserve_candidate	conserve_source_technical_candidate	T07_T08	pending_T07_T08	blocked_not_validated	2026-08-09	Codex_automated_technical_audit
asset:toefl:set-8:part-5:listen-choose-3	set-8	5	L-001	Listen and Choose a Response	public/audio/toefl/set-8/listen-choose-3.mp3	1b3426b8ccadb44deabe9db7b35f2832c65f746dbd583447fa879f3edc3f4afb	1b3426b8ccadb44deabe9db7b35f2832c65f746dbd583447fa879f3edc3f4afb	27002	27002	3300	3300	mp3	44100	1	mono	64000	pass_encoder_only	pass	none	abfe22de89b555bee526160550aaed5d5106513b82faf5b6408a81eecaee2020	145530	-2.304	0	-63.84	-17.32	-15.58	1.6	-2.3	10	500	40	0	pass_no_edge_flag	pass_no_candidate	pass_chromium_audio_context_and_muted_playback	none	none	pass_automated_T06	A_technical_conserve_candidate	conserve_source_technical_candidate	T07_T08	pending_T07_T08	blocked_not_validated	2026-08-09	Codex_automated_technical_audit
asset:toefl:set-8:part-5:listen-choose-4	set-8	5	L-001	Listen and Choose a Response	public/audio/toefl/set-8/listen-choose-4.mp3	0d28fb1416af725a89e13f095d41fe8364835998aa740b7810321a5235ee04ac	0d28fb1416af725a89e13f095d41fe8364835998aa740b7810321a5235ee04ac	35361	35361	4340	4340	mp3	44100	1	mono	64000	pass_encoder_only	pass	none	348577b9d0fb9e78a2ddd91868e84a6b5f85fea0af0a85d5ea72ae2a89a3b402	191394	-0.85	0	-59.429	-17.28	-14.13	1.2	-0.81	70	700	40	0	pass_no_edge_flag	pass_no_candidate	pass_chromium_audio_context_and_muted_playback	TECH-SIL-002	TECH-PEAK-003	fail_actionable	B_technical_repair_candidate	review_edges_create_versioned_trim_variant	T20_T21_T22	pending_T07_T08	blocked_not_validated	2026-08-09	Codex_automated_technical_audit
asset:toefl:set-8:part-5:listen-choose-5	set-8	5	L-001	Listen and Choose a Response	public/audio/toefl/set-8/listen-choose-5.mp3	ea5e1656e95758095461293f152dec6ffd483c8385ad96a67523d48c7cae07cc	ea5e1656e95758095461293f152dec6ffd483c8385ad96a67523d48c7cae07cc	24494	24494	2980	2980	mp3	44100	1	mono	64000	pass_encoder_only	pass	none	f22039523e2f4c36ced2c2f1580ea706c23ae553047fb8d1a3343bd57c185a2f	131418	-0.798	0	-63.384	-12.119	-14.34	0	-0.77	0	520	40	0	pass_no_edge_flag	pass_no_candidate	pass_chromium_audio_context_and_muted_playback	none	TECH-PEAK-003	pass_with_actionable_warning	A_technical_conserve_candidate	review_warning_in_T08_before_conserve	T08	pending_T07_T08	blocked_not_validated	2026-08-09	Codex_automated_technical_audit
asset:toefl:set-8:part-6:conversation	set-8	6	L-002	Listen to a Conversation	public/audio/toefl/set-8/conversation.mp3	9a4cc0c22ead329118040dd396e86a4a41af184bbd0c70d6b0d6b8a27b1b5910	9a4cc0c22ead329118040dd396e86a4a41af184bbd0c70d6b0d6b8a27b1b5910	609428	609428	76100	76100	mp3	44100	1	mono	64000	pass_encoder_only	pass	none	d91c94fe782b8c719385a6bf5a395e083e0a2313f340e282551617957523ccba	3356010	-1.18	0	-67.894	-10.678	-16.19	4.5	-1.17	40	520	700	0	pass_no_edge_flag	pass_no_candidate	pass_chromium_audio_context_and_muted_playback	none	none	pass_automated_T06	A_technical_conserve_candidate	conserve_source_technical_candidate	T07_T08	pending_T07_T08	blocked_not_validated	2026-08-09	Codex_automated_technical_audit
asset:toefl:set-8:part-7:announcement	set-8	7	L-003	Listen to an Announcement	public/audio/toefl/set-8/announcement.mp3	0b836bdadd46735c1ff8acd88d8cec8384b25601a590b9a4d895df56cdbe4622	0b836bdadd46735c1ff8acd88d8cec8384b25601a590b9a4d895df56cdbe4622	382267	382267	47701	47701	mp3	44100	1	mono	64000	pass_encoder_only	pass	none	d6059f367ae35198fa068c5f5e0de489271d57b4d701141b81efa79f429af692	2103599	-1.246	0	-66.851	-10.367	-14.62	2.3	-1.24	120	520	400	0	pass_no_edge_flag	pass_no_candidate	pass_chromium_audio_context_and_muted_playback	none	none	pass_automated_T06	A_technical_conserve_candidate	conserve_source_technical_candidate	T07_T08	pending_T07_T08	blocked_not_validated	2026-08-09	Codex_automated_technical_audit
asset:toefl:set-8:part-8:academic-talk	set-8	8	L-004	Listen to an Academic Talk	public/audio/toefl/set-8/academic-talk.mp3	cc560276a6e1c7037b734d9148ccd501b61379a2f93961b86ef2a23836b2e3e6	cc560276a6e1c7037b734d9148ccd501b61379a2f93961b86ef2a23836b2e3e6	903671	903671	112900	112900	mp3	44100	1	mono	64000	pass_encoder_only	pass	none	47abc9e9f932783640013ba96082102b748d58bfb9583daca3b441c08f2192f5	4978890	-1.457	0	-65.433	-13.761	-18.55	2.8	-1.45	40	500	640	0	pass_no_edge_flag	pass_no_candidate	pass_chromium_audio_context_and_muted_playback	TECH-LDN-002	none	fail_actionable	B_technical_repair_candidate	measure_gain_create_versioned_normalized_variant	T20_T21_T22	pending_T07_T08	blocked_not_validated	2026-08-09	Codex_automated_technical_audit
asset:toefl:set-8:part-12:repeat-1	set-8	12	S-001	Listen and Repeat	public/audio/toefl/set-8/repeat-1.mp3	0e9c2a89a95e368c9d2e527a1d1ca5047fbf0cb59e6a2c08ed9a6ed4ed042bb6	0e9c2a89a95e368c9d2e527a1d1ca5047fbf0cb59e6a2c08ed9a6ed4ed042bb6	16135	16135	1940	1940	mp3	44100	1	mono	64000	pass_encoder_only	pass	none	543035615a7f6bfae76f6a0cacac69cf5379c16939852b6f2c34a625fac7a9e8	85554	-1.228	0	-65.533	-17.555	-12.75	0	-1.23	50	500	0	0	pass_no_edge_flag	pass_no_candidate	pass_chromium_audio_context_and_muted_playback	TECH-LDN-002	none	fail_actionable	B_technical_repair_candidate	measure_gain_create_versioned_normalized_variant	T20_T21_T22	pending_T07_T08	blocked_not_validated	2026-08-09	Codex_automated_technical_audit
asset:toefl:set-8:part-12:repeat-2	set-8	12	S-001	Listen and Repeat	public/audio/toefl/set-8/repeat-2.mp3	3edb1a6373d8b43901da3307be9456ebacf84882eb8b13dcd47e49f85e345a39	3edb1a6373d8b43901da3307be9456ebacf84882eb8b13dcd47e49f85e345a39	24494	24494	2980	2980	mp3	44100	1	mono	64000	pass_encoder_only	pass	none	f570912da58dcafa4dd2fe78830cbe81007d9207031a9dbeeb9093e34afb0e49	131418	-1.037	0	-62.676	-18.952	-15.28	0	-1	0	510	160	0	pass_no_edge_flag	pass_no_candidate	pass_chromium_audio_context_and_muted_playback	none	none	pass_automated_T06	A_technical_conserve_candidate	conserve_source_technical_candidate	T07_T08	pending_T07_T08	blocked_not_validated	2026-08-09	Codex_automated_technical_audit
asset:toefl:set-8:part-12:repeat-3	set-8	12	S-001	Listen and Repeat	public/audio/toefl/set-8/repeat-3.mp3	f6f62d1fe6db92f5b3ffd92af9891970c2cabd15ed75064de1e7934f7919364b	f6f62d1fe6db92f5b3ffd92af9891970c2cabd15ed75064de1e7934f7919364b	26375	26375	3220	3220	mp3	44100	1	mono	64000	pass_encoder_only	pass	none	863ca5739a0e8d9cde309713d38f87fbd5bd2a64fa020f9bf4cbb111d21572c2	142002	-1.466	0	-63.468	-17.878	-15	0.3	-1.43	90	500	60	0	pass_no_edge_flag	pass_no_candidate	pass_chromium_audio_context_and_muted_playback	none	none	pass_automated_T06	A_technical_conserve_candidate	conserve_source_technical_candidate	T07_T08	pending_T07_T08	blocked_not_validated	2026-08-09	Codex_automated_technical_audit
asset:toefl:set-8:part-12:repeat-4	set-8	12	S-001	Listen and Repeat	public/audio/toefl/set-8/repeat-4.mp3	271f807b765e9a74f24f7ef4965cbcdab635fa65479bd62e41f02a40ae05fac9	271f807b765e9a74f24f7ef4965cbcdab635fa65479bd62e41f02a40ae05fac9	36615	36615	4500	4500	mp3	44100	1	mono	64000	pass_encoder_only	pass	none	550e967c2fc9ef05dcace1fc4a0fd43a134963f0ba4ee77e5e37db79be4bf5b5	198450	-2.021	0	-61.043	-20.122	-15.56	1.5	-2.02	90	500	20	0	pass_no_edge_flag	pass_no_candidate	pass_chromium_audio_context_and_muted_playback	none	none	pass_automated_T06	A_technical_conserve_candidate	conserve_source_technical_candidate	T07_T08	pending_T07_T08	blocked_not_validated	2026-08-09	Codex_automated_technical_audit
asset:toefl:set-8:part-12:repeat-5	set-8	12	S-001	Listen and Repeat	public/audio/toefl/set-8/repeat-5.mp3	9aea2d7aa9e2c539630f5f3bdef1816ad276610f1fb76044bdb0ecd64367ad7e	9aea2d7aa9e2c539630f5f3bdef1816ad276610f1fb76044bdb0ecd64367ad7e	48736	48736	6020	6020	mp3	44100	1	mono	64000	pass_encoder_only	pass	none	2491c2eeb5bda6a19bcb9535e8a73c724d52f581438d72d6eff582d74fa1e3d0	265482	-1.696	0	-65.367	-18.855	-15.19	2.9	-1.69	20	500	200	0	pass_no_edge_flag	pass_no_candidate	pass_chromium_audio_context_and_muted_playback	none	none	pass_automated_T06	A_technical_conserve_candidate	conserve_source_technical_candidate	T07_T08	pending_T07_T08	blocked_not_validated	2026-08-09	Codex_automated_technical_audit
asset:toefl:set-9:part-5:listen-choose-1	set-9	5	L-001	Listen and Choose a Response	public/audio/toefl/set-9/listen-choose-1.mp3	f01e274a81629309c4e724924cd60eff3c1890f406ccade362040f639765d963	f01e274a81629309c4e724924cd60eff3c1890f406ccade362040f639765d963	26375	26375	3220	3220	mp3	44100	1	mono	64000	pass_encoder_only	pass	none	44d6f4dc9c49c950c284c592cb8e2713072590443f6a42af36a0f4b46828e9ed	142002	-1.956	0	-71.365	-14.098	-14.74	0.2	-1.95	50	500	20	0	pass_no_edge_flag	pass_no_candidate	pass_chromium_audio_context_and_muted_playback	none	none	pass_automated_T06	A_technical_conserve_candidate	conserve_source_technical_candidate	T07_T08	pending_T07_T08	blocked_not_validated	2026-08-09	Codex_automated_technical_audit
asset:toefl:set-9:part-5:listen-choose-2	set-9	5	L-001	Listen and Choose a Response	public/audio/toefl/set-9/listen-choose-2.mp3	452477bea031900b959dba5ad0572c37c689c7b8325e4310a48732811b5b0085	452477bea031900b959dba5ad0572c37c689c7b8325e4310a48732811b5b0085	26375	26375	3220	3220	mp3	44100	1	mono	64000	pass_encoder_only	pass	none	d90d0142dfc194ffbbd94023f948dc62920266ed163d446a090e4092cd9bd02d	142002	-2.225	0	-61.558	-17.688	-14.79	0.2	-2.2	80	560	80	0	pass_no_edge_flag	pass_no_candidate	pass_chromium_audio_context_and_muted_playback	none	none	pass_automated_T06	A_technical_conserve_candidate	conserve_source_technical_candidate	T07_T08	pending_T07_T08	blocked_not_validated	2026-08-09	Codex_automated_technical_audit
asset:toefl:set-9:part-5:listen-choose-3	set-9	5	L-001	Listen and Choose a Response	public/audio/toefl/set-9/listen-choose-3.mp3	1eefcc65d5d4740d68106b26722bddcf74d8464922db1dbe85c9df5cde36759a	1eefcc65d5d4740d68106b26722bddcf74d8464922db1dbe85c9df5cde36759a	27629	27629	3380	3380	mp3	44100	1	mono	64000	pass_encoder_only	pass	none	95cae44c67c548860b9194540078e793cfd6d1e84292dec4f19f908f9a7bb28e	149058	-1.771	0	-101.324	-14.202	-14.92	1.8	-1.76	30	500	30	0	pass_no_edge_flag	pass_no_candidate	pass_chromium_audio_context_and_muted_playback	none	none	pass_automated_T06	A_technical_conserve_candidate	conserve_source_technical_candidate	T07_T08	pending_T07_T08	blocked_not_validated	2026-08-09	Codex_automated_technical_audit
asset:toefl:set-9:part-5:listen-choose-4	set-9	5	L-001	Listen and Choose a Response	public/audio/toefl/set-9/listen-choose-4.mp3	a621a360609b6038855829472b8c66b06f40f1a9d824acd51ecf43640b32b18d	a621a360609b6038855829472b8c66b06f40f1a9d824acd51ecf43640b32b18d	25748	25748	3140	3140	mp3	44100	1	mono	64000	pass_encoder_only	pass	none	b00f897eeff27fd4f32e7379038fe18b1ebd3387023ce867faee2cb1520eef89	138474	-1.146	0	-64.501	-16.94	-14.13	0.2	-1.14	110	500	20	0	pass_no_edge_flag	pass_no_candidate	pass_chromium_audio_context_and_muted_playback	none	none	pass_automated_T06	A_technical_conserve_candidate	conserve_source_technical_candidate	T07_T08	pending_T07_T08	blocked_not_validated	2026-08-09	Codex_automated_technical_audit
asset:toefl:set-9:part-5:listen-choose-5	set-9	5	L-001	Listen and Choose a Response	public/audio/toefl/set-9/listen-choose-5.mp3	2136176874d26b6a5cbfe78c329d38b13918af79af81bb85dfcf8e1f0921cfdd	2136176874d26b6a5cbfe78c329d38b13918af79af81bb85dfcf8e1f0921cfdd	21150	21150	2580	2580	mp3	44100	1	mono	64000	pass_encoder_only	pass	none	b2af4a5a5b0aa0d5b5ca13e40956aa45b815e5da734e6d596438b638433cda99	113778	-2.226	0	-69.733	-17.252	-14.99	0	-2.22	30	500	10	0	pass_no_edge_flag	pass_no_candidate	pass_chromium_audio_context_and_muted_playback	none	none	pass_automated_T06	A_technical_conserve_candidate	conserve_source_technical_candidate	T07_T08	pending_T07_T08	blocked_not_validated	2026-08-09	Codex_automated_technical_audit
asset:toefl:set-9:part-6:conversation	set-9	6	L-002	Listen to a Conversation	public/audio/toefl/set-9/conversation.mp3	f61582f211187569cead0b8568429a7102a0608e36298441f8f8c7998cd106a8	f61582f211187569cead0b8568429a7102a0608e36298441f8f8c7998cd106a8	503684	503684	62900	62900	mp3	44100	1	mono	64000	pass_encoder_only	pass	none	3b6f11344e37abcb03c50a21f648d526d8d55c713680f4cc6a083d4d37f9e1f2	2773890	-0.705	0	-67.785	-12.777	-14.57	2.3	-0.66	60	500	840	0	pass_no_edge_flag	pass_no_candidate	pass_chromium_audio_context_and_muted_playback	none	TECH-PEAK-003	pass_with_actionable_warning	A_technical_conserve_candidate	review_warning_in_T08_before_conserve	T08	pending_T07_T08	blocked_not_validated	2026-08-09	Codex_automated_technical_audit
asset:toefl:set-9:part-7:announcement	set-9	7	L-003	Listen to an Announcement	public/audio/toefl/set-9/announcement.mp3	9f6a5f01f4d97ad4b1314b1c0dc2827f8ea78625d88ea5d9a6a079cc68202426	9f6a5f01f4d97ad4b1314b1c0dc2827f8ea78625d88ea5d9a6a079cc68202426	325216	325216	40580	40580	mp3	44100	1	mono	64000	pass_encoder_only	pass	none	fb25e1c165c4be7e3d3acac9a1af2b4403ffeccdf7beb3cd703acc434c6bc4ea	1789578	-1.602	0	-72.029	-13.592	-14.89	2.2	-1.6	40	500	840	0	pass_no_edge_flag	pass_no_candidate	pass_chromium_audio_context_and_muted_playback	none	none	pass_automated_T06	A_technical_conserve_candidate	conserve_source_technical_candidate	T07_T08	pending_T07_T08	blocked_not_validated	2026-08-09	Codex_automated_technical_audit
asset:toefl:set-9:part-8:academic-talk	set-9	8	L-004	Listen to an Academic Talk	public/audio/toefl/set-9/academic-talk.mp3	190c48e7afd031f4200891f38777ad3a9fdea1342b0aebb693d90bd10ed76044	190c48e7afd031f4200891f38777ad3a9fdea1342b0aebb693d90bd10ed76044	979949	979949	122420	122420	mp3	44100	1	mono	64000	pass_encoder_only	pass	none	d57576e4582e95854bb0ed111714bb946da12607e8eb336070e21fbb857789f1	5398722	-0.711	0	-68.143	-11.341	-18.77	2.6	-0.66	40	590	710	0	pass_no_edge_flag	pass_no_candidate	pass_chromium_audio_context_and_muted_playback	TECH-LDN-002	TECH-PEAK-003	fail_actionable	B_technical_repair_candidate	measure_gain_create_versioned_normalized_variant	T20_T21_T22	pending_T07_T08	blocked_not_validated	2026-08-09	Codex_automated_technical_audit
asset:toefl:set-9:part-12:repeat-1	set-9	12	S-001	Listen and Repeat	public/audio/toefl/set-9/repeat-1.mp3	a40774cef4ca0490b3d11aae4c0cd5fade3f54eead61e48abda228bb12d596fc	a40774cef4ca0490b3d11aae4c0cd5fade3f54eead61e48abda228bb12d596fc	18016	18016	2180	2180	mp3	44100	1	mono	64000	pass_encoder_only	pass	none	c9190428d3c0425e4d639d558b892b89a6ef65fccc2846171ab20dd1cf750d7d	96138	-0.408	0	-62.195	-16.973	-12.92	0	-0.4	110	510	50	0	pass_no_edge_flag	pass_no_candidate	pass_chromium_audio_context_and_muted_playback	TECH-LDN-002	TECH-PEAK-003	fail_actionable	B_technical_repair_candidate	measure_gain_create_versioned_normalized_variant	T20_T21_T22	pending_T07_T08	blocked_not_validated	2026-08-09	Codex_automated_technical_audit
asset:toefl:set-9:part-12:repeat-2	set-9	12	S-001	Listen and Repeat	public/audio/toefl/set-9/repeat-2.mp3	2cfee74a4c6823a40840a91b79d1422a40c65a1346d91c1424f89f90b5dcdb49	2cfee74a4c6823a40840a91b79d1422a40c65a1346d91c1424f89f90b5dcdb49	21777	21777	2660	2660	mp3	44100	1	mono	64000	pass_encoder_only	pass	none	2ce30a9d8e960bc1ac47f9658a9c8acde5df23388ae6ccc9b74f51edf920a8f0	117306	-1.215	0	-62.251	-20.538	-14.83	0	-1.2	120	500	30	0	pass_no_edge_flag	pass_no_candidate	pass_chromium_audio_context_and_muted_playback	none	none	pass_automated_T06	A_technical_conserve_candidate	conserve_source_technical_candidate	T07_T08	pending_T07_T08	blocked_not_validated	2026-08-09	Codex_automated_technical_audit
asset:toefl:set-9:part-12:repeat-3	set-9	12	S-001	Listen and Repeat	public/audio/toefl/set-9/repeat-3.mp3	e006ab8ddb483d06cf8be4f367e858e96c2ab0d032b47e7611bed0e9e4314ef0	e006ab8ddb483d06cf8be4f367e858e96c2ab0d032b47e7611bed0e9e4314ef0	27002	27002	3300	3300	mp3	44100	1	mono	64000	pass_encoder_only	pass	none	64d09503a925d1b24963c1d4d917589000ad0de8799af83cefcf4dc1d34b5e13	145530	-1.105	0	-68.104	-17.175	-14.21	0.5	-1.07	30	540	40	0	pass_no_edge_flag	pass_no_candidate	pass_chromium_audio_context_and_muted_playback	none	none	pass_automated_T06	A_technical_conserve_candidate	conserve_source_technical_candidate	T07_T08	pending_T07_T08	blocked_not_validated	2026-08-09	Codex_automated_technical_audit
asset:toefl:set-9:part-12:repeat-4	set-9	12	S-001	Listen and Repeat	public/audio/toefl/set-9/repeat-4.mp3	b48058e9b94a69b1866cc406ae736afd7266cf0995287d2ae345d22d07513773	b48058e9b94a69b1866cc406ae736afd7266cf0995287d2ae345d22d07513773	37869	37869	4660	4660	mp3	44100	1	mono	64000	pass_encoder_only	pass	none	fce9a24468cadb98e9fda1eb045c21523c98dad0f6438972186f729df68c8431	205506	-0.701	0	-63.579	-16.194	-14.61	3	-0.67	110	790	160	0	pass_no_edge_flag	pass_no_candidate	pass_chromium_audio_context_and_muted_playback	TECH-SIL-002	TECH-PEAK-003	fail_actionable	B_technical_repair_candidate	review_edges_create_versioned_trim_variant	T20_T21_T22	pending_T07_T08	blocked_not_validated	2026-08-09	Codex_automated_technical_audit
asset:toefl:set-9:part-12:repeat-5	set-9	12	S-001	Listen and Repeat	public/audio/toefl/set-9/repeat-5.mp3	e58acc97a260258543d78587ac03520d25fc334a821b3ae669fb1ec5ab0a3237	e58acc97a260258543d78587ac03520d25fc334a821b3ae669fb1ec5ab0a3237	41004	41004	5060	5060	mp3	44100	1	mono	64000	pass_encoder_only	pass	none	9d56b65cb0246dff3165a87bee660c9dbfbcebf2d4a06c3e8beac2114b53e1eb	223146	-0.951	0	-64.17	-17.11	-15.67	1.7	-0.95	80	600	130	0	pass_no_edge_flag	pass_no_candidate	pass_chromium_audio_context_and_muted_playback	none	TECH-PEAK-003	pass_with_actionable_warning	A_technical_conserve_candidate	review_warning_in_T08_before_conserve	T08	pending_T07_T08	blocked_not_validated	2026-08-09	Codex_automated_technical_audit
asset:toefl:set-10:part-5:listen-choose-1	set-10	5	L-001	Listen and Choose a Response	public/audio/toefl/set-10/listen-choose-1.mp3	a8e0700f3dba469bee7bb09bbf87072d8d2301f5e9ada61fc1cff3c1bfa05280	a8e0700f3dba469bee7bb09bbf87072d8d2301f5e9ada61fc1cff3c1bfa05280	27629	27629	3380	3380	mp3	44100	1	mono	64000	pass_encoder_only	pass	none	66d9f91ccdc9ca4c9c0adf369bdfb4598936eb46426bf416ce8f0550a9a9cea4	149058	-1.42	0	-69.051	-13.005	-14.35	0.8	-1.41	60	530	90	0	pass_no_edge_flag	pass_no_candidate	pass_chromium_audio_context_and_muted_playback	none	none	pass_automated_T06	A_technical_conserve_candidate	conserve_source_technical_candidate	T07_T08	pending_T07_T08	blocked_not_validated	2026-08-09	Codex_automated_technical_audit
asset:toefl:set-10:part-5:listen-choose-2	set-10	5	L-001	Listen and Choose a Response	public/audio/toefl/set-10/listen-choose-2.mp3	b958fa3eb12daafa1835560f788b323c941b892c512b7343ec41d2eb131f0bbe	b958fa3eb12daafa1835560f788b323c941b892c512b7343ec41d2eb131f0bbe	27002	27002	3300	3300	mp3	44100	1	mono	64000	pass_encoder_only	pass	none	a4ace09a33c992033bfb055d71c105631eedd0675c4498410a6af0e31f5c3315	145530	-2.169	0	-65.019	-18.63	-15.4	0.5	-2.11	70	500	20	0	pass_no_edge_flag	pass_no_candidate	pass_chromium_audio_context_and_muted_playback	none	none	pass_automated_T06	A_technical_conserve_candidate	conserve_source_technical_candidate	T07_T08	pending_T07_T08	blocked_not_validated	2026-08-09	Codex_automated_technical_audit
asset:toefl:set-10:part-5:listen-choose-3	set-10	5	L-001	Listen and Choose a Response	public/audio/toefl/set-10/listen-choose-3.mp3	e2a05243f6357d61d1c36e6110f21a81ecf661faf48549b4a999d0c6827f0fcc	e2a05243f6357d61d1c36e6110f21a81ecf661faf48549b4a999d0c6827f0fcc	23031	23031	2820	2820	mp3	44100	1	mono	64000	pass_encoder_only	pass	none	88fe9fdbd7ed01dc7af359db50f5f29678c2b87d902b572ada3dfd7c271d2aff	124362	-2.323	0	-59.995	-22.274	-13.52	0	-2.32	40	540	20	0	pass_no_edge_flag	pass_no_candidate	pass_chromium_audio_context_and_muted_playback	none	TECH-LDN-003	pass_with_actionable_warning	A_technical_conserve_candidate	review_warning_in_T08_before_conserve	T08	pending_T07_T08	blocked_not_validated	2026-08-09	Codex_automated_technical_audit
asset:toefl:set-10:part-5:listen-choose-4	set-10	5	L-001	Listen and Choose a Response	public/audio/toefl/set-10/listen-choose-4.mp3	7ec55b3e4b164f3097002ebf95f371130f1dbd6d62479b5cac5aa9d18fc4565e	7ec55b3e4b164f3097002ebf95f371130f1dbd6d62479b5cac5aa9d18fc4565e	36615	36615	4500	4500	mp3	44100	1	mono	64000	pass_encoder_only	pass	none	8712b3f73163bc9264573783c2a585ce2b596a3ed98d4cbb7ed3cc30ac709ae7	198450	-2.151	0	-61.297	-20.061	-15.05	2.4	-2.14	80	610	80	0	pass_no_edge_flag	pass_no_candidate	pass_chromium_audio_context_and_muted_playback	TECH-SIL-002	none	fail_actionable	B_technical_repair_candidate	review_edges_create_versioned_trim_variant	T20_T21_T22	pending_T07_T08	blocked_not_validated	2026-08-09	Codex_automated_technical_audit
asset:toefl:set-10:part-5:listen-choose-5	set-10	5	L-001	Listen and Choose a Response	public/audio/toefl/set-10/listen-choose-5.mp3	775bf6509a800ab50b5928fc1ffc00fb5e1f3dd341729edaf6d8713220ff3d8b	775bf6509a800ab50b5928fc1ffc00fb5e1f3dd341729edaf6d8713220ff3d8b	26375	26375	3220	3220	mp3	44100	1	mono	64000	pass_encoder_only	pass	none	66bf298ba487d103588f7a92b26730b7f487f36a74f3adc4d762aeb93aadaa81	142002	-3.416	0	-64.934	-16.002	-16.13	0.7	-3.41	0	500	30	0	pass_no_edge_flag	pass_no_candidate	pass_chromium_audio_context_and_muted_playback	none	none	pass_automated_T06	A_technical_conserve_candidate	conserve_source_technical_candidate	T07_T08	pending_T07_T08	blocked_not_validated	2026-08-09	Codex_automated_technical_audit
asset:toefl:set-10:part-6:conversation	set-10	6	L-002	Listen to a Conversation	public/audio/toefl/set-10/conversation.mp3	757291ae8e83e27d686ec5324538208a9728e45ba35a85b22346d8de88df9e2f	757291ae8e83e27d686ec5324538208a9728e45ba35a85b22346d8de88df9e2f	603368	603368	75360	75360	mp3	44100	1	mono	64000	pass_encoder_only	pass	none	47ab5b146dd247001ab9a6dd9e5a2f738d898f264902b4f6eab73cbc5218c7d1	3323376	-1.009	0	-66.458	-11.038	-16.75	5.2	-1	0	500	690	0	pass_no_edge_flag	pass_no_candidate	pass_chromium_audio_context_and_muted_playback	none	none	pass_automated_T06	A_technical_conserve_candidate	conserve_source_technical_candidate	T07_T08	pending_T07_T08	blocked_not_validated	2026-08-09	Codex_automated_technical_audit
asset:toefl:set-10:part-7:announcement	set-10	7	L-003	Listen to an Announcement	public/audio/toefl/set-10/announcement.mp3	553437ca37235d3d2887df3411ebbb55ba4544eaf56a75297d2d64ec5f33ab56	553437ca37235d3d2887df3411ebbb55ba4544eaf56a75297d2d64ec5f33ab56	354055	354055	44180	44180	mp3	44100	1	mono	64000	pass_encoder_only	pass	none	1ac7c6cc500077107be78a8d365319630cf7f079363084e2d0de5455ea95e102	1948338	-1.188	0	-65.971	-11.539	-14.88	1.8	-1.18	20	500	210	0	pass_no_edge_flag	pass_no_candidate	pass_chromium_audio_context_and_muted_playback	none	none	pass_automated_T06	A_technical_conserve_candidate	conserve_source_technical_candidate	T07_T08	pending_T07_T08	blocked_not_validated	2026-08-09	Codex_automated_technical_audit
asset:toefl:set-10:part-8:academic-talk	set-10	8	L-004	Listen to an Academic Talk	public/audio/toefl/set-10/academic-talk.mp3	9b2acec5a10eebfe0040b8db2441bef54fb69db4a2e636e6c95b5c50a8cbb07f	9b2acec5a10eebfe0040b8db2441bef54fb69db4a2e636e6c95b5c50a8cbb07f	889670	889670	111140	111140	mp3	44100	1	mono	64000	pass_encoder_only	pass	none	bcff3ed5f73555a53f8c0ba87f769d926e7e36477ebd00bd69dfb2ca9d1ba4cf	4901274	-0.891	0	-67.844	-11.566	-18.51	2.6	-0.86	60	500	440	0	pass_no_edge_flag	pass_no_candidate	pass_chromium_audio_context_and_muted_playback	TECH-LDN-002	TECH-PEAK-003	fail_actionable	B_technical_repair_candidate	measure_gain_create_versioned_normalized_variant	T20_T21_T22	pending_T07_T08	blocked_not_validated	2026-08-09	Codex_automated_technical_audit
asset:toefl:set-10:part-12:repeat-1	set-10	12	S-001	Listen and Repeat	public/audio/toefl/set-10/repeat-1.mp3	66c505faeb7a284fc1a6eada8b60a4b8f57874c4e0569f1f367eec3cd4b81938	66c505faeb7a284fc1a6eada8b60a4b8f57874c4e0569f1f367eec3cd4b81938	18016	18016	2180	2180	mp3	44100	1	mono	64000	pass_encoder_only	pass	none	9fe074cb8967ab21175906d7944d80d2006d90a8ed8b17f25eab4245f37c0f34	96138	-1.955	0	-65.402	-17.725	-14.43	0	-1.92	60	540	40	0	pass_no_edge_flag	pass_no_candidate	pass_chromium_audio_context_and_muted_playback	none	none	pass_automated_T06	A_technical_conserve_candidate	conserve_source_technical_candidate	T07_T08	pending_T07_T08	blocked_not_validated	2026-08-09	Codex_automated_technical_audit
asset:toefl:set-10:part-12:repeat-2	set-10	12	S-001	Listen and Repeat	public/audio/toefl/set-10/repeat-2.mp3	7560c9a0884bd98bb5d6a5bdb3822ed6c8c099b2d239ca7f2f887184ad2ff287	7560c9a0884bd98bb5d6a5bdb3822ed6c8c099b2d239ca7f2f887184ad2ff287	25748	25748	3140	3140	mp3	44100	1	mono	64000	pass_encoder_only	pass	none	ed16da92d9ea699a8ad361f6ef978faefbdde2d6e8f2b7b7228071c8ee9ad8c4	138474	-1.811	0	-66.03	-18.424	-16.12	0.2	-1.75	80	620	50	0	pass_no_edge_flag	pass_no_candidate	pass_chromium_audio_context_and_muted_playback	TECH-SIL-002	none	fail_actionable	B_technical_repair_candidate	review_edges_create_versioned_trim_variant	T20_T21_T22	pending_T07_T08	blocked_not_validated	2026-08-09	Codex_automated_technical_audit
asset:toefl:set-10:part-12:repeat-3	set-10	12	S-001	Listen and Repeat	public/audio/toefl/set-10/repeat-3.mp3	ac5d3a34b4186b00cb3eb9930ad62447d54a0b9d47679d36afc51625af0beef3	ac5d3a34b4186b00cb3eb9930ad62447d54a0b9d47679d36afc51625af0beef3	32017	32017	3940	3940	mp3	44100	1	mono	64000	pass_encoder_only	pass	none	2a9fc75fef0b48f84f651f7e04a5cdd2bff79ba085aa0c7ed58588e6fc79ebb8	173754	-1.378	0	-63.378	-18.725	-15.34	1.5	-1.36	100	500	180	0	pass_no_edge_flag	pass_no_candidate	pass_chromium_audio_context_and_muted_playback	none	none	pass_automated_T06	A_technical_conserve_candidate	conserve_source_technical_candidate	T07_T08	pending_T07_T08	blocked_not_validated	2026-08-09	Codex_automated_technical_audit
asset:toefl:set-10:part-12:repeat-4	set-10	12	S-001	Listen and Repeat	public/audio/toefl/set-10/repeat-4.mp3	5b32a5436654e21283e8daef2ff4107a6602bad187126be9bc41e816d2947a65	5b32a5436654e21283e8daef2ff4107a6602bad187126be9bc41e816d2947a65	42257	42257	5220	5220	mp3	44100	1	mono	64000	pass_encoder_only	pass	none	2699611c1b86cc8847001ee03dec8d5a8591af10f9e746035e27891ae0ab6c86	230202	-1.27	0	-67.887	-18.661	-16.02	1.2	-1.27	90	480	130	0	pass_no_edge_flag	pass_no_candidate	pass_chromium_audio_context_and_muted_playback	none	none	pass_automated_T06	A_technical_conserve_candidate	conserve_source_technical_candidate	T07_T08	pending_T07_T08	blocked_not_validated	2026-08-09	Codex_automated_technical_audit
asset:toefl:set-10:part-12:repeat-5	set-10	12	S-001	Listen and Repeat	public/audio/toefl/set-10/repeat-5.mp3	66549f8ff4fd605500c8f58674cabbf40f79ee58641272537d42088a41bfb4e1	66549f8ff4fd605500c8f58674cabbf40f79ee58641272537d42088a41bfb4e1	46855	46855	5780	5780	mp3	44100	1	mono	64000	pass_encoder_only	pass	none	44c04af0e5704ba8e84686416d9cc6f1b2f48a1aa0d6bcc22c3c1997f83c516f	254898	-1.074	0	-67.191	-17.248	-15.51	2	-1.07	50	710	100	0	pass_no_edge_flag	pass_no_candidate	pass_chromium_audio_context_and_muted_playback	TECH-SIL-002	none	fail_actionable	B_technical_repair_candidate	review_edges_create_versioned_trim_variant	T20_T21_T22	pending_T07_T08	blocked_not_validated	2026-08-09	Codex_automated_technical_audit
asset:toefl:set-11:part-5:listen-choose-1	set-11	5	L-001	Listen and Choose a Response	public/audio/toefl/set-11/listen-choose-1.mp3	d024b75907d7b81be0f54276541b32c307a6f5a821aa24ec7c584c5e3b8686ca	d024b75907d7b81be0f54276541b32c307a6f5a821aa24ec7c584c5e3b8686ca	27629	27629	3380	3380	mp3	44100	1	mono	64000	pass_encoder_only	pass	none	61a6e9f4198127a64b1ac558e8459bfef0f6e0fc4b0c11e0bec62eaaedf54162	149058	-2.213	0	-67.636	-15.231	-16.1	1.1	-2.21	0	510	50	0	pass_no_edge_flag	pass_no_candidate	pass_chromium_audio_context_and_muted_playback	none	none	pass_automated_T06	A_technical_conserve_candidate	conserve_source_technical_candidate	T07_T08	pending_T07_T08	blocked_not_validated	2026-08-09	Codex_automated_technical_audit
asset:toefl:set-11:part-5:listen-choose-2	set-11	5	L-001	Listen and Choose a Response	public/audio/toefl/set-11/listen-choose-2.mp3	431cc5e074fc2d60a63589cef89c09bcf9c1baaf62b567368e51def1d7566ad3	431cc5e074fc2d60a63589cef89c09bcf9c1baaf62b567368e51def1d7566ad3	21150	21150	2580	2580	mp3	44100	1	mono	64000	pass_encoder_only	pass	none	fc875164eda6f5e9ed62ff1973f143bd6294a4b9ffce3efb42a58ad38e0db5bf	113778	-0.905	0	-61.564	-16.074	-13.61	0	-0.9	40	530	50	0	pass_no_edge_flag	pass_no_candidate	pass_chromium_audio_context_and_muted_playback	none	TECH-LDN-003;TECH-PEAK-003	pass_with_actionable_warning	A_technical_conserve_candidate	review_warning_in_T08_before_conserve	T08	pending_T07_T08	blocked_not_validated	2026-08-09	Codex_automated_technical_audit
asset:toefl:set-11:part-5:listen-choose-3	set-11	5	L-001	Listen and Choose a Response	public/audio/toefl/set-11/listen-choose-3.mp3	d1af116ba6231323f73ae1185d5bd4a7084663848563029209868d155ccd5ae0	d1af116ba6231323f73ae1185d5bd4a7084663848563029209868d155ccd5ae0	18643	18643	2260	2260	mp3	44100	1	mono	64000	pass_encoder_only	pass	none	91184c4b9ff5dc04ea4eeb2b235ec9afb51ae9426087adb036c4f24673bde6e5	99666	-1.412	0	-70.309	-16.476	-13.35	0	-1.4	50	520	10	0	pass_no_edge_flag	pass_no_candidate	pass_chromium_audio_context_and_muted_playback	TECH-LDN-002	none	fail_actionable	B_technical_repair_candidate	measure_gain_create_versioned_normalized_variant	T20_T21_T22	pending_T07_T08	blocked_not_validated	2026-08-09	Codex_automated_technical_audit
asset:toefl:set-11:part-5:listen-choose-4	set-11	5	L-001	Listen and Choose a Response	public/audio/toefl/set-11/listen-choose-4.mp3	49eabad19b174ce163267890130d51492412517f50a4a9edeb2a53f624ef61f5	49eabad19b174ce163267890130d51492412517f50a4a9edeb2a53f624ef61f5	25121	25121	3060	3060	mp3	44100	1	mono	64000	pass_encoder_only	pass	none	b2e244573ef7b8c4418c49bab17ab7bd301d9af9d7a3e6f0c27e6e47025740a7	134946	-1.07	0	-59.123	-18.732	-14.31	0.2	-1.04	80	500	80	0	pass_no_edge_flag	pass_no_candidate	pass_chromium_audio_context_and_muted_playback	none	none	pass_automated_T06	A_technical_conserve_candidate	conserve_source_technical_candidate	T07_T08	pending_T07_T08	blocked_not_validated	2026-08-09	Codex_automated_technical_audit
asset:toefl:set-11:part-5:listen-choose-5	set-11	5	L-001	Listen and Choose a Response	public/audio/toefl/set-11/listen-choose-5.mp3	e3492c7c5da9b763d81980f650ac98b7be2d5c1f8e7e550bbd0f748ed86c9a80	e3492c7c5da9b763d81980f650ac98b7be2d5c1f8e7e550bbd0f748ed86c9a80	18016	18016	2180	2180	mp3	44100	1	mono	64000	pass_encoder_only	pass	none	bb7e73162759e088ec44dbb5aa5473edd6e0d9ae8288d2e151fa8e228fff0c09	96138	-1.564	0	-71.518	-17.792	-15.32	0	-1.56	30	500	20	0	pass_no_edge_flag	pass_no_candidate	pass_chromium_audio_context_and_muted_playback	none	none	pass_automated_T06	A_technical_conserve_candidate	conserve_source_technical_candidate	T07_T08	pending_T07_T08	blocked_not_validated	2026-08-09	Codex_automated_technical_audit
asset:toefl:set-11:part-6:conversation	set-11	6	L-002	Listen to a Conversation	public/audio/toefl/set-11/conversation.mp3	317b31aadf9154f869965a1aa08284af4eff7971d0ba4810ce21493b309aafe5	317b31aadf9154f869965a1aa08284af4eff7971d0ba4810ce21493b309aafe5	465232	465232	58080	58080	mp3	44100	1	mono	64000	pass_encoder_only	pass	none	3a55af98eb06ca5ca651dd9817da4d5c78fd025941e8d796da7f4dd2211efd1e	2561328	-0.54	0	-65.553	-11.35	-15.18	2.3	-0.53	40	690	650	0	pass_no_edge_flag	pass_no_candidate	pass_chromium_audio_context_and_muted_playback	TECH-SIL-002	TECH-PEAK-003	fail_actionable	B_technical_repair_candidate	review_edges_create_versioned_trim_variant	T20_T21_T22	pending_T07_T08	blocked_not_validated	2026-08-09	Codex_automated_technical_audit
asset:toefl:set-11:part-7:announcement	set-11	7	L-003	Listen to an Announcement	public/audio/toefl/set-11/announcement.mp3	236eb9100fd2bbb72335b6efd2e251f9fc2ab09de0904ab4a74280bf688ed4cd	236eb9100fd2bbb72335b6efd2e251f9fc2ab09de0904ab4a74280bf688ed4cd	446842	446842	55780	55780	mp3	44100	1	mono	64000	pass_encoder_only	pass	none	a91007a676b1b9d2dc9f8b05a5e2e64a70ffd8297a68ae6dd72ec6905324eea6	2459898	-0.968	0	-68.181	-11.276	-15.34	2.3	-0.97	50	500	300	0	pass_no_edge_flag	pass_no_candidate	pass_chromium_audio_context_and_muted_playback	none	TECH-PEAK-003	pass_with_actionable_warning	A_technical_conserve_candidate	review_warning_in_T08_before_conserve	T08	pending_T07_T08	blocked_not_validated	2026-08-09	Codex_automated_technical_audit
asset:toefl:set-11:part-8:academic-talk	set-11	8	L-004	Listen to an Academic Talk	public/audio/toefl/set-11/academic-talk.mp3	061ad8dab8e64388d86376b65b5458071d5725beb6dc185f802ff6dcf25be52a	061ad8dab8e64388d86376b65b5458071d5725beb6dc185f802ff6dcf25be52a	1038254	1038254	129700	129700	mp3	44100	1	mono	64000	pass_encoder_only	pass	none	6a276002a49bcd5caeefe9158d69cecebca42ce21ab4374a404c89ed476536c6	5719770	-0.629	0	-68.297	-14.671	-18.07	3.2	-0.63	50	510	900	0	pass_no_edge_flag	pass_no_candidate	pass_chromium_audio_context_and_muted_playback	none	TECH-LDN-003;TECH-PEAK-003	pass_with_actionable_warning	A_technical_conserve_candidate	review_warning_in_T08_before_conserve	T08	pending_T07_T08	blocked_not_validated	2026-08-09	Codex_automated_technical_audit
asset:toefl:set-11:part-12:repeat-1	set-11	12	S-001	Listen and Repeat	public/audio/toefl/set-11/repeat-1.mp3	5eb266064421294446db828706a776b2eac373fbbed0bdbc4817c003b6a4168a	5eb266064421294446db828706a776b2eac373fbbed0bdbc4817c003b6a4168a	16762	16762	2020	2020	mp3	44100	1	mono	64000	pass_encoder_only	pass	none	da8de1b8ae184253cc7fc1065240cdb3fc0345e6ac7da2d8e039eb72977dcbd5	89082	-2.252	0	-63.473	-18.18	-15.33	0	-2.25	80	500	50	0	pass_no_edge_flag	pass_no_candidate	pass_chromium_audio_context_and_muted_playback	none	none	pass_automated_T06	A_technical_conserve_candidate	conserve_source_technical_candidate	T07_T08	pending_T07_T08	blocked_not_validated	2026-08-09	Codex_automated_technical_audit
asset:toefl:set-11:part-12:repeat-2	set-11	12	S-001	Listen and Repeat	public/audio/toefl/set-11/repeat-2.mp3	2da979f5d66f223bc46a61fbf81a5565e4c3fc550dd30e57e9d9ca25aaed9dfa	2da979f5d66f223bc46a61fbf81a5565e4c3fc550dd30e57e9d9ca25aaed9dfa	23867	23867	2901	2901	mp3	44100	1	mono	64000	pass_encoder_only	pass	none	972582ce8c7f17c3bb820f57966ee703890b67a6ffc1ff56a0a6a342fc025a7c	127919	-0.772	0	-66.48	-17.904	-14.32	0	-0.75	150	510	40	0	pass_no_edge_flag	pass_no_candidate	pass_chromium_audio_context_and_muted_playback	none	TECH-PEAK-003	pass_with_actionable_warning	A_technical_conserve_candidate	review_warning_in_T08_before_conserve	T08	pending_T07_T08	blocked_not_validated	2026-08-09	Codex_automated_technical_audit
asset:toefl:set-11:part-12:repeat-3	set-11	12	S-001	Listen and Repeat	public/audio/toefl/set-11/repeat-3.mp3	e07f91a0fe3176b58a1c3e56e6a083fb530fc7e9d03d4deb71615dbfcb8259a4	e07f91a0fe3176b58a1c3e56e6a083fb530fc7e9d03d4deb71615dbfcb8259a4	28256	28256	3460	3460	mp3	44100	1	mono	64000	pass_encoder_only	pass	none	3e0413c4f22531cfb8a29362305545b0e4a29685a28fe04bb039af9babafaafe	152586	-1.376	0	-66.938	-16.865	-15.38	0.9	-1.37	160	550	80	0	pass_no_edge_flag	pass_no_candidate	pass_chromium_audio_context_and_muted_playback	none	none	pass_automated_T06	A_technical_conserve_candidate	conserve_source_technical_candidate	T07_T08	pending_T07_T08	blocked_not_validated	2026-08-09	Codex_automated_technical_audit
asset:toefl:set-11:part-12:repeat-4	set-11	12	S-001	Listen and Repeat	public/audio/toefl/set-11/repeat-4.mp3	5c1a61412e3ebffb0146051b6a7667e28baa6cc529a8f2764f89d35dc7d67e39	5c1a61412e3ebffb0146051b6a7667e28baa6cc529a8f2764f89d35dc7d67e39	39750	39750	4900	4900	mp3	44100	1	mono	64000	pass_encoder_only	pass	none	d36483da7662b2b174e5c59d3ce2b6478bb87aa95a5b85faf0b6d84e3c2ca948	216090	-1.902	0	-64.352	-18.49	-15.06	1.4	-1.9	130	560	40	0	pass_no_edge_flag	pass_no_candidate	pass_chromium_audio_context_and_muted_playback	none	none	pass_automated_T06	A_technical_conserve_candidate	conserve_source_technical_candidate	T07_T08	pending_T07_T08	blocked_not_validated	2026-08-09	Codex_automated_technical_audit
asset:toefl:set-11:part-12:repeat-5	set-11	12	S-001	Listen and Repeat	public/audio/toefl/set-11/repeat-5.mp3	a6fac6103513dc19a51195d4034fa5a18761157fa03066494596e5a1b2e382ed	a6fac6103513dc19a51195d4034fa5a18761157fa03066494596e5a1b2e382ed	41004	41004	5060	5060	mp3	44100	1	mono	64000	pass_encoder_only	pass	none	2d54b1efed1e565f48f69c13414a2103a2d3cabfbea8b3dea6f6ce34c3253b58	223146	-0.78	0	-65.009	-18.891	-16.27	1.3	-0.76	0	580	100	0	pass_no_edge_flag	pass_no_candidate	pass_chromium_audio_context_and_muted_playback	none	TECH-PEAK-003	pass_with_actionable_warning	A_technical_conserve_candidate	review_warning_in_T08_before_conserve	T08	pending_T07_T08	blocked_not_validated	2026-08-09	Codex_automated_technical_audit
asset:toefl:set-12:part-5:listen-choose-1	set-12	5	L-001	Listen and Choose a Response	public/audio/toefl/set-12/listen-choose-1.mp3	0871ca4770bb6fad0eced1adf2d2c1bef72c4614ee5376c5a09b7a279ba102ac	0871ca4770bb6fad0eced1adf2d2c1bef72c4614ee5376c5a09b7a279ba102ac	27002	27002	3300	3300	mp3	44100	1	mono	64000	pass_encoder_only	pass	none	f7d5cee8ee0a18974ac8e515d182c7eefc59135107eed1b98e95b05ba0347938	145530	-1.63	0	-67.287	-13.183	-14.58	0.3	-1.62	40	500	30	0	pass_no_edge_flag	pass_no_candidate	pass_chromium_audio_context_and_muted_playback	none	none	pass_automated_T06	A_technical_conserve_candidate	conserve_source_technical_candidate	T07_T08	pending_T07_T08	blocked_not_validated	2026-08-09	Codex_automated_technical_audit
asset:toefl:set-12:part-5:listen-choose-2	set-12	5	L-001	Listen and Choose a Response	public/audio/toefl/set-12/listen-choose-2.mp3	a4dd73e28ebf84acec03cff38274735d64d2994a0d7ba490960667f3e8b02cce	a4dd73e28ebf84acec03cff38274735d64d2994a0d7ba490960667f3e8b02cce	28883	28883	3540	3540	mp3	44100	1	mono	64000	pass_encoder_only	pass	none	d36d5ea9f024ecc422dd2810101bccac0d00aa8e82650c91e902e8d295305312	156114	-1.551	0	-63.422	-17.245	-14.09	1.4	-1.55	100	670	30	0	pass_no_edge_flag	pass_no_candidate	pass_chromium_audio_context_and_muted_playback	TECH-SIL-002	none	fail_actionable	B_technical_repair_candidate	review_edges_create_versioned_trim_variant	T20_T21_T22	pending_T07_T08	blocked_not_validated	2026-08-09	Codex_automated_technical_audit
asset:toefl:set-12:part-5:listen-choose-3	set-12	5	L-001	Listen and Choose a Response	public/audio/toefl/set-12/listen-choose-3.mp3	02b60c58d01b4d371a888f56e1e132d2bddb656b3608aacde7e57c73e8ac2782	02b60c58d01b4d371a888f56e1e132d2bddb656b3608aacde7e57c73e8ac2782	19897	19897	2420	2420	mp3	44100	1	mono	64000	pass_encoder_only	pass	none	0acbab3c29b04e7ab5b6b6adc4e9dfe1829b306dbd0119272d86876de7d993eb	106722	-1.205	0	-68.116	-17.492	-15.16	0	-1.2	0	490	30	0	pass_no_edge_flag	pass_no_candidate	pass_chromium_audio_context_and_muted_playback	none	none	pass_automated_T06	A_technical_conserve_candidate	conserve_source_technical_candidate	T07_T08	pending_T07_T08	blocked_not_validated	2026-08-09	Codex_automated_technical_audit
asset:toefl:set-12:part-5:listen-choose-4	set-12	5	L-001	Listen and Choose a Response	public/audio/toefl/set-12/listen-choose-4.mp3	4b04e1f6bf29872a33fa36e0511e02893a956d0c779115b17046eb07128b08c1	4b04e1f6bf29872a33fa36e0511e02893a956d0c779115b17046eb07128b08c1	51244	51244	6340	6340	mp3	44100	1	mono	64000	pass_encoder_only	pass	none	7aa2ed795c0cbafda85a4b9275c121f9be07484de6b4830eed66f73eb160aec5	279594	-2.035	0	-66.916	-18.551	-14.53	2.3	-2.02	20	500	400	0	pass_no_edge_flag	pass_no_candidate	pass_chromium_audio_context_and_muted_playback	none	none	pass_automated_T06	A_technical_conserve_candidate	conserve_source_technical_candidate	T07_T08	pending_T07_T08	blocked_not_validated	2026-08-09	Codex_automated_technical_audit
asset:toefl:set-12:part-5:listen-choose-5	set-12	5	L-001	Listen and Choose a Response	public/audio/toefl/set-12/listen-choose-5.mp3	58545fb0e38b50101d9583a7f17185bdf9e6263db9a0b25631ceafa4696165bb	58545fb0e38b50101d9583a7f17185bdf9e6263db9a0b25631ceafa4696165bb	25121	25121	3060	3060	mp3	44100	1	mono	64000	pass_encoder_only	pass	none	49341279d47cdb3efad9217bb4482f48ecefa9f77a29eb4b3c72ed776a55e723	134946	-2.384	0	-68.35	-16.357	-15.58	0.2	-2.38	50	500	110	0	pass_no_edge_flag	pass_no_candidate	pass_chromium_audio_context_and_muted_playback	none	none	pass_automated_T06	A_technical_conserve_candidate	conserve_source_technical_candidate	T07_T08	pending_T07_T08	blocked_not_validated	2026-08-09	Codex_automated_technical_audit
asset:toefl:set-12:part-6:conversation	set-12	6	L-002	Listen to a Conversation	public/audio/toefl/set-12/conversation.mp3	b59a7aa8d077f0dcc48ebc3fbb3c3280e198b19ccca1e7c5c2a1638ef68802a7	b59a7aa8d077f0dcc48ebc3fbb3c3280e198b19ccca1e7c5c2a1638ef68802a7	582052	582052	72680	72680	mp3	44100	1	mono	64000	pass_encoder_only	pass	none	b92d130d80c530f43f163dd6db4fd26be5c6cff604fabe69f5d587d9fd3a2020	3205188	-1.244	0	-69.573	-11.258	-16.94	4.7	-1.24	30	510	620	0	pass_no_edge_flag	pass_no_candidate	pass_chromium_audio_context_and_muted_playback	none	none	pass_automated_T06	A_technical_conserve_candidate	conserve_source_technical_candidate	T07_T08	pending_T07_T08	blocked_not_validated	2026-08-09	Codex_automated_technical_audit
asset:toefl:set-12:part-7:announcement	set-12	7	L-003	Listen to an Announcement	public/audio/toefl/set-12/announcement.mp3	83c80ea57eb026669eda1044230c29404bd5235bb2dcce28caa2edf4387298ed	83c80ea57eb026669eda1044230c29404bd5235bb2dcce28caa2edf4387298ed	392507	392507	48981	48981	mp3	44100	1	mono	64000	pass_encoder_only	pass	none	39ef203ed6172cd892f5f2b47175b56ec560be58e99cea992fb33e707b6bb92a	2160047	-1.246	0	-66.385	-12.633	-15.31	2.5	-1.25	20	510	360	0	pass_no_edge_flag	pass_no_candidate	pass_chromium_audio_context_and_muted_playback	none	none	pass_automated_T06	A_technical_conserve_candidate	conserve_source_technical_candidate	T07_T08	pending_T07_T08	blocked_not_validated	2026-08-09	Codex_automated_technical_audit
asset:toefl:set-12:part-8:academic-talk	set-12	8	L-004	Listen to an Academic Talk	public/audio/toefl/set-12/academic-talk.mp3	b38ab72fd5d76c2245945fcb9d68f0e6320c7bea02790eccb1b41fb8da41c5db	b38ab72fd5d76c2245945fcb9d68f0e6320c7bea02790eccb1b41fb8da41c5db	895521	895521	111860	111860	mp3	44100	1	mono	64000	pass_encoder_only	pass	none	17bee0236bb5d10e2fa4f6ea214d8a5f078931aa1b9f9e45034c8f6f3c65fc37	4933026	-1.077	0	-67.744	-11.641	-18.48	2.4	-1.08	40	540	560	0	pass_no_edge_flag	pass_no_candidate	pass_chromium_audio_context_and_muted_playback	none	TECH-LDN-003	pass_with_actionable_warning	A_technical_conserve_candidate	review_warning_in_T08_before_conserve	T08	pending_T07_T08	blocked_not_validated	2026-08-09	Codex_automated_technical_audit
asset:toefl:set-12:part-12:repeat-1	set-12	12	S-001	Listen and Repeat	public/audio/toefl/set-12/repeat-1.mp3	f57c7039b87e66381bdec2c310e6a372471cfba398a43ff640a42d5c734a8a8b	f57c7039b87e66381bdec2c310e6a372471cfba398a43ff640a42d5c734a8a8b	14254	14254	1700	1700	mp3	44100	1	mono	64000	pass_encoder_only	pass	none	aa07343d3a648acfeef34294aa6a058b8b3a35337af9b256b39ca5b5259f549d	74970	-1.926	0	-63.42	-19.358	-14.49	0	-1.92	0	500	60	0	pass_no_edge_flag	pass_no_candidate	pass_chromium_audio_context_and_muted_playback	none	none	pass_automated_T06	A_technical_conserve_candidate	conserve_source_technical_candidate	T07_T08	pending_T07_T08	blocked_not_validated	2026-08-09	Codex_automated_technical_audit
asset:toefl:set-12:part-12:repeat-2	set-12	12	S-001	Listen and Repeat	public/audio/toefl/set-12/repeat-2.mp3	844b33a8760462ece0515d9db86f99306a2701caacfcafcd7e9bec30607ca48b	844b33a8760462ece0515d9db86f99306a2701caacfcafcd7e9bec30607ca48b	25121	25121	3060	3060	mp3	44100	1	mono	64000	pass_encoder_only	pass	none	d0a54ca7a04bed3b17ddab3fdb03d08fe33a0913ddf624b9d7b0f86a37cb247a	134946	-1.711	0	-68.667	-16.6	-14.66	0.3	-1.63	0	700	50	0	pass_no_edge_flag	pass_no_candidate	pass_chromium_audio_context_and_muted_playback	TECH-SIL-002	none	fail_actionable	B_technical_repair_candidate	review_edges_create_versioned_trim_variant	T20_T21_T22	pending_T07_T08	blocked_not_validated	2026-08-09	Codex_automated_technical_audit
asset:toefl:set-12:part-12:repeat-3	set-12	12	S-001	Listen and Repeat	public/audio/toefl/set-12/repeat-3.mp3	863b8ac50c07df4446c7a0cfca542ab802cd3ae5a29ccccac7b2c1572bfeb3dc	863b8ac50c07df4446c7a0cfca542ab802cd3ae5a29ccccac7b2c1572bfeb3dc	30137	30137	3700	3700	mp3	44100	1	mono	64000	pass_encoder_only	pass	none	1e83ba74ee71287c9e77a994a9ea65ab6a1c15a3a935246ae27b4aff1b12ec4d	163170	-0.807	0	-63.038	-18.426	-15.23	1.2	-0.77	110	500	60	0	pass_no_edge_flag	pass_no_candidate	pass_chromium_audio_context_and_muted_playback	none	TECH-PEAK-003	pass_with_actionable_warning	A_technical_conserve_candidate	review_warning_in_T08_before_conserve	T08	pending_T07_T08	blocked_not_validated	2026-08-09	Codex_automated_technical_audit
asset:toefl:set-12:part-12:repeat-4	set-12	12	S-001	Listen and Repeat	public/audio/toefl/set-12/repeat-4.mp3	1e883ad26563517d19e08a3f56e1f42db02a5cdc9323d4b5a0bb732d8813dc30	1e883ad26563517d19e08a3f56e1f42db02a5cdc9323d4b5a0bb732d8813dc30	37242	37242	4580	4580	mp3	44100	1	mono	64000	pass_encoder_only	pass	none	f8fd25b750e10c19e1af9429d5213c26cee369cda49c8d4e10ce437699bae541	201978	-0.581	0	-57.477	-15.153	-14.12	1.8	-0.58	180	530	40	0	pass_no_edge_flag	pass_no_candidate	pass_chromium_audio_context_and_muted_playback	none	TECH-PEAK-003	pass_with_actionable_warning	A_technical_conserve_candidate	review_warning_in_T08_before_conserve	T08	pending_T07_T08	blocked_not_validated	2026-08-09	Codex_automated_technical_audit
asset:toefl:set-12:part-12:repeat-5	set-12	12	S-001	Listen and Repeat	public/audio/toefl/set-12/repeat-5.mp3	2518bffec4312f0f50692daf44247f935cc48a71448c8c68b07ef169ca600945	2518bffec4312f0f50692daf44247f935cc48a71448c8c68b07ef169ca600945	45601	45601	5620	5620	mp3	44100	1	mono	64000	pass_encoder_only	pass	none	caadaef80b549ff64406d3906d9dedac7376a4be5ea3f5e9288f79a084bd9eac	247842	-1.285	0	-63.332	-15.895	-14.19	0.6	-1.27	10	500	320	0	pass_no_edge_flag	pass_no_candidate	pass_chromium_audio_context_and_muted_playback	none	none	pass_automated_T06	A_technical_conserve_candidate	conserve_source_technical_candidate	T07_T08	pending_T07_T08	blocked_not_validated	2026-08-09	Codex_automated_technical_audit
asset:toefl:set-13:part-5:listen-choose-1	set-13	5	L-001	Listen and Choose a Response	public/audio/toefl/set-13/listen-choose-1.mp3	a38e1b1dbe6bb93afc72fa9439d62cef51624bb79864d4b0cadff4b5344befe0	a38e1b1dbe6bb93afc72fa9439d62cef51624bb79864d4b0cadff4b5344befe0	32644	32644	4020	4020	mp3	44100	1	mono	64000	pass_encoder_only	pass	none	e6358cad953ffcf08be356c6514f5cdf36eaf193904262e06a7535ff65d73157	177282	-2.155	0	-64.353	-14.977	-14.47	0.3	-2.16	30	500	40	0	pass_no_edge_flag	pass_no_candidate	pass_chromium_audio_context_and_muted_playback	none	none	pass_automated_T06	A_technical_conserve_candidate	conserve_source_technical_candidate	T07_T08	pending_T07_T08	blocked_not_validated	2026-08-09	Codex_automated_technical_audit
asset:toefl:set-13:part-5:listen-choose-2	set-13	5	L-001	Listen and Choose a Response	public/audio/toefl/set-13/listen-choose-2.mp3	f053d3c6f7244e6e1a4b9a2ef5c591d2952295d83fcac1f16ce9dfe4023ca920	f053d3c6f7244e6e1a4b9a2ef5c591d2952295d83fcac1f16ce9dfe4023ca920	26375	26375	3220	3220	mp3	44100	1	mono	64000	pass_encoder_only	pass	none	e3ace3cf4788747b9a496849e8377cf1cb260d3c9e27d15690cdb17e708cf34e	142002	-1.81	0	-63.738	-18.261	-14.77	0.3	-1.8	80	500	80	0	pass_no_edge_flag	pass_no_candidate	pass_chromium_audio_context_and_muted_playback	none	none	pass_automated_T06	A_technical_conserve_candidate	conserve_source_technical_candidate	T07_T08	pending_T07_T08	blocked_not_validated	2026-08-09	Codex_automated_technical_audit
asset:toefl:set-13:part-5:listen-choose-3	set-13	5	L-001	Listen and Choose a Response	public/audio/toefl/set-13/listen-choose-3.mp3	b034415f61de5bd64a4e46849b84616245b3ca23207e676a1204741b45ca7098	b034415f61de5bd64a4e46849b84616245b3ca23207e676a1204741b45ca7098	37242	37242	4580	4580	mp3	44100	1	mono	64000	pass_encoder_only	pass	none	42b8054a24ee05346cd7d2382338a3593a6597a9925d0c185ce70c1a761dd119	201978	-1.505	0	-69.905	-14.264	-14.9	1.3	-1.48	40	500	140	0	pass_no_edge_flag	pass_no_candidate	pass_chromium_audio_context_and_muted_playback	none	none	pass_automated_T06	A_technical_conserve_candidate	conserve_source_technical_candidate	T07_T08	pending_T07_T08	blocked_not_validated	2026-08-09	Codex_automated_technical_audit
asset:toefl:set-13:part-5:listen-choose-4	set-13	5	L-001	Listen and Choose a Response	public/audio/toefl/set-13/listen-choose-4.mp3	23a2f8b7c4e34cbed44934e9d9a92a2ab21b7ff569d9e4816d1235ba5fdbdf86	23a2f8b7c4e34cbed44934e9d9a92a2ab21b7ff569d9e4816d1235ba5fdbdf86	23867	23867	2901	2901	mp3	44100	1	mono	64000	pass_encoder_only	pass	none	e5e30368a971b5f5ffa29d80fa9035ac38e49e9ab0aff1c055c075303e75cf15	127919	-2.395	0	-64.172	-17.874	-14.28	0	-2.39	100	520	40	0	pass_no_edge_flag	pass_no_candidate	pass_chromium_audio_context_and_muted_playback	none	none	pass_automated_T06	A_technical_conserve_candidate	conserve_source_technical_candidate	T07_T08	pending_T07_T08	blocked_not_validated	2026-08-09	Codex_automated_technical_audit
asset:toefl:set-13:part-5:listen-choose-5	set-13	5	L-001	Listen and Choose a Response	public/audio/toefl/set-13/listen-choose-5.mp3	dc6078650a96a460c32feba79d6247e1b9ceec1e5997ff18b5c373cd79b7cce0	dc6078650a96a460c32feba79d6247e1b9ceec1e5997ff18b5c373cd79b7cce0	32017	32017	3940	3940	mp3	44100	1	mono	64000	pass_encoder_only	pass	none	2a32d5a2db553ee79e56a3763f194b83c8bbb36fb3381db6a07a6582cbf5acf0	173754	-2.117	0	-64.402	-14.989	-15.87	2.5	-2.12	60	500	20	0	pass_no_edge_flag	pass_no_candidate	pass_chromium_audio_context_and_muted_playback	none	none	pass_automated_T06	A_technical_conserve_candidate	conserve_source_technical_candidate	T07_T08	pending_T07_T08	blocked_not_validated	2026-08-09	Codex_automated_technical_audit
asset:toefl:set-13:part-6:conversation	set-13	6	L-002	Listen to a Conversation	public/audio/toefl/set-13/conversation.mp3	a04242582e31a91309e976d6d270fa2e4bb7e91a1c7491b2ae205e9e1f2bb987	a04242582e31a91309e976d6d270fa2e4bb7e91a1c7491b2ae205e9e1f2bb987	474845	474845	59280	59280	mp3	44100	1	mono	64000	pass_encoder_only	pass	none	2078c1a744bebdd2bbbaf4e0d4a03abf7b899969b5b207018541ba5059b5b47b	2614248	-0.222	0	-65.081	-11.386	-14.54	2.9	-0.2	90	490	640	0	pass_no_edge_flag	pass_no_candidate	pass_chromium_audio_context_and_muted_playback	none	TECH-PEAK-003	pass_with_actionable_warning	A_technical_conserve_candidate	review_warning_in_T08_before_conserve	T08	pending_T07_T08	blocked_not_validated	2026-08-09	Codex_automated_technical_audit
asset:toefl:set-13:part-7:announcement	set-13	7	L-003	Listen to an Announcement	public/audio/toefl/set-13/announcement.mp3	adc4cfb09db0a81d1411080eb36b6214f64ed8df6814e4bad294d13089bfcb12	adc4cfb09db0a81d1411080eb36b6214f64ed8df6814e4bad294d13089bfcb12	354055	354055	44180	44180	mp3	44100	1	mono	64000	pass_encoder_only	pass	none	95cb428bc977b779e28d6487e167d35ef83618a3f894775a3944ed0bcf518252	1948338	-1.601	0	-64.795	-12.568	-16.39	3.6	-1.59	20	500	420	0	pass_no_edge_flag	pass_no_candidate	pass_chromium_audio_context_and_muted_playback	none	none	pass_automated_T06	A_technical_conserve_candidate	conserve_source_technical_candidate	T07_T08	pending_T07_T08	blocked_not_validated	2026-08-09	Codex_automated_technical_audit
asset:toefl:set-13:part-8:academic-talk	set-13	8	L-004	Listen to an Academic Talk	public/audio/toefl/set-13/academic-talk.mp3	2d09d37ffa3b70506a34bdbf3a4f932240f3a4f8ea0e5c3fd1e29a67bee83e0a	2d09d37ffa3b70506a34bdbf3a4f932240f3a4f8ea0e5c3fd1e29a67bee83e0a	1019655	1019655	127380	127380	mp3	44100	1	mono	64000	pass_encoder_only	pass	none	1fc982bb2023f7d58125af5c4667e7d8565451145ba6de8626d7313c2530152e	5617458	-1.112	0	-66.673	-10.504	-18.72	2.8	-1.11	70	590	520	0	pass_no_edge_flag	pass_no_candidate	pass_chromium_audio_context_and_muted_playback	TECH-LDN-002	none	fail_actionable	B_technical_repair_candidate	measure_gain_create_versioned_normalized_variant	T20_T21_T22	pending_T07_T08	blocked_not_validated	2026-08-09	Codex_automated_technical_audit
asset:toefl:set-13:part-12:repeat-1	set-13	12	S-001	Listen and Repeat	public/audio/toefl/set-13/repeat-1.mp3	9bd9dbd14ac3fc0b10c1540bd251f709af621503b56c509c5fd51c3043e76a34	9bd9dbd14ac3fc0b10c1540bd251f709af621503b56c509c5fd51c3043e76a34	17389	17389	2100	2100	mp3	44100	1	mono	64000	pass_encoder_only	pass	none	81663cf7bbc12497755eda157d8098bd194798cfad0e9b30b988ccb47bad9564	92610	-2.525	0	-68.304	-19.395	-14.77	0	-2.52	70	600	0	0	pass_no_edge_flag	pass_no_candidate	pass_chromium_audio_context_and_muted_playback	none	none	pass_automated_T06	A_technical_conserve_candidate	conserve_source_technical_candidate	T07_T08	pending_T07_T08	blocked_not_validated	2026-08-09	Codex_automated_technical_audit
asset:toefl:set-13:part-12:repeat-2	set-13	12	S-001	Listen and Repeat	public/audio/toefl/set-13/repeat-2.mp3	71c84ab330927dd83efbf86a5c4c821ec12c4b12b1bbf74d84df67e6354a2a57	71c84ab330927dd83efbf86a5c4c821ec12c4b12b1bbf74d84df67e6354a2a57	25748	25748	3140	3140	mp3	44100	1	mono	64000	pass_encoder_only	pass	none	5c457dc9c90dc84f8689f1f9e1936618d3272a8c6c624ccbe95d622778a95cda	138474	-0.807	0	-63.869	-17.298	-14.53	0.2	-0.81	70	520	100	0	pass_no_edge_flag	pass_no_candidate	pass_chromium_audio_context_and_muted_playback	none	TECH-PEAK-003	pass_with_actionable_warning	A_technical_conserve_candidate	review_warning_in_T08_before_conserve	T08	pending_T07_T08	blocked_not_validated	2026-08-09	Codex_automated_technical_audit
asset:toefl:set-13:part-12:repeat-3	set-13	12	S-001	Listen and Repeat	public/audio/toefl/set-13/repeat-3.mp3	132fb19b9e767c88b9183cf410eb522c6251bef64bc895778f7a4528d973cecc	132fb19b9e767c88b9183cf410eb522c6251bef64bc895778f7a4528d973cecc	28256	28256	3460	3460	mp3	44100	1	mono	64000	pass_encoder_only	pass	none	ad5373f674db0682e6ab94709f42a7f8c38962f7796d11b0f616b6f31f8ce266	152586	-0.796	0	-64.606	-15.985	-14.75	1.2	-0.79	80	490	70	0	pass_no_edge_flag	pass_no_candidate	pass_chromium_audio_context_and_muted_playback	none	TECH-PEAK-003	pass_with_actionable_warning	A_technical_conserve_candidate	review_warning_in_T08_before_conserve	T08	pending_T07_T08	blocked_not_validated	2026-08-09	Codex_automated_technical_audit
asset:toefl:set-13:part-12:repeat-4	set-13	12	S-001	Listen and Repeat	public/audio/toefl/set-13/repeat-4.mp3	254d4c52d949911ed3f0bb7550941ee1c4a3cc64b780ab1f9a2ed8f5759f031e	254d4c52d949911ed3f0bb7550941ee1c4a3cc64b780ab1f9a2ed8f5759f031e	37242	37242	4580	4580	mp3	44100	1	mono	64000	pass_encoder_only	pass	none	1938eba56a6d18861317d59219f2c2387f735f70fbe78b59b23987bbe3fe3c28	201978	-2.256	0	-61.955	-18.104	-15.48	0.5	-2.22	0	500	70	0	pass_no_edge_flag	pass_no_candidate	pass_chromium_audio_context_and_muted_playback	none	none	pass_automated_T06	A_technical_conserve_candidate	conserve_source_technical_candidate	T07_T08	pending_T07_T08	blocked_not_validated	2026-08-09	Codex_automated_technical_audit
asset:toefl:set-13:part-12:repeat-5	set-13	12	S-001	Listen and Repeat	public/audio/toefl/set-13/repeat-5.mp3	c222cf99b2fe92201390412ff4f29e846c24b1374560e3b8ac96dc4bc29d65ab	c222cf99b2fe92201390412ff4f29e846c24b1374560e3b8ac96dc4bc29d65ab	45601	45601	5620	5620	mp3	44100	1	mono	64000	pass_encoder_only	pass	none	ba77b9766a2768d3bed0598cadf06fce55ce3eeb6cdd58a64265b628cbfc3e7a	247842	-1.241	0	-62.353	-15.742	-13.86	1.6	-1.24	60	520	180	0	pass_no_edge_flag	pass_no_candidate	pass_chromium_audio_context_and_muted_playback	none	TECH-LDN-003	pass_with_actionable_warning	A_technical_conserve_candidate	review_warning_in_T08_before_conserve	T08	pending_T07_T08	blocked_not_validated	2026-08-09	Codex_automated_technical_audit
asset:toefl:set-14:part-5:listen-choose-1	set-14	5	L-001	Listen and Choose a Response	public/audio/toefl/set-14/listen-choose-1.mp3	da1f20aeaa25560b1c333de37490210e824ef787d60e9502b14efab2266779a2	da1f20aeaa25560b1c333de37490210e824ef787d60e9502b14efab2266779a2	23031	23031	2820	2820	mp3	44100	1	mono	64000	pass_encoder_only	pass	none	321fe5ebf74642088efd0a2f82edaee7ba61daeda980c431079a4880d5f5fc93	124362	-1.883	0	-68.229	-10.897	-14.63	0	-1.87	40	500	40	0	pass_no_edge_flag	pass_no_candidate	pass_chromium_audio_context_and_muted_playback	none	none	pass_automated_T06	A_technical_conserve_candidate	conserve_source_technical_candidate	T07_T08	pending_T07_T08	blocked_not_validated	2026-08-09	Codex_automated_technical_audit
asset:toefl:set-14:part-5:listen-choose-2	set-14	5	L-001	Listen and Choose a Response	public/audio/toefl/set-14/listen-choose-2.mp3	e46644f6c2e6d9f55607cd2b1da9734c2d683000f5ce0cd0d6f919cb6ef3f4d6	e46644f6c2e6d9f55607cd2b1da9734c2d683000f5ce0cd0d6f919cb6ef3f4d6	25748	25748	3140	3140	mp3	44100	1	mono	64000	pass_encoder_only	pass	none	1418ec6bcb31dcfeb452a01d5482ea3129b5520a80884b4ef8a7c6db21ac8be6	138474	-2.369	0	-65.029	-19.384	-15.51	0.3	-2.37	50	600	30	0	pass_no_edge_flag	pass_no_candidate	pass_chromium_audio_context_and_muted_playback	none	none	pass_automated_T06	A_technical_conserve_candidate	conserve_source_technical_candidate	T07_T08	pending_T07_T08	blocked_not_validated	2026-08-09	Codex_automated_technical_audit
asset:toefl:set-14:part-5:listen-choose-3	set-14	5	L-001	Listen and Choose a Response	public/audio/toefl/set-14/listen-choose-3.mp3	f15307aa74ca0ce92bc57b2ba50afe1d3bf27cd60623743ab85593a6bf0eeffc	f15307aa74ca0ce92bc57b2ba50afe1d3bf27cd60623743ab85593a6bf0eeffc	29510	29510	3620	3620	mp3	44100	1	mono	64000	pass_encoder_only	pass	none	245c342a70a1774c4131d02495f54843a663813b45b223b32493f6eba9d3a938	159642	-2.209	0	-73.069	-14.857	-15.72	2.2	-2.2	40	500	100	0	pass_no_edge_flag	pass_no_candidate	pass_chromium_audio_context_and_muted_playback	none	none	pass_automated_T06	A_technical_conserve_candidate	conserve_source_technical_candidate	T07_T08	pending_T07_T08	blocked_not_validated	2026-08-09	Codex_automated_technical_audit
asset:toefl:set-14:part-5:listen-choose-4	set-14	5	L-001	Listen and Choose a Response	public/audio/toefl/set-14/listen-choose-4.mp3	f74b20a797f6da32de3cdbb6e50e1c32c039e5d293f65c067914e14b3e1e4a1c	f74b20a797f6da32de3cdbb6e50e1c32c039e5d293f65c067914e14b3e1e4a1c	38496	38496	4740	4740	mp3	44100	1	mono	64000	pass_encoder_only	pass	none	41ad03672ad9e56224a9f102742014b751439f301723260e0f0a851dd24d7e99	209034	-1.116	0	-62.669	-16.679	-14.87	1.6	-1.11	40	490	230	0	pass_no_edge_flag	pass_no_candidate	pass_chromium_audio_context_and_muted_playback	none	none	pass_automated_T06	A_technical_conserve_candidate	conserve_source_technical_candidate	T07_T08	pending_T07_T08	blocked_not_validated	2026-08-09	Codex_automated_technical_audit
asset:toefl:set-14:part-5:listen-choose-5	set-14	5	L-001	Listen and Choose a Response	public/audio/toefl/set-14/listen-choose-5.mp3	6007d8c37b895b5c33209ed649aa493978f91799d4bdc547877ad3778b2d7937	6007d8c37b895b5c33209ed649aa493978f91799d4bdc547877ad3778b2d7937	25121	25121	3060	3060	mp3	44100	1	mono	64000	pass_encoder_only	pass	none	54c4f7e6e502456e6df80dfcc3ce34028bb02e892d331c6a75765718b8d877b4	134946	-2.016	0	-71.345	-13.272	-15.19	0.3	-2.01	20	500	110	0	pass_no_edge_flag	pass_no_candidate	pass_chromium_audio_context_and_muted_playback	none	none	pass_automated_T06	A_technical_conserve_candidate	conserve_source_technical_candidate	T07_T08	pending_T07_T08	blocked_not_validated	2026-08-09	Codex_automated_technical_audit
asset:toefl:set-14:part-6:conversation	set-14	6	L-002	Listen to a Conversation	public/audio/toefl/set-14/conversation.mp3	781dbdeb2902a508641c31014912fb9fb2de2b78ae3c6f4350b5bd897d82c52c	781dbdeb2902a508641c31014912fb9fb2de2b78ae3c6f4350b5bd897d82c52c	647044	647044	80800	80800	mp3	44100	1	mono	64000	pass_encoder_only	pass	none	e3878a5fde223487752066c525c9db7615c266c226492219b644a5b21b3559f4	3563280	-0.424	0	-63.952	-9.798	-14.35	2.7	-0.38	30	560	790	0	pass_no_edge_flag	pass_no_candidate	pass_chromium_audio_context_and_muted_playback	none	TECH-PEAK-003	pass_with_actionable_warning	A_technical_conserve_candidate	review_warning_in_T08_before_conserve	T08	pending_T07_T08	blocked_not_validated	2026-08-09	Codex_automated_technical_audit
asset:toefl:set-14:part-7:announcement	set-14	7	L-003	Listen to an Announcement	public/audio/toefl/set-14/announcement.mp3	8b9f1d6ec5f5041f14dbbc42cac1cb15160ea96d6187799dbdf695b04bd38e6e	8b9f1d6ec5f5041f14dbbc42cac1cb15160ea96d6187799dbdf695b04bd38e6e	298884	298884	37300	37300	mp3	44100	1	mono	64000	pass_encoder_only	pass	none	f51a354f208a22b4bc5658f108d7f56aaa7dc367bb7cbfcf7bfb180a7695ca2c	1644930	-1.287	0	-65.836	-13.666	-15.24	2.3	-1.28	70	500	310	0	pass_no_edge_flag	pass_no_candidate	pass_chromium_audio_context_and_muted_playback	none	none	pass_automated_T06	A_technical_conserve_candidate	conserve_source_technical_candidate	T07_T08	pending_T07_T08	blocked_not_validated	2026-08-09	Codex_automated_technical_audit
asset:toefl:set-14:part-8:academic-talk	set-14	8	L-004	Listen to an Academic Talk	public/audio/toefl/set-14/academic-talk.mp3	8b5aafe9558e8a4c11abf56e887d930617a0317283a8af3a2e93f8746427e934	8b5aafe9558e8a4c11abf56e887d930617a0317283a8af3a2e93f8746427e934	1025924	1025924	128180	128180	mp3	44100	1	mono	64000	pass_encoder_only	pass	none	a3e6d795bde3159149911d37cc467f3163a5ead9d79b71648e22192a3b9820ba	5652738	-1.23	0	-68.078	-12.066	-19.04	2.3	-1.23	40	500	480	0	pass_no_edge_flag	pass_no_candidate	pass_chromium_audio_context_and_muted_playback	TECH-LDN-002	none	fail_actionable	B_technical_repair_candidate	measure_gain_create_versioned_normalized_variant	T20_T21_T22	pending_T07_T08	blocked_not_validated	2026-08-09	Codex_automated_technical_audit
asset:toefl:set-14:part-12:repeat-1	set-14	12	S-001	Listen and Repeat	public/audio/toefl/set-14/repeat-1.mp3	c3b97a2fa88fec7b020b9ef6434f9c9b1e5f6db4009b33f1dade8263948fcbcc	c3b97a2fa88fec7b020b9ef6434f9c9b1e5f6db4009b33f1dade8263948fcbcc	15508	15508	1860	1860	mp3	44100	1	mono	64000	pass_encoder_only	pass	none	4c29d58eb3e68b3d5c8a9ec0808cdeaf554648c90b880a45627f0fbd2d2b2770	82026	-2.089	0	-61.397	-20.117	-13.11	0	-2.07	80	510	40	0	pass_no_edge_flag	pass_no_candidate	pass_chromium_audio_context_and_muted_playback	TECH-LDN-002	none	fail_actionable	B_technical_repair_candidate	measure_gain_create_versioned_normalized_variant	T20_T21_T22	pending_T07_T08	blocked_not_validated	2026-08-09	Codex_automated_technical_audit
asset:toefl:set-14:part-12:repeat-2	set-14	12	S-001	Listen and Repeat	public/audio/toefl/set-14/repeat-2.mp3	9148d65935f3863c612180db03fbc97a09969b92213ba0598b2051a282e1f59a	9148d65935f3863c612180db03fbc97a09969b92213ba0598b2051a282e1f59a	20524	20524	2500	2500	mp3	44100	1	mono	64000	pass_encoder_only	pass	none	39db9b3c7c9ac54b273b2522f05de0a91ccf07597c3ff70d5f8aec66aac4a555	110250	-1.212	0	-73.825	-17.2	-13.37	0	-1.21	20	540	70	0	pass_no_edge_flag	pass_no_candidate	pass_chromium_audio_context_and_muted_playback	TECH-LDN-002	none	fail_actionable	B_technical_repair_candidate	measure_gain_create_versioned_normalized_variant	T20_T21_T22	pending_T07_T08	blocked_not_validated	2026-08-09	Codex_automated_technical_audit
asset:toefl:set-14:part-12:repeat-3	set-14	12	S-001	Listen and Repeat	public/audio/toefl/set-14/repeat-3.mp3	6358543caf2e42951187dc20d9e71140ef506d8fa9a695718b70be40c6cfa485	6358543caf2e42951187dc20d9e71140ef506d8fa9a695718b70be40c6cfa485	27002	27002	3300	3300	mp3	44100	1	mono	64000	pass_encoder_only	pass	none	d44cf70e12fdc6b03c1e08021cd91090c019feed08e21d927bc26eac8092d8c5	145530	-3.148	0	-66.191	-18.391	-16.29	0.4	-3.16	100	500	90	0	pass_no_edge_flag	pass_no_candidate	pass_chromium_audio_context_and_muted_playback	none	none	pass_automated_T06	A_technical_conserve_candidate	conserve_source_technical_candidate	T07_T08	pending_T07_T08	blocked_not_validated	2026-08-09	Codex_automated_technical_audit
asset:toefl:set-14:part-12:repeat-4	set-14	12	S-001	Listen and Repeat	public/audio/toefl/set-14/repeat-4.mp3	36f5c86f6555581a43f2accabd9aa4d75ce7c44b1c0f634877a953fa2aa3a0f9	36f5c86f6555581a43f2accabd9aa4d75ce7c44b1c0f634877a953fa2aa3a0f9	34734	34734	4260	4260	mp3	44100	1	mono	64000	pass_encoder_only	pass	none	ae6a55bb1ae9524e9b7c25b06d64a493273de9aca67883aef923c6a056cad980	187866	-1.26	0	-64.177	-19.033	-14.58	1.9	-1.26	50	570	30	0	pass_no_edge_flag	pass_no_candidate	pass_chromium_audio_context_and_muted_playback	none	none	pass_automated_T06	A_technical_conserve_candidate	conserve_source_technical_candidate	T07_T08	pending_T07_T08	blocked_not_validated	2026-08-09	Codex_automated_technical_audit
asset:toefl:set-14:part-12:repeat-5	set-14	12	S-001	Listen and Repeat	public/audio/toefl/set-14/repeat-5.mp3	6d7069a4ee4d96dfe39d8962ff03ade8aecc787d15cb95a58bda6d37f2bc4eec	6d7069a4ee4d96dfe39d8962ff03ade8aecc787d15cb95a58bda6d37f2bc4eec	49363	49363	6100	6100	mp3	44100	1	mono	64000	pass_encoder_only	pass	none	08f34e3db3da90b48c8d1f5b3a45b80a8f7109995fa0bed2391858f1d54d80d5	269010	-0.857	0	-66.779	-13.407	-17.12	2.7	-0.84	30	500	250	0	pass_no_edge_flag	pass_no_candidate	pass_chromium_audio_context_and_muted_playback	none	TECH-PEAK-003	pass_with_actionable_warning	A_technical_conserve_candidate	review_warning_in_T08_before_conserve	T08	pending_T07_T08	blocked_not_validated	2026-08-09	Codex_automated_technical_audit
asset:toefl:set-15:part-5:listen-choose-1	set-15	5	L-001	Listen and Choose a Response	public/audio/toefl/set-15/listen-choose-1.mp3	f1e3c55c0ca42b16aed424c135acacdcdbc5db8c43d46214c18d0605141dda79	f1e3c55c0ca42b16aed424c135acacdcdbc5db8c43d46214c18d0605141dda79	25121	25121	3060	3060	mp3	44100	1	mono	64000	pass_encoder_only	pass	none	ecef4de5b378bafc14fbb63d1cd85499097de5ccf971d374baaf530196447d8e	134946	-1.673	0	-70.948	-14.671	-15.37	0.2	-1.67	40	560	60	0	pass_no_edge_flag	pass_no_candidate	pass_chromium_audio_context_and_muted_playback	none	none	pass_automated_T06	A_technical_conserve_candidate	conserve_source_technical_candidate	T07_T08	pending_T07_T08	blocked_not_validated	2026-08-09	Codex_automated_technical_audit
asset:toefl:set-15:part-5:listen-choose-2	set-15	5	L-001	Listen and Choose a Response	public/audio/toefl/set-15/listen-choose-2.mp3	183b389c7030d2b0c950f1d5f9bd78e8ef053c5637df5456119d76bcbe932c33	183b389c7030d2b0c950f1d5f9bd78e8ef053c5637df5456119d76bcbe932c33	28256	28256	3460	3460	mp3	44100	1	mono	64000	pass_encoder_only	pass	none	d183e51e5c49e23fa2a05ea5665f687ebfd0ff855378b27f5b83ce83fde64a32	152586	-2.38	0	-63.319	-19.902	-14.46	0.7	-2.33	70	500	50	0	pass_no_edge_flag	pass_no_candidate	pass_chromium_audio_context_and_muted_playback	none	none	pass_automated_T06	A_technical_conserve_candidate	conserve_source_technical_candidate	T07_T08	pending_T07_T08	blocked_not_validated	2026-08-09	Codex_automated_technical_audit
asset:toefl:set-15:part-5:listen-choose-3	set-15	5	L-001	Listen and Choose a Response	public/audio/toefl/set-15/listen-choose-3.mp3	7058bc48c64d0b3a0f63cb8bf61941fcb7ca483091dc3a6f3d7c2cabf27c2b17	7058bc48c64d0b3a0f63cb8bf61941fcb7ca483091dc3a6f3d7c2cabf27c2b17	23031	23031	2820	2820	mp3	44100	1	mono	64000	pass_encoder_only	pass	none	1c01b2acbdd8d3d51451eadc01501be1c1ba4da79995df14bce36e5939f96bb5	124362	-1.934	0	-76.265	-20.854	-13.03	0	-1.92	30	500	10	0	pass_no_edge_flag	pass_no_candidate	pass_chromium_audio_context_and_muted_playback	TECH-LDN-002	none	fail_actionable	B_technical_repair_candidate	measure_gain_create_versioned_normalized_variant	T20_T21_T22	pending_T07_T08	blocked_not_validated	2026-08-09	Codex_automated_technical_audit
asset:toefl:set-15:part-5:listen-choose-4	set-15	5	L-001	Listen and Choose a Response	public/audio/toefl/set-15/listen-choose-4.mp3	02b35ef2d4d113a447e5d1ce0e3db9bd447594f6235403198db0a33991e4c729	02b35ef2d4d113a447e5d1ce0e3db9bd447594f6235403198db0a33991e4c729	39750	39750	4900	4900	mp3	44100	1	mono	64000	pass_encoder_only	pass	none	677871d047d671038a2badbafbd68b3cb4419bc28432f467de02e0868864b4ea	216090	-1.688	0	-62.26	-19.424	-14.26	2	-1.67	70	500	100	0	pass_no_edge_flag	pass_no_candidate	pass_chromium_audio_context_and_muted_playback	none	none	pass_automated_T06	A_technical_conserve_candidate	conserve_source_technical_candidate	T07_T08	pending_T07_T08	blocked_not_validated	2026-08-09	Codex_automated_technical_audit
asset:toefl:set-15:part-5:listen-choose-5	set-15	5	L-001	Listen and Choose a Response	public/audio/toefl/set-15/listen-choose-5.mp3	f45c4cd6411590821376c33adde4bbfdfbc86aeb37c75ea9b7e62cbc666b9648	f45c4cd6411590821376c33adde4bbfdfbc86aeb37c75ea9b7e62cbc666b9648	23031	23031	2820	2820	mp3	44100	1	mono	64000	pass_encoder_only	pass	none	733b42599e9c9a68a6d42ed7cc74cf4248774ffb7b0b7d303653f3334fa7ac9d	124362	-1.49	0	-73.416	-15.061	-15.47	0	-1.49	20	500	20	0	pass_no_edge_flag	pass_no_candidate	pass_chromium_audio_context_and_muted_playback	none	none	pass_automated_T06	A_technical_conserve_candidate	conserve_source_technical_candidate	T07_T08	pending_T07_T08	blocked_not_validated	2026-08-09	Codex_automated_technical_audit
asset:toefl:set-15:part-6:conversation	set-15	6	L-002	Listen to a Conversation	public/audio/toefl/set-15/conversation.mp3	ee5b7b5bef4eabe8c3dcb5308d813d7aad4e30c3d80368769d401871975946f6	ee5b7b5bef4eabe8c3dcb5308d813d7aad4e30c3d80368769d401871975946f6	576827	576827	72021	72021	mp3	44100	1	mono	64000	pass_encoder_only	pass	none	29c25f49cd8123237548372ee9a3f4cf9af9c59a776c1d01841e764adc1b4238	3176111	-1.156	0	-66.916	-12.839	-15.04	2.6	-1.15	40	510	700	0	pass_no_edge_flag	pass_no_candidate	pass_chromium_audio_context_and_muted_playback	none	none	pass_automated_T06	A_technical_conserve_candidate	conserve_source_technical_candidate	T07_T08	pending_T07_T08	blocked_not_validated	2026-08-09	Codex_automated_technical_audit
asset:toefl:set-15:part-7:announcement	set-15	7	L-003	Listen to an Announcement	public/audio/toefl/set-15/announcement.mp3	a8cb6d06d4fc7f382b166467c04c032ade02c06aa9fc37eada58b6d586e0c77f	a8cb6d06d4fc7f382b166467c04c032ade02c06aa9fc37eada58b6d586e0c77f	379550	379550	47380	47380	mp3	44100	1	mono	64000	pass_encoder_only	pass	none	5e556f78f97e5f9272017c38d128ea1ced8a7c06da3de602d6092822488936ad	2089458	-1.452	0	-70.233	-11.856	-15.04	2.1	-1.44	70	490	400	0	pass_no_edge_flag	pass_no_candidate	pass_chromium_audio_context_and_muted_playback	none	none	pass_automated_T06	A_technical_conserve_candidate	conserve_source_technical_candidate	T07_T08	pending_T07_T08	blocked_not_validated	2026-08-09	Codex_automated_technical_audit
asset:toefl:set-15:part-8:academic-talk	set-15	8	L-004	Listen to an Academic Talk	public/audio/toefl/set-15/academic-talk.mp3	52c0369abd38c2b0179481c6081b3afb034dcfbb407c347f16b4aec7eb0c7f73	52c0369abd38c2b0179481c6081b3afb034dcfbb407c347f16b4aec7eb0c7f73	1100321	1100321	137460	137460	mp3	44100	1	mono	64000	pass_encoder_only	pass	none	d315b2b9df9570a17a157864b6f97e49224f3a6dbc6e80470924ea6839fca6db	6061986	-0.916	0	-66.505	-11.039	-19.01	2.9	-0.91	40	500	910	0	pass_no_edge_flag	pass_no_candidate	pass_chromium_audio_context_and_muted_playback	TECH-LDN-002	TECH-PEAK-003	fail_actionable	B_technical_repair_candidate	measure_gain_create_versioned_normalized_variant	T20_T21_T22	pending_T07_T08	blocked_not_validated	2026-08-09	Codex_automated_technical_audit
asset:toefl:set-15:part-12:repeat-1	set-15	12	S-001	Listen and Repeat	public/audio/toefl/set-15/repeat-1.mp3	2fc483e8629fa07e0b1bada5869a7f905571b0eff7caa449f7b8095280047a1e	2fc483e8629fa07e0b1bada5869a7f905571b0eff7caa449f7b8095280047a1e	16762	16762	2020	2020	mp3	44100	1	mono	64000	pass_encoder_only	pass	none	63bfe712bf4b5d188fb72a77ce088d7be4a1e3fc4f825c35c3ba41f05b4839c5	89082	-1.064	0	-69.574	-17.976	-12.99	0	-1.02	90	500	20	0	pass_no_edge_flag	pass_no_candidate	pass_chromium_audio_context_and_muted_playback	TECH-LDN-002	none	fail_actionable	B_technical_repair_candidate	measure_gain_create_versioned_normalized_variant	T20_T21_T22	pending_T07_T08	blocked_not_validated	2026-08-09	Codex_automated_technical_audit
asset:toefl:set-15:part-12:repeat-2	set-15	12	S-001	Listen and Repeat	public/audio/toefl/set-15/repeat-2.mp3	de7df793bc60d58cf7f9f3cd865acc89a13af627da32363519fda5ddd8d3b3eb	de7df793bc60d58cf7f9f3cd865acc89a13af627da32363519fda5ddd8d3b3eb	25748	25748	3140	3140	mp3	44100	1	mono	64000	pass_encoder_only	pass	none	f26945aed9c0b7c49c0686a6221597b211d4d36699a54293ad61ed55977f6678	138474	-0.881	0	-67.955	-12.413	-14.56	0.3	-0.88	70	570	110	0	pass_no_edge_flag	pass_no_candidate	pass_chromium_audio_context_and_muted_playback	none	TECH-PEAK-003	pass_with_actionable_warning	A_technical_conserve_candidate	review_warning_in_T08_before_conserve	T08	pending_T07_T08	blocked_not_validated	2026-08-09	Codex_automated_technical_audit
asset:toefl:set-15:part-12:repeat-3	set-15	12	S-001	Listen and Repeat	public/audio/toefl/set-15/repeat-3.mp3	a982e3f918d575e4ebfc8e59df30790d8fc46e953bc656bdb5bc5072d3e3aae3	a982e3f918d575e4ebfc8e59df30790d8fc46e953bc656bdb5bc5072d3e3aae3	29510	29510	3620	3620	mp3	44100	1	mono	64000	pass_encoder_only	pass	none	4a4f856bd6c2036eb7b6825eeb27e3981cc8d2cf56866c70c9104d5da91cd372	159642	-0.596	0	-61.585	-18.093	-15.35	2.5	-0.59	70	640	80	0	pass_no_edge_flag	pass_no_candidate	pass_chromium_audio_context_and_muted_playback	TECH-SIL-002	TECH-PEAK-003	fail_actionable	B_technical_repair_candidate	review_edges_create_versioned_trim_variant	T20_T21_T22	pending_T07_T08	blocked_not_validated	2026-08-09	Codex_automated_technical_audit
asset:toefl:set-15:part-12:repeat-4	set-15	12	S-001	Listen and Repeat	public/audio/toefl/set-15/repeat-4.mp3	ae98a88c9aa8fbc12c442cef9ef168c0f393af5d0247e97e86ca27f445b81bd5	ae98a88c9aa8fbc12c442cef9ef168c0f393af5d0247e97e86ca27f445b81bd5	35361	35361	4340	4340	mp3	44100	1	mono	64000	pass_encoder_only	pass	none	3fd615a903d3c723d4cd215588db6398b8664c24b7a3499b4a9e24cbb8739b4c	191394	-1.12	0	-67.396	-16.001	-15.11	1.7	-1.08	20	500	50	0	pass_no_edge_flag	pass_no_candidate	pass_chromium_audio_context_and_muted_playback	none	none	pass_automated_T06	A_technical_conserve_candidate	conserve_source_technical_candidate	T07_T08	pending_T07_T08	blocked_not_validated	2026-08-09	Codex_automated_technical_audit
asset:toefl:set-15:part-12:repeat-5	set-15	12	S-001	Listen and Repeat	public/audio/toefl/set-15/repeat-5.mp3	5a0cf6260375ac4d4561a300120ce1a875ad8b1ed241056b9dbd33f43a8e49d6	5a0cf6260375ac4d4561a300120ce1a875ad8b1ed241056b9dbd33f43a8e49d6	44974	44974	5540	5540	mp3	44100	1	mono	64000	pass_encoder_only	pass	none	b547a9c34b19ea115f899b321d178bdad0ae8b55fb3913c9ecd78233e5a3bff5	244314	-0.935	0	-62.354	-19.25	-14.98	1.8	-0.93	50	610	220	0	pass_no_edge_flag	pass_no_candidate	pass_chromium_audio_context_and_muted_playback	TECH-SIL-002	TECH-PEAK-003	fail_actionable	B_technical_repair_candidate	review_edges_create_versioned_trim_variant	T20_T21_T22	pending_T07_T08	blocked_not_validated	2026-08-09	Codex_automated_technical_audit
asset:toefl:set-16:part-5:listen-choose-1	set-16	5	L-001	Listen and Choose a Response	public/audio/toefl/set-16/listen-choose-1.mp3	f5b7b9c6236291f60c9953dbd83db530d6402a350a5d5e4476209e042fd991ad	f5b7b9c6236291f60c9953dbd83db530d6402a350a5d5e4476209e042fd991ad	25121	25121	3060	3060	mp3	44100	1	mono	64000	pass_encoder_only	pass	none	81af3f12ac20686ea7e75b23dc2ccd3e18b81783e7c4d1fba570873c5ea26add	134946	-1.811	0	-67.238	-13.119	-14.39	0.2	-1.8	30	510	30	0	pass_no_edge_flag	pass_no_candidate	pass_chromium_audio_context_and_muted_playback	none	none	pass_automated_T06	A_technical_conserve_candidate	conserve_source_technical_candidate	T07_T08	pending_T07_T08	blocked_not_validated	2026-08-09	Codex_automated_technical_audit
asset:toefl:set-16:part-5:listen-choose-2	set-16	5	L-001	Listen and Choose a Response	public/audio/toefl/set-16/listen-choose-2.mp3	2e5e198d309f514d5d926ae2d862013ede258296ed013c1d66fc3f83d7c3e6c1	2e5e198d309f514d5d926ae2d862013ede258296ed013c1d66fc3f83d7c3e6c1	35988	35988	4420	4420	mp3	44100	1	mono	64000	pass_encoder_only	pass	none	06675526ea672336f0e9bcfd73cdfbe7d921214a9de106c15b55dea462cc906b	194922	-0.797	0	-58.323	-18.302	-12.96	0.9	-0.77	60	520	360	0	pass_no_edge_flag	pass_no_candidate	pass_chromium_audio_context_and_muted_playback	TECH-LDN-002	TECH-PEAK-003	fail_actionable	B_technical_repair_candidate	measure_gain_create_versioned_normalized_variant	T20_T21_T22	pending_T07_T08	blocked_not_validated	2026-08-09	Codex_automated_technical_audit
asset:toefl:set-16:part-5:listen-choose-3	set-16	5	L-001	Listen and Choose a Response	public/audio/toefl/set-16/listen-choose-3.mp3	6419416873275669506cef5361f5cde54651ea7416527a8ae2342cba7c53a71f	6419416873275669506cef5361f5cde54651ea7416527a8ae2342cba7c53a71f	22404	22404	2740	2740	mp3	44100	1	mono	64000	pass_encoder_only	pass	none	f85926fad175a61c66b34349590bfc5649cf55a2a4b2e6279b7f82e04c23c018	120834	-1.689	0	-64.542	-12.358	-14.71	0	-1.69	0	500	50	0	pass_no_edge_flag	pass_no_candidate	pass_chromium_audio_context_and_muted_playback	none	none	pass_automated_T06	A_technical_conserve_candidate	conserve_source_technical_candidate	T07_T08	pending_T07_T08	blocked_not_validated	2026-08-09	Codex_automated_technical_audit
asset:toefl:set-16:part-5:listen-choose-4	set-16	5	L-001	Listen and Choose a Response	public/audio/toefl/set-16/listen-choose-4.mp3	9f575a5c7ca9a604e048d28486cf16d521588a1f3984f372bf7c9ee7f72704ce	9f575a5c7ca9a604e048d28486cf16d521588a1f3984f372bf7c9ee7f72704ce	27629	27629	3380	3380	mp3	44100	1	mono	64000	pass_encoder_only	pass	none	b281870067dedfdf39a634b141d42ef4a4b6ae08a9647a7309583e05ca84a174	149058	-0.906	0	-62.162	-17.269	-14.24	0.8	-0.87	70	500	160	0	pass_no_edge_flag	pass_no_candidate	pass_chromium_audio_context_and_muted_playback	none	TECH-PEAK-003	pass_with_actionable_warning	A_technical_conserve_candidate	review_warning_in_T08_before_conserve	T08	pending_T07_T08	blocked_not_validated	2026-08-09	Codex_automated_technical_audit
asset:toefl:set-16:part-5:listen-choose-5	set-16	5	L-001	Listen and Choose a Response	public/audio/toefl/set-16/listen-choose-5.mp3	0f26e2e4bddc95bdd456312dc483801e3fc6fa3a6caea3fafb4c57eddc1d316e	0f26e2e4bddc95bdd456312dc483801e3fc6fa3a6caea3fafb4c57eddc1d316e	31390	31390	3860	3860	mp3	44100	1	mono	64000	pass_encoder_only	pass	none	d7cafa7a1b934e7e72a948030280cfb0aaaf4d7b0be4e8625a7905e2a1fc3e1d	170226	-1.108	0	-59.66	-14.441	-15.88	1.8	-1.11	30	500	70	0	pass_no_edge_flag	pass_no_candidate	pass_chromium_audio_context_and_muted_playback	none	none	pass_automated_T06	A_technical_conserve_candidate	conserve_source_technical_candidate	T07_T08	pending_T07_T08	blocked_not_validated	2026-08-09	Codex_automated_technical_audit
asset:toefl:set-16:part-6:conversation	set-16	6	L-002	Listen to a Conversation	public/audio/toefl/set-16/conversation.mp3	6f37977eeeb1539770f2b940df04174eedc53826b3dedb928abed06e95744d21	6f37977eeeb1539770f2b940df04174eedc53826b3dedb928abed06e95744d21	696573	696573	87000	87000	mp3	44100	1	mono	64000	pass_encoder_only	pass	none	b2f504e84e3e6b84700365c368d5943713223abb150075004661643de3197e7a	3836700	-1.098	0	-66.769	-11.443	-17.17	5.1	-1.09	40	540	740	0	pass_no_edge_flag	pass_no_candidate	pass_chromium_audio_context_and_muted_playback	none	none	pass_automated_T06	A_technical_conserve_candidate	conserve_source_technical_candidate	T07_T08	pending_T07_T08	blocked_not_validated	2026-08-09	Codex_automated_technical_audit
asset:toefl:set-16:part-7:announcement	set-16	7	L-003	Listen to an Announcement	public/audio/toefl/set-16/announcement.mp3	0e129e4bd2ffacaddb51101b2a48cc9978236349442764d621072c29250cbcb6	0e129e4bd2ffacaddb51101b2a48cc9978236349442764d621072c29250cbcb6	395642	395642	49380	49380	mp3	44100	1	mono	64000	pass_encoder_only	pass	none	5600e0eaa9091333d9552c56e59432cfe630dd20e13e04d43779c29d858735d5	2177658	-1.139	0	-68.454	-11.282	-14.82	2	-1.13	20	500	250	0	pass_no_edge_flag	pass_no_candidate	pass_chromium_audio_context_and_muted_playback	none	none	pass_automated_T06	A_technical_conserve_candidate	conserve_source_technical_candidate	T07_T08	pending_T07_T08	blocked_not_validated	2026-08-09	Codex_automated_technical_audit
asset:toefl:set-16:part-8:academic-talk	set-16	8	L-004	Listen to an Academic Talk	public/audio/toefl/set-16/academic-talk.mp3	e8bdf8b1fc526f9902e7242cc0a1f4eff0a1f37637bdc2c9e43bb72db4e880df	e8bdf8b1fc526f9902e7242cc0a1f4eff0a1f37637bdc2c9e43bb72db4e880df	1120174	1120174	139940	139940	mp3	44100	1	mono	64000	pass_encoder_only	pass	none	2cda4f502321d2628398418299cc7c337b598b1bddad2c230b5e6ad5cc309004	6171354	-1.084	0	-64.504	-13.781	-19.08	2.5	-1.03	90	560	700	0	pass_no_edge_flag	pass_no_candidate	pass_chromium_audio_context_and_muted_playback	TECH-LDN-002	none	fail_actionable	B_technical_repair_candidate	measure_gain_create_versioned_normalized_variant	T20_T21_T22	pending_T07_T08	blocked_not_validated	2026-08-09	Codex_automated_technical_audit
asset:toefl:set-16:part-12:repeat-1	set-16	12	S-001	Listen and Repeat	public/audio/toefl/set-16/repeat-1.mp3	e7c16eff7c29a801869e1d6a9928a28503d1b11bf854fe60fd483987c7f662cc	e7c16eff7c29a801869e1d6a9928a28503d1b11bf854fe60fd483987c7f662cc	16135	16135	1940	1940	mp3	44100	1	mono	64000	pass_encoder_only	pass	none	d88041e1127d95e58837c838b4e7432a33281d8d4f300c6adb3f937febc00af9	85554	-1.652	0	-67.009	-21.168	-13.33	0	-1.63	120	500	20	0	pass_no_edge_flag	pass_no_candidate	pass_chromium_audio_context_and_muted_playback	TECH-LDN-002	none	fail_actionable	B_technical_repair_candidate	measure_gain_create_versioned_normalized_variant	T20_T21_T22	pending_T07_T08	blocked_not_validated	2026-08-09	Codex_automated_technical_audit
asset:toefl:set-16:part-12:repeat-2	set-16	12	S-001	Listen and Repeat	public/audio/toefl/set-16/repeat-2.mp3	6bd319c2d1e57085afaabda1f7b6b7c8709970e841bde9d963511d9e069696b6	6bd319c2d1e57085afaabda1f7b6b7c8709970e841bde9d963511d9e069696b6	23031	23031	2820	2820	mp3	44100	1	mono	64000	pass_encoder_only	pass	none	f68b8cccea693a521c7bdfba83407b9e3d9973539ebe044a55a01f266508dd68	124362	-1.216	0	-64.399	-16.766	-13.67	0	-1.22	70	520	40	0	pass_no_edge_flag	pass_no_candidate	pass_chromium_audio_context_and_muted_playback	none	TECH-LDN-003	pass_with_actionable_warning	A_technical_conserve_candidate	review_warning_in_T08_before_conserve	T08	pending_T07_T08	blocked_not_validated	2026-08-09	Codex_automated_technical_audit
asset:toefl:set-16:part-12:repeat-3	set-16	12	S-001	Listen and Repeat	public/audio/toefl/set-16/repeat-3.mp3	68849bbc8bf7ecb3cdb25286de0747635ad318840f7d249e85262b22f0b20dfe	68849bbc8bf7ecb3cdb25286de0747635ad318840f7d249e85262b22f0b20dfe	31390	31390	3860	3860	mp3	44100	1	mono	64000	pass_encoder_only	pass	none	63e478500538f6a062b06c35b6c5359ed048ab3efdb86b7462db48133860c93e	170226	-1.82	0	-63.014	-18.934	-15.45	1	-1.8	80	500	50	0	pass_no_edge_flag	pass_no_candidate	pass_chromium_audio_context_and_muted_playback	none	none	pass_automated_T06	A_technical_conserve_candidate	conserve_source_technical_candidate	T07_T08	pending_T07_T08	blocked_not_validated	2026-08-09	Codex_automated_technical_audit
asset:toefl:set-16:part-12:repeat-4	set-16	12	S-001	Listen and Repeat	public/audio/toefl/set-16/repeat-4.mp3	fadcfd6ad20906559317afaeb785abad3d02a09c3926696b549a7d1c0db065fa	fadcfd6ad20906559317afaeb785abad3d02a09c3926696b549a7d1c0db065fa	35361	35361	4340	4340	mp3	44100	1	mono	64000	pass_encoder_only	pass	none	fd2a491351c35c61885d2f38e6b80c8973b732b734b675e72abf9734da16271b	191394	-1.901	0	-63.298	-18.891	-14.68	0.4	-1.89	100	520	130	0	pass_no_edge_flag	pass_no_candidate	pass_chromium_audio_context_and_muted_playback	none	none	pass_automated_T06	A_technical_conserve_candidate	conserve_source_technical_candidate	T07_T08	pending_T07_T08	blocked_not_validated	2026-08-09	Codex_automated_technical_audit
asset:toefl:set-16:part-12:repeat-5	set-16	12	S-001	Listen and Repeat	public/audio/toefl/set-16/repeat-5.mp3	c309007c968fd588e8414ea2f9e2b6d901f8ddaf4b8d448cb355f3c5b2353da6	c309007c968fd588e8414ea2f9e2b6d901f8ddaf4b8d448cb355f3c5b2353da6	42884	42884	5300	5300	mp3	44100	1	mono	64000	pass_encoder_only	pass	none	4763490d2fc4bfde72c88c7837e75bf51c8e6c217146359b33b4fa23804c14a7	233730	-1.403	0	-62.769	-19.607	-15.49	1.2	-1.39	20	500	160	0	pass_no_edge_flag	pass_no_candidate	pass_chromium_audio_context_and_muted_playback	none	none	pass_automated_T06	A_technical_conserve_candidate	conserve_source_technical_candidate	T07_T08	pending_T07_T08	blocked_not_validated	2026-08-09	Codex_automated_technical_audit
asset:toefl:set-17:part-5:listen-choose-1	set-17	5	L-001	Listen and Choose a Response	public/audio/toefl/set-17/listen-choose-1.mp3	da66ef0f23a696862d48474b8dc1cf7a11660b36b01eb206394cac9ec608c8de	da66ef0f23a696862d48474b8dc1cf7a11660b36b01eb206394cac9ec608c8de	27629	27629	3380	3380	mp3	44100	1	mono	64000	pass_encoder_only	pass	none	4a1e9bf4cf274566adfbe838ec64b893c124e25d498f2cdfcc952ba94da9d6f7	149058	-2.487	0	-67.553	-11.575	-16.2	1.1	-2.48	70	520	70	0	pass_no_edge_flag	pass_no_candidate	pass_chromium_audio_context_and_muted_playback	none	none	pass_automated_T06	A_technical_conserve_candidate	conserve_source_technical_candidate	T07_T08	pending_T07_T08	blocked_not_validated	2026-08-09	Codex_automated_technical_audit
asset:toefl:set-17:part-5:listen-choose-2	set-17	5	L-001	Listen and Choose a Response	public/audio/toefl/set-17/listen-choose-2.mp3	30007117c6400eebad4252c097895896ac0d58adf2bf1b1b1c2cb638b1b690a4	30007117c6400eebad4252c097895896ac0d58adf2bf1b1b1c2cb638b1b690a4	30764	30764	3780	3780	mp3	44100	1	mono	64000	pass_encoder_only	pass	none	758223ccac460e86b322a0fc7c2abaed95947941d2b1c211415e63da1a47e619	166698	-0.844	0	-65.251	-18.704	-15.16	0.9	-0.83	70	510	40	0	pass_no_edge_flag	pass_no_candidate	pass_chromium_audio_context_and_muted_playback	none	TECH-PEAK-003	pass_with_actionable_warning	A_technical_conserve_candidate	review_warning_in_T08_before_conserve	T08	pending_T07_T08	blocked_not_validated	2026-08-09	Codex_automated_technical_audit
asset:toefl:set-17:part-5:listen-choose-3	set-17	5	L-001	Listen and Choose a Response	public/audio/toefl/set-17/listen-choose-3.mp3	c2d828b167425a3a00f41f494ef69d6daeab30d036cfabab92540e4923813620	c2d828b167425a3a00f41f494ef69d6daeab30d036cfabab92540e4923813620	24494	24494	2980	2980	mp3	44100	1	mono	64000	pass_encoder_only	pass	none	0e938d0f53c2bbc8a94f4f9b10bd6a2de8c906b0766bb52eadcfdc76ca9c42ed	131418	-1.717	0	-79.047	-17.24	-15.11	0	-1.7	60	500	30	0	pass_no_edge_flag	pass_no_candidate	pass_chromium_audio_context_and_muted_playback	none	none	pass_automated_T06	A_technical_conserve_candidate	conserve_source_technical_candidate	T07_T08	pending_T07_T08	blocked_not_validated	2026-08-09	Codex_automated_technical_audit
asset:toefl:set-17:part-5:listen-choose-4	set-17	5	L-001	Listen and Choose a Response	public/audio/toefl/set-17/listen-choose-4.mp3	8665dc1077fbb85eb440b9d64f2c0e53db8d16dae214981808d8a34b6d1bf46d	8665dc1077fbb85eb440b9d64f2c0e53db8d16dae214981808d8a34b6d1bf46d	27629	27629	3380	3380	mp3	44100	1	mono	64000	pass_encoder_only	pass	none	946a0209faa8b30ac4769f6a13ef807a0c7bd1574e61fb2a529c98729b38dce8	149058	-1.828	0	-64.612	-19.504	-16.8	0.5	-1.8	30	500	50	0	pass_no_edge_flag	pass_no_candidate	pass_chromium_audio_context_and_muted_playback	none	none	pass_automated_T06	A_technical_conserve_candidate	conserve_source_technical_candidate	T07_T08	pending_T07_T08	blocked_not_validated	2026-08-09	Codex_automated_technical_audit
asset:toefl:set-17:part-5:listen-choose-5	set-17	5	L-001	Listen and Choose a Response	public/audio/toefl/set-17/listen-choose-5.mp3	ed3fb3d380fb55435aa61fb120ba0a94301e70e743ebef9758ce243eb08ae419	ed3fb3d380fb55435aa61fb120ba0a94301e70e743ebef9758ce243eb08ae419	34734	34734	4260	4260	mp3	44100	1	mono	64000	pass_encoder_only	pass	none	6e8447933a3593620005c805c89afb9d4aeae8f18dd9e066d4277b90be566964	187866	-2.04	0	-68.896	-14.933	-14.45	1	-2.04	20	500	250	0	pass_no_edge_flag	pass_no_candidate	pass_chromium_audio_context_and_muted_playback	none	none	pass_automated_T06	A_technical_conserve_candidate	conserve_source_technical_candidate	T07_T08	pending_T07_T08	blocked_not_validated	2026-08-09	Codex_automated_technical_audit
asset:toefl:set-17:part-6:conversation	set-17	6	L-002	Listen to a Conversation	public/audio/toefl/set-17/conversation.mp3	ee7c090535931fa32fb2bb0b4d1a588f838cc05e3c37d6a136d9a665c00622f3	ee7c090535931fa32fb2bb0b4d1a588f838cc05e3c37d6a136d9a665c00622f3	551123	551123	68820	68820	mp3	44100	1	mono	64000	pass_encoder_only	pass	none	18d618b809fe6112f845056aa063b97e57b9d0a2f99fbc63a2f4f93ea34f721b	3034962	-1.012	0	-62.48	-9.493	-14.52	2.6	-1.01	150	500	640	0	pass_no_edge_flag	pass_no_candidate	pass_chromium_audio_context_and_muted_playback	none	none	pass_automated_T06	A_technical_conserve_candidate	conserve_source_technical_candidate	T07_T08	pending_T07_T08	blocked_not_validated	2026-08-09	Codex_automated_technical_audit
asset:toefl:set-17:part-7:announcement	set-17	7	L-003	Listen to an Announcement	public/audio/toefl/set-17/announcement.mp3	e4f6fb8a7d11e9295018d0dba9d325c1bbdf55e34e7aa31f8d9135ec0537dd24	e4f6fb8a7d11e9295018d0dba9d325c1bbdf55e34e7aa31f8d9135ec0537dd24	409644	409644	51140	51140	mp3	44100	1	mono	64000	pass_encoder_only	pass	none	57da6aacfe6c0f59f3c201194f355093f118692edc09608757010c984dfe357a	2255274	-1.63	0	-64.988	-12.292	-15.4	2.7	-1.63	50	500	400	0	pass_no_edge_flag	pass_no_candidate	pass_chromium_audio_context_and_muted_playback	none	none	pass_automated_T06	A_technical_conserve_candidate	conserve_source_technical_candidate	T07_T08	pending_T07_T08	blocked_not_validated	2026-08-09	Codex_automated_technical_audit
asset:toefl:set-17:part-8:academic-talk	set-17	8	L-004	Listen to an Academic Talk	public/audio/toefl/set-17/academic-talk.mp3	8e03f83e8d0b839607b53249179cbd2ae360a7ded6cce0d8168a0a1c1a3dcd2d	8e03f83e8d0b839607b53249179cbd2ae360a7ded6cce0d8168a0a1c1a3dcd2d	1019655	1019655	127380	127380	mp3	44100	1	mono	64000	pass_encoder_only	pass	none	01c86ff9a5b1f5d0076bcd553ab4aecb84afe301e039ff6caf3fbb2e52c540e7	5617458	-1.14	0	-66.742	-11.567	-19.06	2.9	-1.08	70	600	300	0	pass_no_edge_flag	pass_no_candidate	pass_chromium_audio_context_and_muted_playback	TECH-LDN-002	none	fail_actionable	B_technical_repair_candidate	measure_gain_create_versioned_normalized_variant	T20_T21_T22	pending_T07_T08	blocked_not_validated	2026-08-09	Codex_automated_technical_audit
asset:toefl:set-17:part-12:repeat-1	set-17	12	S-001	Listen and Repeat	public/audio/toefl/set-17/repeat-1.mp3	a7b535a631160c1069de6bcd66a903cf5a99444b21f3c6f2c8c705043177cf91	a7b535a631160c1069de6bcd66a903cf5a99444b21f3c6f2c8c705043177cf91	17389	17389	2100	2100	mp3	44100	1	mono	64000	pass_encoder_only	pass	none	65b2ebb4a3e7435445b8e14eb08fb64dcb7b8cb66a25ee611deca67ffc7f0a6a	92610	-1.797	0	-62.961	-16.915	-13.44	0	-1.7	120	500	30	0	pass_no_edge_flag	pass_no_candidate	pass_chromium_audio_context_and_muted_playback	TECH-LDN-002	none	fail_actionable	B_technical_repair_candidate	measure_gain_create_versioned_normalized_variant	T20_T21_T22	pending_T07_T08	blocked_not_validated	2026-08-09	Codex_automated_technical_audit
asset:toefl:set-17:part-12:repeat-2	set-17	12	S-001	Listen and Repeat	public/audio/toefl/set-17/repeat-2.mp3	f94ae94d9bd167fcea6430f809110b16a741072eb64c41fd04c5e02ec468f966	f94ae94d9bd167fcea6430f809110b16a741072eb64c41fd04c5e02ec468f966	24494	24494	2980	2980	mp3	44100	1	mono	64000	pass_encoder_only	pass	none	2db565e77c328bba1ef4f8fd106fa9f7729f4174cc6253893a546de45747e0c3	131418	-1.146	0	-63.136	-17.556	-13.89	0	-1.12	50	600	40	0	pass_no_edge_flag	pass_no_candidate	pass_chromium_audio_context_and_muted_playback	none	TECH-LDN-003	pass_with_actionable_warning	A_technical_conserve_candidate	review_warning_in_T08_before_conserve	T08	pending_T07_T08	blocked_not_validated	2026-08-09	Codex_automated_technical_audit
asset:toefl:set-17:part-12:repeat-3	set-17	12	S-001	Listen and Repeat	public/audio/toefl/set-17/repeat-3.mp3	cb0799cb6d5bf95fb5bfef992a37a6b8ad9adb3fe7c02254c377ad4cd1d09d9a	cb0799cb6d5bf95fb5bfef992a37a6b8ad9adb3fe7c02254c377ad4cd1d09d9a	32017	32017	3940	3940	mp3	44100	1	mono	64000	pass_encoder_only	pass	none	9126a7b93e3ea785ab801f86b0c14d117efcb44a33236a15749caa31717d7465	173754	-2.65	0	-63.527	-19.632	-15.25	2.1	-2.65	30	610	80	0	pass_no_edge_flag	pass_no_candidate	pass_chromium_audio_context_and_muted_playback	TECH-SIL-002	none	fail_actionable	B_technical_repair_candidate	review_edges_create_versioned_trim_variant	T20_T21_T22	pending_T07_T08	blocked_not_validated	2026-08-09	Codex_automated_technical_audit
asset:toefl:set-17:part-12:repeat-4	set-17	12	S-001	Listen and Repeat	public/audio/toefl/set-17/repeat-4.mp3	692964de83c5a5f89d58ff5f5eccf3b9702cb6daaf9ea33fa085003daa5c0671	692964de83c5a5f89d58ff5f5eccf3b9702cb6daaf9ea33fa085003daa5c0671	37242	37242	4580	4580	mp3	44100	1	mono	64000	pass_encoder_only	pass	none	15b1186915b189d30d2cc20bc67c6a708bf5cae18face0edceeec30efeddc284	201978	-1.434	0	-64.987	-17.647	-14.87	0.8	-1.41	150	490	50	0	pass_no_edge_flag	pass_no_candidate	pass_chromium_audio_context_and_muted_playback	none	none	pass_automated_T06	A_technical_conserve_candidate	conserve_source_technical_candidate	T07_T08	pending_T07_T08	blocked_not_validated	2026-08-09	Codex_automated_technical_audit
asset:toefl:set-17:part-12:repeat-5	set-17	12	S-001	Listen and Repeat	public/audio/toefl/set-17/repeat-5.mp3	6e9ef6c670c676d9eee09ddc4ec5c4a1c0742fa717ae60cb152248cda8aefee5	6e9ef6c670c676d9eee09ddc4ec5c4a1c0742fa717ae60cb152248cda8aefee5	50617	50617	6260	6260	mp3	44100	1	mono	64000	pass_encoder_only	pass	none	a73419df3e33cfb85cd762880f09e7518e9d58c9feca900c9066dec80f8e1fe3	276066	-1.71	0	-62.698	-18.37	-15.31	0.7	-1.69	50	520	370	0	pass_no_edge_flag	pass_no_candidate	pass_chromium_audio_context_and_muted_playback	none	none	pass_automated_T06	A_technical_conserve_candidate	conserve_source_technical_candidate	T07_T08	pending_T07_T08	blocked_not_validated	2026-08-09	Codex_automated_technical_audit
asset:toefl:set-18:part-5:listen-choose-1	set-18	5	L-001	Listen and Choose a Response	public/audio/toefl/set-18/listen-choose-1.mp3	0e4d74563ef7a86612a58f89e7825213d1994d4d0504c3602e528436f89eaa1c	0e4d74563ef7a86612a58f89e7825213d1994d4d0504c3602e528436f89eaa1c	28256	28256	3460	3460	mp3	44100	1	mono	64000	pass_encoder_only	pass	none	17b0c136403dbb61d37d2cdf08e48265568f54a9760631e54a1063ca0017a9ca	152586	-2.089	0	-75.782	-14.318	-15.69	1.2	-2.09	60	500	30	0	pass_no_edge_flag	pass_no_candidate	pass_chromium_audio_context_and_muted_playback	none	none	pass_automated_T06	A_technical_conserve_candidate	conserve_source_technical_candidate	T07_T08	pending_T07_T08	blocked_not_validated	2026-08-09	Codex_automated_technical_audit
asset:toefl:set-18:part-5:listen-choose-2	set-18	5	L-001	Listen and Choose a Response	public/audio/toefl/set-18/listen-choose-2.mp3	4ab715d16a2df6094195e683cb02bd29609a596c5696ec7e437d9ad0edb0049f	4ab715d16a2df6094195e683cb02bd29609a596c5696ec7e437d9ad0edb0049f	23867	23867	2901	2901	mp3	44100	1	mono	64000	pass_encoder_only	pass	none	e7e0f81e9807e5a24b75ee16cd1b2ec77507a5ecb0052040cefb6857044fbf1a	127919	-1.39	0	-62.703	-18.655	-14.14	0	-1.39	70	580	50	0	pass_no_edge_flag	pass_no_candidate	pass_chromium_audio_context_and_muted_playback	none	none	pass_automated_T06	A_technical_conserve_candidate	conserve_source_technical_candidate	T07_T08	pending_T07_T08	blocked_not_validated	2026-08-09	Codex_automated_technical_audit
asset:toefl:set-18:part-5:listen-choose-3	set-18	5	L-001	Listen and Choose a Response	public/audio/toefl/set-18/listen-choose-3.mp3	c75a0d129067c62ac6d39f6726d0ccd56852013a9521f701797ba1117af8a4ec	c75a0d129067c62ac6d39f6726d0ccd56852013a9521f701797ba1117af8a4ec	33271	33271	4100	4100	mp3	44100	1	mono	64000	pass_encoder_only	pass	none	e3c42a6d0065a9c5132cffd1c1072b232f2494f8ad7c31e2207ee08270852766	180810	-1.915	0	-69.252	-14.517	-14.79	1.8	-1.91	60	500	70	0	pass_no_edge_flag	pass_no_candidate	pass_chromium_audio_context_and_muted_playback	none	none	pass_automated_T06	A_technical_conserve_candidate	conserve_source_technical_candidate	T07_T08	pending_T07_T08	blocked_not_validated	2026-08-09	Codex_automated_technical_audit
asset:toefl:set-18:part-5:listen-choose-4	set-18	5	L-001	Listen and Choose a Response	public/audio/toefl/set-18/listen-choose-4.mp3	86b21cce9a8cf07eecb83c5f47d9d5940750ad4be35c6fee1a273e6f726f32b0	86b21cce9a8cf07eecb83c5f47d9d5940750ad4be35c6fee1a273e6f726f32b0	28883	28883	3540	3540	mp3	44100	1	mono	64000	pass_encoder_only	pass	none	e24da87d89c2f4afc89cf679d78c0ec080a86fe3473bde6caf44ee0b50fc6a5e	156114	-0.511	0	-62.027	-14.912	-15.24	1.2	-0.51	0	500	160	0	pass_no_edge_flag	pass_no_candidate	pass_chromium_audio_context_and_muted_playback	none	TECH-PEAK-003	pass_with_actionable_warning	A_technical_conserve_candidate	review_warning_in_T08_before_conserve	T08	pending_T07_T08	blocked_not_validated	2026-08-09	Codex_automated_technical_audit
asset:toefl:set-18:part-5:listen-choose-5	set-18	5	L-001	Listen and Choose a Response	public/audio/toefl/set-18/listen-choose-5.mp3	399c93edd5ad40e5c1a98d150b89be789e69419f6a6dd09d9241b1bd21047d4d	399c93edd5ad40e5c1a98d150b89be789e69419f6a6dd09d9241b1bd21047d4d	27629	27629	3380	3380	mp3	44100	1	mono	64000	pass_encoder_only	pass	none	e4b2c8cab1a9365418c3f10d364aa88eb98f4c893dd34a61381d1150cb1a3438	149058	-1.576	0	-69.848	-12.24	-14.77	1	-1.58	0	510	50	0	pass_no_edge_flag	pass_no_candidate	pass_chromium_audio_context_and_muted_playback	none	none	pass_automated_T06	A_technical_conserve_candidate	conserve_source_technical_candidate	T07_T08	pending_T07_T08	blocked_not_validated	2026-08-09	Codex_automated_technical_audit
asset:toefl:set-18:part-6:conversation	set-18	6	L-002	Listen to a Conversation	public/audio/toefl/set-18/conversation.mp3	78fa354239cc77b96c305bc5ae0b82e3d0e60e02bc17f2f978a1080f2f8b30f1	78fa354239cc77b96c305bc5ae0b82e3d0e60e02bc17f2f978a1080f2f8b30f1	754460	754460	94240	94240	mp3	44100	1	mono	64000	pass_encoder_only	pass	none	9f693ce0cd96e52c8a60c8fd263740b3f3ee16b881bbfd76ec5ff9715fd69b8d	4155984	-0.924	0	-66.952	-11.812	-17.18	5.9	-0.92	50	500	750	0	pass_no_edge_flag	pass_no_candidate	pass_chromium_audio_context_and_muted_playback	none	TECH-PEAK-003	pass_with_actionable_warning	A_technical_conserve_candidate	review_warning_in_T08_before_conserve	T08	pending_T07_T08	blocked_not_validated	2026-08-09	Codex_automated_technical_audit
asset:toefl:set-18:part-7:announcement	set-18	7	L-003	Listen to an Announcement	public/audio/toefl/set-18/announcement.mp3	e7a5f9c32f090c09e0ba6f32e800f172dadeef82839f4675fbbea59a1d0da632	e7a5f9c32f090c09e0ba6f32e800f172dadeef82839f4675fbbea59a1d0da632	434721	434721	54260	54260	mp3	44100	1	mono	64000	pass_encoder_only	pass	none	8398e30185ada954701ccfacd141add0f34dd68e733db2699d4faffa05869ad7	2392866	-1.627	0	-65.401	-11.759	-15.54	2.4	-1.62	80	500	780	0	pass_no_edge_flag	pass_no_candidate	pass_chromium_audio_context_and_muted_playback	none	none	pass_automated_T06	A_technical_conserve_candidate	conserve_source_technical_candidate	T07_T08	pending_T07_T08	blocked_not_validated	2026-08-09	Codex_automated_technical_audit
asset:toefl:set-18:part-8:academic-talk	set-18	8	L-004	Listen to an Academic Talk	public/audio/toefl/set-18/academic-talk.mp3	e7521a72ed9ee6266f1cf7991f7b40b4312906161cbca44f4b738f3c4e023a18	e7521a72ed9ee6266f1cf7991f7b40b4312906161cbca44f4b738f3c4e023a18	957588	957588	119620	119620	mp3	44100	1	mono	64000	pass_encoder_only	pass	none	fd12712fff9bd9ebdfecbee44fa4c892012cf9fa7b9d01c0ec8a967d3b440057	5275242	-0.895	0	-68.764	-10.536	-19.2	2.5	-0.89	90	560	520	0	pass_no_edge_flag	pass_no_candidate	pass_chromium_audio_context_and_muted_playback	TECH-LDN-002	TECH-PEAK-003	fail_actionable	B_technical_repair_candidate	measure_gain_create_versioned_normalized_variant	T20_T21_T22	pending_T07_T08	blocked_not_validated	2026-08-09	Codex_automated_technical_audit
asset:toefl:set-18:part-12:repeat-1	set-18	12	S-001	Listen and Repeat	public/audio/toefl/set-18/repeat-1.mp3	c7d8890b36114fe9e80070adcaeffb8e6997746727650a276871a6c09dad4061	c7d8890b36114fe9e80070adcaeffb8e6997746727650a276871a6c09dad4061	18643	18643	2260	2260	mp3	44100	1	mono	64000	pass_encoder_only	pass	none	abd062310c48adee26301b4733b553a35b391d01bfed6803809324def88b4de4	99666	-1.289	0	-62.923	-17.97	-14.17	0	-1.29	100	510	50	0	pass_no_edge_flag	pass_no_candidate	pass_chromium_audio_context_and_muted_playback	none	none	pass_automated_T06	A_technical_conserve_candidate	conserve_source_technical_candidate	T07_T08	pending_T07_T08	blocked_not_validated	2026-08-09	Codex_automated_technical_audit
asset:toefl:set-18:part-12:repeat-2	set-18	12	S-001	Listen and Repeat	public/audio/toefl/set-18/repeat-2.mp3	aaeff2920b5e66eba0ea5c204a6aa28fdff4f255d4968bce67e114ee21994927	aaeff2920b5e66eba0ea5c204a6aa28fdff4f255d4968bce67e114ee21994927	23867	23867	2901	2901	mp3	44100	1	mono	64000	pass_encoder_only	pass	none	d8e0beb0ebb1eef1973ccfea8d50c6c6a708cf98f90f670b11ceeb0f19588d54	127919	-1.303	0	-63.408	-17.663	-13.96	0	-1.3	10	510	60	0	pass_no_edge_flag	pass_no_candidate	pass_chromium_audio_context_and_muted_playback	none	TECH-LDN-003	pass_with_actionable_warning	A_technical_conserve_candidate	review_warning_in_T08_before_conserve	T08	pending_T07_T08	blocked_not_validated	2026-08-09	Codex_automated_technical_audit
asset:toefl:set-18:part-12:repeat-3	set-18	12	S-001	Listen and Repeat	public/audio/toefl/set-18/repeat-3.mp3	8ff7e0733238625af577abf5d12d12308590a5a359556adbc8e104cc4d2a8888	8ff7e0733238625af577abf5d12d12308590a5a359556adbc8e104cc4d2a8888	29510	29510	3620	3620	mp3	44100	1	mono	64000	pass_encoder_only	pass	none	519e29a0572a1ccdf03193a676046cf622746ab511c5108bff97ef5efd20d472	159642	-1.685	0	-64.409	-19.759	-14.6	1.2	-1.69	90	500	70	0	pass_no_edge_flag	pass_no_candidate	pass_chromium_audio_context_and_muted_playback	none	none	pass_automated_T06	A_technical_conserve_candidate	conserve_source_technical_candidate	T07_T08	pending_T07_T08	blocked_not_validated	2026-08-09	Codex_automated_technical_audit
asset:toefl:set-18:part-12:repeat-4	set-18	12	S-001	Listen and Repeat	public/audio/toefl/set-18/repeat-4.mp3	14c168721499f829e801975013eb841921997d1b445d1b9c522ecf8fc186b106	14c168721499f829e801975013eb841921997d1b445d1b9c522ecf8fc186b106	38496	38496	4740	4740	mp3	44100	1	mono	64000	pass_encoder_only	pass	none	88ecded7d2a5c0fd89813bbd70fd6d6710e91c5787ad158aef51d23b7dee1cae	209034	-1.469	0	-63.586	-16.913	-13.67	1.6	-1.46	80	600	30	0	pass_no_edge_flag	pass_no_candidate	pass_chromium_audio_context_and_muted_playback	none	TECH-LDN-003	pass_with_actionable_warning	A_technical_conserve_candidate	review_warning_in_T08_before_conserve	T08	pending_T07_T08	blocked_not_validated	2026-08-09	Codex_automated_technical_audit
asset:toefl:set-18:part-12:repeat-5	set-18	12	S-001	Listen and Repeat	public/audio/toefl/set-18/repeat-5.mp3	e000d72a555083253bb75a356ee2b9e9ef20d58698a60018e870886e53892a83	e000d72a555083253bb75a356ee2b9e9ef20d58698a60018e870886e53892a83	53124	53124	6580	6580	mp3	44100	1	mono	64000	pass_encoder_only	pass	none	c74e8a3cbbfcac56b202ba2461e0582341f31aa6b817574e09111b4cefb0a8a9	290178	-1.438	0	-62.765	-18.184	-14.53	2	-1.42	110	500	210	0	pass_no_edge_flag	pass_no_candidate	pass_chromium_audio_context_and_muted_playback	none	none	pass_automated_T06	A_technical_conserve_candidate	conserve_source_technical_candidate	T07_T08	pending_T07_T08	blocked_not_validated	2026-08-09	Codex_automated_technical_audit
asset:toefl:set-19:part-5:listen-choose-1	set-19	5	L-001	Listen and Choose a Response	public/audio/toefl/set-19/listen-choose-1.mp3	0d68fc285257388de4e596e54349324347c0266b7d8f9b6582f8440f5fa1df89	0d68fc285257388de4e596e54349324347c0266b7d8f9b6582f8440f5fa1df89	25121	25121	3060	3060	mp3	44100	1	mono	64000	pass_encoder_only	pass	none	5df7eef59fafc20fd1f47052a2a8882a2f965f294f5944547da42a8eac6db79b	134946	-1.518	0	-63.402	-14.029	-14.6	0.4	-1.52	50	500	60	0	pass_no_edge_flag	pass_no_candidate	pass_chromium_audio_context_and_muted_playback	none	none	pass_automated_T06	A_technical_conserve_candidate	conserve_source_technical_candidate	T07_T08	pending_T07_T08	blocked_not_validated	2026-08-09	Codex_automated_technical_audit
asset:toefl:set-19:part-5:listen-choose-2	set-19	5	L-001	Listen and Choose a Response	public/audio/toefl/set-19/listen-choose-2.mp3	28bc70bd2974ce3444fe001fff5614fd2cc129e7b0eed6ed0b07eec2c052ee9e	28bc70bd2974ce3444fe001fff5614fd2cc129e7b0eed6ed0b07eec2c052ee9e	27629	27629	3380	3380	mp3	44100	1	mono	64000	pass_encoder_only	pass	none	2f644d1879fc6ab9b5a589112824efebf50509f6afa612e361a67d3130c72e9a	149058	-1.146	0	-61.413	-17.846	-14.18	0.9	-1.14	100	500	40	0	pass_no_edge_flag	pass_no_candidate	pass_chromium_audio_context_and_muted_playback	none	none	pass_automated_T06	A_technical_conserve_candidate	conserve_source_technical_candidate	T07_T08	pending_T07_T08	blocked_not_validated	2026-08-09	Codex_automated_technical_audit
asset:toefl:set-19:part-5:listen-choose-3	set-19	5	L-001	Listen and Choose a Response	public/audio/toefl/set-19/listen-choose-3.mp3	0cdaedb7c6fe5f2b6b36f5fc13fba04eeaf764af1d5eb2943ea31b35b6843089	0cdaedb7c6fe5f2b6b36f5fc13fba04eeaf764af1d5eb2943ea31b35b6843089	20524	20524	2500	2500	mp3	44100	1	mono	64000	pass_encoder_only	pass	none	8adf4dffc291181468a2e0444a5e05d67fe3adbe6832b1e3062e5b6f868c6014	110250	-1.611	0	-70.593	-16.455	-14.3	0	-1.61	0	500	50	0	pass_no_edge_flag	pass_no_candidate	pass_chromium_audio_context_and_muted_playback	none	none	pass_automated_T06	A_technical_conserve_candidate	conserve_source_technical_candidate	T07_T08	pending_T07_T08	blocked_not_validated	2026-08-09	Codex_automated_technical_audit
asset:toefl:set-19:part-5:listen-choose-4	set-19	5	L-001	Listen and Choose a Response	public/audio/toefl/set-19/listen-choose-4.mp3	37e25e5fe16c407f52df5883a63ab6b2baed97ada23039d86f3381cc1a172a9c	37e25e5fe16c407f52df5883a63ab6b2baed97ada23039d86f3381cc1a172a9c	26375	26375	3220	3220	mp3	44100	1	mono	64000	pass_encoder_only	pass	none	d86a66c774d32f312e2d0b2addeabeb831a36ad0cef14a343e8aec436f798469	142002	-1.543	0	-63.622	-17.394	-14.81	0.2	-1.54	70	500	20	0	pass_no_edge_flag	pass_no_candidate	pass_chromium_audio_context_and_muted_playback	none	none	pass_automated_T06	A_technical_conserve_candidate	conserve_source_technical_candidate	T07_T08	pending_T07_T08	blocked_not_validated	2026-08-09	Codex_automated_technical_audit
asset:toefl:set-19:part-5:listen-choose-5	set-19	5	L-001	Listen and Choose a Response	public/audio/toefl/set-19/listen-choose-5.mp3	bcca0bb1045a9356909b7a786d2435bca7d91206b39b80bc25b6460ff6b7ca46	bcca0bb1045a9356909b7a786d2435bca7d91206b39b80bc25b6460ff6b7ca46	28256	28256	3460	3460	mp3	44100	1	mono	64000	pass_encoder_only	pass	none	d136f59d0eb871b9cb7a15f971f2db8ad2e3b0d007b9292bd455fb23eef674d2	152586	-3.46	0	-66.46	-15.731	-15.24	1.7	-3.45	40	530	20	0	pass_no_edge_flag	pass_no_candidate	pass_chromium_audio_context_and_muted_playback	none	none	pass_automated_T06	A_technical_conserve_candidate	conserve_source_technical_candidate	T07_T08	pending_T07_T08	blocked_not_validated	2026-08-09	Codex_automated_technical_audit
asset:toefl:set-19:part-6:conversation	set-19	6	L-002	Listen to a Conversation	public/audio/toefl/set-19/conversation.mp3	012d5eee40c81439aa27a13fbb965b2b2f2bf4261d531f6cd61f2ab7c921eb97	012d5eee40c81439aa27a13fbb965b2b2f2bf4261d531f6cd61f2ab7c921eb97	639521	639521	79860	79860	mp3	44100	1	mono	64000	pass_encoder_only	pass	none	fb09425ca516e542d4beb202a000199ae930c6460e4489f681d39b929e563ee6	3521826	-0.777	0	-66.223	-13.524	-14.69	2.5	-0.77	40	500	920	0	pass_no_edge_flag	pass_no_candidate	pass_chromium_audio_context_and_muted_playback	none	TECH-PEAK-003	pass_with_actionable_warning	A_technical_conserve_candidate	review_warning_in_T08_before_conserve	T08	pending_T07_T08	blocked_not_validated	2026-08-09	Codex_automated_technical_audit
asset:toefl:set-19:part-7:announcement	set-19	7	L-003	Listen to an Announcement	public/audio/toefl/set-19/announcement.mp3	d6cb5b3f14347a4357b9baeb1e577f01ddb896ecdd9592d352fbe66315780194	d6cb5b3f14347a4357b9baeb1e577f01ddb896ecdd9592d352fbe66315780194	416122	416122	51940	51940	mp3	44100	1	mono	64000	pass_encoder_only	pass	none	ec1ba588a8d23b90f0046d511816f1ee5d8888ae7fed9bea7c8a246031108ac2	2290554	-0.936	0	-65.42	-10.979	-15.56	2.8	-0.94	60	500	150	0	pass_no_edge_flag	pass_no_candidate	pass_chromium_audio_context_and_muted_playback	none	TECH-PEAK-003	pass_with_actionable_warning	A_technical_conserve_candidate	review_warning_in_T08_before_conserve	T08	pending_T07_T08	blocked_not_validated	2026-08-09	Codex_automated_technical_audit
asset:toefl:set-19:part-8:academic-talk	set-19	8	L-004	Listen to an Academic Talk	public/audio/toefl/set-19/academic-talk.mp3	419799118727a968f7461e1fe6b5c95b28e8af3a1133937f9d668d78f88f4aa5	419799118727a968f7461e1fe6b5c95b28e8af3a1133937f9d668d78f88f4aa5	949856	949856	118660	118660	mp3	44100	1	mono	64000	pass_encoder_only	pass	none	c628d3eb947b7311943471915b3184be32af58b850e1cb420cfb0cbd27a5b7ae	5232906	-1.096	0	-67.118	-13.174	-18.99	2.6	-1.07	30	500	310	0	pass_no_edge_flag	pass_no_candidate	pass_chromium_audio_context_and_muted_playback	TECH-LDN-002	none	fail_actionable	B_technical_repair_candidate	measure_gain_create_versioned_normalized_variant	T20_T21_T22	pending_T07_T08	blocked_not_validated	2026-08-09	Codex_automated_technical_audit
asset:toefl:set-19:part-12:repeat-1	set-19	12	S-001	Listen and Repeat	public/audio/toefl/set-19/repeat-1.mp3	4b7341ec376f860bd4280bbd80e232955b8b8f003fa2b524845343bb5bf84f70	4b7341ec376f860bd4280bbd80e232955b8b8f003fa2b524845343bb5bf84f70	21150	21150	2580	2580	mp3	44100	1	mono	64000	pass_encoder_only	pass	none	b4101512a4079dcef1b1c5c2b4cbb5de6f42f69fd2a777b0c45b186cf0a0aab9	113778	-1.932	0	-67.787	-18.305	-15.16	0	-1.92	80	530	30	0	pass_no_edge_flag	pass_no_candidate	pass_chromium_audio_context_and_muted_playback	none	none	pass_automated_T06	A_technical_conserve_candidate	conserve_source_technical_candidate	T07_T08	pending_T07_T08	blocked_not_validated	2026-08-09	Codex_automated_technical_audit
asset:toefl:set-19:part-12:repeat-2	set-19	12	S-001	Listen and Repeat	public/audio/toefl/set-19/repeat-2.mp3	3f8e501348441b7d7cc01b8f67c979062e4f3f967b51ec45d877904015b0e7b7	3f8e501348441b7d7cc01b8f67c979062e4f3f967b51ec45d877904015b0e7b7	26375	26375	3220	3220	mp3	44100	1	mono	64000	pass_encoder_only	pass	none	bea822106af4cf1a18a937dbd080f011f4459257df8db64191edbc4f4c174af9	142002	-0.749	0	-67.299	-16.966	-15.61	0.2	-0.73	90	710	90	0	pass_no_edge_flag	pass_no_candidate	pass_chromium_audio_context_and_muted_playback	TECH-SIL-002	TECH-PEAK-003	fail_actionable	B_technical_repair_candidate	review_edges_create_versioned_trim_variant	T20_T21_T22	pending_T07_T08	blocked_not_validated	2026-08-09	Codex_automated_technical_audit
asset:toefl:set-19:part-12:repeat-3	set-19	12	S-001	Listen and Repeat	public/audio/toefl/set-19/repeat-3.mp3	13b0684c1e477227b9058b7238fb058254894eafae29de89be60cdb52c7fb91b	13b0684c1e477227b9058b7238fb058254894eafae29de89be60cdb52c7fb91b	26375	26375	3220	3220	mp3	44100	1	mono	64000	pass_encoder_only	pass	none	95fd634a898efaec6adee13bba7e73be744a1d6bd44716bfc0dedc8fd780606e	142002	-1.378	0	-62.719	-17.766	-15.05	0.3	-1.33	80	500	80	0	pass_no_edge_flag	pass_no_candidate	pass_chromium_audio_context_and_muted_playback	none	none	pass_automated_T06	A_technical_conserve_candidate	conserve_source_technical_candidate	T07_T08	pending_T07_T08	blocked_not_validated	2026-08-09	Codex_automated_technical_audit
asset:toefl:set-19:part-12:repeat-4	set-19	12	S-001	Listen and Repeat	public/audio/toefl/set-19/repeat-4.mp3	8e31cd8ce21760fa988ca904b11de09dd175793cb21afea23bba0835da1af354	8e31cd8ce21760fa988ca904b11de09dd175793cb21afea23bba0835da1af354	38496	38496	4740	4740	mp3	44100	1	mono	64000	pass_encoder_only	pass	none	d8317084f98f5ca99e98a7021d90f6823d46e6b47a06b13a015e2d89e3d4a6e7	209034	-1.68	0	-58.993	-19.264	-14.02	0.7	-1.66	90	530	90	0	pass_no_edge_flag	pass_no_candidate	pass_chromium_audio_context_and_muted_playback	none	none	pass_automated_T06	A_technical_conserve_candidate	conserve_source_technical_candidate	T07_T08	pending_T07_T08	blocked_not_validated	2026-08-09	Codex_automated_technical_audit
asset:toefl:set-19:part-12:repeat-5	set-19	12	S-001	Listen and Repeat	public/audio/toefl/set-19/repeat-5.mp3	e8a583c434a82484ae45103050a0fbfbf4f338670e808ea18ad00d99b512ff03	e8a583c434a82484ae45103050a0fbfbf4f338670e808ea18ad00d99b512ff03	46228	46228	5700	5700	mp3	44100	1	mono	64000	pass_encoder_only	pass	none	bfce4cb5db46f7799b2791ec48a65c4adfbcd586e1076bc1c2e2ed39c7a7f077	251370	-0.633	0	-63.34	-15.067	-15.86	1.2	-0.62	60	500	200	0	pass_no_edge_flag	pass_no_candidate	pass_chromium_audio_context_and_muted_playback	none	TECH-PEAK-003	pass_with_actionable_warning	A_technical_conserve_candidate	review_warning_in_T08_before_conserve	T08	pending_T07_T08	blocked_not_validated	2026-08-09	Codex_automated_technical_audit
asset:toefl:set-20:part-5:listen-choose-1	set-20	5	L-001	Listen and Choose a Response	public/audio/toefl/set-20/listen-choose-1.mp3	f978eb9776e8a8e25bd7a772ffd1166c01b065bd05b4bcb1f31af646797461ba	f978eb9776e8a8e25bd7a772ffd1166c01b065bd05b4bcb1f31af646797461ba	29510	29510	3620	3620	mp3	44100	1	mono	64000	pass_encoder_only	pass	none	66c7c43a2851b5a76c265777fa72710f0927aa221f9674c92bf7a0cc55087873	159642	-2.343	0	-66.375	-11.455	-14.8	1.2	-2.34	40	500	50	0	pass_no_edge_flag	pass_no_candidate	pass_chromium_audio_context_and_muted_playback	none	none	pass_automated_T06	A_technical_conserve_candidate	conserve_source_technical_candidate	T07_T08	pending_T07_T08	blocked_not_validated	2026-08-09	Codex_automated_technical_audit
asset:toefl:set-20:part-5:listen-choose-2	set-20	5	L-001	Listen and Choose a Response	public/audio/toefl/set-20/listen-choose-2.mp3	73bb6f456a389b9b2d3b81c3f91e2eac77f784cb851572b6bc2021a8c8551b7f	73bb6f456a389b9b2d3b81c3f91e2eac77f784cb851572b6bc2021a8c8551b7f	30764	30764	3780	3780	mp3	44100	1	mono	64000	pass_encoder_only	pass	none	2f4794cb22d1e452961345be6886f97c52c6f1865fb481500906cc6e110b98c2	166698	-1.205	0	-62.768	-16.046	-14.41	1.5	-1.18	90	650	40	0	pass_no_edge_flag	pass_no_candidate	pass_chromium_audio_context_and_muted_playback	TECH-SIL-002	none	fail_actionable	B_technical_repair_candidate	review_edges_create_versioned_trim_variant	T20_T21_T22	pending_T07_T08	blocked_not_validated	2026-08-09	Codex_automated_technical_audit
asset:toefl:set-20:part-5:listen-choose-3	set-20	5	L-001	Listen and Choose a Response	public/audio/toefl/set-20/listen-choose-3.mp3	46a9e19468fbc32fec03c92f11306380b7cc37251983cf3a1e8427ff24438aca	46a9e19468fbc32fec03c92f11306380b7cc37251983cf3a1e8427ff24438aca	23031	23031	2820	2820	mp3	44100	1	mono	64000	pass_encoder_only	pass	none	0181cc93766f07611a4dd4b493958828c20084765e3caa1d696c675fab1c2db5	124362	-2.502	0	-62.408	-16.223	-15.09	0	-2.5	40	530	10	0	pass_no_edge_flag	pass_no_candidate	pass_chromium_audio_context_and_muted_playback	none	none	pass_automated_T06	A_technical_conserve_candidate	conserve_source_technical_candidate	T07_T08	pending_T07_T08	blocked_not_validated	2026-08-09	Codex_automated_technical_audit
asset:toefl:set-20:part-5:listen-choose-4	set-20	5	L-001	Listen and Choose a Response	public/audio/toefl/set-20/listen-choose-4.mp3	c7bcc407f4aab0a779a3cfc23e1e6d709d50c520d8470c94f47763dbef50190f	c7bcc407f4aab0a779a3cfc23e1e6d709d50c520d8470c94f47763dbef50190f	35988	35988	4420	4420	mp3	44100	1	mono	64000	pass_encoder_only	pass	none	2d2bf6bc44a95144cc312c49deba0423ad5dff97c5882b18a3d01ab135b57b71	194922	-1.535	0	-62.539	-18.92	-13.95	0.7	-1.53	60	540	500	0	pass_no_edge_flag	pass_no_candidate	pass_chromium_audio_context_and_muted_playback	none	TECH-LDN-003	pass_with_actionable_warning	A_technical_conserve_candidate	review_warning_in_T08_before_conserve	T08	pending_T07_T08	blocked_not_validated	2026-08-09	Codex_automated_technical_audit
asset:toefl:set-20:part-5:listen-choose-5	set-20	5	L-001	Listen and Choose a Response	public/audio/toefl/set-20/listen-choose-5.mp3	f22d545dc2dc35afdbe27d9b580b82a5882a9183626cebe2cc9fd2ee700b101d	f22d545dc2dc35afdbe27d9b580b82a5882a9183626cebe2cc9fd2ee700b101d	28256	28256	3460	3460	mp3	44100	1	mono	64000	pass_encoder_only	pass	none	ec5fd9353b80a42aa6977444dc977550aeb96fd7a0b8e0b88520501de20a0474	152586	-1.552	0	-72.777	-13.103	-14.87	1.6	-1.55	0	500	100	0	pass_no_edge_flag	pass_no_candidate	pass_chromium_audio_context_and_muted_playback	none	none	pass_automated_T06	A_technical_conserve_candidate	conserve_source_technical_candidate	T07_T08	pending_T07_T08	blocked_not_validated	2026-08-09	Codex_automated_technical_audit
asset:toefl:set-20:part-6:conversation	set-20	6	L-002	Listen to a Conversation	public/audio/toefl/set-20/conversation.mp3	12f833695bba723d57afc5103e0719488cce8d05512e7e045fe3f5302884548f	12f833695bba723d57afc5103e0719488cce8d05512e7e045fe3f5302884548f	776194	776194	96960	96960	mp3	44100	1	mono	64000	pass_encoder_only	pass	none	8014d5577aa25ac90885e2dc8a6db435740c8536bb2c7aa5e1340437ea993b75	4275936	-0.982	0	-66.999	-10.251	-17.46	5.4	-0.96	40	500	640	0	pass_no_edge_flag	pass_no_candidate	pass_chromium_audio_context_and_muted_playback	none	TECH-PEAK-003	pass_with_actionable_warning	A_technical_conserve_candidate	review_warning_in_T08_before_conserve	T08	pending_T07_T08	blocked_not_validated	2026-08-09	Codex_automated_technical_audit
asset:toefl:set-20:part-7:announcement	set-20	7	L-003	Listen to an Announcement	public/audio/toefl/set-20/announcement.mp3	750722d825c983c1bc294ed72304d13c351f8e3335b6cfa0d05d1d663acd5d09	750722d825c983c1bc294ed72304d13c351f8e3335b6cfa0d05d1d663acd5d09	442244	442244	55220	55220	mp3	44100	1	mono	64000	pass_encoder_only	pass	none	b3181190953af498b083602a21ba82f75595b7cdc975c5f3e778c09a7d5016f9	2435202	-0.939	0	-67.55	-10.749	-15.38	2.2	-0.92	40	520	190	0	pass_no_edge_flag	pass_no_candidate	pass_chromium_audio_context_and_muted_playback	none	TECH-PEAK-003	pass_with_actionable_warning	A_technical_conserve_candidate	review_warning_in_T08_before_conserve	T08	pending_T07_T08	blocked_not_validated	2026-08-09	Codex_automated_technical_audit
asset:toefl:set-20:part-8:academic-talk	set-20	8	L-004	Listen to an Academic Talk	public/audio/toefl/set-20/academic-talk.mp3	2897c7692cda356990a5109f525c6fc4dd5acb7e7e2423bc921a4b1836843495	2897c7692cda356990a5109f525c6fc4dd5acb7e7e2423bc921a4b1836843495	1075244	1075244	134340	134340	mp3	44100	1	mono	64000	pass_encoder_only	pass	none	185be0a09e5ecdec2349ff939e2b3dedfeacb4f86059e87be6ce8f27e29a6d6f	5924394	-0.8	0	-66.834	-11.486	-18.5	2.6	-0.76	40	620	450	0	pass_no_edge_flag	pass_no_candidate	pass_chromium_audio_context_and_muted_playback	TECH-SIL-002	TECH-LDN-003;TECH-PEAK-003	fail_actionable	B_technical_repair_candidate	review_edges_create_versioned_trim_variant	T20_T21_T22	pending_T07_T08	blocked_not_validated	2026-08-09	Codex_automated_technical_audit
asset:toefl:set-20:part-12:repeat-1	set-20	12	S-001	Listen and Repeat	public/audio/toefl/set-20/repeat-1.mp3	31e3fe784e3de308e9720c7e99500940e836c81957794aed3499818f31a76fd3	31e3fe784e3de308e9720c7e99500940e836c81957794aed3499818f31a76fd3	19270	19270	2340	2340	mp3	44100	1	mono	64000	pass_encoder_only	pass	none	f171aecb3fc17c8fb3013efe7b20a502e699f529c9c1138bda8ca06f91fbaa24	103194	-2.607	0	-64.052	-20.25	-14.68	0	-2.59	100	500	20	0	pass_no_edge_flag	pass_no_candidate	pass_chromium_audio_context_and_muted_playback	none	none	pass_automated_T06	A_technical_conserve_candidate	conserve_source_technical_candidate	T07_T08	pending_T07_T08	blocked_not_validated	2026-08-09	Codex_automated_technical_audit
asset:toefl:set-20:part-12:repeat-2	set-20	12	S-001	Listen and Repeat	public/audio/toefl/set-20/repeat-2.mp3	d85813e38f49624ce31fee29b326fa3bc1bf9ee88b0eb142570e2be0f9b463e5	d85813e38f49624ce31fee29b326fa3bc1bf9ee88b0eb142570e2be0f9b463e5	24494	24494	2980	2980	mp3	44100	1	mono	64000	pass_encoder_only	pass	none	16978f2788fbd3f683b5d21104ee3ce54a56a9354f6387e14222264b572f27d7	131418	-0.394	0	-60.761	-14.953	-14.21	0	-0.32	80	530	140	0	pass_no_edge_flag	pass_no_candidate	pass_chromium_audio_context_and_muted_playback	none	TECH-PEAK-003	pass_with_actionable_warning	A_technical_conserve_candidate	review_warning_in_T08_before_conserve	T08	pending_T07_T08	blocked_not_validated	2026-08-09	Codex_automated_technical_audit
asset:toefl:set-20:part-12:repeat-3	set-20	12	S-001	Listen and Repeat	public/audio/toefl/set-20/repeat-3.mp3	c8028032fcd91d79e10e6bc4dbe15a3f64af331d63596182643e14d416a043e3	c8028032fcd91d79e10e6bc4dbe15a3f64af331d63596182643e14d416a043e3	35988	35988	4420	4420	mp3	44100	1	mono	64000	pass_encoder_only	pass	none	8f27a408052c0be463b18d6910f148ffc2074a79c58255b63864169fa49692c4	194922	-1.079	0	-63.891	-15.754	-14.05	2.2	-1.08	140	670	50	0	pass_no_edge_flag	pass_no_candidate	pass_chromium_audio_context_and_muted_playback	TECH-SIL-002	none	fail_actionable	B_technical_repair_candidate	review_edges_create_versioned_trim_variant	T20_T21_T22	pending_T07_T08	blocked_not_validated	2026-08-09	Codex_automated_technical_audit
asset:toefl:set-20:part-12:repeat-4	set-20	12	S-001	Listen and Repeat	public/audio/toefl/set-20/repeat-4.mp3	6ab92f24a356e62c960e70eda7f5e11f26f98b414dea4a0d22fac04b7fc48e6d	6ab92f24a356e62c960e70eda7f5e11f26f98b414dea4a0d22fac04b7fc48e6d	41004	41004	5060	5060	mp3	44100	1	mono	64000	pass_encoder_only	pass	none	e92d35e252d82c311848df62e013ac66841fd3a13b56c65b55629fb768f40827	223146	-1.677	0	-61.89	-18.373	-15.33	0.4	-1.67	90	550	190	0	pass_no_edge_flag	pass_no_candidate	pass_chromium_audio_context_and_muted_playback	none	none	pass_automated_T06	A_technical_conserve_candidate	conserve_source_technical_candidate	T07_T08	pending_T07_T08	blocked_not_validated	2026-08-09	Codex_automated_technical_audit
asset:toefl:set-20:part-12:repeat-5	set-20	12	S-001	Listen and Repeat	public/audio/toefl/set-20/repeat-5.mp3	a8f346ff65e5727cf7dc581a06a63b12ca5d2f76217a361fff484e3cd6015113	a8f346ff65e5727cf7dc581a06a63b12ca5d2f76217a361fff484e3cd6015113	48736	48736	6020	6020	mp3	44100	1	mono	64000	pass_encoder_only	pass	none	618c2aa4dc6a6b932f82a0ea7488682f1d4ef4c5721c678eea86758f8875f4fc	265482	-1.965	0	-60.272	-18.295	-13.64	0.5	-1.96	60	490	150	0	pass_no_edge_flag	pass_no_candidate	pass_chromium_audio_context_and_muted_playback	none	TECH-LDN-003	pass_with_actionable_warning	A_technical_conserve_candidate	review_warning_in_T08_before_conserve	T08	pending_T07_T08	blocked_not_validated	2026-08-09	Codex_automated_technical_audit
