# inventory_id	toefl-2026-editorial-inventory
# inventory_version	2026-08-09.v1
# official_registry	toefl-ibt-2026@2026-08-09.v2
# source_fingerprint	50b3b8d7dd04826cf625052e7910b844c305894d43b2eae5fda01f881d3d512d
# source_scope	src/data/mocks/toefl-set-{1..20}.ts
# default_content_version	legacy_unversioned
# default_authorship_status	not_recorded
# default_provenance_status	not_recorded
record_type	record_id	set_id	part	task_rule	source_type	parent_id	editorial_state	validation_status	reuse_status	renderer_status
set	set:set-1	set-1		R-001..S-002	MockExam		draft	audited_with_blockers	pending_T05	mixed
section	section:set-1:part-1	set-1	1	R-001	MockSection	set:set-1	draft	legacy_unverified	pending_T05	handled
question_object	object:t1-r-cw1	set-1	1	R-001	wordcomplete	section:set-1:part-1	draft	legacy_unverified	pending_T05	handled
stimulus	stimulus:t1-r-cw1:template	set-1	1	R-001	wordcomplete_template	object:t1-r-cw1	draft	legacy_unverified	pending_T05	handled
item_unit	item:t1-r-cw1:blank-1	set-1	1	R-001	wordcomplete_blank	object:t1-r-cw1	draft	legacy_unverified	pending_T05	handled
item_unit	item:t1-r-cw1:blank-2	set-1	1	R-001	wordcomplete_blank	object:t1-r-cw1	draft	legacy_unverified	pending_T05	handled
item_unit	item:t1-r-cw1:blank-3	set-1	1	R-001	wordcomplete_blank	object:t1-r-cw1	draft	legacy_unverified	pending_T05	handled
item_unit	item:t1-r-cw1:blank-4	set-1	1	R-001	wordcomplete_blank	object:t1-r-cw1	draft	legacy_unverified	pending_T05	handled
item_unit	item:t1-r-cw1:blank-5	set-1	1	R-001	wordcomplete_blank	object:t1-r-cw1	draft	legacy_unverified	pending_T05	handled
item_unit	item:t1-r-cw1:blank-6	set-1	1	R-001	wordcomplete_blank	object:t1-r-cw1	draft	legacy_unverified	pending_T05	handled
question_object	object:t1-r-cw2	set-1	1	R-001	wordcomplete	section:set-1:part-1	draft	legacy_unverified	pending_T05	handled
stimulus	stimulus:t1-r-cw2:template	set-1	1	R-001	wordcomplete_template	object:t1-r-cw2	draft	legacy_unverified	pending_T05	handled
item_unit	item:t1-r-cw2:blank-1	set-1	1	R-001	wordcomplete_blank	object:t1-r-cw2	draft	legacy_unverified	pending_T05	handled
item_unit	item:t1-r-cw2:blank-2	set-1	1	R-001	wordcomplete_blank	object:t1-r-cw2	draft	legacy_unverified	pending_T05	handled
item_unit	item:t1-r-cw2:blank-3	set-1	1	R-001	wordcomplete_blank	object:t1-r-cw2	draft	legacy_unverified	pending_T05	handled
item_unit	item:t1-r-cw2:blank-4	set-1	1	R-001	wordcomplete_blank	object:t1-r-cw2	draft	legacy_unverified	pending_T05	handled
item_unit	item:t1-r-cw2:blank-5	set-1	1	R-001	wordcomplete_blank	object:t1-r-cw2	draft	legacy_unverified	pending_T05	handled
item_unit	item:t1-r-cw2:blank-6	set-1	1	R-001	wordcomplete_blank	object:t1-r-cw2	draft	legacy_unverified	pending_T05	handled
section	section:set-1:part-2	set-1	2	R-002	MockSection	set:set-1	draft	legacy_unverified	pending_T05	handled
stimulus	stimulus:set-1:part-2:passage	set-1	2	R-002	section_passage	section:set-1:part-2	draft	legacy_unverified	pending_T05	handled
question_object	object:t1-r-dl1	set-1	2	R-002	mcq	section:set-1:part-2	draft	legacy_unverified	pending_T05	handled
item_unit	item:t1-r-dl1	set-1	2	R-002	mcq	object:t1-r-dl1	draft	legacy_unverified	pending_T05	handled
question_object	object:t1-r-dl2	set-1	2	R-002	mcq	section:set-1:part-2	draft	legacy_unverified	pending_T05	handled
item_unit	item:t1-r-dl2	set-1	2	R-002	mcq	object:t1-r-dl2	draft	legacy_unverified	pending_T05	handled
question_object	object:t1-r-dl3	set-1	2	R-002	mcq	section:set-1:part-2	draft	legacy_unverified	pending_T05	handled
item_unit	item:t1-r-dl3	set-1	2	R-002	mcq	object:t1-r-dl3	draft	legacy_unverified	pending_T05	handled
section	section:set-1:part-3	set-1	3	R-002	MockSection	set:set-1	draft	legacy_unverified	pending_T05	handled
stimulus	stimulus:set-1:part-3:passage	set-1	3	R-002	section_passage	section:set-1:part-3	draft	legacy_unverified	pending_T05	handled
question_object	object:t1-r-dl4	set-1	3	R-002	mcq	section:set-1:part-3	draft	legacy_unverified	pending_T05	handled
item_unit	item:t1-r-dl4	set-1	3	R-002	mcq	object:t1-r-dl4	draft	legacy_unverified	pending_T05	handled
question_object	object:t1-r-dl5	set-1	3	R-002	mcq	section:set-1:part-3	draft	legacy_unverified	pending_T05	handled
item_unit	item:t1-r-dl5	set-1	3	R-002	mcq	object:t1-r-dl5	draft	legacy_unverified	pending_T05	handled
section	section:set-1:part-4	set-1	4	R-003	MockSection	set:set-1	draft	legacy_unverified	pending_T05	mixed
stimulus	stimulus:set-1:part-4:passage	set-1	4	R-003	section_passage	section:set-1:part-4	draft	legacy_unverified	pending_T05	handled
question_object	object:t1-r-ap1	set-1	4	R-003	mcq	section:set-1:part-4	draft	legacy_unverified	pending_T05	handled
item_unit	item:t1-r-ap1	set-1	4	R-003	mcq	object:t1-r-ap1	draft	legacy_unverified	pending_T05	handled
question_object	object:t1-r-ap2	set-1	4	R-003	mcq	section:set-1:part-4	draft	legacy_unverified	pending_T05	handled
item_unit	item:t1-r-ap2	set-1	4	R-003	mcq	object:t1-r-ap2	draft	legacy_unverified	pending_T05	handled
question_object	object:t1-r-ap3	set-1	4	R-003	mcq	section:set-1:part-4	draft	legacy_unverified	pending_T05	handled
item_unit	item:t1-r-ap3	set-1	4	R-003	mcq	object:t1-r-ap3	draft	legacy_unverified	pending_T05	handled
question_object	object:t1-r-ap4	set-1	4	R-003	mcq	section:set-1:part-4	draft	legacy_unverified	pending_T05	handled
item_unit	item:t1-r-ap4	set-1	4	R-003	mcq	object:t1-r-ap4	draft	legacy_unverified	pending_T05	handled
question_object	object:t1-r-ap5	set-1	4	R-003	mcq	section:set-1:part-4	draft	legacy_unverified	pending_T05	handled
item_unit	item:t1-r-ap5	set-1	4	R-003	mcq	object:t1-r-ap5	draft	legacy_unverified	pending_T05	handled
question_object	object:t1-r-ap6	set-1	4	R-003	multiselect	section:set-1:part-4	draft	legacy_unverified	pending_T05	unhandled
item_unit	item:t1-r-ap6	set-1	4	R-003	multiselect	object:t1-r-ap6	draft	legacy_unverified	pending_T05	unhandled
section	section:set-1:part-5	set-1	5	L-001	MockSection	set:set-1	draft	legacy_unverified	pending_T05	handled
question_object	object:t1-l-cr1	set-1	5	L-001	mcq	section:set-1:part-5	draft	legacy_unverified	pending_T05	handled
stimulus	stimulus:t1-l-cr1:audio	set-1	5	L-001	question_audio_without_transcript	object:t1-l-cr1	draft	legacy_unverified	pending_T05	handled
item_unit	item:t1-l-cr1	set-1	5	L-001	mcq	object:t1-l-cr1	draft	legacy_unverified	pending_T05	handled
question_object	object:t1-l-cr2	set-1	5	L-001	mcq	section:set-1:part-5	draft	legacy_unverified	pending_T05	handled
stimulus	stimulus:t1-l-cr2:audio	set-1	5	L-001	question_audio_without_transcript	object:t1-l-cr2	draft	legacy_unverified	pending_T05	handled
item_unit	item:t1-l-cr2	set-1	5	L-001	mcq	object:t1-l-cr2	draft	legacy_unverified	pending_T05	handled
question_object	object:t1-l-cr3	set-1	5	L-001	mcq	section:set-1:part-5	draft	legacy_unverified	pending_T05	handled
stimulus	stimulus:t1-l-cr3:audio	set-1	5	L-001	question_audio_without_transcript	object:t1-l-cr3	draft	legacy_unverified	pending_T05	handled
item_unit	item:t1-l-cr3	set-1	5	L-001	mcq	object:t1-l-cr3	draft	legacy_unverified	pending_T05	handled
question_object	object:t1-l-cr4	set-1	5	L-001	mcq	section:set-1:part-5	draft	legacy_unverified	pending_T05	handled
stimulus	stimulus:t1-l-cr4:audio	set-1	5	L-001	question_audio_without_transcript	object:t1-l-cr4	draft	legacy_unverified	pending_T05	handled
item_unit	item:t1-l-cr4	set-1	5	L-001	mcq	object:t1-l-cr4	draft	legacy_unverified	pending_T05	handled
question_object	object:t1-l-cr5	set-1	5	L-001	mcq	section:set-1:part-5	draft	legacy_unverified	pending_T05	handled
stimulus	stimulus:t1-l-cr5:audio	set-1	5	L-001	question_audio_without_transcript	object:t1-l-cr5	draft	legacy_unverified	pending_T05	handled
item_unit	item:t1-l-cr5	set-1	5	L-001	mcq	object:t1-l-cr5	draft	legacy_unverified	pending_T05	handled
section	section:set-1:part-6	set-1	6	L-002	MockSection	set:set-1	draft	legacy_unverified	pending_T05	handled
stimulus	stimulus:set-1:part-6:audio	set-1	6	L-002	section_audio_with_transcript_candidate	section:set-1:part-6	draft	legacy_unverified	pending_T05	handled
question_object	object:t1-l-cv1	set-1	6	L-002	mcq	section:set-1:part-6	draft	legacy_unverified	pending_T05	handled
item_unit	item:t1-l-cv1	set-1	6	L-002	mcq	object:t1-l-cv1	draft	legacy_unverified	pending_T05	handled
question_object	object:t1-l-cv2	set-1	6	L-002	mcq	section:set-1:part-6	draft	legacy_unverified	pending_T05	handled
item_unit	item:t1-l-cv2	set-1	6	L-002	mcq	object:t1-l-cv2	draft	legacy_unverified	pending_T05	handled
question_object	object:t1-l-cv3	set-1	6	L-002	mcq	section:set-1:part-6	draft	legacy_unverified	pending_T05	handled
item_unit	item:t1-l-cv3	set-1	6	L-002	mcq	object:t1-l-cv3	draft	legacy_unverified	pending_T05	handled
question_object	object:t1-l-cv4	set-1	6	L-002	mcq	section:set-1:part-6	draft	legacy_unverified	pending_T05	handled
item_unit	item:t1-l-cv4	set-1	6	L-002	mcq	object:t1-l-cv4	draft	legacy_unverified	pending_T05	handled
section	section:set-1:part-7	set-1	7	L-003	MockSection	set:set-1	draft	legacy_unverified	pending_T05	handled
stimulus	stimulus:set-1:part-7:audio	set-1	7	L-003	section_audio_with_transcript_candidate	section:set-1:part-7	draft	legacy_unverified	pending_T05	handled
question_object	object:t1-l-an1	set-1	7	L-003	mcq	section:set-1:part-7	draft	legacy_unverified	pending_T05	handled
item_unit	item:t1-l-an1	set-1	7	L-003	mcq	object:t1-l-an1	draft	legacy_unverified	pending_T05	handled
question_object	object:t1-l-an2	set-1	7	L-003	mcq	section:set-1:part-7	draft	legacy_unverified	pending_T05	handled
item_unit	item:t1-l-an2	set-1	7	L-003	mcq	object:t1-l-an2	draft	legacy_unverified	pending_T05	handled
question_object	object:t1-l-an3	set-1	7	L-003	mcq	section:set-1:part-7	draft	legacy_unverified	pending_T05	handled
item_unit	item:t1-l-an3	set-1	7	L-003	mcq	object:t1-l-an3	draft	legacy_unverified	pending_T05	handled
section	section:set-1:part-8	set-1	8	L-004	MockSection	set:set-1	draft	legacy_unverified	pending_T05	handled
stimulus	stimulus:set-1:part-8:audio	set-1	8	L-004	section_audio_with_transcript_candidate	section:set-1:part-8	draft	legacy_unverified	pending_T05	handled
question_object	object:t1-l-at1	set-1	8	L-004	mcq	section:set-1:part-8	draft	legacy_unverified	pending_T05	handled
item_unit	item:t1-l-at1	set-1	8	L-004	mcq	object:t1-l-at1	draft	legacy_unverified	pending_T05	handled
question_object	object:t1-l-at2	set-1	8	L-004	mcq	section:set-1:part-8	draft	legacy_unverified	pending_T05	handled
item_unit	item:t1-l-at2	set-1	8	L-004	mcq	object:t1-l-at2	draft	legacy_unverified	pending_T05	handled
question_object	object:t1-l-at3	set-1	8	L-004	mcq	section:set-1:part-8	draft	legacy_unverified	pending_T05	handled
item_unit	item:t1-l-at3	set-1	8	L-004	mcq	object:t1-l-at3	draft	legacy_unverified	pending_T05	handled
question_object	object:t1-l-at4	set-1	8	L-004	mcq	section:set-1:part-8	draft	legacy_unverified	pending_T05	handled
item_unit	item:t1-l-at4	set-1	8	L-004	mcq	object:t1-l-at4	draft	legacy_unverified	pending_T05	handled
question_object	object:t1-l-at5	set-1	8	L-004	mcq	section:set-1:part-8	draft	legacy_unverified	pending_T05	handled
item_unit	item:t1-l-at5	set-1	8	L-004	mcq	object:t1-l-at5	draft	legacy_unverified	pending_T05	handled
section	section:set-1:part-9	set-1	9	W-001+W-004	MockSection	set:set-1	draft	legacy_unverified	pending_T05	handled
question_object	object:t1-w-bs1	set-1	9	W-001+W-004	sentencebuild	section:set-1:part-9	draft	legacy_unverified	pending_T05	handled
item_unit	item:t1-w-bs1	set-1	9	W-001+W-004	sentencebuild	object:t1-w-bs1	draft	legacy_unverified	pending_T05	handled
question_object	object:t1-w-bs2	set-1	9	W-001+W-004	sentencebuild	section:set-1:part-9	draft	legacy_unverified	pending_T05	handled
item_unit	item:t1-w-bs2	set-1	9	W-001+W-004	sentencebuild	object:t1-w-bs2	draft	legacy_unverified	pending_T05	handled
question_object	object:t1-w-bs3	set-1	9	W-001+W-004	sentencebuild	section:set-1:part-9	draft	legacy_unverified	pending_T05	handled
item_unit	item:t1-w-bs3	set-1	9	W-001+W-004	sentencebuild	object:t1-w-bs3	draft	legacy_unverified	pending_T05	handled
question_object	object:t1-w-bs4	set-1	9	W-001+W-004	sentencebuild	section:set-1:part-9	draft	legacy_unverified	pending_T05	handled
item_unit	item:t1-w-bs4	set-1	9	W-001+W-004	sentencebuild	object:t1-w-bs4	draft	legacy_unverified	pending_T05	handled
question_object	object:t1-w-bs5	set-1	9	W-001+W-004	sentencebuild	section:set-1:part-9	draft	legacy_unverified	pending_T05	handled
item_unit	item:t1-w-bs5	set-1	9	W-001+W-004	sentencebuild	object:t1-w-bs5	draft	legacy_unverified	pending_T05	handled
question_object	object:t1-w-bs6	set-1	9	W-001+W-004	sentencebuild	section:set-1:part-9	draft	legacy_unverified	pending_T05	handled
item_unit	item:t1-w-bs6	set-1	9	W-001+W-004	sentencebuild	object:t1-w-bs6	draft	legacy_unverified	pending_T05	handled
section	section:set-1:part-10	set-1	10	W-002	MockSection	set:set-1	draft	legacy_unverified	pending_T05	handled
question_object	object:t1-w-email	set-1	10	W-002	write	section:set-1:part-10	draft	legacy_unverified	pending_T05	handled
stimulus	stimulus:t1-w-email:writing	set-1	10	W-002	writing_stimulus	object:t1-w-email	draft	legacy_unverified	pending_T05	handled
item_unit	item:t1-w-email	set-1	10	W-002	write	object:t1-w-email	draft	legacy_unverified	pending_T05	handled
section	section:set-1:part-11	set-1	11	W-003	MockSection	set:set-1	draft	legacy_unverified	pending_T05	handled
question_object	object:t1-w-disc	set-1	11	W-003	write	section:set-1:part-11	draft	legacy_unverified	pending_T05	handled
stimulus	stimulus:t1-w-disc:writing	set-1	11	W-003	writing_stimulus	object:t1-w-disc	draft	legacy_unverified	pending_T05	handled
item_unit	item:t1-w-disc	set-1	11	W-003	write	object:t1-w-disc	draft	legacy_unverified	pending_T05	handled
section	section:set-1:part-12	set-1	12	S-001	MockSection	set:set-1	draft	legacy_unverified	pending_T05	handled
question_object	object:t1-s-rp1	set-1	12	S-001	repeat	section:set-1:part-12	draft	legacy_unverified	pending_T05	handled
stimulus	stimulus:t1-s-rp1:audio	set-1	12	S-001	repeat_audio_with_script_candidate	object:t1-s-rp1	draft	legacy_unverified	pending_T05	handled
item_unit	item:t1-s-rp1	set-1	12	S-001	repeat	object:t1-s-rp1	draft	legacy_unverified	pending_T05	handled
question_object	object:t1-s-rp2	set-1	12	S-001	repeat	section:set-1:part-12	draft	legacy_unverified	pending_T05	handled
stimulus	stimulus:t1-s-rp2:audio	set-1	12	S-001	repeat_audio_with_script_candidate	object:t1-s-rp2	draft	legacy_unverified	pending_T05	handled
item_unit	item:t1-s-rp2	set-1	12	S-001	repeat	object:t1-s-rp2	draft	legacy_unverified	pending_T05	handled
question_object	object:t1-s-rp3	set-1	12	S-001	repeat	section:set-1:part-12	draft	legacy_unverified	pending_T05	handled
stimulus	stimulus:t1-s-rp3:audio	set-1	12	S-001	repeat_audio_with_script_candidate	object:t1-s-rp3	draft	legacy_unverified	pending_T05	handled
item_unit	item:t1-s-rp3	set-1	12	S-001	repeat	object:t1-s-rp3	draft	legacy_unverified	pending_T05	handled
question_object	object:t1-s-rp4	set-1	12	S-001	repeat	section:set-1:part-12	draft	legacy_unverified	pending_T05	handled
stimulus	stimulus:t1-s-rp4:audio	set-1	12	S-001	repeat_audio_with_script_candidate	object:t1-s-rp4	draft	legacy_unverified	pending_T05	handled
item_unit	item:t1-s-rp4	set-1	12	S-001	repeat	object:t1-s-rp4	draft	legacy_unverified	pending_T05	handled
question_object	object:t1-s-rp5	set-1	12	S-001	repeat	section:set-1:part-12	draft	legacy_unverified	pending_T05	handled
stimulus	stimulus:t1-s-rp5:audio	set-1	12	S-001	repeat_audio_with_script_candidate	object:t1-s-rp5	draft	legacy_unverified	pending_T05	handled
item_unit	item:t1-s-rp5	set-1	12	S-001	repeat	object:t1-s-rp5	draft	legacy_unverified	pending_T05	handled
section	section:set-1:part-13	set-1	13	S-002	MockSection	set:set-1	draft	legacy_unverified	pending_T05	handled
question_object	object:t1-s-iv1	set-1	13	S-002	speak	section:set-1:part-13	draft	legacy_unverified	pending_T05	handled
stimulus	stimulus:t1-s-iv1:interview	set-1	13	S-002	interview_text_prompt	object:t1-s-iv1	draft	legacy_unverified	pending_T05	handled
item_unit	item:t1-s-iv1	set-1	13	S-002	speak	object:t1-s-iv1	draft	legacy_unverified	pending_T05	handled
question_object	object:t1-s-iv2	set-1	13	S-002	speak	section:set-1:part-13	draft	legacy_unverified	pending_T05	handled
stimulus	stimulus:t1-s-iv2:interview	set-1	13	S-002	interview_text_prompt	object:t1-s-iv2	draft	legacy_unverified	pending_T05	handled
item_unit	item:t1-s-iv2	set-1	13	S-002	speak	object:t1-s-iv2	draft	legacy_unverified	pending_T05	handled
question_object	object:t1-s-iv3	set-1	13	S-002	speak	section:set-1:part-13	draft	legacy_unverified	pending_T05	handled
stimulus	stimulus:t1-s-iv3:interview	set-1	13	S-002	interview_text_prompt	object:t1-s-iv3	draft	legacy_unverified	pending_T05	handled
item_unit	item:t1-s-iv3	set-1	13	S-002	speak	object:t1-s-iv3	draft	legacy_unverified	pending_T05	handled
question_object	object:t1-s-iv4	set-1	13	S-002	speak	section:set-1:part-13	draft	legacy_unverified	pending_T05	handled
stimulus	stimulus:t1-s-iv4:interview	set-1	13	S-002	interview_text_prompt	object:t1-s-iv4	draft	legacy_unverified	pending_T05	handled
item_unit	item:t1-s-iv4	set-1	13	S-002	speak	object:t1-s-iv4	draft	legacy_unverified	pending_T05	handled
set	set:set-2	set-2		R-001..S-002	MockExam		draft	audited_with_blockers	pending_T05	mixed
section	section:set-2:part-1	set-2	1	R-001	MockSection	set:set-2	draft	legacy_unverified	pending_T05	handled
question_object	object:t2-r-cw1	set-2	1	R-001	wordcomplete	section:set-2:part-1	draft	legacy_unverified	pending_T05	handled
stimulus	stimulus:t2-r-cw1:template	set-2	1	R-001	wordcomplete_template	object:t2-r-cw1	draft	legacy_unverified	pending_T05	handled
item_unit	item:t2-r-cw1:blank-1	set-2	1	R-001	wordcomplete_blank	object:t2-r-cw1	draft	legacy_unverified	pending_T05	handled
item_unit	item:t2-r-cw1:blank-2	set-2	1	R-001	wordcomplete_blank	object:t2-r-cw1	draft	legacy_unverified	pending_T05	handled
item_unit	item:t2-r-cw1:blank-3	set-2	1	R-001	wordcomplete_blank	object:t2-r-cw1	draft	legacy_unverified	pending_T05	handled
item_unit	item:t2-r-cw1:blank-4	set-2	1	R-001	wordcomplete_blank	object:t2-r-cw1	draft	legacy_unverified	pending_T05	handled
item_unit	item:t2-r-cw1:blank-5	set-2	1	R-001	wordcomplete_blank	object:t2-r-cw1	draft	legacy_unverified	pending_T05	handled
item_unit	item:t2-r-cw1:blank-6	set-2	1	R-001	wordcomplete_blank	object:t2-r-cw1	draft	legacy_unverified	pending_T05	handled
question_object	object:t2-r-cw2	set-2	1	R-001	wordcomplete	section:set-2:part-1	draft	legacy_unverified	pending_T05	handled
stimulus	stimulus:t2-r-cw2:template	set-2	1	R-001	wordcomplete_template	object:t2-r-cw2	draft	legacy_unverified	pending_T05	handled
item_unit	item:t2-r-cw2:blank-1	set-2	1	R-001	wordcomplete_blank	object:t2-r-cw2	draft	legacy_unverified	pending_T05	handled
item_unit	item:t2-r-cw2:blank-2	set-2	1	R-001	wordcomplete_blank	object:t2-r-cw2	draft	legacy_unverified	pending_T05	handled
item_unit	item:t2-r-cw2:blank-3	set-2	1	R-001	wordcomplete_blank	object:t2-r-cw2	draft	legacy_unverified	pending_T05	handled
item_unit	item:t2-r-cw2:blank-4	set-2	1	R-001	wordcomplete_blank	object:t2-r-cw2	draft	legacy_unverified	pending_T05	handled
item_unit	item:t2-r-cw2:blank-5	set-2	1	R-001	wordcomplete_blank	object:t2-r-cw2	draft	legacy_unverified	pending_T05	handled
item_unit	item:t2-r-cw2:blank-6	set-2	1	R-001	wordcomplete_blank	object:t2-r-cw2	draft	legacy_unverified	pending_T05	handled
section	section:set-2:part-2	set-2	2	R-002	MockSection	set:set-2	draft	legacy_unverified	pending_T05	handled
stimulus	stimulus:set-2:part-2:passage	set-2	2	R-002	section_passage	section:set-2:part-2	draft	legacy_unverified	pending_T05	handled
question_object	object:t2-r-dl1	set-2	2	R-002	mcq	section:set-2:part-2	draft	legacy_unverified	pending_T05	handled
item_unit	item:t2-r-dl1	set-2	2	R-002	mcq	object:t2-r-dl1	draft	legacy_unverified	pending_T05	handled
question_object	object:t2-r-dl2	set-2	2	R-002	mcq	section:set-2:part-2	draft	legacy_unverified	pending_T05	handled
item_unit	item:t2-r-dl2	set-2	2	R-002	mcq	object:t2-r-dl2	draft	legacy_unverified	pending_T05	handled
question_object	object:t2-r-dl3	set-2	2	R-002	mcq	section:set-2:part-2	draft	legacy_unverified	pending_T05	handled
item_unit	item:t2-r-dl3	set-2	2	R-002	mcq	object:t2-r-dl3	draft	legacy_unverified	pending_T05	handled
section	section:set-2:part-3	set-2	3	R-002	MockSection	set:set-2	draft	legacy_unverified	pending_T05	handled
stimulus	stimulus:set-2:part-3:passage	set-2	3	R-002	section_passage	section:set-2:part-3	draft	legacy_unverified	pending_T05	handled
question_object	object:t2-r-dl4	set-2	3	R-002	mcq	section:set-2:part-3	draft	legacy_unverified	pending_T05	handled
item_unit	item:t2-r-dl4	set-2	3	R-002	mcq	object:t2-r-dl4	draft	legacy_unverified	pending_T05	handled
question_object	object:t2-r-dl5	set-2	3	R-002	mcq	section:set-2:part-3	draft	legacy_unverified	pending_T05	handled
item_unit	item:t2-r-dl5	set-2	3	R-002	mcq	object:t2-r-dl5	draft	legacy_unverified	pending_T05	handled
section	section:set-2:part-4	set-2	4	R-003	MockSection	set:set-2	draft	legacy_unverified	pending_T05	mixed
stimulus	stimulus:set-2:part-4:passage	set-2	4	R-003	section_passage	section:set-2:part-4	draft	legacy_unverified	pending_T05	handled
question_object	object:t2-r-ap1	set-2	4	R-003	mcq	section:set-2:part-4	draft	legacy_unverified	pending_T05	handled
item_unit	item:t2-r-ap1	set-2	4	R-003	mcq	object:t2-r-ap1	draft	legacy_unverified	pending_T05	handled
question_object	object:t2-r-ap2	set-2	4	R-003	mcq	section:set-2:part-4	draft	legacy_unverified	pending_T05	handled
item_unit	item:t2-r-ap2	set-2	4	R-003	mcq	object:t2-r-ap2	draft	legacy_unverified	pending_T05	handled
question_object	object:t2-r-ap3	set-2	4	R-003	mcq	section:set-2:part-4	draft	legacy_unverified	pending_T05	handled
item_unit	item:t2-r-ap3	set-2	4	R-003	mcq	object:t2-r-ap3	draft	legacy_unverified	pending_T05	handled
question_object	object:t2-r-ap4	set-2	4	R-003	mcq	section:set-2:part-4	draft	legacy_unverified	pending_T05	handled
item_unit	item:t2-r-ap4	set-2	4	R-003	mcq	object:t2-r-ap4	draft	legacy_unverified	pending_T05	handled
question_object	object:t2-r-ap5	set-2	4	R-003	mcq	section:set-2:part-4	draft	legacy_unverified	pending_T05	handled
item_unit	item:t2-r-ap5	set-2	4	R-003	mcq	object:t2-r-ap5	draft	legacy_unverified	pending_T05	handled
question_object	object:t2-r-ap6	set-2	4	R-003	multiselect	section:set-2:part-4	draft	legacy_unverified	pending_T05	unhandled
item_unit	item:t2-r-ap6	set-2	4	R-003	multiselect	object:t2-r-ap6	draft	legacy_unverified	pending_T05	unhandled
section	section:set-2:part-5	set-2	5	L-001	MockSection	set:set-2	draft	legacy_unverified	pending_T05	handled
question_object	object:t2-l-cr1	set-2	5	L-001	mcq	section:set-2:part-5	draft	legacy_unverified	pending_T05	handled
stimulus	stimulus:t2-l-cr1:audio	set-2	5	L-001	question_audio_without_transcript	object:t2-l-cr1	draft	legacy_unverified	pending_T05	handled
item_unit	item:t2-l-cr1	set-2	5	L-001	mcq	object:t2-l-cr1	draft	legacy_unverified	pending_T05	handled
question_object	object:t2-l-cr2	set-2	5	L-001	mcq	section:set-2:part-5	draft	legacy_unverified	pending_T05	handled
stimulus	stimulus:t2-l-cr2:audio	set-2	5	L-001	question_audio_without_transcript	object:t2-l-cr2	draft	legacy_unverified	pending_T05	handled
item_unit	item:t2-l-cr2	set-2	5	L-001	mcq	object:t2-l-cr2	draft	legacy_unverified	pending_T05	handled
question_object	object:t2-l-cr3	set-2	5	L-001	mcq	section:set-2:part-5	draft	legacy_unverified	pending_T05	handled
stimulus	stimulus:t2-l-cr3:audio	set-2	5	L-001	question_audio_without_transcript	object:t2-l-cr3	draft	legacy_unverified	pending_T05	handled
item_unit	item:t2-l-cr3	set-2	5	L-001	mcq	object:t2-l-cr3	draft	legacy_unverified	pending_T05	handled
question_object	object:t2-l-cr4	set-2	5	L-001	mcq	section:set-2:part-5	draft	legacy_unverified	pending_T05	handled
stimulus	stimulus:t2-l-cr4:audio	set-2	5	L-001	question_audio_without_transcript	object:t2-l-cr4	draft	legacy_unverified	pending_T05	handled
item_unit	item:t2-l-cr4	set-2	5	L-001	mcq	object:t2-l-cr4	draft	legacy_unverified	pending_T05	handled
question_object	object:t2-l-cr5	set-2	5	L-001	mcq	section:set-2:part-5	draft	legacy_unverified	pending_T05	handled
stimulus	stimulus:t2-l-cr5:audio	set-2	5	L-001	question_audio_without_transcript	object:t2-l-cr5	draft	legacy_unverified	pending_T05	handled
item_unit	item:t2-l-cr5	set-2	5	L-001	mcq	object:t2-l-cr5	draft	legacy_unverified	pending_T05	handled
section	section:set-2:part-6	set-2	6	L-002	MockSection	set:set-2	draft	legacy_unverified	pending_T05	handled
stimulus	stimulus:set-2:part-6:audio	set-2	6	L-002	section_audio_with_transcript_candidate	section:set-2:part-6	draft	legacy_unverified	pending_T05	handled
question_object	object:t2-l-cv1	set-2	6	L-002	mcq	section:set-2:part-6	draft	legacy_unverified	pending_T05	handled
item_unit	item:t2-l-cv1	set-2	6	L-002	mcq	object:t2-l-cv1	draft	legacy_unverified	pending_T05	handled
question_object	object:t2-l-cv2	set-2	6	L-002	mcq	section:set-2:part-6	draft	legacy_unverified	pending_T05	handled
item_unit	item:t2-l-cv2	set-2	6	L-002	mcq	object:t2-l-cv2	draft	legacy_unverified	pending_T05	handled
question_object	object:t2-l-cv3	set-2	6	L-002	mcq	section:set-2:part-6	draft	legacy_unverified	pending_T05	handled
item_unit	item:t2-l-cv3	set-2	6	L-002	mcq	object:t2-l-cv3	draft	legacy_unverified	pending_T05	handled
question_object	object:t2-l-cv4	set-2	6	L-002	mcq	section:set-2:part-6	draft	legacy_unverified	pending_T05	handled
item_unit	item:t2-l-cv4	set-2	6	L-002	mcq	object:t2-l-cv4	draft	legacy_unverified	pending_T05	handled
section	section:set-2:part-7	set-2	7	L-003	MockSection	set:set-2	draft	legacy_unverified	pending_T05	handled
stimulus	stimulus:set-2:part-7:audio	set-2	7	L-003	section_audio_with_transcript_candidate	section:set-2:part-7	draft	legacy_unverified	pending_T05	handled
question_object	object:t2-l-an1	set-2	7	L-003	mcq	section:set-2:part-7	draft	legacy_unverified	pending_T05	handled
item_unit	item:t2-l-an1	set-2	7	L-003	mcq	object:t2-l-an1	draft	legacy_unverified	pending_T05	handled
question_object	object:t2-l-an2	set-2	7	L-003	mcq	section:set-2:part-7	draft	legacy_unverified	pending_T05	handled
item_unit	item:t2-l-an2	set-2	7	L-003	mcq	object:t2-l-an2	draft	legacy_unverified	pending_T05	handled
question_object	object:t2-l-an3	set-2	7	L-003	mcq	section:set-2:part-7	draft	legacy_unverified	pending_T05	handled
item_unit	item:t2-l-an3	set-2	7	L-003	mcq	object:t2-l-an3	draft	legacy_unverified	pending_T05	handled
section	section:set-2:part-8	set-2	8	L-004	MockSection	set:set-2	draft	legacy_unverified	pending_T05	handled
stimulus	stimulus:set-2:part-8:audio	set-2	8	L-004	section_audio_with_transcript_candidate	section:set-2:part-8	draft	legacy_unverified	pending_T05	handled
question_object	object:t2-l-at1	set-2	8	L-004	mcq	section:set-2:part-8	draft	legacy_unverified	pending_T05	handled
item_unit	item:t2-l-at1	set-2	8	L-004	mcq	object:t2-l-at1	draft	legacy_unverified	pending_T05	handled
question_object	object:t2-l-at2	set-2	8	L-004	mcq	section:set-2:part-8	draft	legacy_unverified	pending_T05	handled
item_unit	item:t2-l-at2	set-2	8	L-004	mcq	object:t2-l-at2	draft	legacy_unverified	pending_T05	handled
question_object	object:t2-l-at3	set-2	8	L-004	mcq	section:set-2:part-8	draft	legacy_unverified	pending_T05	handled
item_unit	item:t2-l-at3	set-2	8	L-004	mcq	object:t2-l-at3	draft	legacy_unverified	pending_T05	handled
question_object	object:t2-l-at4	set-2	8	L-004	mcq	section:set-2:part-8	draft	legacy_unverified	pending_T05	handled
item_unit	item:t2-l-at4	set-2	8	L-004	mcq	object:t2-l-at4	draft	legacy_unverified	pending_T05	handled
question_object	object:t2-l-at5	set-2	8	L-004	mcq	section:set-2:part-8	draft	legacy_unverified	pending_T05	handled
item_unit	item:t2-l-at5	set-2	8	L-004	mcq	object:t2-l-at5	draft	legacy_unverified	pending_T05	handled
section	section:set-2:part-9	set-2	9	W-001+W-004	MockSection	set:set-2	draft	legacy_unverified	pending_T05	handled
question_object	object:t2-w-bs1	set-2	9	W-001+W-004	sentencebuild	section:set-2:part-9	draft	legacy_unverified	pending_T05	handled
item_unit	item:t2-w-bs1	set-2	9	W-001+W-004	sentencebuild	object:t2-w-bs1	draft	legacy_unverified	pending_T05	handled
question_object	object:t2-w-bs2	set-2	9	W-001+W-004	sentencebuild	section:set-2:part-9	draft	legacy_unverified	pending_T05	handled
item_unit	item:t2-w-bs2	set-2	9	W-001+W-004	sentencebuild	object:t2-w-bs2	draft	legacy_unverified	pending_T05	handled
question_object	object:t2-w-bs3	set-2	9	W-001+W-004	sentencebuild	section:set-2:part-9	draft	legacy_unverified	pending_T05	handled
item_unit	item:t2-w-bs3	set-2	9	W-001+W-004	sentencebuild	object:t2-w-bs3	draft	legacy_unverified	pending_T05	handled
question_object	object:t2-w-bs4	set-2	9	W-001+W-004	sentencebuild	section:set-2:part-9	draft	legacy_unverified	pending_T05	handled
item_unit	item:t2-w-bs4	set-2	9	W-001+W-004	sentencebuild	object:t2-w-bs4	draft	legacy_unverified	pending_T05	handled
question_object	object:t2-w-bs5	set-2	9	W-001+W-004	sentencebuild	section:set-2:part-9	draft	legacy_unverified	pending_T05	handled
item_unit	item:t2-w-bs5	set-2	9	W-001+W-004	sentencebuild	object:t2-w-bs5	draft	legacy_unverified	pending_T05	handled
question_object	object:t2-w-bs6	set-2	9	W-001+W-004	sentencebuild	section:set-2:part-9	draft	legacy_unverified	pending_T05	handled
item_unit	item:t2-w-bs6	set-2	9	W-001+W-004	sentencebuild	object:t2-w-bs6	draft	legacy_unverified	pending_T05	handled
section	section:set-2:part-10	set-2	10	W-002	MockSection	set:set-2	draft	legacy_unverified	pending_T05	handled
question_object	object:t2-w-email	set-2	10	W-002	write	section:set-2:part-10	draft	legacy_unverified	pending_T05	handled
stimulus	stimulus:t2-w-email:writing	set-2	10	W-002	writing_stimulus	object:t2-w-email	draft	legacy_unverified	pending_T05	handled
item_unit	item:t2-w-email	set-2	10	W-002	write	object:t2-w-email	draft	legacy_unverified	pending_T05	handled
section	section:set-2:part-11	set-2	11	W-003	MockSection	set:set-2	draft	legacy_unverified	pending_T05	handled
question_object	object:t2-w-disc	set-2	11	W-003	write	section:set-2:part-11	draft	legacy_unverified	pending_T05	handled
stimulus	stimulus:t2-w-disc:writing	set-2	11	W-003	writing_stimulus	object:t2-w-disc	draft	legacy_unverified	pending_T05	handled
item_unit	item:t2-w-disc	set-2	11	W-003	write	object:t2-w-disc	draft	legacy_unverified	pending_T05	handled
section	section:set-2:part-12	set-2	12	S-001	MockSection	set:set-2	draft	legacy_unverified	pending_T05	handled
question_object	object:t2-s-rp1	set-2	12	S-001	repeat	section:set-2:part-12	draft	legacy_unverified	pending_T05	handled
stimulus	stimulus:t2-s-rp1:audio	set-2	12	S-001	repeat_audio_with_script_candidate	object:t2-s-rp1	draft	legacy_unverified	pending_T05	handled
item_unit	item:t2-s-rp1	set-2	12	S-001	repeat	object:t2-s-rp1	draft	legacy_unverified	pending_T05	handled
question_object	object:t2-s-rp2	set-2	12	S-001	repeat	section:set-2:part-12	draft	legacy_unverified	pending_T05	handled
stimulus	stimulus:t2-s-rp2:audio	set-2	12	S-001	repeat_audio_with_script_candidate	object:t2-s-rp2	draft	legacy_unverified	pending_T05	handled
item_unit	item:t2-s-rp2	set-2	12	S-001	repeat	object:t2-s-rp2	draft	legacy_unverified	pending_T05	handled
question_object	object:t2-s-rp3	set-2	12	S-001	repeat	section:set-2:part-12	draft	legacy_unverified	pending_T05	handled
stimulus	stimulus:t2-s-rp3:audio	set-2	12	S-001	repeat_audio_with_script_candidate	object:t2-s-rp3	draft	legacy_unverified	pending_T05	handled
item_unit	item:t2-s-rp3	set-2	12	S-001	repeat	object:t2-s-rp3	draft	legacy_unverified	pending_T05	handled
question_object	object:t2-s-rp4	set-2	12	S-001	repeat	section:set-2:part-12	draft	legacy_unverified	pending_T05	handled
stimulus	stimulus:t2-s-rp4:audio	set-2	12	S-001	repeat_audio_with_script_candidate	object:t2-s-rp4	draft	legacy_unverified	pending_T05	handled
item_unit	item:t2-s-rp4	set-2	12	S-001	repeat	object:t2-s-rp4	draft	legacy_unverified	pending_T05	handled
question_object	object:t2-s-rp5	set-2	12	S-001	repeat	section:set-2:part-12	draft	legacy_unverified	pending_T05	handled
stimulus	stimulus:t2-s-rp5:audio	set-2	12	S-001	repeat_audio_with_script_candidate	object:t2-s-rp5	draft	legacy_unverified	pending_T05	handled
item_unit	item:t2-s-rp5	set-2	12	S-001	repeat	object:t2-s-rp5	draft	legacy_unverified	pending_T05	handled
section	section:set-2:part-13	set-2	13	S-002	MockSection	set:set-2	draft	legacy_unverified	pending_T05	handled
question_object	object:t2-s-iv1	set-2	13	S-002	speak	section:set-2:part-13	draft	legacy_unverified	pending_T05	handled
stimulus	stimulus:t2-s-iv1:interview	set-2	13	S-002	interview_text_prompt	object:t2-s-iv1	draft	legacy_unverified	pending_T05	handled
item_unit	item:t2-s-iv1	set-2	13	S-002	speak	object:t2-s-iv1	draft	legacy_unverified	pending_T05	handled
question_object	object:t2-s-iv2	set-2	13	S-002	speak	section:set-2:part-13	draft	legacy_unverified	pending_T05	handled
stimulus	stimulus:t2-s-iv2:interview	set-2	13	S-002	interview_text_prompt	object:t2-s-iv2	draft	legacy_unverified	pending_T05	handled
item_unit	item:t2-s-iv2	set-2	13	S-002	speak	object:t2-s-iv2	draft	legacy_unverified	pending_T05	handled
question_object	object:t2-s-iv3	set-2	13	S-002	speak	section:set-2:part-13	draft	legacy_unverified	pending_T05	handled
stimulus	stimulus:t2-s-iv3:interview	set-2	13	S-002	interview_text_prompt	object:t2-s-iv3	draft	legacy_unverified	pending_T05	handled
item_unit	item:t2-s-iv3	set-2	13	S-002	speak	object:t2-s-iv3	draft	legacy_unverified	pending_T05	handled
question_object	object:t2-s-iv4	set-2	13	S-002	speak	section:set-2:part-13	draft	legacy_unverified	pending_T05	handled
stimulus	stimulus:t2-s-iv4:interview	set-2	13	S-002	interview_text_prompt	object:t2-s-iv4	draft	legacy_unverified	pending_T05	handled
item_unit	item:t2-s-iv4	set-2	13	S-002	speak	object:t2-s-iv4	draft	legacy_unverified	pending_T05	handled
set	set:set-3	set-3		R-001..S-002	MockExam		draft	audited_with_blockers	pending_T05	mixed
section	section:set-3:part-1	set-3	1	R-001	MockSection	set:set-3	draft	legacy_unverified	pending_T05	handled
question_object	object:t3-r-cw1	set-3	1	R-001	wordcomplete	section:set-3:part-1	draft	legacy_unverified	pending_T05	handled
stimulus	stimulus:t3-r-cw1:template	set-3	1	R-001	wordcomplete_template	object:t3-r-cw1	draft	legacy_unverified	pending_T05	handled
item_unit	item:t3-r-cw1:blank-1	set-3	1	R-001	wordcomplete_blank	object:t3-r-cw1	draft	legacy_unverified	pending_T05	handled
item_unit	item:t3-r-cw1:blank-2	set-3	1	R-001	wordcomplete_blank	object:t3-r-cw1	draft	legacy_unverified	pending_T05	handled
item_unit	item:t3-r-cw1:blank-3	set-3	1	R-001	wordcomplete_blank	object:t3-r-cw1	draft	legacy_unverified	pending_T05	handled
item_unit	item:t3-r-cw1:blank-4	set-3	1	R-001	wordcomplete_blank	object:t3-r-cw1	draft	legacy_unverified	pending_T05	handled
item_unit	item:t3-r-cw1:blank-5	set-3	1	R-001	wordcomplete_blank	object:t3-r-cw1	draft	legacy_unverified	pending_T05	handled
item_unit	item:t3-r-cw1:blank-6	set-3	1	R-001	wordcomplete_blank	object:t3-r-cw1	draft	legacy_unverified	pending_T05	handled
question_object	object:t3-r-cw2	set-3	1	R-001	wordcomplete	section:set-3:part-1	draft	legacy_unverified	pending_T05	handled
stimulus	stimulus:t3-r-cw2:template	set-3	1	R-001	wordcomplete_template	object:t3-r-cw2	draft	legacy_unverified	pending_T05	handled
item_unit	item:t3-r-cw2:blank-1	set-3	1	R-001	wordcomplete_blank	object:t3-r-cw2	draft	legacy_unverified	pending_T05	handled
item_unit	item:t3-r-cw2:blank-2	set-3	1	R-001	wordcomplete_blank	object:t3-r-cw2	draft	legacy_unverified	pending_T05	handled
item_unit	item:t3-r-cw2:blank-3	set-3	1	R-001	wordcomplete_blank	object:t3-r-cw2	draft	legacy_unverified	pending_T05	handled
item_unit	item:t3-r-cw2:blank-4	set-3	1	R-001	wordcomplete_blank	object:t3-r-cw2	draft	legacy_unverified	pending_T05	handled
item_unit	item:t3-r-cw2:blank-5	set-3	1	R-001	wordcomplete_blank	object:t3-r-cw2	draft	legacy_unverified	pending_T05	handled
item_unit	item:t3-r-cw2:blank-6	set-3	1	R-001	wordcomplete_blank	object:t3-r-cw2	draft	legacy_unverified	pending_T05	handled
section	section:set-3:part-2	set-3	2	R-002	MockSection	set:set-3	draft	legacy_unverified	pending_T05	handled
stimulus	stimulus:set-3:part-2:passage	set-3	2	R-002	section_passage	section:set-3:part-2	draft	legacy_unverified	pending_T05	handled
question_object	object:t3-r-dl1	set-3	2	R-002	mcq	section:set-3:part-2	draft	legacy_unverified	pending_T05	handled
item_unit	item:t3-r-dl1	set-3	2	R-002	mcq	object:t3-r-dl1	draft	legacy_unverified	pending_T05	handled
question_object	object:t3-r-dl2	set-3	2	R-002	mcq	section:set-3:part-2	draft	legacy_unverified	pending_T05	handled
item_unit	item:t3-r-dl2	set-3	2	R-002	mcq	object:t3-r-dl2	draft	legacy_unverified	pending_T05	handled
question_object	object:t3-r-dl3	set-3	2	R-002	mcq	section:set-3:part-2	draft	legacy_unverified	pending_T05	handled
item_unit	item:t3-r-dl3	set-3	2	R-002	mcq	object:t3-r-dl3	draft	legacy_unverified	pending_T05	handled
section	section:set-3:part-3	set-3	3	R-002	MockSection	set:set-3	draft	legacy_unverified	pending_T05	handled
stimulus	stimulus:set-3:part-3:passage	set-3	3	R-002	section_passage	section:set-3:part-3	draft	legacy_unverified	pending_T05	handled
question_object	object:t3-r-dl4	set-3	3	R-002	mcq	section:set-3:part-3	draft	legacy_unverified	pending_T05	handled
item_unit	item:t3-r-dl4	set-3	3	R-002	mcq	object:t3-r-dl4	draft	legacy_unverified	pending_T05	handled
question_object	object:t3-r-dl5	set-3	3	R-002	mcq	section:set-3:part-3	draft	legacy_unverified	pending_T05	handled
item_unit	item:t3-r-dl5	set-3	3	R-002	mcq	object:t3-r-dl5	draft	legacy_unverified	pending_T05	handled
section	section:set-3:part-4	set-3	4	R-003	MockSection	set:set-3	draft	legacy_unverified	pending_T05	mixed
stimulus	stimulus:set-3:part-4:passage	set-3	4	R-003	section_passage	section:set-3:part-4	draft	legacy_unverified	pending_T05	handled
question_object	object:t3-r-ap1	set-3	4	R-003	mcq	section:set-3:part-4	draft	legacy_unverified	pending_T05	handled
item_unit	item:t3-r-ap1	set-3	4	R-003	mcq	object:t3-r-ap1	draft	legacy_unverified	pending_T05	handled
question_object	object:t3-r-ap2	set-3	4	R-003	mcq	section:set-3:part-4	draft	legacy_unverified	pending_T05	handled
item_unit	item:t3-r-ap2	set-3	4	R-003	mcq	object:t3-r-ap2	draft	legacy_unverified	pending_T05	handled
question_object	object:t3-r-ap3	set-3	4	R-003	mcq	section:set-3:part-4	draft	legacy_unverified	pending_T05	handled
item_unit	item:t3-r-ap3	set-3	4	R-003	mcq	object:t3-r-ap3	draft	legacy_unverified	pending_T05	handled
question_object	object:t3-r-ap4	set-3	4	R-003	mcq	section:set-3:part-4	draft	legacy_unverified	pending_T05	handled
item_unit	item:t3-r-ap4	set-3	4	R-003	mcq	object:t3-r-ap4	draft	legacy_unverified	pending_T05	handled
question_object	object:t3-r-ap5	set-3	4	R-003	mcq	section:set-3:part-4	draft	legacy_unverified	pending_T05	handled
item_unit	item:t3-r-ap5	set-3	4	R-003	mcq	object:t3-r-ap5	draft	legacy_unverified	pending_T05	handled
question_object	object:t3-r-ap6	set-3	4	R-003	multiselect	section:set-3:part-4	draft	legacy_unverified	pending_T05	unhandled
item_unit	item:t3-r-ap6	set-3	4	R-003	multiselect	object:t3-r-ap6	draft	legacy_unverified	pending_T05	unhandled
section	section:set-3:part-5	set-3	5	L-001	MockSection	set:set-3	draft	legacy_unverified	pending_T05	handled
question_object	object:t3-l-cr1	set-3	5	L-001	mcq	section:set-3:part-5	draft	legacy_unverified	pending_T05	handled
stimulus	stimulus:t3-l-cr1:audio	set-3	5	L-001	question_audio_without_transcript	object:t3-l-cr1	draft	legacy_unverified	pending_T05	handled
item_unit	item:t3-l-cr1	set-3	5	L-001	mcq	object:t3-l-cr1	draft	legacy_unverified	pending_T05	handled
question_object	object:t3-l-cr2	set-3	5	L-001	mcq	section:set-3:part-5	draft	legacy_unverified	pending_T05	handled
stimulus	stimulus:t3-l-cr2:audio	set-3	5	L-001	question_audio_without_transcript	object:t3-l-cr2	draft	legacy_unverified	pending_T05	handled
item_unit	item:t3-l-cr2	set-3	5	L-001	mcq	object:t3-l-cr2	draft	legacy_unverified	pending_T05	handled
question_object	object:t3-l-cr3	set-3	5	L-001	mcq	section:set-3:part-5	draft	legacy_unverified	pending_T05	handled
stimulus	stimulus:t3-l-cr3:audio	set-3	5	L-001	question_audio_without_transcript	object:t3-l-cr3	draft	legacy_unverified	pending_T05	handled
item_unit	item:t3-l-cr3	set-3	5	L-001	mcq	object:t3-l-cr3	draft	legacy_unverified	pending_T05	handled
question_object	object:t3-l-cr4	set-3	5	L-001	mcq	section:set-3:part-5	draft	legacy_unverified	pending_T05	handled
stimulus	stimulus:t3-l-cr4:audio	set-3	5	L-001	question_audio_without_transcript	object:t3-l-cr4	draft	legacy_unverified	pending_T05	handled
item_unit	item:t3-l-cr4	set-3	5	L-001	mcq	object:t3-l-cr4	draft	legacy_unverified	pending_T05	handled
question_object	object:t3-l-cr5	set-3	5	L-001	mcq	section:set-3:part-5	draft	legacy_unverified	pending_T05	handled
stimulus	stimulus:t3-l-cr5:audio	set-3	5	L-001	question_audio_without_transcript	object:t3-l-cr5	draft	legacy_unverified	pending_T05	handled
item_unit	item:t3-l-cr5	set-3	5	L-001	mcq	object:t3-l-cr5	draft	legacy_unverified	pending_T05	handled
section	section:set-3:part-6	set-3	6	L-002	MockSection	set:set-3	draft	legacy_unverified	pending_T05	handled
stimulus	stimulus:set-3:part-6:audio	set-3	6	L-002	section_audio_with_transcript_candidate	section:set-3:part-6	draft	legacy_unverified	pending_T05	handled
question_object	object:t3-l-cv1	set-3	6	L-002	mcq	section:set-3:part-6	draft	legacy_unverified	pending_T05	handled
item_unit	item:t3-l-cv1	set-3	6	L-002	mcq	object:t3-l-cv1	draft	legacy_unverified	pending_T05	handled
question_object	object:t3-l-cv2	set-3	6	L-002	mcq	section:set-3:part-6	draft	legacy_unverified	pending_T05	handled
item_unit	item:t3-l-cv2	set-3	6	L-002	mcq	object:t3-l-cv2	draft	legacy_unverified	pending_T05	handled
question_object	object:t3-l-cv3	set-3	6	L-002	mcq	section:set-3:part-6	draft	legacy_unverified	pending_T05	handled
item_unit	item:t3-l-cv3	set-3	6	L-002	mcq	object:t3-l-cv3	draft	legacy_unverified	pending_T05	handled
question_object	object:t3-l-cv4	set-3	6	L-002	mcq	section:set-3:part-6	draft	legacy_unverified	pending_T05	handled
item_unit	item:t3-l-cv4	set-3	6	L-002	mcq	object:t3-l-cv4	draft	legacy_unverified	pending_T05	handled
section	section:set-3:part-7	set-3	7	L-003	MockSection	set:set-3	draft	legacy_unverified	pending_T05	handled
stimulus	stimulus:set-3:part-7:audio	set-3	7	L-003	section_audio_with_transcript_candidate	section:set-3:part-7	draft	legacy_unverified	pending_T05	handled
question_object	object:t3-l-an1	set-3	7	L-003	mcq	section:set-3:part-7	draft	legacy_unverified	pending_T05	handled
item_unit	item:t3-l-an1	set-3	7	L-003	mcq	object:t3-l-an1	draft	legacy_unverified	pending_T05	handled
question_object	object:t3-l-an2	set-3	7	L-003	mcq	section:set-3:part-7	draft	legacy_unverified	pending_T05	handled
item_unit	item:t3-l-an2	set-3	7	L-003	mcq	object:t3-l-an2	draft	legacy_unverified	pending_T05	handled
question_object	object:t3-l-an3	set-3	7	L-003	mcq	section:set-3:part-7	draft	legacy_unverified	pending_T05	handled
item_unit	item:t3-l-an3	set-3	7	L-003	mcq	object:t3-l-an3	draft	legacy_unverified	pending_T05	handled
section	section:set-3:part-8	set-3	8	L-004	MockSection	set:set-3	draft	legacy_unverified	pending_T05	handled
stimulus	stimulus:set-3:part-8:audio	set-3	8	L-004	section_audio_with_transcript_candidate	section:set-3:part-8	draft	legacy_unverified	pending_T05	handled
question_object	object:t3-l-at1	set-3	8	L-004	mcq	section:set-3:part-8	draft	legacy_unverified	pending_T05	handled
item_unit	item:t3-l-at1	set-3	8	L-004	mcq	object:t3-l-at1	draft	legacy_unverified	pending_T05	handled
question_object	object:t3-l-at2	set-3	8	L-004	mcq	section:set-3:part-8	draft	legacy_unverified	pending_T05	handled
item_unit	item:t3-l-at2	set-3	8	L-004	mcq	object:t3-l-at2	draft	legacy_unverified	pending_T05	handled
question_object	object:t3-l-at3	set-3	8	L-004	mcq	section:set-3:part-8	draft	legacy_unverified	pending_T05	handled
item_unit	item:t3-l-at3	set-3	8	L-004	mcq	object:t3-l-at3	draft	legacy_unverified	pending_T05	handled
question_object	object:t3-l-at4	set-3	8	L-004	mcq	section:set-3:part-8	draft	legacy_unverified	pending_T05	handled
item_unit	item:t3-l-at4	set-3	8	L-004	mcq	object:t3-l-at4	draft	legacy_unverified	pending_T05	handled
question_object	object:t3-l-at5	set-3	8	L-004	mcq	section:set-3:part-8	draft	legacy_unverified	pending_T05	handled
item_unit	item:t3-l-at5	set-3	8	L-004	mcq	object:t3-l-at5	draft	legacy_unverified	pending_T05	handled
section	section:set-3:part-9	set-3	9	W-001+W-004	MockSection	set:set-3	draft	legacy_unverified	pending_T05	handled
question_object	object:t3-w-bs1	set-3	9	W-001+W-004	sentencebuild	section:set-3:part-9	draft	legacy_unverified	pending_T05	handled
item_unit	item:t3-w-bs1	set-3	9	W-001+W-004	sentencebuild	object:t3-w-bs1	draft	legacy_unverified	pending_T05	handled
question_object	object:t3-w-bs2	set-3	9	W-001+W-004	sentencebuild	section:set-3:part-9	draft	legacy_unverified	pending_T05	handled
item_unit	item:t3-w-bs2	set-3	9	W-001+W-004	sentencebuild	object:t3-w-bs2	draft	legacy_unverified	pending_T05	handled
question_object	object:t3-w-bs3	set-3	9	W-001+W-004	sentencebuild	section:set-3:part-9	draft	legacy_unverified	pending_T05	handled
item_unit	item:t3-w-bs3	set-3	9	W-001+W-004	sentencebuild	object:t3-w-bs3	draft	legacy_unverified	pending_T05	handled
question_object	object:t3-w-bs4	set-3	9	W-001+W-004	sentencebuild	section:set-3:part-9	draft	legacy_unverified	pending_T05	handled
item_unit	item:t3-w-bs4	set-3	9	W-001+W-004	sentencebuild	object:t3-w-bs4	draft	legacy_unverified	pending_T05	handled
question_object	object:t3-w-bs5	set-3	9	W-001+W-004	sentencebuild	section:set-3:part-9	draft	legacy_unverified	pending_T05	handled
item_unit	item:t3-w-bs5	set-3	9	W-001+W-004	sentencebuild	object:t3-w-bs5	draft	legacy_unverified	pending_T05	handled
question_object	object:t3-w-bs6	set-3	9	W-001+W-004	sentencebuild	section:set-3:part-9	draft	legacy_unverified	pending_T05	handled
item_unit	item:t3-w-bs6	set-3	9	W-001+W-004	sentencebuild	object:t3-w-bs6	draft	legacy_unverified	pending_T05	handled
section	section:set-3:part-10	set-3	10	W-002	MockSection	set:set-3	draft	legacy_unverified	pending_T05	handled
question_object	object:t3-w-email	set-3	10	W-002	write	section:set-3:part-10	draft	legacy_unverified	pending_T05	handled
stimulus	stimulus:t3-w-email:writing	set-3	10	W-002	writing_stimulus	object:t3-w-email	draft	legacy_unverified	pending_T05	handled
item_unit	item:t3-w-email	set-3	10	W-002	write	object:t3-w-email	draft	legacy_unverified	pending_T05	handled
section	section:set-3:part-11	set-3	11	W-003	MockSection	set:set-3	draft	legacy_unverified	pending_T05	handled
question_object	object:t3-w-disc	set-3	11	W-003	write	section:set-3:part-11	draft	legacy_unverified	pending_T05	handled
stimulus	stimulus:t3-w-disc:writing	set-3	11	W-003	writing_stimulus	object:t3-w-disc	draft	legacy_unverified	pending_T05	handled
item_unit	item:t3-w-disc	set-3	11	W-003	write	object:t3-w-disc	draft	legacy_unverified	pending_T05	handled
section	section:set-3:part-12	set-3	12	S-001	MockSection	set:set-3	draft	legacy_unverified	pending_T05	handled
question_object	object:t3-s-rp1	set-3	12	S-001	repeat	section:set-3:part-12	draft	legacy_unverified	pending_T05	handled
stimulus	stimulus:t3-s-rp1:audio	set-3	12	S-001	repeat_audio_with_script_candidate	object:t3-s-rp1	draft	legacy_unverified	pending_T05	handled
item_unit	item:t3-s-rp1	set-3	12	S-001	repeat	object:t3-s-rp1	draft	legacy_unverified	pending_T05	handled
question_object	object:t3-s-rp2	set-3	12	S-001	repeat	section:set-3:part-12	draft	legacy_unverified	pending_T05	handled
stimulus	stimulus:t3-s-rp2:audio	set-3	12	S-001	repeat_audio_with_script_candidate	object:t3-s-rp2	draft	legacy_unverified	pending_T05	handled
item_unit	item:t3-s-rp2	set-3	12	S-001	repeat	object:t3-s-rp2	draft	legacy_unverified	pending_T05	handled
question_object	object:t3-s-rp3	set-3	12	S-001	repeat	section:set-3:part-12	draft	legacy_unverified	pending_T05	handled
stimulus	stimulus:t3-s-rp3:audio	set-3	12	S-001	repeat_audio_with_script_candidate	object:t3-s-rp3	draft	legacy_unverified	pending_T05	handled
item_unit	item:t3-s-rp3	set-3	12	S-001	repeat	object:t3-s-rp3	draft	legacy_unverified	pending_T05	handled
question_object	object:t3-s-rp4	set-3	12	S-001	repeat	section:set-3:part-12	draft	legacy_unverified	pending_T05	handled
stimulus	stimulus:t3-s-rp4:audio	set-3	12	S-001	repeat_audio_with_script_candidate	object:t3-s-rp4	draft	legacy_unverified	pending_T05	handled
item_unit	item:t3-s-rp4	set-3	12	S-001	repeat	object:t3-s-rp4	draft	legacy_unverified	pending_T05	handled
question_object	object:t3-s-rp5	set-3	12	S-001	repeat	section:set-3:part-12	draft	legacy_unverified	pending_T05	handled
stimulus	stimulus:t3-s-rp5:audio	set-3	12	S-001	repeat_audio_with_script_candidate	object:t3-s-rp5	draft	legacy_unverified	pending_T05	handled
item_unit	item:t3-s-rp5	set-3	12	S-001	repeat	object:t3-s-rp5	draft	legacy_unverified	pending_T05	handled
section	section:set-3:part-13	set-3	13	S-002	MockSection	set:set-3	draft	legacy_unverified	pending_T05	handled
question_object	object:t3-s-iv1	set-3	13	S-002	speak	section:set-3:part-13	draft	legacy_unverified	pending_T05	handled
stimulus	stimulus:t3-s-iv1:interview	set-3	13	S-002	interview_text_prompt	object:t3-s-iv1	draft	legacy_unverified	pending_T05	handled
item_unit	item:t3-s-iv1	set-3	13	S-002	speak	object:t3-s-iv1	draft	legacy_unverified	pending_T05	handled
question_object	object:t3-s-iv2	set-3	13	S-002	speak	section:set-3:part-13	draft	legacy_unverified	pending_T05	handled
stimulus	stimulus:t3-s-iv2:interview	set-3	13	S-002	interview_text_prompt	object:t3-s-iv2	draft	legacy_unverified	pending_T05	handled
item_unit	item:t3-s-iv2	set-3	13	S-002	speak	object:t3-s-iv2	draft	legacy_unverified	pending_T05	handled
question_object	object:t3-s-iv3	set-3	13	S-002	speak	section:set-3:part-13	draft	legacy_unverified	pending_T05	handled
stimulus	stimulus:t3-s-iv3:interview	set-3	13	S-002	interview_text_prompt	object:t3-s-iv3	draft	legacy_unverified	pending_T05	handled
item_unit	item:t3-s-iv3	set-3	13	S-002	speak	object:t3-s-iv3	draft	legacy_unverified	pending_T05	handled
question_object	object:t3-s-iv4	set-3	13	S-002	speak	section:set-3:part-13	draft	legacy_unverified	pending_T05	handled
stimulus	stimulus:t3-s-iv4:interview	set-3	13	S-002	interview_text_prompt	object:t3-s-iv4	draft	legacy_unverified	pending_T05	handled
item_unit	item:t3-s-iv4	set-3	13	S-002	speak	object:t3-s-iv4	draft	legacy_unverified	pending_T05	handled
set	set:set-4	set-4		R-001..S-002	MockExam		draft	audited_with_blockers	pending_T05	mixed
section	section:set-4:part-1	set-4	1	R-001	MockSection	set:set-4	draft	legacy_unverified	pending_T05	handled
question_object	object:t4-r-cw1	set-4	1	R-001	wordcomplete	section:set-4:part-1	draft	legacy_unverified	pending_T05	handled
stimulus	stimulus:t4-r-cw1:template	set-4	1	R-001	wordcomplete_template	object:t4-r-cw1	draft	legacy_unverified	pending_T05	handled
item_unit	item:t4-r-cw1:blank-1	set-4	1	R-001	wordcomplete_blank	object:t4-r-cw1	draft	legacy_unverified	pending_T05	handled
item_unit	item:t4-r-cw1:blank-2	set-4	1	R-001	wordcomplete_blank	object:t4-r-cw1	draft	legacy_unverified	pending_T05	handled
item_unit	item:t4-r-cw1:blank-3	set-4	1	R-001	wordcomplete_blank	object:t4-r-cw1	draft	legacy_unverified	pending_T05	handled
item_unit	item:t4-r-cw1:blank-4	set-4	1	R-001	wordcomplete_blank	object:t4-r-cw1	draft	legacy_unverified	pending_T05	handled
item_unit	item:t4-r-cw1:blank-5	set-4	1	R-001	wordcomplete_blank	object:t4-r-cw1	draft	legacy_unverified	pending_T05	handled
item_unit	item:t4-r-cw1:blank-6	set-4	1	R-001	wordcomplete_blank	object:t4-r-cw1	draft	legacy_unverified	pending_T05	handled
question_object	object:t4-r-cw2	set-4	1	R-001	wordcomplete	section:set-4:part-1	draft	legacy_unverified	pending_T05	handled
stimulus	stimulus:t4-r-cw2:template	set-4	1	R-001	wordcomplete_template	object:t4-r-cw2	draft	legacy_unverified	pending_T05	handled
item_unit	item:t4-r-cw2:blank-1	set-4	1	R-001	wordcomplete_blank	object:t4-r-cw2	draft	legacy_unverified	pending_T05	handled
item_unit	item:t4-r-cw2:blank-2	set-4	1	R-001	wordcomplete_blank	object:t4-r-cw2	draft	legacy_unverified	pending_T05	handled
item_unit	item:t4-r-cw2:blank-3	set-4	1	R-001	wordcomplete_blank	object:t4-r-cw2	draft	legacy_unverified	pending_T05	handled
item_unit	item:t4-r-cw2:blank-4	set-4	1	R-001	wordcomplete_blank	object:t4-r-cw2	draft	legacy_unverified	pending_T05	handled
item_unit	item:t4-r-cw2:blank-5	set-4	1	R-001	wordcomplete_blank	object:t4-r-cw2	draft	legacy_unverified	pending_T05	handled
item_unit	item:t4-r-cw2:blank-6	set-4	1	R-001	wordcomplete_blank	object:t4-r-cw2	draft	legacy_unverified	pending_T05	handled
section	section:set-4:part-2	set-4	2	R-002	MockSection	set:set-4	draft	legacy_unverified	pending_T05	handled
stimulus	stimulus:set-4:part-2:passage	set-4	2	R-002	section_passage	section:set-4:part-2	draft	legacy_unverified	pending_T05	handled
question_object	object:t4-r-dl1	set-4	2	R-002	mcq	section:set-4:part-2	draft	legacy_unverified	pending_T05	handled
item_unit	item:t4-r-dl1	set-4	2	R-002	mcq	object:t4-r-dl1	draft	legacy_unverified	pending_T05	handled
question_object	object:t4-r-dl2	set-4	2	R-002	mcq	section:set-4:part-2	draft	legacy_unverified	pending_T05	handled
item_unit	item:t4-r-dl2	set-4	2	R-002	mcq	object:t4-r-dl2	draft	legacy_unverified	pending_T05	handled
question_object	object:t4-r-dl3	set-4	2	R-002	mcq	section:set-4:part-2	draft	legacy_unverified	pending_T05	handled
item_unit	item:t4-r-dl3	set-4	2	R-002	mcq	object:t4-r-dl3	draft	legacy_unverified	pending_T05	handled
section	section:set-4:part-3	set-4	3	R-002	MockSection	set:set-4	draft	legacy_unverified	pending_T05	handled
stimulus	stimulus:set-4:part-3:passage	set-4	3	R-002	section_passage	section:set-4:part-3	draft	legacy_unverified	pending_T05	handled
question_object	object:t4-r-dl4	set-4	3	R-002	mcq	section:set-4:part-3	draft	legacy_unverified	pending_T05	handled
item_unit	item:t4-r-dl4	set-4	3	R-002	mcq	object:t4-r-dl4	draft	legacy_unverified	pending_T05	handled
question_object	object:t4-r-dl5	set-4	3	R-002	mcq	section:set-4:part-3	draft	legacy_unverified	pending_T05	handled
item_unit	item:t4-r-dl5	set-4	3	R-002	mcq	object:t4-r-dl5	draft	legacy_unverified	pending_T05	handled
section	section:set-4:part-4	set-4	4	R-003	MockSection	set:set-4	draft	legacy_unverified	pending_T05	mixed
stimulus	stimulus:set-4:part-4:passage	set-4	4	R-003	section_passage	section:set-4:part-4	draft	legacy_unverified	pending_T05	handled
question_object	object:t4-r-ap1	set-4	4	R-003	mcq	section:set-4:part-4	draft	legacy_unverified	pending_T05	handled
item_unit	item:t4-r-ap1	set-4	4	R-003	mcq	object:t4-r-ap1	draft	legacy_unverified	pending_T05	handled
question_object	object:t4-r-ap2	set-4	4	R-003	mcq	section:set-4:part-4	draft	legacy_unverified	pending_T05	handled
item_unit	item:t4-r-ap2	set-4	4	R-003	mcq	object:t4-r-ap2	draft	legacy_unverified	pending_T05	handled
question_object	object:t4-r-ap3	set-4	4	R-003	mcq	section:set-4:part-4	draft	legacy_unverified	pending_T05	handled
item_unit	item:t4-r-ap3	set-4	4	R-003	mcq	object:t4-r-ap3	draft	legacy_unverified	pending_T05	handled
question_object	object:t4-r-ap4	set-4	4	R-003	mcq	section:set-4:part-4	draft	legacy_unverified	pending_T05	handled
item_unit	item:t4-r-ap4	set-4	4	R-003	mcq	object:t4-r-ap4	draft	legacy_unverified	pending_T05	handled
question_object	object:t4-r-ap5	set-4	4	R-003	mcq	section:set-4:part-4	draft	legacy_unverified	pending_T05	handled
item_unit	item:t4-r-ap5	set-4	4	R-003	mcq	object:t4-r-ap5	draft	legacy_unverified	pending_T05	handled
question_object	object:t4-r-ap6	set-4	4	R-003	multiselect	section:set-4:part-4	draft	legacy_unverified	pending_T05	unhandled
item_unit	item:t4-r-ap6	set-4	4	R-003	multiselect	object:t4-r-ap6	draft	legacy_unverified	pending_T05	unhandled
section	section:set-4:part-5	set-4	5	L-001	MockSection	set:set-4	draft	legacy_unverified	pending_T05	handled
question_object	object:t4-l-cr1	set-4	5	L-001	mcq	section:set-4:part-5	draft	legacy_unverified	pending_T05	handled
stimulus	stimulus:t4-l-cr1:audio	set-4	5	L-001	question_audio_without_transcript	object:t4-l-cr1	draft	legacy_unverified	pending_T05	handled
item_unit	item:t4-l-cr1	set-4	5	L-001	mcq	object:t4-l-cr1	draft	legacy_unverified	pending_T05	handled
question_object	object:t4-l-cr2	set-4	5	L-001	mcq	section:set-4:part-5	draft	legacy_unverified	pending_T05	handled
stimulus	stimulus:t4-l-cr2:audio	set-4	5	L-001	question_audio_without_transcript	object:t4-l-cr2	draft	legacy_unverified	pending_T05	handled
item_unit	item:t4-l-cr2	set-4	5	L-001	mcq	object:t4-l-cr2	draft	legacy_unverified	pending_T05	handled
question_object	object:t4-l-cr3	set-4	5	L-001	mcq	section:set-4:part-5	draft	legacy_unverified	pending_T05	handled
stimulus	stimulus:t4-l-cr3:audio	set-4	5	L-001	question_audio_without_transcript	object:t4-l-cr3	draft	legacy_unverified	pending_T05	handled
item_unit	item:t4-l-cr3	set-4	5	L-001	mcq	object:t4-l-cr3	draft	legacy_unverified	pending_T05	handled
question_object	object:t4-l-cr4	set-4	5	L-001	mcq	section:set-4:part-5	draft	legacy_unverified	pending_T05	handled
stimulus	stimulus:t4-l-cr4:audio	set-4	5	L-001	question_audio_without_transcript	object:t4-l-cr4	draft	legacy_unverified	pending_T05	handled
item_unit	item:t4-l-cr4	set-4	5	L-001	mcq	object:t4-l-cr4	draft	legacy_unverified	pending_T05	handled
question_object	object:t4-l-cr5	set-4	5	L-001	mcq	section:set-4:part-5	draft	legacy_unverified	pending_T05	handled
stimulus	stimulus:t4-l-cr5:audio	set-4	5	L-001	question_audio_without_transcript	object:t4-l-cr5	draft	legacy_unverified	pending_T05	handled
item_unit	item:t4-l-cr5	set-4	5	L-001	mcq	object:t4-l-cr5	draft	legacy_unverified	pending_T05	handled
section	section:set-4:part-6	set-4	6	L-002	MockSection	set:set-4	draft	legacy_unverified	pending_T05	handled
stimulus	stimulus:set-4:part-6:audio	set-4	6	L-002	section_audio_with_transcript_candidate	section:set-4:part-6	draft	legacy_unverified	pending_T05	handled
question_object	object:t4-l-cv1	set-4	6	L-002	mcq	section:set-4:part-6	draft	legacy_unverified	pending_T05	handled
item_unit	item:t4-l-cv1	set-4	6	L-002	mcq	object:t4-l-cv1	draft	legacy_unverified	pending_T05	handled
question_object	object:t4-l-cv2	set-4	6	L-002	mcq	section:set-4:part-6	draft	legacy_unverified	pending_T05	handled
item_unit	item:t4-l-cv2	set-4	6	L-002	mcq	object:t4-l-cv2	draft	legacy_unverified	pending_T05	handled
question_object	object:t4-l-cv3	set-4	6	L-002	mcq	section:set-4:part-6	draft	legacy_unverified	pending_T05	handled
item_unit	item:t4-l-cv3	set-4	6	L-002	mcq	object:t4-l-cv3	draft	legacy_unverified	pending_T05	handled
question_object	object:t4-l-cv4	set-4	6	L-002	mcq	section:set-4:part-6	draft	legacy_unverified	pending_T05	handled
item_unit	item:t4-l-cv4	set-4	6	L-002	mcq	object:t4-l-cv4	draft	legacy_unverified	pending_T05	handled
section	section:set-4:part-7	set-4	7	L-003	MockSection	set:set-4	draft	legacy_unverified	pending_T05	handled
stimulus	stimulus:set-4:part-7:audio	set-4	7	L-003	section_audio_with_transcript_candidate	section:set-4:part-7	draft	legacy_unverified	pending_T05	handled
question_object	object:t4-l-an1	set-4	7	L-003	mcq	section:set-4:part-7	draft	legacy_unverified	pending_T05	handled
item_unit	item:t4-l-an1	set-4	7	L-003	mcq	object:t4-l-an1	draft	legacy_unverified	pending_T05	handled
question_object	object:t4-l-an2	set-4	7	L-003	mcq	section:set-4:part-7	draft	legacy_unverified	pending_T05	handled
item_unit	item:t4-l-an2	set-4	7	L-003	mcq	object:t4-l-an2	draft	legacy_unverified	pending_T05	handled
question_object	object:t4-l-an3	set-4	7	L-003	mcq	section:set-4:part-7	draft	legacy_unverified	pending_T05	handled
item_unit	item:t4-l-an3	set-4	7	L-003	mcq	object:t4-l-an3	draft	legacy_unverified	pending_T05	handled
section	section:set-4:part-8	set-4	8	L-004	MockSection	set:set-4	draft	legacy_unverified	pending_T05	handled
stimulus	stimulus:set-4:part-8:audio	set-4	8	L-004	section_audio_with_transcript_candidate	section:set-4:part-8	draft	legacy_unverified	pending_T05	handled
question_object	object:t4-l-at1	set-4	8	L-004	mcq	section:set-4:part-8	draft	legacy_unverified	pending_T05	handled
item_unit	item:t4-l-at1	set-4	8	L-004	mcq	object:t4-l-at1	draft	legacy_unverified	pending_T05	handled
question_object	object:t4-l-at2	set-4	8	L-004	mcq	section:set-4:part-8	draft	legacy_unverified	pending_T05	handled
item_unit	item:t4-l-at2	set-4	8	L-004	mcq	object:t4-l-at2	draft	legacy_unverified	pending_T05	handled
question_object	object:t4-l-at3	set-4	8	L-004	mcq	section:set-4:part-8	draft	legacy_unverified	pending_T05	handled
item_unit	item:t4-l-at3	set-4	8	L-004	mcq	object:t4-l-at3	draft	legacy_unverified	pending_T05	handled
question_object	object:t4-l-at4	set-4	8	L-004	mcq	section:set-4:part-8	draft	legacy_unverified	pending_T05	handled
item_unit	item:t4-l-at4	set-4	8	L-004	mcq	object:t4-l-at4	draft	legacy_unverified	pending_T05	handled
question_object	object:t4-l-at5	set-4	8	L-004	mcq	section:set-4:part-8	draft	legacy_unverified	pending_T05	handled
item_unit	item:t4-l-at5	set-4	8	L-004	mcq	object:t4-l-at5	draft	legacy_unverified	pending_T05	handled
section	section:set-4:part-9	set-4	9	W-001+W-004	MockSection	set:set-4	draft	legacy_unverified	pending_T05	handled
question_object	object:t4-w-bs1	set-4	9	W-001+W-004	sentencebuild	section:set-4:part-9	draft	legacy_unverified	pending_T05	handled
item_unit	item:t4-w-bs1	set-4	9	W-001+W-004	sentencebuild	object:t4-w-bs1	draft	legacy_unverified	pending_T05	handled
question_object	object:t4-w-bs2	set-4	9	W-001+W-004	sentencebuild	section:set-4:part-9	draft	legacy_unverified	pending_T05	handled
item_unit	item:t4-w-bs2	set-4	9	W-001+W-004	sentencebuild	object:t4-w-bs2	draft	legacy_unverified	pending_T05	handled
question_object	object:t4-w-bs3	set-4	9	W-001+W-004	sentencebuild	section:set-4:part-9	draft	legacy_unverified	pending_T05	handled
item_unit	item:t4-w-bs3	set-4	9	W-001+W-004	sentencebuild	object:t4-w-bs3	draft	legacy_unverified	pending_T05	handled
question_object	object:t4-w-bs4	set-4	9	W-001+W-004	sentencebuild	section:set-4:part-9	draft	legacy_unverified	pending_T05	handled
item_unit	item:t4-w-bs4	set-4	9	W-001+W-004	sentencebuild	object:t4-w-bs4	draft	legacy_unverified	pending_T05	handled
question_object	object:t4-w-bs5	set-4	9	W-001+W-004	sentencebuild	section:set-4:part-9	draft	legacy_unverified	pending_T05	handled
item_unit	item:t4-w-bs5	set-4	9	W-001+W-004	sentencebuild	object:t4-w-bs5	draft	legacy_unverified	pending_T05	handled
question_object	object:t4-w-bs6	set-4	9	W-001+W-004	sentencebuild	section:set-4:part-9	draft	legacy_unverified	pending_T05	handled
item_unit	item:t4-w-bs6	set-4	9	W-001+W-004	sentencebuild	object:t4-w-bs6	draft	legacy_unverified	pending_T05	handled
section	section:set-4:part-10	set-4	10	W-002	MockSection	set:set-4	draft	legacy_unverified	pending_T05	handled
question_object	object:t4-w-email	set-4	10	W-002	write	section:set-4:part-10	draft	legacy_unverified	pending_T05	handled
stimulus	stimulus:t4-w-email:writing	set-4	10	W-002	writing_stimulus	object:t4-w-email	draft	legacy_unverified	pending_T05	handled
item_unit	item:t4-w-email	set-4	10	W-002	write	object:t4-w-email	draft	legacy_unverified	pending_T05	handled
section	section:set-4:part-11	set-4	11	W-003	MockSection	set:set-4	draft	legacy_unverified	pending_T05	handled
question_object	object:t4-w-disc	set-4	11	W-003	write	section:set-4:part-11	draft	legacy_unverified	pending_T05	handled
stimulus	stimulus:t4-w-disc:writing	set-4	11	W-003	writing_stimulus	object:t4-w-disc	draft	legacy_unverified	pending_T05	handled
item_unit	item:t4-w-disc	set-4	11	W-003	write	object:t4-w-disc	draft	legacy_unverified	pending_T05	handled
section	section:set-4:part-12	set-4	12	S-001	MockSection	set:set-4	draft	legacy_unverified	pending_T05	handled
question_object	object:t4-s-rp1	set-4	12	S-001	repeat	section:set-4:part-12	draft	legacy_unverified	pending_T05	handled
stimulus	stimulus:t4-s-rp1:audio	set-4	12	S-001	repeat_audio_with_script_candidate	object:t4-s-rp1	draft	legacy_unverified	pending_T05	handled
item_unit	item:t4-s-rp1	set-4	12	S-001	repeat	object:t4-s-rp1	draft	legacy_unverified	pending_T05	handled
question_object	object:t4-s-rp2	set-4	12	S-001	repeat	section:set-4:part-12	draft	legacy_unverified	pending_T05	handled
stimulus	stimulus:t4-s-rp2:audio	set-4	12	S-001	repeat_audio_with_script_candidate	object:t4-s-rp2	draft	legacy_unverified	pending_T05	handled
item_unit	item:t4-s-rp2	set-4	12	S-001	repeat	object:t4-s-rp2	draft	legacy_unverified	pending_T05	handled
question_object	object:t4-s-rp3	set-4	12	S-001	repeat	section:set-4:part-12	draft	legacy_unverified	pending_T05	handled
stimulus	stimulus:t4-s-rp3:audio	set-4	12	S-001	repeat_audio_with_script_candidate	object:t4-s-rp3	draft	legacy_unverified	pending_T05	handled
item_unit	item:t4-s-rp3	set-4	12	S-001	repeat	object:t4-s-rp3	draft	legacy_unverified	pending_T05	handled
question_object	object:t4-s-rp4	set-4	12	S-001	repeat	section:set-4:part-12	draft	legacy_unverified	pending_T05	handled
stimulus	stimulus:t4-s-rp4:audio	set-4	12	S-001	repeat_audio_with_script_candidate	object:t4-s-rp4	draft	legacy_unverified	pending_T05	handled
item_unit	item:t4-s-rp4	set-4	12	S-001	repeat	object:t4-s-rp4	draft	legacy_unverified	pending_T05	handled
question_object	object:t4-s-rp5	set-4	12	S-001	repeat	section:set-4:part-12	draft	legacy_unverified	pending_T05	handled
stimulus	stimulus:t4-s-rp5:audio	set-4	12	S-001	repeat_audio_with_script_candidate	object:t4-s-rp5	draft	legacy_unverified	pending_T05	handled
item_unit	item:t4-s-rp5	set-4	12	S-001	repeat	object:t4-s-rp5	draft	legacy_unverified	pending_T05	handled
section	section:set-4:part-13	set-4	13	S-002	MockSection	set:set-4	draft	legacy_unverified	pending_T05	handled
question_object	object:t4-s-iv1	set-4	13	S-002	speak	section:set-4:part-13	draft	legacy_unverified	pending_T05	handled
stimulus	stimulus:t4-s-iv1:interview	set-4	13	S-002	interview_text_prompt	object:t4-s-iv1	draft	legacy_unverified	pending_T05	handled
item_unit	item:t4-s-iv1	set-4	13	S-002	speak	object:t4-s-iv1	draft	legacy_unverified	pending_T05	handled
question_object	object:t4-s-iv2	set-4	13	S-002	speak	section:set-4:part-13	draft	legacy_unverified	pending_T05	handled
stimulus	stimulus:t4-s-iv2:interview	set-4	13	S-002	interview_text_prompt	object:t4-s-iv2	draft	legacy_unverified	pending_T05	handled
item_unit	item:t4-s-iv2	set-4	13	S-002	speak	object:t4-s-iv2	draft	legacy_unverified	pending_T05	handled
question_object	object:t4-s-iv3	set-4	13	S-002	speak	section:set-4:part-13	draft	legacy_unverified	pending_T05	handled
stimulus	stimulus:t4-s-iv3:interview	set-4	13	S-002	interview_text_prompt	object:t4-s-iv3	draft	legacy_unverified	pending_T05	handled
item_unit	item:t4-s-iv3	set-4	13	S-002	speak	object:t4-s-iv3	draft	legacy_unverified	pending_T05	handled
question_object	object:t4-s-iv4	set-4	13	S-002	speak	section:set-4:part-13	draft	legacy_unverified	pending_T05	handled
stimulus	stimulus:t4-s-iv4:interview	set-4	13	S-002	interview_text_prompt	object:t4-s-iv4	draft	legacy_unverified	pending_T05	handled
item_unit	item:t4-s-iv4	set-4	13	S-002	speak	object:t4-s-iv4	draft	legacy_unverified	pending_T05	handled
set	set:set-5	set-5		R-001..S-002	MockExam		draft	audited_with_blockers	pending_T05	mixed
section	section:set-5:part-1	set-5	1	R-001	MockSection	set:set-5	draft	legacy_unverified	pending_T05	handled
question_object	object:t5-r-cw1	set-5	1	R-001	wordcomplete	section:set-5:part-1	draft	legacy_unverified	pending_T05	handled
stimulus	stimulus:t5-r-cw1:template	set-5	1	R-001	wordcomplete_template	object:t5-r-cw1	draft	legacy_unverified	pending_T05	handled
item_unit	item:t5-r-cw1:blank-1	set-5	1	R-001	wordcomplete_blank	object:t5-r-cw1	draft	legacy_unverified	pending_T05	handled
item_unit	item:t5-r-cw1:blank-2	set-5	1	R-001	wordcomplete_blank	object:t5-r-cw1	draft	legacy_unverified	pending_T05	handled
item_unit	item:t5-r-cw1:blank-3	set-5	1	R-001	wordcomplete_blank	object:t5-r-cw1	draft	legacy_unverified	pending_T05	handled
item_unit	item:t5-r-cw1:blank-4	set-5	1	R-001	wordcomplete_blank	object:t5-r-cw1	draft	legacy_unverified	pending_T05	handled
item_unit	item:t5-r-cw1:blank-5	set-5	1	R-001	wordcomplete_blank	object:t5-r-cw1	draft	legacy_unverified	pending_T05	handled
item_unit	item:t5-r-cw1:blank-6	set-5	1	R-001	wordcomplete_blank	object:t5-r-cw1	draft	legacy_unverified	pending_T05	handled
question_object	object:t5-r-cw2	set-5	1	R-001	wordcomplete	section:set-5:part-1	draft	legacy_unverified	pending_T05	handled
stimulus	stimulus:t5-r-cw2:template	set-5	1	R-001	wordcomplete_template	object:t5-r-cw2	draft	legacy_unverified	pending_T05	handled
item_unit	item:t5-r-cw2:blank-1	set-5	1	R-001	wordcomplete_blank	object:t5-r-cw2	draft	legacy_unverified	pending_T05	handled
item_unit	item:t5-r-cw2:blank-2	set-5	1	R-001	wordcomplete_blank	object:t5-r-cw2	draft	legacy_unverified	pending_T05	handled
item_unit	item:t5-r-cw2:blank-3	set-5	1	R-001	wordcomplete_blank	object:t5-r-cw2	draft	legacy_unverified	pending_T05	handled
item_unit	item:t5-r-cw2:blank-4	set-5	1	R-001	wordcomplete_blank	object:t5-r-cw2	draft	legacy_unverified	pending_T05	handled
item_unit	item:t5-r-cw2:blank-5	set-5	1	R-001	wordcomplete_blank	object:t5-r-cw2	draft	legacy_unverified	pending_T05	handled
item_unit	item:t5-r-cw2:blank-6	set-5	1	R-001	wordcomplete_blank	object:t5-r-cw2	draft	legacy_unverified	pending_T05	handled
section	section:set-5:part-2	set-5	2	R-002	MockSection	set:set-5	draft	legacy_unverified	pending_T05	handled
stimulus	stimulus:set-5:part-2:passage	set-5	2	R-002	section_passage	section:set-5:part-2	draft	legacy_unverified	pending_T05	handled
question_object	object:t5-r-dl1	set-5	2	R-002	mcq	section:set-5:part-2	draft	legacy_unverified	pending_T05	handled
item_unit	item:t5-r-dl1	set-5	2	R-002	mcq	object:t5-r-dl1	draft	legacy_unverified	pending_T05	handled
question_object	object:t5-r-dl2	set-5	2	R-002	mcq	section:set-5:part-2	draft	legacy_unverified	pending_T05	handled
item_unit	item:t5-r-dl2	set-5	2	R-002	mcq	object:t5-r-dl2	draft	legacy_unverified	pending_T05	handled
question_object	object:t5-r-dl3	set-5	2	R-002	mcq	section:set-5:part-2	draft	legacy_unverified	pending_T05	handled
item_unit	item:t5-r-dl3	set-5	2	R-002	mcq	object:t5-r-dl3	draft	legacy_unverified	pending_T05	handled
section	section:set-5:part-3	set-5	3	R-002	MockSection	set:set-5	draft	legacy_unverified	pending_T05	handled
stimulus	stimulus:set-5:part-3:passage	set-5	3	R-002	section_passage	section:set-5:part-3	draft	legacy_unverified	pending_T05	handled
question_object	object:t5-r-dl4	set-5	3	R-002	mcq	section:set-5:part-3	draft	legacy_unverified	pending_T05	handled
item_unit	item:t5-r-dl4	set-5	3	R-002	mcq	object:t5-r-dl4	draft	legacy_unverified	pending_T05	handled
question_object	object:t5-r-dl5	set-5	3	R-002	mcq	section:set-5:part-3	draft	legacy_unverified	pending_T05	handled
item_unit	item:t5-r-dl5	set-5	3	R-002	mcq	object:t5-r-dl5	draft	legacy_unverified	pending_T05	handled
section	section:set-5:part-4	set-5	4	R-003	MockSection	set:set-5	draft	legacy_unverified	pending_T05	mixed
stimulus	stimulus:set-5:part-4:passage	set-5	4	R-003	section_passage	section:set-5:part-4	draft	legacy_unverified	pending_T05	handled
question_object	object:t5-r-ap1	set-5	4	R-003	mcq	section:set-5:part-4	draft	legacy_unverified	pending_T05	handled
item_unit	item:t5-r-ap1	set-5	4	R-003	mcq	object:t5-r-ap1	draft	legacy_unverified	pending_T05	handled
question_object	object:t5-r-ap2	set-5	4	R-003	mcq	section:set-5:part-4	draft	legacy_unverified	pending_T05	handled
item_unit	item:t5-r-ap2	set-5	4	R-003	mcq	object:t5-r-ap2	draft	legacy_unverified	pending_T05	handled
question_object	object:t5-r-ap3	set-5	4	R-003	mcq	section:set-5:part-4	draft	legacy_unverified	pending_T05	handled
item_unit	item:t5-r-ap3	set-5	4	R-003	mcq	object:t5-r-ap3	draft	legacy_unverified	pending_T05	handled
question_object	object:t5-r-ap4	set-5	4	R-003	mcq	section:set-5:part-4	draft	legacy_unverified	pending_T05	handled
item_unit	item:t5-r-ap4	set-5	4	R-003	mcq	object:t5-r-ap4	draft	legacy_unverified	pending_T05	handled
question_object	object:t5-r-ap5	set-5	4	R-003	mcq	section:set-5:part-4	draft	legacy_unverified	pending_T05	handled
item_unit	item:t5-r-ap5	set-5	4	R-003	mcq	object:t5-r-ap5	draft	legacy_unverified	pending_T05	handled
question_object	object:t5-r-ap6	set-5	4	R-003	multiselect	section:set-5:part-4	draft	legacy_unverified	pending_T05	unhandled
item_unit	item:t5-r-ap6	set-5	4	R-003	multiselect	object:t5-r-ap6	draft	legacy_unverified	pending_T05	unhandled
section	section:set-5:part-5	set-5	5	L-001	MockSection	set:set-5	draft	legacy_unverified	pending_T05	handled
question_object	object:t5-l-cr1	set-5	5	L-001	mcq	section:set-5:part-5	draft	legacy_unverified	pending_T05	handled
stimulus	stimulus:t5-l-cr1:audio	set-5	5	L-001	question_audio_without_transcript	object:t5-l-cr1	draft	legacy_unverified	pending_T05	handled
item_unit	item:t5-l-cr1	set-5	5	L-001	mcq	object:t5-l-cr1	draft	legacy_unverified	pending_T05	handled
question_object	object:t5-l-cr2	set-5	5	L-001	mcq	section:set-5:part-5	draft	legacy_unverified	pending_T05	handled
stimulus	stimulus:t5-l-cr2:audio	set-5	5	L-001	question_audio_without_transcript	object:t5-l-cr2	draft	legacy_unverified	pending_T05	handled
item_unit	item:t5-l-cr2	set-5	5	L-001	mcq	object:t5-l-cr2	draft	legacy_unverified	pending_T05	handled
question_object	object:t5-l-cr3	set-5	5	L-001	mcq	section:set-5:part-5	draft	legacy_unverified	pending_T05	handled
stimulus	stimulus:t5-l-cr3:audio	set-5	5	L-001	question_audio_without_transcript	object:t5-l-cr3	draft	legacy_unverified	pending_T05	handled
item_unit	item:t5-l-cr3	set-5	5	L-001	mcq	object:t5-l-cr3	draft	legacy_unverified	pending_T05	handled
question_object	object:t5-l-cr4	set-5	5	L-001	mcq	section:set-5:part-5	draft	legacy_unverified	pending_T05	handled
stimulus	stimulus:t5-l-cr4:audio	set-5	5	L-001	question_audio_without_transcript	object:t5-l-cr4	draft	legacy_unverified	pending_T05	handled
item_unit	item:t5-l-cr4	set-5	5	L-001	mcq	object:t5-l-cr4	draft	legacy_unverified	pending_T05	handled
question_object	object:t5-l-cr5	set-5	5	L-001	mcq	section:set-5:part-5	draft	legacy_unverified	pending_T05	handled
stimulus	stimulus:t5-l-cr5:audio	set-5	5	L-001	question_audio_without_transcript	object:t5-l-cr5	draft	legacy_unverified	pending_T05	handled
item_unit	item:t5-l-cr5	set-5	5	L-001	mcq	object:t5-l-cr5	draft	legacy_unverified	pending_T05	handled
section	section:set-5:part-6	set-5	6	L-002	MockSection	set:set-5	draft	legacy_unverified	pending_T05	handled
stimulus	stimulus:set-5:part-6:audio	set-5	6	L-002	section_audio_with_transcript_candidate	section:set-5:part-6	draft	legacy_unverified	pending_T05	handled
question_object	object:t5-l-cv1	set-5	6	L-002	mcq	section:set-5:part-6	draft	legacy_unverified	pending_T05	handled
item_unit	item:t5-l-cv1	set-5	6	L-002	mcq	object:t5-l-cv1	draft	legacy_unverified	pending_T05	handled
question_object	object:t5-l-cv2	set-5	6	L-002	mcq	section:set-5:part-6	draft	legacy_unverified	pending_T05	handled
item_unit	item:t5-l-cv2	set-5	6	L-002	mcq	object:t5-l-cv2	draft	legacy_unverified	pending_T05	handled
question_object	object:t5-l-cv3	set-5	6	L-002	mcq	section:set-5:part-6	draft	legacy_unverified	pending_T05	handled
item_unit	item:t5-l-cv3	set-5	6	L-002	mcq	object:t5-l-cv3	draft	legacy_unverified	pending_T05	handled
question_object	object:t5-l-cv4	set-5	6	L-002	mcq	section:set-5:part-6	draft	legacy_unverified	pending_T05	handled
item_unit	item:t5-l-cv4	set-5	6	L-002	mcq	object:t5-l-cv4	draft	legacy_unverified	pending_T05	handled
section	section:set-5:part-7	set-5	7	L-003	MockSection	set:set-5	draft	legacy_unverified	pending_T05	handled
stimulus	stimulus:set-5:part-7:audio	set-5	7	L-003	section_audio_with_transcript_candidate	section:set-5:part-7	draft	legacy_unverified	pending_T05	handled
question_object	object:t5-l-an1	set-5	7	L-003	mcq	section:set-5:part-7	draft	legacy_unverified	pending_T05	handled
item_unit	item:t5-l-an1	set-5	7	L-003	mcq	object:t5-l-an1	draft	legacy_unverified	pending_T05	handled
question_object	object:t5-l-an2	set-5	7	L-003	mcq	section:set-5:part-7	draft	legacy_unverified	pending_T05	handled
item_unit	item:t5-l-an2	set-5	7	L-003	mcq	object:t5-l-an2	draft	legacy_unverified	pending_T05	handled
question_object	object:t5-l-an3	set-5	7	L-003	mcq	section:set-5:part-7	draft	legacy_unverified	pending_T05	handled
item_unit	item:t5-l-an3	set-5	7	L-003	mcq	object:t5-l-an3	draft	legacy_unverified	pending_T05	handled
section	section:set-5:part-8	set-5	8	L-004	MockSection	set:set-5	draft	legacy_unverified	pending_T05	handled
stimulus	stimulus:set-5:part-8:audio	set-5	8	L-004	section_audio_with_transcript_candidate	section:set-5:part-8	draft	legacy_unverified	pending_T05	handled
question_object	object:t5-l-at1	set-5	8	L-004	mcq	section:set-5:part-8	draft	legacy_unverified	pending_T05	handled
item_unit	item:t5-l-at1	set-5	8	L-004	mcq	object:t5-l-at1	draft	legacy_unverified	pending_T05	handled
question_object	object:t5-l-at2	set-5	8	L-004	mcq	section:set-5:part-8	draft	legacy_unverified	pending_T05	handled
item_unit	item:t5-l-at2	set-5	8	L-004	mcq	object:t5-l-at2	draft	legacy_unverified	pending_T05	handled
question_object	object:t5-l-at3	set-5	8	L-004	mcq	section:set-5:part-8	draft	legacy_unverified	pending_T05	handled
item_unit	item:t5-l-at3	set-5	8	L-004	mcq	object:t5-l-at3	draft	legacy_unverified	pending_T05	handled
question_object	object:t5-l-at4	set-5	8	L-004	mcq	section:set-5:part-8	draft	legacy_unverified	pending_T05	handled
item_unit	item:t5-l-at4	set-5	8	L-004	mcq	object:t5-l-at4	draft	legacy_unverified	pending_T05	handled
question_object	object:t5-l-at5	set-5	8	L-004	mcq	section:set-5:part-8	draft	legacy_unverified	pending_T05	handled
item_unit	item:t5-l-at5	set-5	8	L-004	mcq	object:t5-l-at5	draft	legacy_unverified	pending_T05	handled
section	section:set-5:part-9	set-5	9	W-001+W-004	MockSection	set:set-5	draft	legacy_unverified	pending_T05	handled
question_object	object:t5-w-bs1	set-5	9	W-001+W-004	sentencebuild	section:set-5:part-9	draft	legacy_unverified	pending_T05	handled
item_unit	item:t5-w-bs1	set-5	9	W-001+W-004	sentencebuild	object:t5-w-bs1	draft	legacy_unverified	pending_T05	handled
question_object	object:t5-w-bs2	set-5	9	W-001+W-004	sentencebuild	section:set-5:part-9	draft	legacy_unverified	pending_T05	handled
item_unit	item:t5-w-bs2	set-5	9	W-001+W-004	sentencebuild	object:t5-w-bs2	draft	legacy_unverified	pending_T05	handled
question_object	object:t5-w-bs3	set-5	9	W-001+W-004	sentencebuild	section:set-5:part-9	draft	legacy_unverified	pending_T05	handled
item_unit	item:t5-w-bs3	set-5	9	W-001+W-004	sentencebuild	object:t5-w-bs3	draft	legacy_unverified	pending_T05	handled
question_object	object:t5-w-bs4	set-5	9	W-001+W-004	sentencebuild	section:set-5:part-9	draft	legacy_unverified	pending_T05	handled
item_unit	item:t5-w-bs4	set-5	9	W-001+W-004	sentencebuild	object:t5-w-bs4	draft	legacy_unverified	pending_T05	handled
question_object	object:t5-w-bs5	set-5	9	W-001+W-004	sentencebuild	section:set-5:part-9	draft	legacy_unverified	pending_T05	handled
item_unit	item:t5-w-bs5	set-5	9	W-001+W-004	sentencebuild	object:t5-w-bs5	draft	legacy_unverified	pending_T05	handled
question_object	object:t5-w-bs6	set-5	9	W-001+W-004	sentencebuild	section:set-5:part-9	draft	legacy_unverified	pending_T05	handled
item_unit	item:t5-w-bs6	set-5	9	W-001+W-004	sentencebuild	object:t5-w-bs6	draft	legacy_unverified	pending_T05	handled
section	section:set-5:part-10	set-5	10	W-002	MockSection	set:set-5	draft	legacy_unverified	pending_T05	handled
question_object	object:t5-w-email	set-5	10	W-002	write	section:set-5:part-10	draft	legacy_unverified	pending_T05	handled
stimulus	stimulus:t5-w-email:writing	set-5	10	W-002	writing_stimulus	object:t5-w-email	draft	legacy_unverified	pending_T05	handled
item_unit	item:t5-w-email	set-5	10	W-002	write	object:t5-w-email	draft	legacy_unverified	pending_T05	handled
section	section:set-5:part-11	set-5	11	W-003	MockSection	set:set-5	draft	legacy_unverified	pending_T05	handled
question_object	object:t5-w-disc	set-5	11	W-003	write	section:set-5:part-11	draft	legacy_unverified	pending_T05	handled
stimulus	stimulus:t5-w-disc:writing	set-5	11	W-003	writing_stimulus	object:t5-w-disc	draft	legacy_unverified	pending_T05	handled
item_unit	item:t5-w-disc	set-5	11	W-003	write	object:t5-w-disc	draft	legacy_unverified	pending_T05	handled
section	section:set-5:part-12	set-5	12	S-001	MockSection	set:set-5	draft	legacy_unverified	pending_T05	handled
question_object	object:t5-s-rp1	set-5	12	S-001	repeat	section:set-5:part-12	draft	legacy_unverified	pending_T05	handled
stimulus	stimulus:t5-s-rp1:audio	set-5	12	S-001	repeat_audio_with_script_candidate	object:t5-s-rp1	draft	legacy_unverified	pending_T05	handled
item_unit	item:t5-s-rp1	set-5	12	S-001	repeat	object:t5-s-rp1	draft	legacy_unverified	pending_T05	handled
question_object	object:t5-s-rp2	set-5	12	S-001	repeat	section:set-5:part-12	draft	legacy_unverified	pending_T05	handled
stimulus	stimulus:t5-s-rp2:audio	set-5	12	S-001	repeat_audio_with_script_candidate	object:t5-s-rp2	draft	legacy_unverified	pending_T05	handled
item_unit	item:t5-s-rp2	set-5	12	S-001	repeat	object:t5-s-rp2	draft	legacy_unverified	pending_T05	handled
question_object	object:t5-s-rp3	set-5	12	S-001	repeat	section:set-5:part-12	draft	legacy_unverified	pending_T05	handled
stimulus	stimulus:t5-s-rp3:audio	set-5	12	S-001	repeat_audio_with_script_candidate	object:t5-s-rp3	draft	legacy_unverified	pending_T05	handled
item_unit	item:t5-s-rp3	set-5	12	S-001	repeat	object:t5-s-rp3	draft	legacy_unverified	pending_T05	handled
question_object	object:t5-s-rp4	set-5	12	S-001	repeat	section:set-5:part-12	draft	legacy_unverified	pending_T05	handled
stimulus	stimulus:t5-s-rp4:audio	set-5	12	S-001	repeat_audio_with_script_candidate	object:t5-s-rp4	draft	legacy_unverified	pending_T05	handled
item_unit	item:t5-s-rp4	set-5	12	S-001	repeat	object:t5-s-rp4	draft	legacy_unverified	pending_T05	handled
question_object	object:t5-s-rp5	set-5	12	S-001	repeat	section:set-5:part-12	draft	legacy_unverified	pending_T05	handled
stimulus	stimulus:t5-s-rp5:audio	set-5	12	S-001	repeat_audio_with_script_candidate	object:t5-s-rp5	draft	legacy_unverified	pending_T05	handled
item_unit	item:t5-s-rp5	set-5	12	S-001	repeat	object:t5-s-rp5	draft	legacy_unverified	pending_T05	handled
section	section:set-5:part-13	set-5	13	S-002	MockSection	set:set-5	draft	legacy_unverified	pending_T05	handled
question_object	object:t5-s-iv1	set-5	13	S-002	speak	section:set-5:part-13	draft	legacy_unverified	pending_T05	handled
stimulus	stimulus:t5-s-iv1:interview	set-5	13	S-002	interview_text_prompt	object:t5-s-iv1	draft	legacy_unverified	pending_T05	handled
item_unit	item:t5-s-iv1	set-5	13	S-002	speak	object:t5-s-iv1	draft	legacy_unverified	pending_T05	handled
question_object	object:t5-s-iv2	set-5	13	S-002	speak	section:set-5:part-13	draft	legacy_unverified	pending_T05	handled
stimulus	stimulus:t5-s-iv2:interview	set-5	13	S-002	interview_text_prompt	object:t5-s-iv2	draft	legacy_unverified	pending_T05	handled
item_unit	item:t5-s-iv2	set-5	13	S-002	speak	object:t5-s-iv2	draft	legacy_unverified	pending_T05	handled
question_object	object:t5-s-iv3	set-5	13	S-002	speak	section:set-5:part-13	draft	legacy_unverified	pending_T05	handled
stimulus	stimulus:t5-s-iv3:interview	set-5	13	S-002	interview_text_prompt	object:t5-s-iv3	draft	legacy_unverified	pending_T05	handled
item_unit	item:t5-s-iv3	set-5	13	S-002	speak	object:t5-s-iv3	draft	legacy_unverified	pending_T05	handled
question_object	object:t5-s-iv4	set-5	13	S-002	speak	section:set-5:part-13	draft	legacy_unverified	pending_T05	handled
stimulus	stimulus:t5-s-iv4:interview	set-5	13	S-002	interview_text_prompt	object:t5-s-iv4	draft	legacy_unverified	pending_T05	handled
item_unit	item:t5-s-iv4	set-5	13	S-002	speak	object:t5-s-iv4	draft	legacy_unverified	pending_T05	handled
set	set:set-6	set-6		R-001..S-002	MockExam		draft	audited_with_blockers	pending_T05	mixed
section	section:set-6:part-1	set-6	1	R-001	MockSection	set:set-6	draft	legacy_unverified	pending_T05	handled
question_object	object:t6-r-cw1	set-6	1	R-001	wordcomplete	section:set-6:part-1	draft	legacy_unverified	pending_T05	handled
stimulus	stimulus:t6-r-cw1:template	set-6	1	R-001	wordcomplete_template	object:t6-r-cw1	draft	legacy_unverified	pending_T05	handled
item_unit	item:t6-r-cw1:blank-1	set-6	1	R-001	wordcomplete_blank	object:t6-r-cw1	draft	legacy_unverified	pending_T05	handled
item_unit	item:t6-r-cw1:blank-2	set-6	1	R-001	wordcomplete_blank	object:t6-r-cw1	draft	legacy_unverified	pending_T05	handled
item_unit	item:t6-r-cw1:blank-3	set-6	1	R-001	wordcomplete_blank	object:t6-r-cw1	draft	legacy_unverified	pending_T05	handled
item_unit	item:t6-r-cw1:blank-4	set-6	1	R-001	wordcomplete_blank	object:t6-r-cw1	draft	legacy_unverified	pending_T05	handled
item_unit	item:t6-r-cw1:blank-5	set-6	1	R-001	wordcomplete_blank	object:t6-r-cw1	draft	legacy_unverified	pending_T05	handled
item_unit	item:t6-r-cw1:blank-6	set-6	1	R-001	wordcomplete_blank	object:t6-r-cw1	draft	legacy_unverified	pending_T05	handled
question_object	object:t6-r-cw2	set-6	1	R-001	wordcomplete	section:set-6:part-1	draft	legacy_unverified	pending_T05	handled
stimulus	stimulus:t6-r-cw2:template	set-6	1	R-001	wordcomplete_template	object:t6-r-cw2	draft	legacy_unverified	pending_T05	handled
item_unit	item:t6-r-cw2:blank-1	set-6	1	R-001	wordcomplete_blank	object:t6-r-cw2	draft	legacy_unverified	pending_T05	handled
item_unit	item:t6-r-cw2:blank-2	set-6	1	R-001	wordcomplete_blank	object:t6-r-cw2	draft	legacy_unverified	pending_T05	handled
item_unit	item:t6-r-cw2:blank-3	set-6	1	R-001	wordcomplete_blank	object:t6-r-cw2	draft	legacy_unverified	pending_T05	handled
item_unit	item:t6-r-cw2:blank-4	set-6	1	R-001	wordcomplete_blank	object:t6-r-cw2	draft	legacy_unverified	pending_T05	handled
item_unit	item:t6-r-cw2:blank-5	set-6	1	R-001	wordcomplete_blank	object:t6-r-cw2	draft	legacy_unverified	pending_T05	handled
item_unit	item:t6-r-cw2:blank-6	set-6	1	R-001	wordcomplete_blank	object:t6-r-cw2	draft	legacy_unverified	pending_T05	handled
section	section:set-6:part-2	set-6	2	R-002	MockSection	set:set-6	draft	legacy_unverified	pending_T05	handled
stimulus	stimulus:set-6:part-2:passage	set-6	2	R-002	section_passage	section:set-6:part-2	draft	legacy_unverified	pending_T05	handled
question_object	object:t6-r-dl1	set-6	2	R-002	mcq	section:set-6:part-2	draft	legacy_unverified	pending_T05	handled
item_unit	item:t6-r-dl1	set-6	2	R-002	mcq	object:t6-r-dl1	draft	legacy_unverified	pending_T05	handled
question_object	object:t6-r-dl2	set-6	2	R-002	mcq	section:set-6:part-2	draft	legacy_unverified	pending_T05	handled
item_unit	item:t6-r-dl2	set-6	2	R-002	mcq	object:t6-r-dl2	draft	legacy_unverified	pending_T05	handled
question_object	object:t6-r-dl3	set-6	2	R-002	mcq	section:set-6:part-2	draft	legacy_unverified	pending_T05	handled
item_unit	item:t6-r-dl3	set-6	2	R-002	mcq	object:t6-r-dl3	draft	legacy_unverified	pending_T05	handled
section	section:set-6:part-3	set-6	3	R-002	MockSection	set:set-6	draft	legacy_unverified	pending_T05	handled
stimulus	stimulus:set-6:part-3:passage	set-6	3	R-002	section_passage	section:set-6:part-3	draft	legacy_unverified	pending_T05	handled
question_object	object:t6-r-dl4	set-6	3	R-002	mcq	section:set-6:part-3	draft	legacy_unverified	pending_T05	handled
item_unit	item:t6-r-dl4	set-6	3	R-002	mcq	object:t6-r-dl4	draft	legacy_unverified	pending_T05	handled
question_object	object:t6-r-dl5	set-6	3	R-002	mcq	section:set-6:part-3	draft	legacy_unverified	pending_T05	handled
item_unit	item:t6-r-dl5	set-6	3	R-002	mcq	object:t6-r-dl5	draft	legacy_unverified	pending_T05	handled
section	section:set-6:part-4	set-6	4	R-003	MockSection	set:set-6	draft	legacy_unverified	pending_T05	mixed
stimulus	stimulus:set-6:part-4:passage	set-6	4	R-003	section_passage	section:set-6:part-4	draft	legacy_unverified	pending_T05	handled
question_object	object:t6-r-ap1	set-6	4	R-003	mcq	section:set-6:part-4	draft	legacy_unverified	pending_T05	handled
item_unit	item:t6-r-ap1	set-6	4	R-003	mcq	object:t6-r-ap1	draft	legacy_unverified	pending_T05	handled
question_object	object:t6-r-ap2	set-6	4	R-003	mcq	section:set-6:part-4	draft	legacy_unverified	pending_T05	handled
item_unit	item:t6-r-ap2	set-6	4	R-003	mcq	object:t6-r-ap2	draft	legacy_unverified	pending_T05	handled
question_object	object:t6-r-ap3	set-6	4	R-003	mcq	section:set-6:part-4	draft	legacy_unverified	pending_T05	handled
item_unit	item:t6-r-ap3	set-6	4	R-003	mcq	object:t6-r-ap3	draft	legacy_unverified	pending_T05	handled
question_object	object:t6-r-ap4	set-6	4	R-003	mcq	section:set-6:part-4	draft	legacy_unverified	pending_T05	handled
item_unit	item:t6-r-ap4	set-6	4	R-003	mcq	object:t6-r-ap4	draft	legacy_unverified	pending_T05	handled
question_object	object:t6-r-ap5	set-6	4	R-003	mcq	section:set-6:part-4	draft	legacy_unverified	pending_T05	handled
item_unit	item:t6-r-ap5	set-6	4	R-003	mcq	object:t6-r-ap5	draft	legacy_unverified	pending_T05	handled
question_object	object:t6-r-ap6	set-6	4	R-003	multiselect	section:set-6:part-4	draft	legacy_unverified	pending_T05	unhandled
item_unit	item:t6-r-ap6	set-6	4	R-003	multiselect	object:t6-r-ap6	draft	legacy_unverified	pending_T05	unhandled
section	section:set-6:part-5	set-6	5	L-001	MockSection	set:set-6	draft	legacy_unverified	pending_T05	handled
question_object	object:t6-l-cr1	set-6	5	L-001	mcq	section:set-6:part-5	draft	legacy_unverified	pending_T05	handled
stimulus	stimulus:t6-l-cr1:audio	set-6	5	L-001	question_audio_without_transcript	object:t6-l-cr1	draft	legacy_unverified	pending_T05	handled
item_unit	item:t6-l-cr1	set-6	5	L-001	mcq	object:t6-l-cr1	draft	legacy_unverified	pending_T05	handled
question_object	object:t6-l-cr2	set-6	5	L-001	mcq	section:set-6:part-5	draft	legacy_unverified	pending_T05	handled
stimulus	stimulus:t6-l-cr2:audio	set-6	5	L-001	question_audio_without_transcript	object:t6-l-cr2	draft	legacy_unverified	pending_T05	handled
item_unit	item:t6-l-cr2	set-6	5	L-001	mcq	object:t6-l-cr2	draft	legacy_unverified	pending_T05	handled
question_object	object:t6-l-cr3	set-6	5	L-001	mcq	section:set-6:part-5	draft	legacy_unverified	pending_T05	handled
stimulus	stimulus:t6-l-cr3:audio	set-6	5	L-001	question_audio_without_transcript	object:t6-l-cr3	draft	legacy_unverified	pending_T05	handled
item_unit	item:t6-l-cr3	set-6	5	L-001	mcq	object:t6-l-cr3	draft	legacy_unverified	pending_T05	handled
question_object	object:t6-l-cr4	set-6	5	L-001	mcq	section:set-6:part-5	draft	legacy_unverified	pending_T05	handled
stimulus	stimulus:t6-l-cr4:audio	set-6	5	L-001	question_audio_without_transcript	object:t6-l-cr4	draft	legacy_unverified	pending_T05	handled
item_unit	item:t6-l-cr4	set-6	5	L-001	mcq	object:t6-l-cr4	draft	legacy_unverified	pending_T05	handled
question_object	object:t6-l-cr5	set-6	5	L-001	mcq	section:set-6:part-5	draft	legacy_unverified	pending_T05	handled
stimulus	stimulus:t6-l-cr5:audio	set-6	5	L-001	question_audio_without_transcript	object:t6-l-cr5	draft	legacy_unverified	pending_T05	handled
item_unit	item:t6-l-cr5	set-6	5	L-001	mcq	object:t6-l-cr5	draft	legacy_unverified	pending_T05	handled
section	section:set-6:part-6	set-6	6	L-002	MockSection	set:set-6	draft	legacy_unverified	pending_T05	handled
stimulus	stimulus:set-6:part-6:audio	set-6	6	L-002	section_audio_with_transcript_candidate	section:set-6:part-6	draft	legacy_unverified	pending_T05	handled
question_object	object:t6-l-cv1	set-6	6	L-002	mcq	section:set-6:part-6	draft	legacy_unverified	pending_T05	handled
item_unit	item:t6-l-cv1	set-6	6	L-002	mcq	object:t6-l-cv1	draft	legacy_unverified	pending_T05	handled
question_object	object:t6-l-cv2	set-6	6	L-002	mcq	section:set-6:part-6	draft	legacy_unverified	pending_T05	handled
item_unit	item:t6-l-cv2	set-6	6	L-002	mcq	object:t6-l-cv2	draft	legacy_unverified	pending_T05	handled
question_object	object:t6-l-cv3	set-6	6	L-002	mcq	section:set-6:part-6	draft	legacy_unverified	pending_T05	handled
item_unit	item:t6-l-cv3	set-6	6	L-002	mcq	object:t6-l-cv3	draft	legacy_unverified	pending_T05	handled
question_object	object:t6-l-cv4	set-6	6	L-002	mcq	section:set-6:part-6	draft	legacy_unverified	pending_T05	handled
item_unit	item:t6-l-cv4	set-6	6	L-002	mcq	object:t6-l-cv4	draft	legacy_unverified	pending_T05	handled
section	section:set-6:part-7	set-6	7	L-003	MockSection	set:set-6	draft	legacy_unverified	pending_T05	handled
stimulus	stimulus:set-6:part-7:audio	set-6	7	L-003	section_audio_with_transcript_candidate	section:set-6:part-7	draft	legacy_unverified	pending_T05	handled
question_object	object:t6-l-an1	set-6	7	L-003	mcq	section:set-6:part-7	draft	legacy_unverified	pending_T05	handled
item_unit	item:t6-l-an1	set-6	7	L-003	mcq	object:t6-l-an1	draft	legacy_unverified	pending_T05	handled
question_object	object:t6-l-an2	set-6	7	L-003	mcq	section:set-6:part-7	draft	legacy_unverified	pending_T05	handled
item_unit	item:t6-l-an2	set-6	7	L-003	mcq	object:t6-l-an2	draft	legacy_unverified	pending_T05	handled
question_object	object:t6-l-an3	set-6	7	L-003	mcq	section:set-6:part-7	draft	legacy_unverified	pending_T05	handled
item_unit	item:t6-l-an3	set-6	7	L-003	mcq	object:t6-l-an3	draft	legacy_unverified	pending_T05	handled
section	section:set-6:part-8	set-6	8	L-004	MockSection	set:set-6	draft	legacy_unverified	pending_T05	handled
stimulus	stimulus:set-6:part-8:audio	set-6	8	L-004	section_audio_with_transcript_candidate	section:set-6:part-8	draft	legacy_unverified	pending_T05	handled
question_object	object:t6-l-at1	set-6	8	L-004	mcq	section:set-6:part-8	draft	legacy_unverified	pending_T05	handled
item_unit	item:t6-l-at1	set-6	8	L-004	mcq	object:t6-l-at1	draft	legacy_unverified	pending_T05	handled
question_object	object:t6-l-at2	set-6	8	L-004	mcq	section:set-6:part-8	draft	legacy_unverified	pending_T05	handled
item_unit	item:t6-l-at2	set-6	8	L-004	mcq	object:t6-l-at2	draft	legacy_unverified	pending_T05	handled
question_object	object:t6-l-at3	set-6	8	L-004	mcq	section:set-6:part-8	draft	legacy_unverified	pending_T05	handled
item_unit	item:t6-l-at3	set-6	8	L-004	mcq	object:t6-l-at3	draft	legacy_unverified	pending_T05	handled
question_object	object:t6-l-at4	set-6	8	L-004	mcq	section:set-6:part-8	draft	legacy_unverified	pending_T05	handled
item_unit	item:t6-l-at4	set-6	8	L-004	mcq	object:t6-l-at4	draft	legacy_unverified	pending_T05	handled
question_object	object:t6-l-at5	set-6	8	L-004	mcq	section:set-6:part-8	draft	legacy_unverified	pending_T05	handled
item_unit	item:t6-l-at5	set-6	8	L-004	mcq	object:t6-l-at5	draft	legacy_unverified	pending_T05	handled
section	section:set-6:part-9	set-6	9	W-001+W-004	MockSection	set:set-6	draft	legacy_unverified	pending_T05	handled
question_object	object:t6-w-bs1	set-6	9	W-001+W-004	sentencebuild	section:set-6:part-9	draft	legacy_unverified	pending_T05	handled
item_unit	item:t6-w-bs1	set-6	9	W-001+W-004	sentencebuild	object:t6-w-bs1	draft	legacy_unverified	pending_T05	handled
question_object	object:t6-w-bs2	set-6	9	W-001+W-004	sentencebuild	section:set-6:part-9	draft	legacy_unverified	pending_T05	handled
item_unit	item:t6-w-bs2	set-6	9	W-001+W-004	sentencebuild	object:t6-w-bs2	draft	legacy_unverified	pending_T05	handled
question_object	object:t6-w-bs3	set-6	9	W-001+W-004	sentencebuild	section:set-6:part-9	draft	legacy_unverified	pending_T05	handled
item_unit	item:t6-w-bs3	set-6	9	W-001+W-004	sentencebuild	object:t6-w-bs3	draft	legacy_unverified	pending_T05	handled
question_object	object:t6-w-bs4	set-6	9	W-001+W-004	sentencebuild	section:set-6:part-9	draft	legacy_unverified	pending_T05	handled
item_unit	item:t6-w-bs4	set-6	9	W-001+W-004	sentencebuild	object:t6-w-bs4	draft	legacy_unverified	pending_T05	handled
question_object	object:t6-w-bs5	set-6	9	W-001+W-004	sentencebuild	section:set-6:part-9	draft	legacy_unverified	pending_T05	handled
item_unit	item:t6-w-bs5	set-6	9	W-001+W-004	sentencebuild	object:t6-w-bs5	draft	legacy_unverified	pending_T05	handled
question_object	object:t6-w-bs6	set-6	9	W-001+W-004	sentencebuild	section:set-6:part-9	draft	legacy_unverified	pending_T05	handled
item_unit	item:t6-w-bs6	set-6	9	W-001+W-004	sentencebuild	object:t6-w-bs6	draft	legacy_unverified	pending_T05	handled
section	section:set-6:part-10	set-6	10	W-002	MockSection	set:set-6	draft	legacy_unverified	pending_T05	handled
question_object	object:t6-w-email	set-6	10	W-002	write	section:set-6:part-10	draft	legacy_unverified	pending_T05	handled
stimulus	stimulus:t6-w-email:writing	set-6	10	W-002	writing_stimulus	object:t6-w-email	draft	legacy_unverified	pending_T05	handled
item_unit	item:t6-w-email	set-6	10	W-002	write	object:t6-w-email	draft	legacy_unverified	pending_T05	handled
section	section:set-6:part-11	set-6	11	W-003	MockSection	set:set-6	draft	legacy_unverified	pending_T05	handled
question_object	object:t6-w-disc	set-6	11	W-003	write	section:set-6:part-11	draft	legacy_unverified	pending_T05	handled
stimulus	stimulus:t6-w-disc:writing	set-6	11	W-003	writing_stimulus	object:t6-w-disc	draft	legacy_unverified	pending_T05	handled
item_unit	item:t6-w-disc	set-6	11	W-003	write	object:t6-w-disc	draft	legacy_unverified	pending_T05	handled
section	section:set-6:part-12	set-6	12	S-001	MockSection	set:set-6	draft	legacy_unverified	pending_T05	handled
question_object	object:t6-s-rp1	set-6	12	S-001	repeat	section:set-6:part-12	draft	legacy_unverified	pending_T05	handled
stimulus	stimulus:t6-s-rp1:audio	set-6	12	S-001	repeat_audio_with_script_candidate	object:t6-s-rp1	draft	legacy_unverified	pending_T05	handled
item_unit	item:t6-s-rp1	set-6	12	S-001	repeat	object:t6-s-rp1	draft	legacy_unverified	pending_T05	handled
question_object	object:t6-s-rp2	set-6	12	S-001	repeat	section:set-6:part-12	draft	legacy_unverified	pending_T05	handled
stimulus	stimulus:t6-s-rp2:audio	set-6	12	S-001	repeat_audio_with_script_candidate	object:t6-s-rp2	draft	legacy_unverified	pending_T05	handled
item_unit	item:t6-s-rp2	set-6	12	S-001	repeat	object:t6-s-rp2	draft	legacy_unverified	pending_T05	handled
question_object	object:t6-s-rp3	set-6	12	S-001	repeat	section:set-6:part-12	draft	legacy_unverified	pending_T05	handled
stimulus	stimulus:t6-s-rp3:audio	set-6	12	S-001	repeat_audio_with_script_candidate	object:t6-s-rp3	draft	legacy_unverified	pending_T05	handled
item_unit	item:t6-s-rp3	set-6	12	S-001	repeat	object:t6-s-rp3	draft	legacy_unverified	pending_T05	handled
question_object	object:t6-s-rp4	set-6	12	S-001	repeat	section:set-6:part-12	draft	legacy_unverified	pending_T05	handled
stimulus	stimulus:t6-s-rp4:audio	set-6	12	S-001	repeat_audio_with_script_candidate	object:t6-s-rp4	draft	legacy_unverified	pending_T05	handled
item_unit	item:t6-s-rp4	set-6	12	S-001	repeat	object:t6-s-rp4	draft	legacy_unverified	pending_T05	handled
question_object	object:t6-s-rp5	set-6	12	S-001	repeat	section:set-6:part-12	draft	legacy_unverified	pending_T05	handled
stimulus	stimulus:t6-s-rp5:audio	set-6	12	S-001	repeat_audio_with_script_candidate	object:t6-s-rp5	draft	legacy_unverified	pending_T05	handled
item_unit	item:t6-s-rp5	set-6	12	S-001	repeat	object:t6-s-rp5	draft	legacy_unverified	pending_T05	handled
section	section:set-6:part-13	set-6	13	S-002	MockSection	set:set-6	draft	legacy_unverified	pending_T05	handled
question_object	object:t6-s-iv1	set-6	13	S-002	speak	section:set-6:part-13	draft	legacy_unverified	pending_T05	handled
stimulus	stimulus:t6-s-iv1:interview	set-6	13	S-002	interview_text_prompt	object:t6-s-iv1	draft	legacy_unverified	pending_T05	handled
item_unit	item:t6-s-iv1	set-6	13	S-002	speak	object:t6-s-iv1	draft	legacy_unverified	pending_T05	handled
question_object	object:t6-s-iv2	set-6	13	S-002	speak	section:set-6:part-13	draft	legacy_unverified	pending_T05	handled
stimulus	stimulus:t6-s-iv2:interview	set-6	13	S-002	interview_text_prompt	object:t6-s-iv2	draft	legacy_unverified	pending_T05	handled
item_unit	item:t6-s-iv2	set-6	13	S-002	speak	object:t6-s-iv2	draft	legacy_unverified	pending_T05	handled
question_object	object:t6-s-iv3	set-6	13	S-002	speak	section:set-6:part-13	draft	legacy_unverified	pending_T05	handled
stimulus	stimulus:t6-s-iv3:interview	set-6	13	S-002	interview_text_prompt	object:t6-s-iv3	draft	legacy_unverified	pending_T05	handled
item_unit	item:t6-s-iv3	set-6	13	S-002	speak	object:t6-s-iv3	draft	legacy_unverified	pending_T05	handled
question_object	object:t6-s-iv4	set-6	13	S-002	speak	section:set-6:part-13	draft	legacy_unverified	pending_T05	handled
stimulus	stimulus:t6-s-iv4:interview	set-6	13	S-002	interview_text_prompt	object:t6-s-iv4	draft	legacy_unverified	pending_T05	handled
item_unit	item:t6-s-iv4	set-6	13	S-002	speak	object:t6-s-iv4	draft	legacy_unverified	pending_T05	handled
set	set:set-7	set-7		R-001..S-002	MockExam		draft	audited_with_blockers	pending_T05	mixed
section	section:set-7:part-1	set-7	1	R-001	MockSection	set:set-7	draft	legacy_unverified	pending_T05	handled
question_object	object:t7-r-cw1	set-7	1	R-001	wordcomplete	section:set-7:part-1	draft	legacy_unverified	pending_T05	handled
stimulus	stimulus:t7-r-cw1:template	set-7	1	R-001	wordcomplete_template	object:t7-r-cw1	draft	legacy_unverified	pending_T05	handled
item_unit	item:t7-r-cw1:blank-1	set-7	1	R-001	wordcomplete_blank	object:t7-r-cw1	draft	legacy_unverified	pending_T05	handled
item_unit	item:t7-r-cw1:blank-2	set-7	1	R-001	wordcomplete_blank	object:t7-r-cw1	draft	legacy_unverified	pending_T05	handled
item_unit	item:t7-r-cw1:blank-3	set-7	1	R-001	wordcomplete_blank	object:t7-r-cw1	draft	legacy_unverified	pending_T05	handled
item_unit	item:t7-r-cw1:blank-4	set-7	1	R-001	wordcomplete_blank	object:t7-r-cw1	draft	legacy_unverified	pending_T05	handled
item_unit	item:t7-r-cw1:blank-5	set-7	1	R-001	wordcomplete_blank	object:t7-r-cw1	draft	legacy_unverified	pending_T05	handled
item_unit	item:t7-r-cw1:blank-6	set-7	1	R-001	wordcomplete_blank	object:t7-r-cw1	draft	legacy_unverified	pending_T05	handled
question_object	object:t7-r-cw2	set-7	1	R-001	wordcomplete	section:set-7:part-1	draft	legacy_unverified	pending_T05	handled
stimulus	stimulus:t7-r-cw2:template	set-7	1	R-001	wordcomplete_template	object:t7-r-cw2	draft	legacy_unverified	pending_T05	handled
item_unit	item:t7-r-cw2:blank-1	set-7	1	R-001	wordcomplete_blank	object:t7-r-cw2	draft	legacy_unverified	pending_T05	handled
item_unit	item:t7-r-cw2:blank-2	set-7	1	R-001	wordcomplete_blank	object:t7-r-cw2	draft	legacy_unverified	pending_T05	handled
item_unit	item:t7-r-cw2:blank-3	set-7	1	R-001	wordcomplete_blank	object:t7-r-cw2	draft	legacy_unverified	pending_T05	handled
item_unit	item:t7-r-cw2:blank-4	set-7	1	R-001	wordcomplete_blank	object:t7-r-cw2	draft	legacy_unverified	pending_T05	handled
item_unit	item:t7-r-cw2:blank-5	set-7	1	R-001	wordcomplete_blank	object:t7-r-cw2	draft	legacy_unverified	pending_T05	handled
item_unit	item:t7-r-cw2:blank-6	set-7	1	R-001	wordcomplete_blank	object:t7-r-cw2	draft	legacy_unverified	pending_T05	handled
section	section:set-7:part-2	set-7	2	R-002	MockSection	set:set-7	draft	legacy_unverified	pending_T05	handled
stimulus	stimulus:set-7:part-2:passage	set-7	2	R-002	section_passage	section:set-7:part-2	draft	legacy_unverified	pending_T05	handled
question_object	object:t7-r-dl1	set-7	2	R-002	mcq	section:set-7:part-2	draft	legacy_unverified	pending_T05	handled
item_unit	item:t7-r-dl1	set-7	2	R-002	mcq	object:t7-r-dl1	draft	legacy_unverified	pending_T05	handled
question_object	object:t7-r-dl2	set-7	2	R-002	mcq	section:set-7:part-2	draft	legacy_unverified	pending_T05	handled
item_unit	item:t7-r-dl2	set-7	2	R-002	mcq	object:t7-r-dl2	draft	legacy_unverified	pending_T05	handled
question_object	object:t7-r-dl3	set-7	2	R-002	mcq	section:set-7:part-2	draft	legacy_unverified	pending_T05	handled
item_unit	item:t7-r-dl3	set-7	2	R-002	mcq	object:t7-r-dl3	draft	legacy_unverified	pending_T05	handled
section	section:set-7:part-3	set-7	3	R-002	MockSection	set:set-7	draft	legacy_unverified	pending_T05	handled
stimulus	stimulus:set-7:part-3:passage	set-7	3	R-002	section_passage	section:set-7:part-3	draft	legacy_unverified	pending_T05	handled
question_object	object:t7-r-dl4	set-7	3	R-002	mcq	section:set-7:part-3	draft	legacy_unverified	pending_T05	handled
item_unit	item:t7-r-dl4	set-7	3	R-002	mcq	object:t7-r-dl4	draft	legacy_unverified	pending_T05	handled
question_object	object:t7-r-dl5	set-7	3	R-002	mcq	section:set-7:part-3	draft	legacy_unverified	pending_T05	handled
item_unit	item:t7-r-dl5	set-7	3	R-002	mcq	object:t7-r-dl5	draft	legacy_unverified	pending_T05	handled
section	section:set-7:part-4	set-7	4	R-003	MockSection	set:set-7	draft	legacy_unverified	pending_T05	mixed
stimulus	stimulus:set-7:part-4:passage	set-7	4	R-003	section_passage	section:set-7:part-4	draft	legacy_unverified	pending_T05	handled
question_object	object:t7-r-ap1	set-7	4	R-003	mcq	section:set-7:part-4	draft	legacy_unverified	pending_T05	handled
item_unit	item:t7-r-ap1	set-7	4	R-003	mcq	object:t7-r-ap1	draft	legacy_unverified	pending_T05	handled
question_object	object:t7-r-ap2	set-7	4	R-003	mcq	section:set-7:part-4	draft	legacy_unverified	pending_T05	handled
item_unit	item:t7-r-ap2	set-7	4	R-003	mcq	object:t7-r-ap2	draft	legacy_unverified	pending_T05	handled
question_object	object:t7-r-ap3	set-7	4	R-003	mcq	section:set-7:part-4	draft	legacy_unverified	pending_T05	handled
item_unit	item:t7-r-ap3	set-7	4	R-003	mcq	object:t7-r-ap3	draft	legacy_unverified	pending_T05	handled
question_object	object:t7-r-ap4	set-7	4	R-003	mcq	section:set-7:part-4	draft	legacy_unverified	pending_T05	handled
item_unit	item:t7-r-ap4	set-7	4	R-003	mcq	object:t7-r-ap4	draft	legacy_unverified	pending_T05	handled
question_object	object:t7-r-ap5	set-7	4	R-003	mcq	section:set-7:part-4	draft	legacy_unverified	pending_T05	handled
item_unit	item:t7-r-ap5	set-7	4	R-003	mcq	object:t7-r-ap5	draft	legacy_unverified	pending_T05	handled
question_object	object:t7-r-ap6	set-7	4	R-003	multiselect	section:set-7:part-4	draft	legacy_unverified	pending_T05	unhandled
item_unit	item:t7-r-ap6	set-7	4	R-003	multiselect	object:t7-r-ap6	draft	legacy_unverified	pending_T05	unhandled
section	section:set-7:part-5	set-7	5	L-001	MockSection	set:set-7	draft	legacy_unverified	pending_T05	handled
question_object	object:t7-l-cr1	set-7	5	L-001	mcq	section:set-7:part-5	draft	legacy_unverified	pending_T05	handled
stimulus	stimulus:t7-l-cr1:audio	set-7	5	L-001	question_audio_without_transcript	object:t7-l-cr1	draft	legacy_unverified	pending_T05	handled
item_unit	item:t7-l-cr1	set-7	5	L-001	mcq	object:t7-l-cr1	draft	legacy_unverified	pending_T05	handled
question_object	object:t7-l-cr2	set-7	5	L-001	mcq	section:set-7:part-5	draft	legacy_unverified	pending_T05	handled
stimulus	stimulus:t7-l-cr2:audio	set-7	5	L-001	question_audio_without_transcript	object:t7-l-cr2	draft	legacy_unverified	pending_T05	handled
item_unit	item:t7-l-cr2	set-7	5	L-001	mcq	object:t7-l-cr2	draft	legacy_unverified	pending_T05	handled
question_object	object:t7-l-cr3	set-7	5	L-001	mcq	section:set-7:part-5	draft	legacy_unverified	pending_T05	handled
stimulus	stimulus:t7-l-cr3:audio	set-7	5	L-001	question_audio_without_transcript	object:t7-l-cr3	draft	legacy_unverified	pending_T05	handled
item_unit	item:t7-l-cr3	set-7	5	L-001	mcq	object:t7-l-cr3	draft	legacy_unverified	pending_T05	handled
question_object	object:t7-l-cr4	set-7	5	L-001	mcq	section:set-7:part-5	draft	legacy_unverified	pending_T05	handled
stimulus	stimulus:t7-l-cr4:audio	set-7	5	L-001	question_audio_without_transcript	object:t7-l-cr4	draft	legacy_unverified	pending_T05	handled
item_unit	item:t7-l-cr4	set-7	5	L-001	mcq	object:t7-l-cr4	draft	legacy_unverified	pending_T05	handled
question_object	object:t7-l-cr5	set-7	5	L-001	mcq	section:set-7:part-5	draft	legacy_unverified	pending_T05	handled
stimulus	stimulus:t7-l-cr5:audio	set-7	5	L-001	question_audio_without_transcript	object:t7-l-cr5	draft	legacy_unverified	pending_T05	handled
item_unit	item:t7-l-cr5	set-7	5	L-001	mcq	object:t7-l-cr5	draft	legacy_unverified	pending_T05	handled
section	section:set-7:part-6	set-7	6	L-002	MockSection	set:set-7	draft	legacy_unverified	pending_T05	handled
stimulus	stimulus:set-7:part-6:audio	set-7	6	L-002	section_audio_with_transcript_candidate	section:set-7:part-6	draft	legacy_unverified	pending_T05	handled
question_object	object:t7-l-cv1	set-7	6	L-002	mcq	section:set-7:part-6	draft	legacy_unverified	pending_T05	handled
item_unit	item:t7-l-cv1	set-7	6	L-002	mcq	object:t7-l-cv1	draft	legacy_unverified	pending_T05	handled
question_object	object:t7-l-cv2	set-7	6	L-002	mcq	section:set-7:part-6	draft	legacy_unverified	pending_T05	handled
item_unit	item:t7-l-cv2	set-7	6	L-002	mcq	object:t7-l-cv2	draft	legacy_unverified	pending_T05	handled
question_object	object:t7-l-cv3	set-7	6	L-002	mcq	section:set-7:part-6	draft	legacy_unverified	pending_T05	handled
item_unit	item:t7-l-cv3	set-7	6	L-002	mcq	object:t7-l-cv3	draft	legacy_unverified	pending_T05	handled
question_object	object:t7-l-cv4	set-7	6	L-002	mcq	section:set-7:part-6	draft	legacy_unverified	pending_T05	handled
item_unit	item:t7-l-cv4	set-7	6	L-002	mcq	object:t7-l-cv4	draft	legacy_unverified	pending_T05	handled
section	section:set-7:part-7	set-7	7	L-003	MockSection	set:set-7	draft	legacy_unverified	pending_T05	handled
stimulus	stimulus:set-7:part-7:audio	set-7	7	L-003	section_audio_with_transcript_candidate	section:set-7:part-7	draft	legacy_unverified	pending_T05	handled
question_object	object:t7-l-an1	set-7	7	L-003	mcq	section:set-7:part-7	draft	legacy_unverified	pending_T05	handled
item_unit	item:t7-l-an1	set-7	7	L-003	mcq	object:t7-l-an1	draft	legacy_unverified	pending_T05	handled
question_object	object:t7-l-an2	set-7	7	L-003	mcq	section:set-7:part-7	draft	legacy_unverified	pending_T05	handled
item_unit	item:t7-l-an2	set-7	7	L-003	mcq	object:t7-l-an2	draft	legacy_unverified	pending_T05	handled
question_object	object:t7-l-an3	set-7	7	L-003	mcq	section:set-7:part-7	draft	legacy_unverified	pending_T05	handled
item_unit	item:t7-l-an3	set-7	7	L-003	mcq	object:t7-l-an3	draft	legacy_unverified	pending_T05	handled
section	section:set-7:part-8	set-7	8	L-004	MockSection	set:set-7	draft	legacy_unverified	pending_T05	handled
stimulus	stimulus:set-7:part-8:audio	set-7	8	L-004	section_audio_with_transcript_candidate	section:set-7:part-8	draft	legacy_unverified	pending_T05	handled
question_object	object:t7-l-at1	set-7	8	L-004	mcq	section:set-7:part-8	draft	legacy_unverified	pending_T05	handled
item_unit	item:t7-l-at1	set-7	8	L-004	mcq	object:t7-l-at1	draft	legacy_unverified	pending_T05	handled
question_object	object:t7-l-at2	set-7	8	L-004	mcq	section:set-7:part-8	draft	legacy_unverified	pending_T05	handled
item_unit	item:t7-l-at2	set-7	8	L-004	mcq	object:t7-l-at2	draft	legacy_unverified	pending_T05	handled
question_object	object:t7-l-at3	set-7	8	L-004	mcq	section:set-7:part-8	draft	legacy_unverified	pending_T05	handled
item_unit	item:t7-l-at3	set-7	8	L-004	mcq	object:t7-l-at3	draft	legacy_unverified	pending_T05	handled
question_object	object:t7-l-at4	set-7	8	L-004	mcq	section:set-7:part-8	draft	legacy_unverified	pending_T05	handled
item_unit	item:t7-l-at4	set-7	8	L-004	mcq	object:t7-l-at4	draft	legacy_unverified	pending_T05	handled
question_object	object:t7-l-at5	set-7	8	L-004	mcq	section:set-7:part-8	draft	legacy_unverified	pending_T05	handled
item_unit	item:t7-l-at5	set-7	8	L-004	mcq	object:t7-l-at5	draft	legacy_unverified	pending_T05	handled
section	section:set-7:part-9	set-7	9	W-001+W-004	MockSection	set:set-7	draft	legacy_unverified	pending_T05	handled
question_object	object:t7-w-bs1	set-7	9	W-001+W-004	sentencebuild	section:set-7:part-9	draft	legacy_unverified	pending_T05	handled
item_unit	item:t7-w-bs1	set-7	9	W-001+W-004	sentencebuild	object:t7-w-bs1	draft	legacy_unverified	pending_T05	handled
question_object	object:t7-w-bs2	set-7	9	W-001+W-004	sentencebuild	section:set-7:part-9	draft	legacy_unverified	pending_T05	handled
item_unit	item:t7-w-bs2	set-7	9	W-001+W-004	sentencebuild	object:t7-w-bs2	draft	legacy_unverified	pending_T05	handled
question_object	object:t7-w-bs3	set-7	9	W-001+W-004	sentencebuild	section:set-7:part-9	draft	legacy_unverified	pending_T05	handled
item_unit	item:t7-w-bs3	set-7	9	W-001+W-004	sentencebuild	object:t7-w-bs3	draft	legacy_unverified	pending_T05	handled
question_object	object:t7-w-bs4	set-7	9	W-001+W-004	sentencebuild	section:set-7:part-9	draft	legacy_unverified	pending_T05	handled
item_unit	item:t7-w-bs4	set-7	9	W-001+W-004	sentencebuild	object:t7-w-bs4	draft	legacy_unverified	pending_T05	handled
question_object	object:t7-w-bs5	set-7	9	W-001+W-004	sentencebuild	section:set-7:part-9	draft	legacy_unverified	pending_T05	handled
item_unit	item:t7-w-bs5	set-7	9	W-001+W-004	sentencebuild	object:t7-w-bs5	draft	legacy_unverified	pending_T05	handled
question_object	object:t7-w-bs6	set-7	9	W-001+W-004	sentencebuild	section:set-7:part-9	draft	legacy_unverified	pending_T05	handled
item_unit	item:t7-w-bs6	set-7	9	W-001+W-004	sentencebuild	object:t7-w-bs6	draft	legacy_unverified	pending_T05	handled
section	section:set-7:part-10	set-7	10	W-002	MockSection	set:set-7	draft	legacy_unverified	pending_T05	handled
question_object	object:t7-w-email	set-7	10	W-002	write	section:set-7:part-10	draft	legacy_unverified	pending_T05	handled
stimulus	stimulus:t7-w-email:writing	set-7	10	W-002	writing_stimulus	object:t7-w-email	draft	legacy_unverified	pending_T05	handled
item_unit	item:t7-w-email	set-7	10	W-002	write	object:t7-w-email	draft	legacy_unverified	pending_T05	handled
section	section:set-7:part-11	set-7	11	W-003	MockSection	set:set-7	draft	legacy_unverified	pending_T05	handled
question_object	object:t7-w-disc	set-7	11	W-003	write	section:set-7:part-11	draft	legacy_unverified	pending_T05	handled
stimulus	stimulus:t7-w-disc:writing	set-7	11	W-003	writing_stimulus	object:t7-w-disc	draft	legacy_unverified	pending_T05	handled
item_unit	item:t7-w-disc	set-7	11	W-003	write	object:t7-w-disc	draft	legacy_unverified	pending_T05	handled
section	section:set-7:part-12	set-7	12	S-001	MockSection	set:set-7	draft	legacy_unverified	pending_T05	handled
question_object	object:t7-s-rp1	set-7	12	S-001	repeat	section:set-7:part-12	draft	legacy_unverified	pending_T05	handled
stimulus	stimulus:t7-s-rp1:audio	set-7	12	S-001	repeat_audio_with_script_candidate	object:t7-s-rp1	draft	legacy_unverified	pending_T05	handled
item_unit	item:t7-s-rp1	set-7	12	S-001	repeat	object:t7-s-rp1	draft	legacy_unverified	pending_T05	handled
question_object	object:t7-s-rp2	set-7	12	S-001	repeat	section:set-7:part-12	draft	legacy_unverified	pending_T05	handled
stimulus	stimulus:t7-s-rp2:audio	set-7	12	S-001	repeat_audio_with_script_candidate	object:t7-s-rp2	draft	legacy_unverified	pending_T05	handled
item_unit	item:t7-s-rp2	set-7	12	S-001	repeat	object:t7-s-rp2	draft	legacy_unverified	pending_T05	handled
question_object	object:t7-s-rp3	set-7	12	S-001	repeat	section:set-7:part-12	draft	legacy_unverified	pending_T05	handled
stimulus	stimulus:t7-s-rp3:audio	set-7	12	S-001	repeat_audio_with_script_candidate	object:t7-s-rp3	draft	legacy_unverified	pending_T05	handled
item_unit	item:t7-s-rp3	set-7	12	S-001	repeat	object:t7-s-rp3	draft	legacy_unverified	pending_T05	handled
question_object	object:t7-s-rp4	set-7	12	S-001	repeat	section:set-7:part-12	draft	legacy_unverified	pending_T05	handled
stimulus	stimulus:t7-s-rp4:audio	set-7	12	S-001	repeat_audio_with_script_candidate	object:t7-s-rp4	draft	legacy_unverified	pending_T05	handled
item_unit	item:t7-s-rp4	set-7	12	S-001	repeat	object:t7-s-rp4	draft	legacy_unverified	pending_T05	handled
question_object	object:t7-s-rp5	set-7	12	S-001	repeat	section:set-7:part-12	draft	legacy_unverified	pending_T05	handled
stimulus	stimulus:t7-s-rp5:audio	set-7	12	S-001	repeat_audio_with_script_candidate	object:t7-s-rp5	draft	legacy_unverified	pending_T05	handled
item_unit	item:t7-s-rp5	set-7	12	S-001	repeat	object:t7-s-rp5	draft	legacy_unverified	pending_T05	handled
section	section:set-7:part-13	set-7	13	S-002	MockSection	set:set-7	draft	legacy_unverified	pending_T05	handled
question_object	object:t7-s-iv1	set-7	13	S-002	speak	section:set-7:part-13	draft	legacy_unverified	pending_T05	handled
stimulus	stimulus:t7-s-iv1:interview	set-7	13	S-002	interview_text_prompt	object:t7-s-iv1	draft	legacy_unverified	pending_T05	handled
item_unit	item:t7-s-iv1	set-7	13	S-002	speak	object:t7-s-iv1	draft	legacy_unverified	pending_T05	handled
question_object	object:t7-s-iv2	set-7	13	S-002	speak	section:set-7:part-13	draft	legacy_unverified	pending_T05	handled
stimulus	stimulus:t7-s-iv2:interview	set-7	13	S-002	interview_text_prompt	object:t7-s-iv2	draft	legacy_unverified	pending_T05	handled
item_unit	item:t7-s-iv2	set-7	13	S-002	speak	object:t7-s-iv2	draft	legacy_unverified	pending_T05	handled
question_object	object:t7-s-iv3	set-7	13	S-002	speak	section:set-7:part-13	draft	legacy_unverified	pending_T05	handled
stimulus	stimulus:t7-s-iv3:interview	set-7	13	S-002	interview_text_prompt	object:t7-s-iv3	draft	legacy_unverified	pending_T05	handled
item_unit	item:t7-s-iv3	set-7	13	S-002	speak	object:t7-s-iv3	draft	legacy_unverified	pending_T05	handled
question_object	object:t7-s-iv4	set-7	13	S-002	speak	section:set-7:part-13	draft	legacy_unverified	pending_T05	handled
stimulus	stimulus:t7-s-iv4:interview	set-7	13	S-002	interview_text_prompt	object:t7-s-iv4	draft	legacy_unverified	pending_T05	handled
item_unit	item:t7-s-iv4	set-7	13	S-002	speak	object:t7-s-iv4	draft	legacy_unverified	pending_T05	handled
set	set:set-8	set-8		R-001..S-002	MockExam		draft	audited_with_blockers	pending_T05	mixed
section	section:set-8:part-1	set-8	1	R-001	MockSection	set:set-8	draft	legacy_unverified	pending_T05	handled
question_object	object:t8-r-cw1	set-8	1	R-001	wordcomplete	section:set-8:part-1	draft	legacy_unverified	pending_T05	handled
stimulus	stimulus:t8-r-cw1:template	set-8	1	R-001	wordcomplete_template	object:t8-r-cw1	draft	legacy_unverified	pending_T05	handled
item_unit	item:t8-r-cw1:blank-1	set-8	1	R-001	wordcomplete_blank	object:t8-r-cw1	draft	legacy_unverified	pending_T05	handled
item_unit	item:t8-r-cw1:blank-2	set-8	1	R-001	wordcomplete_blank	object:t8-r-cw1	draft	legacy_unverified	pending_T05	handled
item_unit	item:t8-r-cw1:blank-3	set-8	1	R-001	wordcomplete_blank	object:t8-r-cw1	draft	legacy_unverified	pending_T05	handled
item_unit	item:t8-r-cw1:blank-4	set-8	1	R-001	wordcomplete_blank	object:t8-r-cw1	draft	legacy_unverified	pending_T05	handled
item_unit	item:t8-r-cw1:blank-5	set-8	1	R-001	wordcomplete_blank	object:t8-r-cw1	draft	legacy_unverified	pending_T05	handled
item_unit	item:t8-r-cw1:blank-6	set-8	1	R-001	wordcomplete_blank	object:t8-r-cw1	draft	legacy_unverified	pending_T05	handled
question_object	object:t8-r-cw2	set-8	1	R-001	wordcomplete	section:set-8:part-1	draft	legacy_unverified	pending_T05	handled
stimulus	stimulus:t8-r-cw2:template	set-8	1	R-001	wordcomplete_template	object:t8-r-cw2	draft	legacy_unverified	pending_T05	handled
item_unit	item:t8-r-cw2:blank-1	set-8	1	R-001	wordcomplete_blank	object:t8-r-cw2	draft	legacy_unverified	pending_T05	handled
item_unit	item:t8-r-cw2:blank-2	set-8	1	R-001	wordcomplete_blank	object:t8-r-cw2	draft	legacy_unverified	pending_T05	handled
item_unit	item:t8-r-cw2:blank-3	set-8	1	R-001	wordcomplete_blank	object:t8-r-cw2	draft	legacy_unverified	pending_T05	handled
item_unit	item:t8-r-cw2:blank-4	set-8	1	R-001	wordcomplete_blank	object:t8-r-cw2	draft	legacy_unverified	pending_T05	handled
item_unit	item:t8-r-cw2:blank-5	set-8	1	R-001	wordcomplete_blank	object:t8-r-cw2	draft	legacy_unverified	pending_T05	handled
item_unit	item:t8-r-cw2:blank-6	set-8	1	R-001	wordcomplete_blank	object:t8-r-cw2	draft	legacy_unverified	pending_T05	handled
section	section:set-8:part-2	set-8	2	R-002	MockSection	set:set-8	draft	legacy_unverified	pending_T05	handled
stimulus	stimulus:set-8:part-2:passage	set-8	2	R-002	section_passage	section:set-8:part-2	draft	legacy_unverified	pending_T05	handled
question_object	object:t8-r-dl1	set-8	2	R-002	mcq	section:set-8:part-2	draft	legacy_unverified	pending_T05	handled
item_unit	item:t8-r-dl1	set-8	2	R-002	mcq	object:t8-r-dl1	draft	legacy_unverified	pending_T05	handled
question_object	object:t8-r-dl2	set-8	2	R-002	mcq	section:set-8:part-2	draft	legacy_unverified	pending_T05	handled
item_unit	item:t8-r-dl2	set-8	2	R-002	mcq	object:t8-r-dl2	draft	legacy_unverified	pending_T05	handled
question_object	object:t8-r-dl3	set-8	2	R-002	mcq	section:set-8:part-2	draft	legacy_unverified	pending_T05	handled
item_unit	item:t8-r-dl3	set-8	2	R-002	mcq	object:t8-r-dl3	draft	legacy_unverified	pending_T05	handled
section	section:set-8:part-3	set-8	3	R-002	MockSection	set:set-8	draft	legacy_unverified	pending_T05	handled
stimulus	stimulus:set-8:part-3:passage	set-8	3	R-002	section_passage	section:set-8:part-3	draft	legacy_unverified	pending_T05	handled
question_object	object:t8-r-dl4	set-8	3	R-002	mcq	section:set-8:part-3	draft	legacy_unverified	pending_T05	handled
item_unit	item:t8-r-dl4	set-8	3	R-002	mcq	object:t8-r-dl4	draft	legacy_unverified	pending_T05	handled
question_object	object:t8-r-dl5	set-8	3	R-002	mcq	section:set-8:part-3	draft	legacy_unverified	pending_T05	handled
item_unit	item:t8-r-dl5	set-8	3	R-002	mcq	object:t8-r-dl5	draft	legacy_unverified	pending_T05	handled
section	section:set-8:part-4	set-8	4	R-003	MockSection	set:set-8	draft	legacy_unverified	pending_T05	mixed
stimulus	stimulus:set-8:part-4:passage	set-8	4	R-003	section_passage	section:set-8:part-4	draft	legacy_unverified	pending_T05	handled
question_object	object:t8-r-ap1	set-8	4	R-003	mcq	section:set-8:part-4	draft	legacy_unverified	pending_T05	handled
item_unit	item:t8-r-ap1	set-8	4	R-003	mcq	object:t8-r-ap1	draft	legacy_unverified	pending_T05	handled
question_object	object:t8-r-ap2	set-8	4	R-003	mcq	section:set-8:part-4	draft	legacy_unverified	pending_T05	handled
item_unit	item:t8-r-ap2	set-8	4	R-003	mcq	object:t8-r-ap2	draft	legacy_unverified	pending_T05	handled
question_object	object:t8-r-ap3	set-8	4	R-003	mcq	section:set-8:part-4	draft	legacy_unverified	pending_T05	handled
item_unit	item:t8-r-ap3	set-8	4	R-003	mcq	object:t8-r-ap3	draft	legacy_unverified	pending_T05	handled
question_object	object:t8-r-ap4	set-8	4	R-003	mcq	section:set-8:part-4	draft	legacy_unverified	pending_T05	handled
item_unit	item:t8-r-ap4	set-8	4	R-003	mcq	object:t8-r-ap4	draft	legacy_unverified	pending_T05	handled
question_object	object:t8-r-ap5	set-8	4	R-003	mcq	section:set-8:part-4	draft	legacy_unverified	pending_T05	handled
item_unit	item:t8-r-ap5	set-8	4	R-003	mcq	object:t8-r-ap5	draft	legacy_unverified	pending_T05	handled
question_object	object:t8-r-ap6	set-8	4	R-003	multiselect	section:set-8:part-4	draft	legacy_unverified	pending_T05	unhandled
item_unit	item:t8-r-ap6	set-8	4	R-003	multiselect	object:t8-r-ap6	draft	legacy_unverified	pending_T05	unhandled
section	section:set-8:part-5	set-8	5	L-001	MockSection	set:set-8	draft	legacy_unverified	pending_T05	handled
question_object	object:t8-l-cr1	set-8	5	L-001	mcq	section:set-8:part-5	draft	legacy_unverified	pending_T05	handled
stimulus	stimulus:t8-l-cr1:audio	set-8	5	L-001	question_audio_without_transcript	object:t8-l-cr1	draft	legacy_unverified	pending_T05	handled
item_unit	item:t8-l-cr1	set-8	5	L-001	mcq	object:t8-l-cr1	draft	legacy_unverified	pending_T05	handled
question_object	object:t8-l-cr2	set-8	5	L-001	mcq	section:set-8:part-5	draft	legacy_unverified	pending_T05	handled
stimulus	stimulus:t8-l-cr2:audio	set-8	5	L-001	question_audio_without_transcript	object:t8-l-cr2	draft	legacy_unverified	pending_T05	handled
item_unit	item:t8-l-cr2	set-8	5	L-001	mcq	object:t8-l-cr2	draft	legacy_unverified	pending_T05	handled
question_object	object:t8-l-cr3	set-8	5	L-001	mcq	section:set-8:part-5	draft	legacy_unverified	pending_T05	handled
stimulus	stimulus:t8-l-cr3:audio	set-8	5	L-001	question_audio_without_transcript	object:t8-l-cr3	draft	legacy_unverified	pending_T05	handled
item_unit	item:t8-l-cr3	set-8	5	L-001	mcq	object:t8-l-cr3	draft	legacy_unverified	pending_T05	handled
question_object	object:t8-l-cr4	set-8	5	L-001	mcq	section:set-8:part-5	draft	legacy_unverified	pending_T05	handled
stimulus	stimulus:t8-l-cr4:audio	set-8	5	L-001	question_audio_without_transcript	object:t8-l-cr4	draft	legacy_unverified	pending_T05	handled
item_unit	item:t8-l-cr4	set-8	5	L-001	mcq	object:t8-l-cr4	draft	legacy_unverified	pending_T05	handled
question_object	object:t8-l-cr5	set-8	5	L-001	mcq	section:set-8:part-5	draft	legacy_unverified	pending_T05	handled
stimulus	stimulus:t8-l-cr5:audio	set-8	5	L-001	question_audio_without_transcript	object:t8-l-cr5	draft	legacy_unverified	pending_T05	handled
item_unit	item:t8-l-cr5	set-8	5	L-001	mcq	object:t8-l-cr5	draft	legacy_unverified	pending_T05	handled
section	section:set-8:part-6	set-8	6	L-002	MockSection	set:set-8	draft	legacy_unverified	pending_T05	handled
stimulus	stimulus:set-8:part-6:audio	set-8	6	L-002	section_audio_with_transcript_candidate	section:set-8:part-6	draft	legacy_unverified	pending_T05	handled
question_object	object:t8-l-cv1	set-8	6	L-002	mcq	section:set-8:part-6	draft	legacy_unverified	pending_T05	handled
item_unit	item:t8-l-cv1	set-8	6	L-002	mcq	object:t8-l-cv1	draft	legacy_unverified	pending_T05	handled
question_object	object:t8-l-cv2	set-8	6	L-002	mcq	section:set-8:part-6	draft	legacy_unverified	pending_T05	handled
item_unit	item:t8-l-cv2	set-8	6	L-002	mcq	object:t8-l-cv2	draft	legacy_unverified	pending_T05	handled
question_object	object:t8-l-cv3	set-8	6	L-002	mcq	section:set-8:part-6	draft	legacy_unverified	pending_T05	handled
item_unit	item:t8-l-cv3	set-8	6	L-002	mcq	object:t8-l-cv3	draft	legacy_unverified	pending_T05	handled
question_object	object:t8-l-cv4	set-8	6	L-002	mcq	section:set-8:part-6	draft	legacy_unverified	pending_T05	handled
item_unit	item:t8-l-cv4	set-8	6	L-002	mcq	object:t8-l-cv4	draft	legacy_unverified	pending_T05	handled
section	section:set-8:part-7	set-8	7	L-003	MockSection	set:set-8	draft	legacy_unverified	pending_T05	handled
stimulus	stimulus:set-8:part-7:audio	set-8	7	L-003	section_audio_with_transcript_candidate	section:set-8:part-7	draft	legacy_unverified	pending_T05	handled
question_object	object:t8-l-an1	set-8	7	L-003	mcq	section:set-8:part-7	draft	legacy_unverified	pending_T05	handled
item_unit	item:t8-l-an1	set-8	7	L-003	mcq	object:t8-l-an1	draft	legacy_unverified	pending_T05	handled
question_object	object:t8-l-an2	set-8	7	L-003	mcq	section:set-8:part-7	draft	legacy_unverified	pending_T05	handled
item_unit	item:t8-l-an2	set-8	7	L-003	mcq	object:t8-l-an2	draft	legacy_unverified	pending_T05	handled
question_object	object:t8-l-an3	set-8	7	L-003	mcq	section:set-8:part-7	draft	legacy_unverified	pending_T05	handled
item_unit	item:t8-l-an3	set-8	7	L-003	mcq	object:t8-l-an3	draft	legacy_unverified	pending_T05	handled
section	section:set-8:part-8	set-8	8	L-004	MockSection	set:set-8	draft	legacy_unverified	pending_T05	handled
stimulus	stimulus:set-8:part-8:audio	set-8	8	L-004	section_audio_with_transcript_candidate	section:set-8:part-8	draft	legacy_unverified	pending_T05	handled
question_object	object:t8-l-at1	set-8	8	L-004	mcq	section:set-8:part-8	draft	legacy_unverified	pending_T05	handled
item_unit	item:t8-l-at1	set-8	8	L-004	mcq	object:t8-l-at1	draft	legacy_unverified	pending_T05	handled
question_object	object:t8-l-at2	set-8	8	L-004	mcq	section:set-8:part-8	draft	legacy_unverified	pending_T05	handled
item_unit	item:t8-l-at2	set-8	8	L-004	mcq	object:t8-l-at2	draft	legacy_unverified	pending_T05	handled
question_object	object:t8-l-at3	set-8	8	L-004	mcq	section:set-8:part-8	draft	legacy_unverified	pending_T05	handled
item_unit	item:t8-l-at3	set-8	8	L-004	mcq	object:t8-l-at3	draft	legacy_unverified	pending_T05	handled
question_object	object:t8-l-at4	set-8	8	L-004	mcq	section:set-8:part-8	draft	legacy_unverified	pending_T05	handled
item_unit	item:t8-l-at4	set-8	8	L-004	mcq	object:t8-l-at4	draft	legacy_unverified	pending_T05	handled
question_object	object:t8-l-at5	set-8	8	L-004	mcq	section:set-8:part-8	draft	legacy_unverified	pending_T05	handled
item_unit	item:t8-l-at5	set-8	8	L-004	mcq	object:t8-l-at5	draft	legacy_unverified	pending_T05	handled
section	section:set-8:part-9	set-8	9	W-001+W-004	MockSection	set:set-8	draft	legacy_unverified	pending_T05	handled
question_object	object:t8-w-bs1	set-8	9	W-001+W-004	sentencebuild	section:set-8:part-9	draft	legacy_unverified	pending_T05	handled
item_unit	item:t8-w-bs1	set-8	9	W-001+W-004	sentencebuild	object:t8-w-bs1	draft	legacy_unverified	pending_T05	handled
question_object	object:t8-w-bs2	set-8	9	W-001+W-004	sentencebuild	section:set-8:part-9	draft	legacy_unverified	pending_T05	handled
item_unit	item:t8-w-bs2	set-8	9	W-001+W-004	sentencebuild	object:t8-w-bs2	draft	legacy_unverified	pending_T05	handled
question_object	object:t8-w-bs3	set-8	9	W-001+W-004	sentencebuild	section:set-8:part-9	draft	legacy_unverified	pending_T05	handled
item_unit	item:t8-w-bs3	set-8	9	W-001+W-004	sentencebuild	object:t8-w-bs3	draft	legacy_unverified	pending_T05	handled
question_object	object:t8-w-bs4	set-8	9	W-001+W-004	sentencebuild	section:set-8:part-9	draft	legacy_unverified	pending_T05	handled
item_unit	item:t8-w-bs4	set-8	9	W-001+W-004	sentencebuild	object:t8-w-bs4	draft	legacy_unverified	pending_T05	handled
question_object	object:t8-w-bs5	set-8	9	W-001+W-004	sentencebuild	section:set-8:part-9	draft	legacy_unverified	pending_T05	handled
item_unit	item:t8-w-bs5	set-8	9	W-001+W-004	sentencebuild	object:t8-w-bs5	draft	legacy_unverified	pending_T05	handled
question_object	object:t8-w-bs6	set-8	9	W-001+W-004	sentencebuild	section:set-8:part-9	draft	legacy_unverified	pending_T05	handled
item_unit	item:t8-w-bs6	set-8	9	W-001+W-004	sentencebuild	object:t8-w-bs6	draft	legacy_unverified	pending_T05	handled
section	section:set-8:part-10	set-8	10	W-002	MockSection	set:set-8	draft	legacy_unverified	pending_T05	handled
question_object	object:t8-w-email	set-8	10	W-002	write	section:set-8:part-10	draft	legacy_unverified	pending_T05	handled
stimulus	stimulus:t8-w-email:writing	set-8	10	W-002	writing_stimulus	object:t8-w-email	draft	legacy_unverified	pending_T05	handled
item_unit	item:t8-w-email	set-8	10	W-002	write	object:t8-w-email	draft	legacy_unverified	pending_T05	handled
section	section:set-8:part-11	set-8	11	W-003	MockSection	set:set-8	draft	legacy_unverified	pending_T05	handled
question_object	object:t8-w-disc	set-8	11	W-003	write	section:set-8:part-11	draft	legacy_unverified	pending_T05	handled
stimulus	stimulus:t8-w-disc:writing	set-8	11	W-003	writing_stimulus	object:t8-w-disc	draft	legacy_unverified	pending_T05	handled
item_unit	item:t8-w-disc	set-8	11	W-003	write	object:t8-w-disc	draft	legacy_unverified	pending_T05	handled
section	section:set-8:part-12	set-8	12	S-001	MockSection	set:set-8	draft	legacy_unverified	pending_T05	handled
question_object	object:t8-s-rp1	set-8	12	S-001	repeat	section:set-8:part-12	draft	legacy_unverified	pending_T05	handled
stimulus	stimulus:t8-s-rp1:audio	set-8	12	S-001	repeat_audio_with_script_candidate	object:t8-s-rp1	draft	legacy_unverified	pending_T05	handled
item_unit	item:t8-s-rp1	set-8	12	S-001	repeat	object:t8-s-rp1	draft	legacy_unverified	pending_T05	handled
question_object	object:t8-s-rp2	set-8	12	S-001	repeat	section:set-8:part-12	draft	legacy_unverified	pending_T05	handled
stimulus	stimulus:t8-s-rp2:audio	set-8	12	S-001	repeat_audio_with_script_candidate	object:t8-s-rp2	draft	legacy_unverified	pending_T05	handled
item_unit	item:t8-s-rp2	set-8	12	S-001	repeat	object:t8-s-rp2	draft	legacy_unverified	pending_T05	handled
question_object	object:t8-s-rp3	set-8	12	S-001	repeat	section:set-8:part-12	draft	legacy_unverified	pending_T05	handled
stimulus	stimulus:t8-s-rp3:audio	set-8	12	S-001	repeat_audio_with_script_candidate	object:t8-s-rp3	draft	legacy_unverified	pending_T05	handled
item_unit	item:t8-s-rp3	set-8	12	S-001	repeat	object:t8-s-rp3	draft	legacy_unverified	pending_T05	handled
question_object	object:t8-s-rp4	set-8	12	S-001	repeat	section:set-8:part-12	draft	legacy_unverified	pending_T05	handled
stimulus	stimulus:t8-s-rp4:audio	set-8	12	S-001	repeat_audio_with_script_candidate	object:t8-s-rp4	draft	legacy_unverified	pending_T05	handled
item_unit	item:t8-s-rp4	set-8	12	S-001	repeat	object:t8-s-rp4	draft	legacy_unverified	pending_T05	handled
question_object	object:t8-s-rp5	set-8	12	S-001	repeat	section:set-8:part-12	draft	legacy_unverified	pending_T05	handled
stimulus	stimulus:t8-s-rp5:audio	set-8	12	S-001	repeat_audio_with_script_candidate	object:t8-s-rp5	draft	legacy_unverified	pending_T05	handled
item_unit	item:t8-s-rp5	set-8	12	S-001	repeat	object:t8-s-rp5	draft	legacy_unverified	pending_T05	handled
section	section:set-8:part-13	set-8	13	S-002	MockSection	set:set-8	draft	legacy_unverified	pending_T05	handled
question_object	object:t8-s-iv1	set-8	13	S-002	speak	section:set-8:part-13	draft	legacy_unverified	pending_T05	handled
stimulus	stimulus:t8-s-iv1:interview	set-8	13	S-002	interview_text_prompt	object:t8-s-iv1	draft	legacy_unverified	pending_T05	handled
item_unit	item:t8-s-iv1	set-8	13	S-002	speak	object:t8-s-iv1	draft	legacy_unverified	pending_T05	handled
question_object	object:t8-s-iv2	set-8	13	S-002	speak	section:set-8:part-13	draft	legacy_unverified	pending_T05	handled
stimulus	stimulus:t8-s-iv2:interview	set-8	13	S-002	interview_text_prompt	object:t8-s-iv2	draft	legacy_unverified	pending_T05	handled
item_unit	item:t8-s-iv2	set-8	13	S-002	speak	object:t8-s-iv2	draft	legacy_unverified	pending_T05	handled
question_object	object:t8-s-iv3	set-8	13	S-002	speak	section:set-8:part-13	draft	legacy_unverified	pending_T05	handled
stimulus	stimulus:t8-s-iv3:interview	set-8	13	S-002	interview_text_prompt	object:t8-s-iv3	draft	legacy_unverified	pending_T05	handled
item_unit	item:t8-s-iv3	set-8	13	S-002	speak	object:t8-s-iv3	draft	legacy_unverified	pending_T05	handled
question_object	object:t8-s-iv4	set-8	13	S-002	speak	section:set-8:part-13	draft	legacy_unverified	pending_T05	handled
stimulus	stimulus:t8-s-iv4:interview	set-8	13	S-002	interview_text_prompt	object:t8-s-iv4	draft	legacy_unverified	pending_T05	handled
item_unit	item:t8-s-iv4	set-8	13	S-002	speak	object:t8-s-iv4	draft	legacy_unverified	pending_T05	handled
set	set:set-9	set-9		R-001..S-002	MockExam		draft	audited_with_blockers	pending_T05	mixed
section	section:set-9:part-1	set-9	1	R-001	MockSection	set:set-9	draft	legacy_unverified	pending_T05	handled
question_object	object:t9-r-cw1	set-9	1	R-001	wordcomplete	section:set-9:part-1	draft	legacy_unverified	pending_T05	handled
stimulus	stimulus:t9-r-cw1:template	set-9	1	R-001	wordcomplete_template	object:t9-r-cw1	draft	legacy_unverified	pending_T05	handled
item_unit	item:t9-r-cw1:blank-1	set-9	1	R-001	wordcomplete_blank	object:t9-r-cw1	draft	legacy_unverified	pending_T05	handled
item_unit	item:t9-r-cw1:blank-2	set-9	1	R-001	wordcomplete_blank	object:t9-r-cw1	draft	legacy_unverified	pending_T05	handled
item_unit	item:t9-r-cw1:blank-3	set-9	1	R-001	wordcomplete_blank	object:t9-r-cw1	draft	legacy_unverified	pending_T05	handled
item_unit	item:t9-r-cw1:blank-4	set-9	1	R-001	wordcomplete_blank	object:t9-r-cw1	draft	legacy_unverified	pending_T05	handled
item_unit	item:t9-r-cw1:blank-5	set-9	1	R-001	wordcomplete_blank	object:t9-r-cw1	draft	legacy_unverified	pending_T05	handled
item_unit	item:t9-r-cw1:blank-6	set-9	1	R-001	wordcomplete_blank	object:t9-r-cw1	draft	legacy_unverified	pending_T05	handled
question_object	object:t9-r-cw2	set-9	1	R-001	wordcomplete	section:set-9:part-1	draft	legacy_unverified	pending_T05	handled
stimulus	stimulus:t9-r-cw2:template	set-9	1	R-001	wordcomplete_template	object:t9-r-cw2	draft	legacy_unverified	pending_T05	handled
item_unit	item:t9-r-cw2:blank-1	set-9	1	R-001	wordcomplete_blank	object:t9-r-cw2	draft	legacy_unverified	pending_T05	handled
item_unit	item:t9-r-cw2:blank-2	set-9	1	R-001	wordcomplete_blank	object:t9-r-cw2	draft	legacy_unverified	pending_T05	handled
item_unit	item:t9-r-cw2:blank-3	set-9	1	R-001	wordcomplete_blank	object:t9-r-cw2	draft	legacy_unverified	pending_T05	handled
item_unit	item:t9-r-cw2:blank-4	set-9	1	R-001	wordcomplete_blank	object:t9-r-cw2	draft	legacy_unverified	pending_T05	handled
item_unit	item:t9-r-cw2:blank-5	set-9	1	R-001	wordcomplete_blank	object:t9-r-cw2	draft	legacy_unverified	pending_T05	handled
item_unit	item:t9-r-cw2:blank-6	set-9	1	R-001	wordcomplete_blank	object:t9-r-cw2	draft	legacy_unverified	pending_T05	handled
section	section:set-9:part-2	set-9	2	R-002	MockSection	set:set-9	draft	legacy_unverified	pending_T05	handled
stimulus	stimulus:set-9:part-2:passage	set-9	2	R-002	section_passage	section:set-9:part-2	draft	legacy_unverified	pending_T05	handled
question_object	object:t9-r-dl1	set-9	2	R-002	mcq	section:set-9:part-2	draft	legacy_unverified	pending_T05	handled
item_unit	item:t9-r-dl1	set-9	2	R-002	mcq	object:t9-r-dl1	draft	legacy_unverified	pending_T05	handled
question_object	object:t9-r-dl2	set-9	2	R-002	mcq	section:set-9:part-2	draft	legacy_unverified	pending_T05	handled
item_unit	item:t9-r-dl2	set-9	2	R-002	mcq	object:t9-r-dl2	draft	legacy_unverified	pending_T05	handled
question_object	object:t9-r-dl3	set-9	2	R-002	mcq	section:set-9:part-2	draft	legacy_unverified	pending_T05	handled
item_unit	item:t9-r-dl3	set-9	2	R-002	mcq	object:t9-r-dl3	draft	legacy_unverified	pending_T05	handled
section	section:set-9:part-3	set-9	3	R-002	MockSection	set:set-9	draft	legacy_unverified	pending_T05	handled
stimulus	stimulus:set-9:part-3:passage	set-9	3	R-002	section_passage	section:set-9:part-3	draft	legacy_unverified	pending_T05	handled
question_object	object:t9-r-dl4	set-9	3	R-002	mcq	section:set-9:part-3	draft	legacy_unverified	pending_T05	handled
item_unit	item:t9-r-dl4	set-9	3	R-002	mcq	object:t9-r-dl4	draft	legacy_unverified	pending_T05	handled
question_object	object:t9-r-dl5	set-9	3	R-002	mcq	section:set-9:part-3	draft	legacy_unverified	pending_T05	handled
item_unit	item:t9-r-dl5	set-9	3	R-002	mcq	object:t9-r-dl5	draft	legacy_unverified	pending_T05	handled
section	section:set-9:part-4	set-9	4	R-003	MockSection	set:set-9	draft	legacy_unverified	pending_T05	mixed
stimulus	stimulus:set-9:part-4:passage	set-9	4	R-003	section_passage	section:set-9:part-4	draft	legacy_unverified	pending_T05	handled
question_object	object:t9-r-ap1	set-9	4	R-003	mcq	section:set-9:part-4	draft	legacy_unverified	pending_T05	handled
item_unit	item:t9-r-ap1	set-9	4	R-003	mcq	object:t9-r-ap1	draft	legacy_unverified	pending_T05	handled
question_object	object:t9-r-ap2	set-9	4	R-003	mcq	section:set-9:part-4	draft	legacy_unverified	pending_T05	handled
item_unit	item:t9-r-ap2	set-9	4	R-003	mcq	object:t9-r-ap2	draft	legacy_unverified	pending_T05	handled
question_object	object:t9-r-ap3	set-9	4	R-003	mcq	section:set-9:part-4	draft	legacy_unverified	pending_T05	handled
item_unit	item:t9-r-ap3	set-9	4	R-003	mcq	object:t9-r-ap3	draft	legacy_unverified	pending_T05	handled
question_object	object:t9-r-ap4	set-9	4	R-003	mcq	section:set-9:part-4	draft	legacy_unverified	pending_T05	handled
item_unit	item:t9-r-ap4	set-9	4	R-003	mcq	object:t9-r-ap4	draft	legacy_unverified	pending_T05	handled
question_object	object:t9-r-ap5	set-9	4	R-003	mcq	section:set-9:part-4	draft	legacy_unverified	pending_T05	handled
item_unit	item:t9-r-ap5	set-9	4	R-003	mcq	object:t9-r-ap5	draft	legacy_unverified	pending_T05	handled
question_object	object:t9-r-ap6	set-9	4	R-003	multiselect	section:set-9:part-4	draft	legacy_unverified	pending_T05	unhandled
item_unit	item:t9-r-ap6	set-9	4	R-003	multiselect	object:t9-r-ap6	draft	legacy_unverified	pending_T05	unhandled
section	section:set-9:part-5	set-9	5	L-001	MockSection	set:set-9	draft	legacy_unverified	pending_T05	handled
question_object	object:t9-l-cr1	set-9	5	L-001	mcq	section:set-9:part-5	draft	legacy_unverified	pending_T05	handled
stimulus	stimulus:t9-l-cr1:audio	set-9	5	L-001	question_audio_without_transcript	object:t9-l-cr1	draft	legacy_unverified	pending_T05	handled
item_unit	item:t9-l-cr1	set-9	5	L-001	mcq	object:t9-l-cr1	draft	legacy_unverified	pending_T05	handled
question_object	object:t9-l-cr2	set-9	5	L-001	mcq	section:set-9:part-5	draft	legacy_unverified	pending_T05	handled
stimulus	stimulus:t9-l-cr2:audio	set-9	5	L-001	question_audio_without_transcript	object:t9-l-cr2	draft	legacy_unverified	pending_T05	handled
item_unit	item:t9-l-cr2	set-9	5	L-001	mcq	object:t9-l-cr2	draft	legacy_unverified	pending_T05	handled
question_object	object:t9-l-cr3	set-9	5	L-001	mcq	section:set-9:part-5	draft	legacy_unverified	pending_T05	handled
stimulus	stimulus:t9-l-cr3:audio	set-9	5	L-001	question_audio_without_transcript	object:t9-l-cr3	draft	legacy_unverified	pending_T05	handled
item_unit	item:t9-l-cr3	set-9	5	L-001	mcq	object:t9-l-cr3	draft	legacy_unverified	pending_T05	handled
question_object	object:t9-l-cr4	set-9	5	L-001	mcq	section:set-9:part-5	draft	legacy_unverified	pending_T05	handled
stimulus	stimulus:t9-l-cr4:audio	set-9	5	L-001	question_audio_without_transcript	object:t9-l-cr4	draft	legacy_unverified	pending_T05	handled
item_unit	item:t9-l-cr4	set-9	5	L-001	mcq	object:t9-l-cr4	draft	legacy_unverified	pending_T05	handled
question_object	object:t9-l-cr5	set-9	5	L-001	mcq	section:set-9:part-5	draft	legacy_unverified	pending_T05	handled
stimulus	stimulus:t9-l-cr5:audio	set-9	5	L-001	question_audio_without_transcript	object:t9-l-cr5	draft	legacy_unverified	pending_T05	handled
item_unit	item:t9-l-cr5	set-9	5	L-001	mcq	object:t9-l-cr5	draft	legacy_unverified	pending_T05	handled
section	section:set-9:part-6	set-9	6	L-002	MockSection	set:set-9	draft	legacy_unverified	pending_T05	handled
stimulus	stimulus:set-9:part-6:audio	set-9	6	L-002	section_audio_with_transcript_candidate	section:set-9:part-6	draft	legacy_unverified	pending_T05	handled
question_object	object:t9-l-cv1	set-9	6	L-002	mcq	section:set-9:part-6	draft	legacy_unverified	pending_T05	handled
item_unit	item:t9-l-cv1	set-9	6	L-002	mcq	object:t9-l-cv1	draft	legacy_unverified	pending_T05	handled
question_object	object:t9-l-cv2	set-9	6	L-002	mcq	section:set-9:part-6	draft	legacy_unverified	pending_T05	handled
item_unit	item:t9-l-cv2	set-9	6	L-002	mcq	object:t9-l-cv2	draft	legacy_unverified	pending_T05	handled
question_object	object:t9-l-cv3	set-9	6	L-002	mcq	section:set-9:part-6	draft	legacy_unverified	pending_T05	handled
item_unit	item:t9-l-cv3	set-9	6	L-002	mcq	object:t9-l-cv3	draft	legacy_unverified	pending_T05	handled
question_object	object:t9-l-cv4	set-9	6	L-002	mcq	section:set-9:part-6	draft	legacy_unverified	pending_T05	handled
item_unit	item:t9-l-cv4	set-9	6	L-002	mcq	object:t9-l-cv4	draft	legacy_unverified	pending_T05	handled
section	section:set-9:part-7	set-9	7	L-003	MockSection	set:set-9	draft	legacy_unverified	pending_T05	handled
stimulus	stimulus:set-9:part-7:audio	set-9	7	L-003	section_audio_with_transcript_candidate	section:set-9:part-7	draft	legacy_unverified	pending_T05	handled
question_object	object:t9-l-an1	set-9	7	L-003	mcq	section:set-9:part-7	draft	legacy_unverified	pending_T05	handled
item_unit	item:t9-l-an1	set-9	7	L-003	mcq	object:t9-l-an1	draft	legacy_unverified	pending_T05	handled
question_object	object:t9-l-an2	set-9	7	L-003	mcq	section:set-9:part-7	draft	legacy_unverified	pending_T05	handled
item_unit	item:t9-l-an2	set-9	7	L-003	mcq	object:t9-l-an2	draft	legacy_unverified	pending_T05	handled
question_object	object:t9-l-an3	set-9	7	L-003	mcq	section:set-9:part-7	draft	legacy_unverified	pending_T05	handled
item_unit	item:t9-l-an3	set-9	7	L-003	mcq	object:t9-l-an3	draft	legacy_unverified	pending_T05	handled
section	section:set-9:part-8	set-9	8	L-004	MockSection	set:set-9	draft	legacy_unverified	pending_T05	handled
stimulus	stimulus:set-9:part-8:audio	set-9	8	L-004	section_audio_with_transcript_candidate	section:set-9:part-8	draft	legacy_unverified	pending_T05	handled
question_object	object:t9-l-at1	set-9	8	L-004	mcq	section:set-9:part-8	draft	legacy_unverified	pending_T05	handled
item_unit	item:t9-l-at1	set-9	8	L-004	mcq	object:t9-l-at1	draft	legacy_unverified	pending_T05	handled
question_object	object:t9-l-at2	set-9	8	L-004	mcq	section:set-9:part-8	draft	legacy_unverified	pending_T05	handled
item_unit	item:t9-l-at2	set-9	8	L-004	mcq	object:t9-l-at2	draft	legacy_unverified	pending_T05	handled
question_object	object:t9-l-at3	set-9	8	L-004	mcq	section:set-9:part-8	draft	legacy_unverified	pending_T05	handled
item_unit	item:t9-l-at3	set-9	8	L-004	mcq	object:t9-l-at3	draft	legacy_unverified	pending_T05	handled
question_object	object:t9-l-at4	set-9	8	L-004	mcq	section:set-9:part-8	draft	legacy_unverified	pending_T05	handled
item_unit	item:t9-l-at4	set-9	8	L-004	mcq	object:t9-l-at4	draft	legacy_unverified	pending_T05	handled
question_object	object:t9-l-at5	set-9	8	L-004	mcq	section:set-9:part-8	draft	legacy_unverified	pending_T05	handled
item_unit	item:t9-l-at5	set-9	8	L-004	mcq	object:t9-l-at5	draft	legacy_unverified	pending_T05	handled
section	section:set-9:part-9	set-9	9	W-001+W-004	MockSection	set:set-9	draft	legacy_unverified	pending_T05	handled
question_object	object:t9-w-bs1	set-9	9	W-001+W-004	sentencebuild	section:set-9:part-9	draft	legacy_unverified	pending_T05	handled
item_unit	item:t9-w-bs1	set-9	9	W-001+W-004	sentencebuild	object:t9-w-bs1	draft	legacy_unverified	pending_T05	handled
question_object	object:t9-w-bs2	set-9	9	W-001+W-004	sentencebuild	section:set-9:part-9	draft	legacy_unverified	pending_T05	handled
item_unit	item:t9-w-bs2	set-9	9	W-001+W-004	sentencebuild	object:t9-w-bs2	draft	legacy_unverified	pending_T05	handled
question_object	object:t9-w-bs3	set-9	9	W-001+W-004	sentencebuild	section:set-9:part-9	draft	legacy_unverified	pending_T05	handled
item_unit	item:t9-w-bs3	set-9	9	W-001+W-004	sentencebuild	object:t9-w-bs3	draft	legacy_unverified	pending_T05	handled
question_object	object:t9-w-bs4	set-9	9	W-001+W-004	sentencebuild	section:set-9:part-9	draft	legacy_unverified	pending_T05	handled
item_unit	item:t9-w-bs4	set-9	9	W-001+W-004	sentencebuild	object:t9-w-bs4	draft	legacy_unverified	pending_T05	handled
question_object	object:t9-w-bs5	set-9	9	W-001+W-004	sentencebuild	section:set-9:part-9	draft	legacy_unverified	pending_T05	handled
item_unit	item:t9-w-bs5	set-9	9	W-001+W-004	sentencebuild	object:t9-w-bs5	draft	legacy_unverified	pending_T05	handled
question_object	object:t9-w-bs6	set-9	9	W-001+W-004	sentencebuild	section:set-9:part-9	draft	legacy_unverified	pending_T05	handled
item_unit	item:t9-w-bs6	set-9	9	W-001+W-004	sentencebuild	object:t9-w-bs6	draft	legacy_unverified	pending_T05	handled
section	section:set-9:part-10	set-9	10	W-002	MockSection	set:set-9	draft	legacy_unverified	pending_T05	handled
question_object	object:t9-w-email	set-9	10	W-002	write	section:set-9:part-10	draft	legacy_unverified	pending_T05	handled
stimulus	stimulus:t9-w-email:writing	set-9	10	W-002	writing_stimulus	object:t9-w-email	draft	legacy_unverified	pending_T05	handled
item_unit	item:t9-w-email	set-9	10	W-002	write	object:t9-w-email	draft	legacy_unverified	pending_T05	handled
section	section:set-9:part-11	set-9	11	W-003	MockSection	set:set-9	draft	legacy_unverified	pending_T05	handled
question_object	object:t9-w-disc	set-9	11	W-003	write	section:set-9:part-11	draft	legacy_unverified	pending_T05	handled
stimulus	stimulus:t9-w-disc:writing	set-9	11	W-003	writing_stimulus	object:t9-w-disc	draft	legacy_unverified	pending_T05	handled
item_unit	item:t9-w-disc	set-9	11	W-003	write	object:t9-w-disc	draft	legacy_unverified	pending_T05	handled
section	section:set-9:part-12	set-9	12	S-001	MockSection	set:set-9	draft	legacy_unverified	pending_T05	handled
question_object	object:t9-s-rp1	set-9	12	S-001	repeat	section:set-9:part-12	draft	legacy_unverified	pending_T05	handled
stimulus	stimulus:t9-s-rp1:audio	set-9	12	S-001	repeat_audio_with_script_candidate	object:t9-s-rp1	draft	legacy_unverified	pending_T05	handled
item_unit	item:t9-s-rp1	set-9	12	S-001	repeat	object:t9-s-rp1	draft	legacy_unverified	pending_T05	handled
question_object	object:t9-s-rp2	set-9	12	S-001	repeat	section:set-9:part-12	draft	legacy_unverified	pending_T05	handled
stimulus	stimulus:t9-s-rp2:audio	set-9	12	S-001	repeat_audio_with_script_candidate	object:t9-s-rp2	draft	legacy_unverified	pending_T05	handled
item_unit	item:t9-s-rp2	set-9	12	S-001	repeat	object:t9-s-rp2	draft	legacy_unverified	pending_T05	handled
question_object	object:t9-s-rp3	set-9	12	S-001	repeat	section:set-9:part-12	draft	legacy_unverified	pending_T05	handled
stimulus	stimulus:t9-s-rp3:audio	set-9	12	S-001	repeat_audio_with_script_candidate	object:t9-s-rp3	draft	legacy_unverified	pending_T05	handled
item_unit	item:t9-s-rp3	set-9	12	S-001	repeat	object:t9-s-rp3	draft	legacy_unverified	pending_T05	handled
question_object	object:t9-s-rp4	set-9	12	S-001	repeat	section:set-9:part-12	draft	legacy_unverified	pending_T05	handled
stimulus	stimulus:t9-s-rp4:audio	set-9	12	S-001	repeat_audio_with_script_candidate	object:t9-s-rp4	draft	legacy_unverified	pending_T05	handled
item_unit	item:t9-s-rp4	set-9	12	S-001	repeat	object:t9-s-rp4	draft	legacy_unverified	pending_T05	handled
question_object	object:t9-s-rp5	set-9	12	S-001	repeat	section:set-9:part-12	draft	legacy_unverified	pending_T05	handled
stimulus	stimulus:t9-s-rp5:audio	set-9	12	S-001	repeat_audio_with_script_candidate	object:t9-s-rp5	draft	legacy_unverified	pending_T05	handled
item_unit	item:t9-s-rp5	set-9	12	S-001	repeat	object:t9-s-rp5	draft	legacy_unverified	pending_T05	handled
section	section:set-9:part-13	set-9	13	S-002	MockSection	set:set-9	draft	legacy_unverified	pending_T05	handled
question_object	object:t9-s-iv1	set-9	13	S-002	speak	section:set-9:part-13	draft	legacy_unverified	pending_T05	handled
stimulus	stimulus:t9-s-iv1:interview	set-9	13	S-002	interview_text_prompt	object:t9-s-iv1	draft	legacy_unverified	pending_T05	handled
item_unit	item:t9-s-iv1	set-9	13	S-002	speak	object:t9-s-iv1	draft	legacy_unverified	pending_T05	handled
question_object	object:t9-s-iv2	set-9	13	S-002	speak	section:set-9:part-13	draft	legacy_unverified	pending_T05	handled
stimulus	stimulus:t9-s-iv2:interview	set-9	13	S-002	interview_text_prompt	object:t9-s-iv2	draft	legacy_unverified	pending_T05	handled
item_unit	item:t9-s-iv2	set-9	13	S-002	speak	object:t9-s-iv2	draft	legacy_unverified	pending_T05	handled
question_object	object:t9-s-iv3	set-9	13	S-002	speak	section:set-9:part-13	draft	legacy_unverified	pending_T05	handled
stimulus	stimulus:t9-s-iv3:interview	set-9	13	S-002	interview_text_prompt	object:t9-s-iv3	draft	legacy_unverified	pending_T05	handled
item_unit	item:t9-s-iv3	set-9	13	S-002	speak	object:t9-s-iv3	draft	legacy_unverified	pending_T05	handled
question_object	object:t9-s-iv4	set-9	13	S-002	speak	section:set-9:part-13	draft	legacy_unverified	pending_T05	handled
stimulus	stimulus:t9-s-iv4:interview	set-9	13	S-002	interview_text_prompt	object:t9-s-iv4	draft	legacy_unverified	pending_T05	handled
item_unit	item:t9-s-iv4	set-9	13	S-002	speak	object:t9-s-iv4	draft	legacy_unverified	pending_T05	handled
set	set:set-10	set-10		R-001..S-002	MockExam		draft	audited_with_blockers	pending_T05	mixed
section	section:set-10:part-1	set-10	1	R-001	MockSection	set:set-10	draft	legacy_unverified	pending_T05	handled
question_object	object:t10-r-cw1	set-10	1	R-001	wordcomplete	section:set-10:part-1	draft	legacy_unverified	pending_T05	handled
stimulus	stimulus:t10-r-cw1:template	set-10	1	R-001	wordcomplete_template	object:t10-r-cw1	draft	legacy_unverified	pending_T05	handled
item_unit	item:t10-r-cw1:blank-1	set-10	1	R-001	wordcomplete_blank	object:t10-r-cw1	draft	legacy_unverified	pending_T05	handled
item_unit	item:t10-r-cw1:blank-2	set-10	1	R-001	wordcomplete_blank	object:t10-r-cw1	draft	legacy_unverified	pending_T05	handled
item_unit	item:t10-r-cw1:blank-3	set-10	1	R-001	wordcomplete_blank	object:t10-r-cw1	draft	legacy_unverified	pending_T05	handled
item_unit	item:t10-r-cw1:blank-4	set-10	1	R-001	wordcomplete_blank	object:t10-r-cw1	draft	legacy_unverified	pending_T05	handled
item_unit	item:t10-r-cw1:blank-5	set-10	1	R-001	wordcomplete_blank	object:t10-r-cw1	draft	legacy_unverified	pending_T05	handled
item_unit	item:t10-r-cw1:blank-6	set-10	1	R-001	wordcomplete_blank	object:t10-r-cw1	draft	legacy_unverified	pending_T05	handled
question_object	object:t10-r-cw2	set-10	1	R-001	wordcomplete	section:set-10:part-1	draft	legacy_unverified	pending_T05	handled
stimulus	stimulus:t10-r-cw2:template	set-10	1	R-001	wordcomplete_template	object:t10-r-cw2	draft	legacy_unverified	pending_T05	handled
item_unit	item:t10-r-cw2:blank-1	set-10	1	R-001	wordcomplete_blank	object:t10-r-cw2	draft	legacy_unverified	pending_T05	handled
item_unit	item:t10-r-cw2:blank-2	set-10	1	R-001	wordcomplete_blank	object:t10-r-cw2	draft	legacy_unverified	pending_T05	handled
item_unit	item:t10-r-cw2:blank-3	set-10	1	R-001	wordcomplete_blank	object:t10-r-cw2	draft	legacy_unverified	pending_T05	handled
item_unit	item:t10-r-cw2:blank-4	set-10	1	R-001	wordcomplete_blank	object:t10-r-cw2	draft	legacy_unverified	pending_T05	handled
item_unit	item:t10-r-cw2:blank-5	set-10	1	R-001	wordcomplete_blank	object:t10-r-cw2	draft	legacy_unverified	pending_T05	handled
item_unit	item:t10-r-cw2:blank-6	set-10	1	R-001	wordcomplete_blank	object:t10-r-cw2	draft	legacy_unverified	pending_T05	handled
section	section:set-10:part-2	set-10	2	R-002	MockSection	set:set-10	draft	legacy_unverified	pending_T05	handled
stimulus	stimulus:set-10:part-2:passage	set-10	2	R-002	section_passage	section:set-10:part-2	draft	legacy_unverified	pending_T05	handled
question_object	object:t10-r-dl1	set-10	2	R-002	mcq	section:set-10:part-2	draft	legacy_unverified	pending_T05	handled
item_unit	item:t10-r-dl1	set-10	2	R-002	mcq	object:t10-r-dl1	draft	legacy_unverified	pending_T05	handled
question_object	object:t10-r-dl2	set-10	2	R-002	mcq	section:set-10:part-2	draft	legacy_unverified	pending_T05	handled
item_unit	item:t10-r-dl2	set-10	2	R-002	mcq	object:t10-r-dl2	draft	legacy_unverified	pending_T05	handled
question_object	object:t10-r-dl3	set-10	2	R-002	mcq	section:set-10:part-2	draft	legacy_unverified	pending_T05	handled
item_unit	item:t10-r-dl3	set-10	2	R-002	mcq	object:t10-r-dl3	draft	legacy_unverified	pending_T05	handled
section	section:set-10:part-3	set-10	3	R-002	MockSection	set:set-10	draft	legacy_unverified	pending_T05	handled
stimulus	stimulus:set-10:part-3:passage	set-10	3	R-002	section_passage	section:set-10:part-3	draft	legacy_unverified	pending_T05	handled
question_object	object:t10-r-dl4	set-10	3	R-002	mcq	section:set-10:part-3	draft	legacy_unverified	pending_T05	handled
item_unit	item:t10-r-dl4	set-10	3	R-002	mcq	object:t10-r-dl4	draft	legacy_unverified	pending_T05	handled
question_object	object:t10-r-dl5	set-10	3	R-002	mcq	section:set-10:part-3	draft	legacy_unverified	pending_T05	handled
item_unit	item:t10-r-dl5	set-10	3	R-002	mcq	object:t10-r-dl5	draft	legacy_unverified	pending_T05	handled
section	section:set-10:part-4	set-10	4	R-003	MockSection	set:set-10	draft	legacy_unverified	pending_T05	mixed
stimulus	stimulus:set-10:part-4:passage	set-10	4	R-003	section_passage	section:set-10:part-4	draft	legacy_unverified	pending_T05	handled
question_object	object:t10-r-ap1	set-10	4	R-003	mcq	section:set-10:part-4	draft	legacy_unverified	pending_T05	handled
item_unit	item:t10-r-ap1	set-10	4	R-003	mcq	object:t10-r-ap1	draft	legacy_unverified	pending_T05	handled
question_object	object:t10-r-ap2	set-10	4	R-003	mcq	section:set-10:part-4	draft	legacy_unverified	pending_T05	handled
item_unit	item:t10-r-ap2	set-10	4	R-003	mcq	object:t10-r-ap2	draft	legacy_unverified	pending_T05	handled
question_object	object:t10-r-ap3	set-10	4	R-003	mcq	section:set-10:part-4	draft	legacy_unverified	pending_T05	handled
item_unit	item:t10-r-ap3	set-10	4	R-003	mcq	object:t10-r-ap3	draft	legacy_unverified	pending_T05	handled
question_object	object:t10-r-ap4	set-10	4	R-003	mcq	section:set-10:part-4	draft	legacy_unverified	pending_T05	handled
item_unit	item:t10-r-ap4	set-10	4	R-003	mcq	object:t10-r-ap4	draft	legacy_unverified	pending_T05	handled
question_object	object:t10-r-ap5	set-10	4	R-003	mcq	section:set-10:part-4	draft	legacy_unverified	pending_T05	handled
item_unit	item:t10-r-ap5	set-10	4	R-003	mcq	object:t10-r-ap5	draft	legacy_unverified	pending_T05	handled
question_object	object:t10-r-ap6	set-10	4	R-003	multiselect	section:set-10:part-4	draft	legacy_unverified	pending_T05	unhandled
item_unit	item:t10-r-ap6	set-10	4	R-003	multiselect	object:t10-r-ap6	draft	legacy_unverified	pending_T05	unhandled
section	section:set-10:part-5	set-10	5	L-001	MockSection	set:set-10	draft	legacy_unverified	pending_T05	handled
question_object	object:t10-l-cr1	set-10	5	L-001	mcq	section:set-10:part-5	draft	legacy_unverified	pending_T05	handled
stimulus	stimulus:t10-l-cr1:audio	set-10	5	L-001	question_audio_without_transcript	object:t10-l-cr1	draft	legacy_unverified	pending_T05	handled
item_unit	item:t10-l-cr1	set-10	5	L-001	mcq	object:t10-l-cr1	draft	legacy_unverified	pending_T05	handled
question_object	object:t10-l-cr2	set-10	5	L-001	mcq	section:set-10:part-5	draft	legacy_unverified	pending_T05	handled
stimulus	stimulus:t10-l-cr2:audio	set-10	5	L-001	question_audio_without_transcript	object:t10-l-cr2	draft	legacy_unverified	pending_T05	handled
item_unit	item:t10-l-cr2	set-10	5	L-001	mcq	object:t10-l-cr2	draft	legacy_unverified	pending_T05	handled
question_object	object:t10-l-cr3	set-10	5	L-001	mcq	section:set-10:part-5	draft	legacy_unverified	pending_T05	handled
stimulus	stimulus:t10-l-cr3:audio	set-10	5	L-001	question_audio_without_transcript	object:t10-l-cr3	draft	legacy_unverified	pending_T05	handled
item_unit	item:t10-l-cr3	set-10	5	L-001	mcq	object:t10-l-cr3	draft	legacy_unverified	pending_T05	handled
question_object	object:t10-l-cr4	set-10	5	L-001	mcq	section:set-10:part-5	draft	legacy_unverified	pending_T05	handled
stimulus	stimulus:t10-l-cr4:audio	set-10	5	L-001	question_audio_without_transcript	object:t10-l-cr4	draft	legacy_unverified	pending_T05	handled
item_unit	item:t10-l-cr4	set-10	5	L-001	mcq	object:t10-l-cr4	draft	legacy_unverified	pending_T05	handled
question_object	object:t10-l-cr5	set-10	5	L-001	mcq	section:set-10:part-5	draft	legacy_unverified	pending_T05	handled
stimulus	stimulus:t10-l-cr5:audio	set-10	5	L-001	question_audio_without_transcript	object:t10-l-cr5	draft	legacy_unverified	pending_T05	handled
item_unit	item:t10-l-cr5	set-10	5	L-001	mcq	object:t10-l-cr5	draft	legacy_unverified	pending_T05	handled
section	section:set-10:part-6	set-10	6	L-002	MockSection	set:set-10	draft	legacy_unverified	pending_T05	handled
stimulus	stimulus:set-10:part-6:audio	set-10	6	L-002	section_audio_with_transcript_candidate	section:set-10:part-6	draft	legacy_unverified	pending_T05	handled
question_object	object:t10-l-cv1	set-10	6	L-002	mcq	section:set-10:part-6	draft	legacy_unverified	pending_T05	handled
item_unit	item:t10-l-cv1	set-10	6	L-002	mcq	object:t10-l-cv1	draft	legacy_unverified	pending_T05	handled
question_object	object:t10-l-cv2	set-10	6	L-002	mcq	section:set-10:part-6	draft	legacy_unverified	pending_T05	handled
item_unit	item:t10-l-cv2	set-10	6	L-002	mcq	object:t10-l-cv2	draft	legacy_unverified	pending_T05	handled
question_object	object:t10-l-cv3	set-10	6	L-002	mcq	section:set-10:part-6	draft	legacy_unverified	pending_T05	handled
item_unit	item:t10-l-cv3	set-10	6	L-002	mcq	object:t10-l-cv3	draft	legacy_unverified	pending_T05	handled
question_object	object:t10-l-cv4	set-10	6	L-002	mcq	section:set-10:part-6	draft	legacy_unverified	pending_T05	handled
item_unit	item:t10-l-cv4	set-10	6	L-002	mcq	object:t10-l-cv4	draft	legacy_unverified	pending_T05	handled
section	section:set-10:part-7	set-10	7	L-003	MockSection	set:set-10	draft	legacy_unverified	pending_T05	handled
stimulus	stimulus:set-10:part-7:audio	set-10	7	L-003	section_audio_with_transcript_candidate	section:set-10:part-7	draft	legacy_unverified	pending_T05	handled
question_object	object:t10-l-an1	set-10	7	L-003	mcq	section:set-10:part-7	draft	legacy_unverified	pending_T05	handled
item_unit	item:t10-l-an1	set-10	7	L-003	mcq	object:t10-l-an1	draft	legacy_unverified	pending_T05	handled
question_object	object:t10-l-an2	set-10	7	L-003	mcq	section:set-10:part-7	draft	legacy_unverified	pending_T05	handled
item_unit	item:t10-l-an2	set-10	7	L-003	mcq	object:t10-l-an2	draft	legacy_unverified	pending_T05	handled
question_object	object:t10-l-an3	set-10	7	L-003	mcq	section:set-10:part-7	draft	legacy_unverified	pending_T05	handled
item_unit	item:t10-l-an3	set-10	7	L-003	mcq	object:t10-l-an3	draft	legacy_unverified	pending_T05	handled
section	section:set-10:part-8	set-10	8	L-004	MockSection	set:set-10	draft	legacy_unverified	pending_T05	handled
stimulus	stimulus:set-10:part-8:audio	set-10	8	L-004	section_audio_with_transcript_candidate	section:set-10:part-8	draft	legacy_unverified	pending_T05	handled
question_object	object:t10-l-at1	set-10	8	L-004	mcq	section:set-10:part-8	draft	legacy_unverified	pending_T05	handled
item_unit	item:t10-l-at1	set-10	8	L-004	mcq	object:t10-l-at1	draft	legacy_unverified	pending_T05	handled
question_object	object:t10-l-at2	set-10	8	L-004	mcq	section:set-10:part-8	draft	legacy_unverified	pending_T05	handled
item_unit	item:t10-l-at2	set-10	8	L-004	mcq	object:t10-l-at2	draft	legacy_unverified	pending_T05	handled
question_object	object:t10-l-at3	set-10	8	L-004	mcq	section:set-10:part-8	draft	legacy_unverified	pending_T05	handled
item_unit	item:t10-l-at3	set-10	8	L-004	mcq	object:t10-l-at3	draft	legacy_unverified	pending_T05	handled
question_object	object:t10-l-at4	set-10	8	L-004	mcq	section:set-10:part-8	draft	legacy_unverified	pending_T05	handled
item_unit	item:t10-l-at4	set-10	8	L-004	mcq	object:t10-l-at4	draft	legacy_unverified	pending_T05	handled
question_object	object:t10-l-at5	set-10	8	L-004	mcq	section:set-10:part-8	draft	legacy_unverified	pending_T05	handled
item_unit	item:t10-l-at5	set-10	8	L-004	mcq	object:t10-l-at5	draft	legacy_unverified	pending_T05	handled
section	section:set-10:part-9	set-10	9	W-001+W-004	MockSection	set:set-10	draft	legacy_unverified	pending_T05	handled
question_object	object:t10-w-bs1	set-10	9	W-001+W-004	sentencebuild	section:set-10:part-9	draft	legacy_unverified	pending_T05	handled
item_unit	item:t10-w-bs1	set-10	9	W-001+W-004	sentencebuild	object:t10-w-bs1	draft	legacy_unverified	pending_T05	handled
question_object	object:t10-w-bs2	set-10	9	W-001+W-004	sentencebuild	section:set-10:part-9	draft	legacy_unverified	pending_T05	handled
item_unit	item:t10-w-bs2	set-10	9	W-001+W-004	sentencebuild	object:t10-w-bs2	draft	legacy_unverified	pending_T05	handled
question_object	object:t10-w-bs3	set-10	9	W-001+W-004	sentencebuild	section:set-10:part-9	draft	legacy_unverified	pending_T05	handled
item_unit	item:t10-w-bs3	set-10	9	W-001+W-004	sentencebuild	object:t10-w-bs3	draft	legacy_unverified	pending_T05	handled
question_object	object:t10-w-bs4	set-10	9	W-001+W-004	sentencebuild	section:set-10:part-9	draft	legacy_unverified	pending_T05	handled
item_unit	item:t10-w-bs4	set-10	9	W-001+W-004	sentencebuild	object:t10-w-bs4	draft	legacy_unverified	pending_T05	handled
question_object	object:t10-w-bs5	set-10	9	W-001+W-004	sentencebuild	section:set-10:part-9	draft	legacy_unverified	pending_T05	handled
item_unit	item:t10-w-bs5	set-10	9	W-001+W-004	sentencebuild	object:t10-w-bs5	draft	legacy_unverified	pending_T05	handled
question_object	object:t10-w-bs6	set-10	9	W-001+W-004	sentencebuild	section:set-10:part-9	draft	legacy_unverified	pending_T05	handled
item_unit	item:t10-w-bs6	set-10	9	W-001+W-004	sentencebuild	object:t10-w-bs6	draft	legacy_unverified	pending_T05	handled
section	section:set-10:part-10	set-10	10	W-002	MockSection	set:set-10	draft	legacy_unverified	pending_T05	handled
question_object	object:t10-w-email	set-10	10	W-002	write	section:set-10:part-10	draft	legacy_unverified	pending_T05	handled
stimulus	stimulus:t10-w-email:writing	set-10	10	W-002	writing_stimulus	object:t10-w-email	draft	legacy_unverified	pending_T05	handled
item_unit	item:t10-w-email	set-10	10	W-002	write	object:t10-w-email	draft	legacy_unverified	pending_T05	handled
section	section:set-10:part-11	set-10	11	W-003	MockSection	set:set-10	draft	legacy_unverified	pending_T05	handled
question_object	object:t10-w-disc	set-10	11	W-003	write	section:set-10:part-11	draft	legacy_unverified	pending_T05	handled
stimulus	stimulus:t10-w-disc:writing	set-10	11	W-003	writing_stimulus	object:t10-w-disc	draft	legacy_unverified	pending_T05	handled
item_unit	item:t10-w-disc	set-10	11	W-003	write	object:t10-w-disc	draft	legacy_unverified	pending_T05	handled
section	section:set-10:part-12	set-10	12	S-001	MockSection	set:set-10	draft	legacy_unverified	pending_T05	handled
question_object	object:t10-s-rp1	set-10	12	S-001	repeat	section:set-10:part-12	draft	legacy_unverified	pending_T05	handled
stimulus	stimulus:t10-s-rp1:audio	set-10	12	S-001	repeat_audio_with_script_candidate	object:t10-s-rp1	draft	legacy_unverified	pending_T05	handled
item_unit	item:t10-s-rp1	set-10	12	S-001	repeat	object:t10-s-rp1	draft	legacy_unverified	pending_T05	handled
question_object	object:t10-s-rp2	set-10	12	S-001	repeat	section:set-10:part-12	draft	legacy_unverified	pending_T05	handled
stimulus	stimulus:t10-s-rp2:audio	set-10	12	S-001	repeat_audio_with_script_candidate	object:t10-s-rp2	draft	legacy_unverified	pending_T05	handled
item_unit	item:t10-s-rp2	set-10	12	S-001	repeat	object:t10-s-rp2	draft	legacy_unverified	pending_T05	handled
question_object	object:t10-s-rp3	set-10	12	S-001	repeat	section:set-10:part-12	draft	legacy_unverified	pending_T05	handled
stimulus	stimulus:t10-s-rp3:audio	set-10	12	S-001	repeat_audio_with_script_candidate	object:t10-s-rp3	draft	legacy_unverified	pending_T05	handled
item_unit	item:t10-s-rp3	set-10	12	S-001	repeat	object:t10-s-rp3	draft	legacy_unverified	pending_T05	handled
question_object	object:t10-s-rp4	set-10	12	S-001	repeat	section:set-10:part-12	draft	legacy_unverified	pending_T05	handled
stimulus	stimulus:t10-s-rp4:audio	set-10	12	S-001	repeat_audio_with_script_candidate	object:t10-s-rp4	draft	legacy_unverified	pending_T05	handled
item_unit	item:t10-s-rp4	set-10	12	S-001	repeat	object:t10-s-rp4	draft	legacy_unverified	pending_T05	handled
question_object	object:t10-s-rp5	set-10	12	S-001	repeat	section:set-10:part-12	draft	legacy_unverified	pending_T05	handled
stimulus	stimulus:t10-s-rp5:audio	set-10	12	S-001	repeat_audio_with_script_candidate	object:t10-s-rp5	draft	legacy_unverified	pending_T05	handled
item_unit	item:t10-s-rp5	set-10	12	S-001	repeat	object:t10-s-rp5	draft	legacy_unverified	pending_T05	handled
section	section:set-10:part-13	set-10	13	S-002	MockSection	set:set-10	draft	legacy_unverified	pending_T05	handled
question_object	object:t10-s-iv1	set-10	13	S-002	speak	section:set-10:part-13	draft	legacy_unverified	pending_T05	handled
stimulus	stimulus:t10-s-iv1:interview	set-10	13	S-002	interview_text_prompt	object:t10-s-iv1	draft	legacy_unverified	pending_T05	handled
item_unit	item:t10-s-iv1	set-10	13	S-002	speak	object:t10-s-iv1	draft	legacy_unverified	pending_T05	handled
question_object	object:t10-s-iv2	set-10	13	S-002	speak	section:set-10:part-13	draft	legacy_unverified	pending_T05	handled
stimulus	stimulus:t10-s-iv2:interview	set-10	13	S-002	interview_text_prompt	object:t10-s-iv2	draft	legacy_unverified	pending_T05	handled
item_unit	item:t10-s-iv2	set-10	13	S-002	speak	object:t10-s-iv2	draft	legacy_unverified	pending_T05	handled
question_object	object:t10-s-iv3	set-10	13	S-002	speak	section:set-10:part-13	draft	legacy_unverified	pending_T05	handled
stimulus	stimulus:t10-s-iv3:interview	set-10	13	S-002	interview_text_prompt	object:t10-s-iv3	draft	legacy_unverified	pending_T05	handled
item_unit	item:t10-s-iv3	set-10	13	S-002	speak	object:t10-s-iv3	draft	legacy_unverified	pending_T05	handled
question_object	object:t10-s-iv4	set-10	13	S-002	speak	section:set-10:part-13	draft	legacy_unverified	pending_T05	handled
stimulus	stimulus:t10-s-iv4:interview	set-10	13	S-002	interview_text_prompt	object:t10-s-iv4	draft	legacy_unverified	pending_T05	handled
item_unit	item:t10-s-iv4	set-10	13	S-002	speak	object:t10-s-iv4	draft	legacy_unverified	pending_T05	handled
set	set:set-11	set-11		R-001..S-002	MockExam		draft	audited_with_blockers	pending_T05	mixed
section	section:set-11:part-1	set-11	1	R-001	MockSection	set:set-11	draft	legacy_unverified	pending_T05	handled
question_object	object:t11-r-cw1	set-11	1	R-001	wordcomplete	section:set-11:part-1	draft	legacy_unverified	pending_T05	handled
stimulus	stimulus:t11-r-cw1:template	set-11	1	R-001	wordcomplete_template	object:t11-r-cw1	draft	legacy_unverified	pending_T05	handled
item_unit	item:t11-r-cw1:blank-1	set-11	1	R-001	wordcomplete_blank	object:t11-r-cw1	draft	legacy_unverified	pending_T05	handled
item_unit	item:t11-r-cw1:blank-2	set-11	1	R-001	wordcomplete_blank	object:t11-r-cw1	draft	legacy_unverified	pending_T05	handled
item_unit	item:t11-r-cw1:blank-3	set-11	1	R-001	wordcomplete_blank	object:t11-r-cw1	draft	legacy_unverified	pending_T05	handled
item_unit	item:t11-r-cw1:blank-4	set-11	1	R-001	wordcomplete_blank	object:t11-r-cw1	draft	legacy_unverified	pending_T05	handled
item_unit	item:t11-r-cw1:blank-5	set-11	1	R-001	wordcomplete_blank	object:t11-r-cw1	draft	legacy_unverified	pending_T05	handled
item_unit	item:t11-r-cw1:blank-6	set-11	1	R-001	wordcomplete_blank	object:t11-r-cw1	draft	legacy_unverified	pending_T05	handled
question_object	object:t11-r-cw2	set-11	1	R-001	wordcomplete	section:set-11:part-1	draft	legacy_unverified	pending_T05	handled
stimulus	stimulus:t11-r-cw2:template	set-11	1	R-001	wordcomplete_template	object:t11-r-cw2	draft	legacy_unverified	pending_T05	handled
item_unit	item:t11-r-cw2:blank-1	set-11	1	R-001	wordcomplete_blank	object:t11-r-cw2	draft	legacy_unverified	pending_T05	handled
item_unit	item:t11-r-cw2:blank-2	set-11	1	R-001	wordcomplete_blank	object:t11-r-cw2	draft	legacy_unverified	pending_T05	handled
item_unit	item:t11-r-cw2:blank-3	set-11	1	R-001	wordcomplete_blank	object:t11-r-cw2	draft	legacy_unverified	pending_T05	handled
item_unit	item:t11-r-cw2:blank-4	set-11	1	R-001	wordcomplete_blank	object:t11-r-cw2	draft	legacy_unverified	pending_T05	handled
item_unit	item:t11-r-cw2:blank-5	set-11	1	R-001	wordcomplete_blank	object:t11-r-cw2	draft	legacy_unverified	pending_T05	handled
item_unit	item:t11-r-cw2:blank-6	set-11	1	R-001	wordcomplete_blank	object:t11-r-cw2	draft	legacy_unverified	pending_T05	handled
section	section:set-11:part-2	set-11	2	R-002	MockSection	set:set-11	draft	legacy_unverified	pending_T05	handled
stimulus	stimulus:set-11:part-2:passage	set-11	2	R-002	section_passage	section:set-11:part-2	draft	legacy_unverified	pending_T05	handled
question_object	object:t11-r-dl1	set-11	2	R-002	mcq	section:set-11:part-2	draft	legacy_unverified	pending_T05	handled
item_unit	item:t11-r-dl1	set-11	2	R-002	mcq	object:t11-r-dl1	draft	legacy_unverified	pending_T05	handled
question_object	object:t11-r-dl2	set-11	2	R-002	mcq	section:set-11:part-2	draft	legacy_unverified	pending_T05	handled
item_unit	item:t11-r-dl2	set-11	2	R-002	mcq	object:t11-r-dl2	draft	legacy_unverified	pending_T05	handled
question_object	object:t11-r-dl3	set-11	2	R-002	mcq	section:set-11:part-2	draft	legacy_unverified	pending_T05	handled
item_unit	item:t11-r-dl3	set-11	2	R-002	mcq	object:t11-r-dl3	draft	legacy_unverified	pending_T05	handled
section	section:set-11:part-3	set-11	3	R-002	MockSection	set:set-11	draft	legacy_unverified	pending_T05	handled
stimulus	stimulus:set-11:part-3:passage	set-11	3	R-002	section_passage	section:set-11:part-3	draft	legacy_unverified	pending_T05	handled
question_object	object:t11-r-dl4	set-11	3	R-002	mcq	section:set-11:part-3	draft	legacy_unverified	pending_T05	handled
item_unit	item:t11-r-dl4	set-11	3	R-002	mcq	object:t11-r-dl4	draft	legacy_unverified	pending_T05	handled
question_object	object:t11-r-dl5	set-11	3	R-002	mcq	section:set-11:part-3	draft	legacy_unverified	pending_T05	handled
item_unit	item:t11-r-dl5	set-11	3	R-002	mcq	object:t11-r-dl5	draft	legacy_unverified	pending_T05	handled
section	section:set-11:part-4	set-11	4	R-003	MockSection	set:set-11	draft	legacy_unverified	pending_T05	mixed
stimulus	stimulus:set-11:part-4:passage	set-11	4	R-003	section_passage	section:set-11:part-4	draft	legacy_unverified	pending_T05	handled
question_object	object:t11-r-ap1	set-11	4	R-003	mcq	section:set-11:part-4	draft	legacy_unverified	pending_T05	handled
item_unit	item:t11-r-ap1	set-11	4	R-003	mcq	object:t11-r-ap1	draft	legacy_unverified	pending_T05	handled
question_object	object:t11-r-ap2	set-11	4	R-003	mcq	section:set-11:part-4	draft	legacy_unverified	pending_T05	handled
item_unit	item:t11-r-ap2	set-11	4	R-003	mcq	object:t11-r-ap2	draft	legacy_unverified	pending_T05	handled
question_object	object:t11-r-ap3	set-11	4	R-003	mcq	section:set-11:part-4	draft	legacy_unverified	pending_T05	handled
item_unit	item:t11-r-ap3	set-11	4	R-003	mcq	object:t11-r-ap3	draft	legacy_unverified	pending_T05	handled
question_object	object:t11-r-ap4	set-11	4	R-003	mcq	section:set-11:part-4	draft	legacy_unverified	pending_T05	handled
item_unit	item:t11-r-ap4	set-11	4	R-003	mcq	object:t11-r-ap4	draft	legacy_unverified	pending_T05	handled
question_object	object:t11-r-ap5	set-11	4	R-003	mcq	section:set-11:part-4	draft	legacy_unverified	pending_T05	handled
item_unit	item:t11-r-ap5	set-11	4	R-003	mcq	object:t11-r-ap5	draft	legacy_unverified	pending_T05	handled
question_object	object:t11-r-ap6	set-11	4	R-003	multiselect	section:set-11:part-4	draft	legacy_unverified	pending_T05	unhandled
item_unit	item:t11-r-ap6	set-11	4	R-003	multiselect	object:t11-r-ap6	draft	legacy_unverified	pending_T05	unhandled
section	section:set-11:part-5	set-11	5	L-001	MockSection	set:set-11	draft	legacy_unverified	pending_T05	handled
question_object	object:t11-l-cr1	set-11	5	L-001	mcq	section:set-11:part-5	draft	legacy_unverified	pending_T05	handled
stimulus	stimulus:t11-l-cr1:audio	set-11	5	L-001	question_audio_without_transcript	object:t11-l-cr1	draft	legacy_unverified	pending_T05	handled
item_unit	item:t11-l-cr1	set-11	5	L-001	mcq	object:t11-l-cr1	draft	legacy_unverified	pending_T05	handled
question_object	object:t11-l-cr2	set-11	5	L-001	mcq	section:set-11:part-5	draft	legacy_unverified	pending_T05	handled
stimulus	stimulus:t11-l-cr2:audio	set-11	5	L-001	question_audio_without_transcript	object:t11-l-cr2	draft	legacy_unverified	pending_T05	handled
item_unit	item:t11-l-cr2	set-11	5	L-001	mcq	object:t11-l-cr2	draft	legacy_unverified	pending_T05	handled
question_object	object:t11-l-cr3	set-11	5	L-001	mcq	section:set-11:part-5	draft	legacy_unverified	pending_T05	handled
stimulus	stimulus:t11-l-cr3:audio	set-11	5	L-001	question_audio_without_transcript	object:t11-l-cr3	draft	legacy_unverified	pending_T05	handled
item_unit	item:t11-l-cr3	set-11	5	L-001	mcq	object:t11-l-cr3	draft	legacy_unverified	pending_T05	handled
question_object	object:t11-l-cr4	set-11	5	L-001	mcq	section:set-11:part-5	draft	legacy_unverified	pending_T05	handled
stimulus	stimulus:t11-l-cr4:audio	set-11	5	L-001	question_audio_without_transcript	object:t11-l-cr4	draft	legacy_unverified	pending_T05	handled
item_unit	item:t11-l-cr4	set-11	5	L-001	mcq	object:t11-l-cr4	draft	legacy_unverified	pending_T05	handled
question_object	object:t11-l-cr5	set-11	5	L-001	mcq	section:set-11:part-5	draft	legacy_unverified	pending_T05	handled
stimulus	stimulus:t11-l-cr5:audio	set-11	5	L-001	question_audio_without_transcript	object:t11-l-cr5	draft	legacy_unverified	pending_T05	handled
item_unit	item:t11-l-cr5	set-11	5	L-001	mcq	object:t11-l-cr5	draft	legacy_unverified	pending_T05	handled
section	section:set-11:part-6	set-11	6	L-002	MockSection	set:set-11	draft	legacy_unverified	pending_T05	handled
stimulus	stimulus:set-11:part-6:audio	set-11	6	L-002	section_audio_with_transcript_candidate	section:set-11:part-6	draft	legacy_unverified	pending_T05	handled
question_object	object:t11-l-cv1	set-11	6	L-002	mcq	section:set-11:part-6	draft	legacy_unverified	pending_T05	handled
item_unit	item:t11-l-cv1	set-11	6	L-002	mcq	object:t11-l-cv1	draft	legacy_unverified	pending_T05	handled
question_object	object:t11-l-cv2	set-11	6	L-002	mcq	section:set-11:part-6	draft	legacy_unverified	pending_T05	handled
item_unit	item:t11-l-cv2	set-11	6	L-002	mcq	object:t11-l-cv2	draft	legacy_unverified	pending_T05	handled
question_object	object:t11-l-cv3	set-11	6	L-002	mcq	section:set-11:part-6	draft	legacy_unverified	pending_T05	handled
item_unit	item:t11-l-cv3	set-11	6	L-002	mcq	object:t11-l-cv3	draft	legacy_unverified	pending_T05	handled
question_object	object:t11-l-cv4	set-11	6	L-002	mcq	section:set-11:part-6	draft	legacy_unverified	pending_T05	handled
item_unit	item:t11-l-cv4	set-11	6	L-002	mcq	object:t11-l-cv4	draft	legacy_unverified	pending_T05	handled
section	section:set-11:part-7	set-11	7	L-003	MockSection	set:set-11	draft	legacy_unverified	pending_T05	handled
stimulus	stimulus:set-11:part-7:audio	set-11	7	L-003	section_audio_with_transcript_candidate	section:set-11:part-7	draft	legacy_unverified	pending_T05	handled
question_object	object:t11-l-an1	set-11	7	L-003	mcq	section:set-11:part-7	draft	legacy_unverified	pending_T05	handled
item_unit	item:t11-l-an1	set-11	7	L-003	mcq	object:t11-l-an1	draft	legacy_unverified	pending_T05	handled
question_object	object:t11-l-an2	set-11	7	L-003	mcq	section:set-11:part-7	draft	legacy_unverified	pending_T05	handled
item_unit	item:t11-l-an2	set-11	7	L-003	mcq	object:t11-l-an2	draft	legacy_unverified	pending_T05	handled
question_object	object:t11-l-an3	set-11	7	L-003	mcq	section:set-11:part-7	draft	legacy_unverified	pending_T05	handled
item_unit	item:t11-l-an3	set-11	7	L-003	mcq	object:t11-l-an3	draft	legacy_unverified	pending_T05	handled
section	section:set-11:part-8	set-11	8	L-004	MockSection	set:set-11	draft	legacy_unverified	pending_T05	handled
stimulus	stimulus:set-11:part-8:audio	set-11	8	L-004	section_audio_with_transcript_candidate	section:set-11:part-8	draft	legacy_unverified	pending_T05	handled
question_object	object:t11-l-at1	set-11	8	L-004	mcq	section:set-11:part-8	draft	legacy_unverified	pending_T05	handled
item_unit	item:t11-l-at1	set-11	8	L-004	mcq	object:t11-l-at1	draft	legacy_unverified	pending_T05	handled
question_object	object:t11-l-at2	set-11	8	L-004	mcq	section:set-11:part-8	draft	legacy_unverified	pending_T05	handled
item_unit	item:t11-l-at2	set-11	8	L-004	mcq	object:t11-l-at2	draft	legacy_unverified	pending_T05	handled
question_object	object:t11-l-at3	set-11	8	L-004	mcq	section:set-11:part-8	draft	legacy_unverified	pending_T05	handled
item_unit	item:t11-l-at3	set-11	8	L-004	mcq	object:t11-l-at3	draft	legacy_unverified	pending_T05	handled
question_object	object:t11-l-at4	set-11	8	L-004	mcq	section:set-11:part-8	draft	legacy_unverified	pending_T05	handled
item_unit	item:t11-l-at4	set-11	8	L-004	mcq	object:t11-l-at4	draft	legacy_unverified	pending_T05	handled
question_object	object:t11-l-at5	set-11	8	L-004	mcq	section:set-11:part-8	draft	legacy_unverified	pending_T05	handled
item_unit	item:t11-l-at5	set-11	8	L-004	mcq	object:t11-l-at5	draft	legacy_unverified	pending_T05	handled
section	section:set-11:part-9	set-11	9	W-001+W-004	MockSection	set:set-11	draft	legacy_unverified	pending_T05	handled
question_object	object:t11-w-bs1	set-11	9	W-001+W-004	sentencebuild	section:set-11:part-9	draft	legacy_unverified	pending_T05	handled
item_unit	item:t11-w-bs1	set-11	9	W-001+W-004	sentencebuild	object:t11-w-bs1	draft	legacy_unverified	pending_T05	handled
question_object	object:t11-w-bs2	set-11	9	W-001+W-004	sentencebuild	section:set-11:part-9	draft	legacy_unverified	pending_T05	handled
item_unit	item:t11-w-bs2	set-11	9	W-001+W-004	sentencebuild	object:t11-w-bs2	draft	legacy_unverified	pending_T05	handled
question_object	object:t11-w-bs3	set-11	9	W-001+W-004	sentencebuild	section:set-11:part-9	draft	legacy_unverified	pending_T05	handled
item_unit	item:t11-w-bs3	set-11	9	W-001+W-004	sentencebuild	object:t11-w-bs3	draft	legacy_unverified	pending_T05	handled
question_object	object:t11-w-bs4	set-11	9	W-001+W-004	sentencebuild	section:set-11:part-9	draft	legacy_unverified	pending_T05	handled
item_unit	item:t11-w-bs4	set-11	9	W-001+W-004	sentencebuild	object:t11-w-bs4	draft	legacy_unverified	pending_T05	handled
question_object	object:t11-w-bs5	set-11	9	W-001+W-004	sentencebuild	section:set-11:part-9	draft	legacy_unverified	pending_T05	handled
item_unit	item:t11-w-bs5	set-11	9	W-001+W-004	sentencebuild	object:t11-w-bs5	draft	legacy_unverified	pending_T05	handled
question_object	object:t11-w-bs6	set-11	9	W-001+W-004	sentencebuild	section:set-11:part-9	draft	legacy_unverified	pending_T05	handled
item_unit	item:t11-w-bs6	set-11	9	W-001+W-004	sentencebuild	object:t11-w-bs6	draft	legacy_unverified	pending_T05	handled
section	section:set-11:part-10	set-11	10	W-002	MockSection	set:set-11	draft	legacy_unverified	pending_T05	handled
question_object	object:t11-w-email	set-11	10	W-002	write	section:set-11:part-10	draft	legacy_unverified	pending_T05	handled
stimulus	stimulus:t11-w-email:writing	set-11	10	W-002	writing_stimulus	object:t11-w-email	draft	legacy_unverified	pending_T05	handled
item_unit	item:t11-w-email	set-11	10	W-002	write	object:t11-w-email	draft	legacy_unverified	pending_T05	handled
section	section:set-11:part-11	set-11	11	W-003	MockSection	set:set-11	draft	legacy_unverified	pending_T05	handled
question_object	object:t11-w-disc	set-11	11	W-003	write	section:set-11:part-11	draft	legacy_unverified	pending_T05	handled
stimulus	stimulus:t11-w-disc:writing	set-11	11	W-003	writing_stimulus	object:t11-w-disc	draft	legacy_unverified	pending_T05	handled
item_unit	item:t11-w-disc	set-11	11	W-003	write	object:t11-w-disc	draft	legacy_unverified	pending_T05	handled
section	section:set-11:part-12	set-11	12	S-001	MockSection	set:set-11	draft	legacy_unverified	pending_T05	handled
question_object	object:t11-s-rp1	set-11	12	S-001	repeat	section:set-11:part-12	draft	legacy_unverified	pending_T05	handled
stimulus	stimulus:t11-s-rp1:audio	set-11	12	S-001	repeat_audio_with_script_candidate	object:t11-s-rp1	draft	legacy_unverified	pending_T05	handled
item_unit	item:t11-s-rp1	set-11	12	S-001	repeat	object:t11-s-rp1	draft	legacy_unverified	pending_T05	handled
question_object	object:t11-s-rp2	set-11	12	S-001	repeat	section:set-11:part-12	draft	legacy_unverified	pending_T05	handled
stimulus	stimulus:t11-s-rp2:audio	set-11	12	S-001	repeat_audio_with_script_candidate	object:t11-s-rp2	draft	legacy_unverified	pending_T05	handled
item_unit	item:t11-s-rp2	set-11	12	S-001	repeat	object:t11-s-rp2	draft	legacy_unverified	pending_T05	handled
question_object	object:t11-s-rp3	set-11	12	S-001	repeat	section:set-11:part-12	draft	legacy_unverified	pending_T05	handled
stimulus	stimulus:t11-s-rp3:audio	set-11	12	S-001	repeat_audio_with_script_candidate	object:t11-s-rp3	draft	legacy_unverified	pending_T05	handled
item_unit	item:t11-s-rp3	set-11	12	S-001	repeat	object:t11-s-rp3	draft	legacy_unverified	pending_T05	handled
question_object	object:t11-s-rp4	set-11	12	S-001	repeat	section:set-11:part-12	draft	legacy_unverified	pending_T05	handled
stimulus	stimulus:t11-s-rp4:audio	set-11	12	S-001	repeat_audio_with_script_candidate	object:t11-s-rp4	draft	legacy_unverified	pending_T05	handled
item_unit	item:t11-s-rp4	set-11	12	S-001	repeat	object:t11-s-rp4	draft	legacy_unverified	pending_T05	handled
question_object	object:t11-s-rp5	set-11	12	S-001	repeat	section:set-11:part-12	draft	legacy_unverified	pending_T05	handled
stimulus	stimulus:t11-s-rp5:audio	set-11	12	S-001	repeat_audio_with_script_candidate	object:t11-s-rp5	draft	legacy_unverified	pending_T05	handled
item_unit	item:t11-s-rp5	set-11	12	S-001	repeat	object:t11-s-rp5	draft	legacy_unverified	pending_T05	handled
section	section:set-11:part-13	set-11	13	S-002	MockSection	set:set-11	draft	legacy_unverified	pending_T05	handled
question_object	object:t11-s-iv1	set-11	13	S-002	speak	section:set-11:part-13	draft	legacy_unverified	pending_T05	handled
stimulus	stimulus:t11-s-iv1:interview	set-11	13	S-002	interview_text_prompt	object:t11-s-iv1	draft	legacy_unverified	pending_T05	handled
item_unit	item:t11-s-iv1	set-11	13	S-002	speak	object:t11-s-iv1	draft	legacy_unverified	pending_T05	handled
question_object	object:t11-s-iv2	set-11	13	S-002	speak	section:set-11:part-13	draft	legacy_unverified	pending_T05	handled
stimulus	stimulus:t11-s-iv2:interview	set-11	13	S-002	interview_text_prompt	object:t11-s-iv2	draft	legacy_unverified	pending_T05	handled
item_unit	item:t11-s-iv2	set-11	13	S-002	speak	object:t11-s-iv2	draft	legacy_unverified	pending_T05	handled
question_object	object:t11-s-iv3	set-11	13	S-002	speak	section:set-11:part-13	draft	legacy_unverified	pending_T05	handled
stimulus	stimulus:t11-s-iv3:interview	set-11	13	S-002	interview_text_prompt	object:t11-s-iv3	draft	legacy_unverified	pending_T05	handled
item_unit	item:t11-s-iv3	set-11	13	S-002	speak	object:t11-s-iv3	draft	legacy_unverified	pending_T05	handled
question_object	object:t11-s-iv4	set-11	13	S-002	speak	section:set-11:part-13	draft	legacy_unverified	pending_T05	handled
stimulus	stimulus:t11-s-iv4:interview	set-11	13	S-002	interview_text_prompt	object:t11-s-iv4	draft	legacy_unverified	pending_T05	handled
item_unit	item:t11-s-iv4	set-11	13	S-002	speak	object:t11-s-iv4	draft	legacy_unverified	pending_T05	handled
set	set:set-12	set-12		R-001..S-002	MockExam		draft	audited_with_blockers	pending_T05	mixed
section	section:set-12:part-1	set-12	1	R-001	MockSection	set:set-12	draft	legacy_unverified	pending_T05	handled
question_object	object:t12-r-cw1	set-12	1	R-001	wordcomplete	section:set-12:part-1	draft	legacy_unverified	pending_T05	handled
stimulus	stimulus:t12-r-cw1:template	set-12	1	R-001	wordcomplete_template	object:t12-r-cw1	draft	legacy_unverified	pending_T05	handled
item_unit	item:t12-r-cw1:blank-1	set-12	1	R-001	wordcomplete_blank	object:t12-r-cw1	draft	legacy_unverified	pending_T05	handled
item_unit	item:t12-r-cw1:blank-2	set-12	1	R-001	wordcomplete_blank	object:t12-r-cw1	draft	legacy_unverified	pending_T05	handled
item_unit	item:t12-r-cw1:blank-3	set-12	1	R-001	wordcomplete_blank	object:t12-r-cw1	draft	legacy_unverified	pending_T05	handled
item_unit	item:t12-r-cw1:blank-4	set-12	1	R-001	wordcomplete_blank	object:t12-r-cw1	draft	legacy_unverified	pending_T05	handled
item_unit	item:t12-r-cw1:blank-5	set-12	1	R-001	wordcomplete_blank	object:t12-r-cw1	draft	legacy_unverified	pending_T05	handled
item_unit	item:t12-r-cw1:blank-6	set-12	1	R-001	wordcomplete_blank	object:t12-r-cw1	draft	legacy_unverified	pending_T05	handled
question_object	object:t12-r-cw2	set-12	1	R-001	wordcomplete	section:set-12:part-1	draft	legacy_unverified	pending_T05	handled
stimulus	stimulus:t12-r-cw2:template	set-12	1	R-001	wordcomplete_template	object:t12-r-cw2	draft	legacy_unverified	pending_T05	handled
item_unit	item:t12-r-cw2:blank-1	set-12	1	R-001	wordcomplete_blank	object:t12-r-cw2	draft	legacy_unverified	pending_T05	handled
item_unit	item:t12-r-cw2:blank-2	set-12	1	R-001	wordcomplete_blank	object:t12-r-cw2	draft	legacy_unverified	pending_T05	handled
item_unit	item:t12-r-cw2:blank-3	set-12	1	R-001	wordcomplete_blank	object:t12-r-cw2	draft	legacy_unverified	pending_T05	handled
item_unit	item:t12-r-cw2:blank-4	set-12	1	R-001	wordcomplete_blank	object:t12-r-cw2	draft	legacy_unverified	pending_T05	handled
item_unit	item:t12-r-cw2:blank-5	set-12	1	R-001	wordcomplete_blank	object:t12-r-cw2	draft	legacy_unverified	pending_T05	handled
item_unit	item:t12-r-cw2:blank-6	set-12	1	R-001	wordcomplete_blank	object:t12-r-cw2	draft	legacy_unverified	pending_T05	handled
section	section:set-12:part-2	set-12	2	R-002	MockSection	set:set-12	draft	legacy_unverified	pending_T05	handled
stimulus	stimulus:set-12:part-2:passage	set-12	2	R-002	section_passage	section:set-12:part-2	draft	legacy_unverified	pending_T05	handled
question_object	object:t12-r-dl1	set-12	2	R-002	mcq	section:set-12:part-2	draft	legacy_unverified	pending_T05	handled
item_unit	item:t12-r-dl1	set-12	2	R-002	mcq	object:t12-r-dl1	draft	legacy_unverified	pending_T05	handled
question_object	object:t12-r-dl2	set-12	2	R-002	mcq	section:set-12:part-2	draft	legacy_unverified	pending_T05	handled
item_unit	item:t12-r-dl2	set-12	2	R-002	mcq	object:t12-r-dl2	draft	legacy_unverified	pending_T05	handled
question_object	object:t12-r-dl3	set-12	2	R-002	mcq	section:set-12:part-2	draft	legacy_unverified	pending_T05	handled
item_unit	item:t12-r-dl3	set-12	2	R-002	mcq	object:t12-r-dl3	draft	legacy_unverified	pending_T05	handled
section	section:set-12:part-3	set-12	3	R-002	MockSection	set:set-12	draft	legacy_unverified	pending_T05	handled
stimulus	stimulus:set-12:part-3:passage	set-12	3	R-002	section_passage	section:set-12:part-3	draft	legacy_unverified	pending_T05	handled
question_object	object:t12-r-dl4	set-12	3	R-002	mcq	section:set-12:part-3	draft	legacy_unverified	pending_T05	handled
item_unit	item:t12-r-dl4	set-12	3	R-002	mcq	object:t12-r-dl4	draft	legacy_unverified	pending_T05	handled
question_object	object:t12-r-dl5	set-12	3	R-002	mcq	section:set-12:part-3	draft	legacy_unverified	pending_T05	handled
item_unit	item:t12-r-dl5	set-12	3	R-002	mcq	object:t12-r-dl5	draft	legacy_unverified	pending_T05	handled
section	section:set-12:part-4	set-12	4	R-003	MockSection	set:set-12	draft	legacy_unverified	pending_T05	mixed
stimulus	stimulus:set-12:part-4:passage	set-12	4	R-003	section_passage	section:set-12:part-4	draft	legacy_unverified	pending_T05	handled
question_object	object:t12-r-ap1	set-12	4	R-003	mcq	section:set-12:part-4	draft	legacy_unverified	pending_T05	handled
item_unit	item:t12-r-ap1	set-12	4	R-003	mcq	object:t12-r-ap1	draft	legacy_unverified	pending_T05	handled
question_object	object:t12-r-ap2	set-12	4	R-003	mcq	section:set-12:part-4	draft	legacy_unverified	pending_T05	handled
item_unit	item:t12-r-ap2	set-12	4	R-003	mcq	object:t12-r-ap2	draft	legacy_unverified	pending_T05	handled
question_object	object:t12-r-ap3	set-12	4	R-003	mcq	section:set-12:part-4	draft	legacy_unverified	pending_T05	handled
item_unit	item:t12-r-ap3	set-12	4	R-003	mcq	object:t12-r-ap3	draft	legacy_unverified	pending_T05	handled
question_object	object:t12-r-ap4	set-12	4	R-003	mcq	section:set-12:part-4	draft	legacy_unverified	pending_T05	handled
item_unit	item:t12-r-ap4	set-12	4	R-003	mcq	object:t12-r-ap4	draft	legacy_unverified	pending_T05	handled
question_object	object:t12-r-ap5	set-12	4	R-003	mcq	section:set-12:part-4	draft	legacy_unverified	pending_T05	handled
item_unit	item:t12-r-ap5	set-12	4	R-003	mcq	object:t12-r-ap5	draft	legacy_unverified	pending_T05	handled
question_object	object:t12-r-ap6	set-12	4	R-003	multiselect	section:set-12:part-4	draft	legacy_unverified	pending_T05	unhandled
item_unit	item:t12-r-ap6	set-12	4	R-003	multiselect	object:t12-r-ap6	draft	legacy_unverified	pending_T05	unhandled
section	section:set-12:part-5	set-12	5	L-001	MockSection	set:set-12	draft	legacy_unverified	pending_T05	handled
question_object	object:t12-l-cr1	set-12	5	L-001	mcq	section:set-12:part-5	draft	legacy_unverified	pending_T05	handled
stimulus	stimulus:t12-l-cr1:audio	set-12	5	L-001	question_audio_without_transcript	object:t12-l-cr1	draft	legacy_unverified	pending_T05	handled
item_unit	item:t12-l-cr1	set-12	5	L-001	mcq	object:t12-l-cr1	draft	legacy_unverified	pending_T05	handled
question_object	object:t12-l-cr2	set-12	5	L-001	mcq	section:set-12:part-5	draft	legacy_unverified	pending_T05	handled
stimulus	stimulus:t12-l-cr2:audio	set-12	5	L-001	question_audio_without_transcript	object:t12-l-cr2	draft	legacy_unverified	pending_T05	handled
item_unit	item:t12-l-cr2	set-12	5	L-001	mcq	object:t12-l-cr2	draft	legacy_unverified	pending_T05	handled
question_object	object:t12-l-cr3	set-12	5	L-001	mcq	section:set-12:part-5	draft	legacy_unverified	pending_T05	handled
stimulus	stimulus:t12-l-cr3:audio	set-12	5	L-001	question_audio_without_transcript	object:t12-l-cr3	draft	legacy_unverified	pending_T05	handled
item_unit	item:t12-l-cr3	set-12	5	L-001	mcq	object:t12-l-cr3	draft	legacy_unverified	pending_T05	handled
question_object	object:t12-l-cr4	set-12	5	L-001	mcq	section:set-12:part-5	draft	legacy_unverified	pending_T05	handled
stimulus	stimulus:t12-l-cr4:audio	set-12	5	L-001	question_audio_without_transcript	object:t12-l-cr4	draft	legacy_unverified	pending_T05	handled
item_unit	item:t12-l-cr4	set-12	5	L-001	mcq	object:t12-l-cr4	draft	legacy_unverified	pending_T05	handled
question_object	object:t12-l-cr5	set-12	5	L-001	mcq	section:set-12:part-5	draft	legacy_unverified	pending_T05	handled
stimulus	stimulus:t12-l-cr5:audio	set-12	5	L-001	question_audio_without_transcript	object:t12-l-cr5	draft	legacy_unverified	pending_T05	handled
item_unit	item:t12-l-cr5	set-12	5	L-001	mcq	object:t12-l-cr5	draft	legacy_unverified	pending_T05	handled
section	section:set-12:part-6	set-12	6	L-002	MockSection	set:set-12	draft	legacy_unverified	pending_T05	handled
stimulus	stimulus:set-12:part-6:audio	set-12	6	L-002	section_audio_with_transcript_candidate	section:set-12:part-6	draft	legacy_unverified	pending_T05	handled
question_object	object:t12-l-cv1	set-12	6	L-002	mcq	section:set-12:part-6	draft	legacy_unverified	pending_T05	handled
item_unit	item:t12-l-cv1	set-12	6	L-002	mcq	object:t12-l-cv1	draft	legacy_unverified	pending_T05	handled
question_object	object:t12-l-cv2	set-12	6	L-002	mcq	section:set-12:part-6	draft	legacy_unverified	pending_T05	handled
item_unit	item:t12-l-cv2	set-12	6	L-002	mcq	object:t12-l-cv2	draft	legacy_unverified	pending_T05	handled
question_object	object:t12-l-cv3	set-12	6	L-002	mcq	section:set-12:part-6	draft	legacy_unverified	pending_T05	handled
item_unit	item:t12-l-cv3	set-12	6	L-002	mcq	object:t12-l-cv3	draft	legacy_unverified	pending_T05	handled
question_object	object:t12-l-cv4	set-12	6	L-002	mcq	section:set-12:part-6	draft	legacy_unverified	pending_T05	handled
item_unit	item:t12-l-cv4	set-12	6	L-002	mcq	object:t12-l-cv4	draft	legacy_unverified	pending_T05	handled
section	section:set-12:part-7	set-12	7	L-003	MockSection	set:set-12	draft	legacy_unverified	pending_T05	handled
stimulus	stimulus:set-12:part-7:audio	set-12	7	L-003	section_audio_with_transcript_candidate	section:set-12:part-7	draft	legacy_unverified	pending_T05	handled
question_object	object:t12-l-an1	set-12	7	L-003	mcq	section:set-12:part-7	draft	legacy_unverified	pending_T05	handled
item_unit	item:t12-l-an1	set-12	7	L-003	mcq	object:t12-l-an1	draft	legacy_unverified	pending_T05	handled
question_object	object:t12-l-an2	set-12	7	L-003	mcq	section:set-12:part-7	draft	legacy_unverified	pending_T05	handled
item_unit	item:t12-l-an2	set-12	7	L-003	mcq	object:t12-l-an2	draft	legacy_unverified	pending_T05	handled
question_object	object:t12-l-an3	set-12	7	L-003	mcq	section:set-12:part-7	draft	legacy_unverified	pending_T05	handled
item_unit	item:t12-l-an3	set-12	7	L-003	mcq	object:t12-l-an3	draft	legacy_unverified	pending_T05	handled
section	section:set-12:part-8	set-12	8	L-004	MockSection	set:set-12	draft	legacy_unverified	pending_T05	handled
stimulus	stimulus:set-12:part-8:audio	set-12	8	L-004	section_audio_with_transcript_candidate	section:set-12:part-8	draft	legacy_unverified	pending_T05	handled
question_object	object:t12-l-at1	set-12	8	L-004	mcq	section:set-12:part-8	draft	legacy_unverified	pending_T05	handled
item_unit	item:t12-l-at1	set-12	8	L-004	mcq	object:t12-l-at1	draft	legacy_unverified	pending_T05	handled
question_object	object:t12-l-at2	set-12	8	L-004	mcq	section:set-12:part-8	draft	legacy_unverified	pending_T05	handled
item_unit	item:t12-l-at2	set-12	8	L-004	mcq	object:t12-l-at2	draft	legacy_unverified	pending_T05	handled
question_object	object:t12-l-at3	set-12	8	L-004	mcq	section:set-12:part-8	draft	legacy_unverified	pending_T05	handled
item_unit	item:t12-l-at3	set-12	8	L-004	mcq	object:t12-l-at3	draft	legacy_unverified	pending_T05	handled
question_object	object:t12-l-at4	set-12	8	L-004	mcq	section:set-12:part-8	draft	legacy_unverified	pending_T05	handled
item_unit	item:t12-l-at4	set-12	8	L-004	mcq	object:t12-l-at4	draft	legacy_unverified	pending_T05	handled
question_object	object:t12-l-at5	set-12	8	L-004	mcq	section:set-12:part-8	draft	legacy_unverified	pending_T05	handled
item_unit	item:t12-l-at5	set-12	8	L-004	mcq	object:t12-l-at5	draft	legacy_unverified	pending_T05	handled
section	section:set-12:part-9	set-12	9	W-001+W-004	MockSection	set:set-12	draft	legacy_unverified	pending_T05	handled
question_object	object:t12-w-bs1	set-12	9	W-001+W-004	sentencebuild	section:set-12:part-9	draft	legacy_unverified	pending_T05	handled
item_unit	item:t12-w-bs1	set-12	9	W-001+W-004	sentencebuild	object:t12-w-bs1	draft	legacy_unverified	pending_T05	handled
question_object	object:t12-w-bs2	set-12	9	W-001+W-004	sentencebuild	section:set-12:part-9	draft	legacy_unverified	pending_T05	handled
item_unit	item:t12-w-bs2	set-12	9	W-001+W-004	sentencebuild	object:t12-w-bs2	draft	legacy_unverified	pending_T05	handled
question_object	object:t12-w-bs3	set-12	9	W-001+W-004	sentencebuild	section:set-12:part-9	draft	legacy_unverified	pending_T05	handled
item_unit	item:t12-w-bs3	set-12	9	W-001+W-004	sentencebuild	object:t12-w-bs3	draft	legacy_unverified	pending_T05	handled
question_object	object:t12-w-bs4	set-12	9	W-001+W-004	sentencebuild	section:set-12:part-9	draft	legacy_unverified	pending_T05	handled
item_unit	item:t12-w-bs4	set-12	9	W-001+W-004	sentencebuild	object:t12-w-bs4	draft	legacy_unverified	pending_T05	handled
question_object	object:t12-w-bs5	set-12	9	W-001+W-004	sentencebuild	section:set-12:part-9	draft	legacy_unverified	pending_T05	handled
item_unit	item:t12-w-bs5	set-12	9	W-001+W-004	sentencebuild	object:t12-w-bs5	draft	legacy_unverified	pending_T05	handled
question_object	object:t12-w-bs6	set-12	9	W-001+W-004	sentencebuild	section:set-12:part-9	draft	legacy_unverified	pending_T05	handled
item_unit	item:t12-w-bs6	set-12	9	W-001+W-004	sentencebuild	object:t12-w-bs6	draft	legacy_unverified	pending_T05	handled
section	section:set-12:part-10	set-12	10	W-002	MockSection	set:set-12	draft	legacy_unverified	pending_T05	handled
question_object	object:t12-w-email	set-12	10	W-002	write	section:set-12:part-10	draft	legacy_unverified	pending_T05	handled
stimulus	stimulus:t12-w-email:writing	set-12	10	W-002	writing_stimulus	object:t12-w-email	draft	legacy_unverified	pending_T05	handled
item_unit	item:t12-w-email	set-12	10	W-002	write	object:t12-w-email	draft	legacy_unverified	pending_T05	handled
section	section:set-12:part-11	set-12	11	W-003	MockSection	set:set-12	draft	legacy_unverified	pending_T05	handled
question_object	object:t12-w-disc	set-12	11	W-003	write	section:set-12:part-11	draft	legacy_unverified	pending_T05	handled
stimulus	stimulus:t12-w-disc:writing	set-12	11	W-003	writing_stimulus	object:t12-w-disc	draft	legacy_unverified	pending_T05	handled
item_unit	item:t12-w-disc	set-12	11	W-003	write	object:t12-w-disc	draft	legacy_unverified	pending_T05	handled
section	section:set-12:part-12	set-12	12	S-001	MockSection	set:set-12	draft	legacy_unverified	pending_T05	handled
question_object	object:t12-s-rp1	set-12	12	S-001	repeat	section:set-12:part-12	draft	legacy_unverified	pending_T05	handled
stimulus	stimulus:t12-s-rp1:audio	set-12	12	S-001	repeat_audio_with_script_candidate	object:t12-s-rp1	draft	legacy_unverified	pending_T05	handled
item_unit	item:t12-s-rp1	set-12	12	S-001	repeat	object:t12-s-rp1	draft	legacy_unverified	pending_T05	handled
question_object	object:t12-s-rp2	set-12	12	S-001	repeat	section:set-12:part-12	draft	legacy_unverified	pending_T05	handled
stimulus	stimulus:t12-s-rp2:audio	set-12	12	S-001	repeat_audio_with_script_candidate	object:t12-s-rp2	draft	legacy_unverified	pending_T05	handled
item_unit	item:t12-s-rp2	set-12	12	S-001	repeat	object:t12-s-rp2	draft	legacy_unverified	pending_T05	handled
question_object	object:t12-s-rp3	set-12	12	S-001	repeat	section:set-12:part-12	draft	legacy_unverified	pending_T05	handled
stimulus	stimulus:t12-s-rp3:audio	set-12	12	S-001	repeat_audio_with_script_candidate	object:t12-s-rp3	draft	legacy_unverified	pending_T05	handled
item_unit	item:t12-s-rp3	set-12	12	S-001	repeat	object:t12-s-rp3	draft	legacy_unverified	pending_T05	handled
question_object	object:t12-s-rp4	set-12	12	S-001	repeat	section:set-12:part-12	draft	legacy_unverified	pending_T05	handled
stimulus	stimulus:t12-s-rp4:audio	set-12	12	S-001	repeat_audio_with_script_candidate	object:t12-s-rp4	draft	legacy_unverified	pending_T05	handled
item_unit	item:t12-s-rp4	set-12	12	S-001	repeat	object:t12-s-rp4	draft	legacy_unverified	pending_T05	handled
question_object	object:t12-s-rp5	set-12	12	S-001	repeat	section:set-12:part-12	draft	legacy_unverified	pending_T05	handled
stimulus	stimulus:t12-s-rp5:audio	set-12	12	S-001	repeat_audio_with_script_candidate	object:t12-s-rp5	draft	legacy_unverified	pending_T05	handled
item_unit	item:t12-s-rp5	set-12	12	S-001	repeat	object:t12-s-rp5	draft	legacy_unverified	pending_T05	handled
section	section:set-12:part-13	set-12	13	S-002	MockSection	set:set-12	draft	legacy_unverified	pending_T05	handled
question_object	object:t12-s-iv1	set-12	13	S-002	speak	section:set-12:part-13	draft	legacy_unverified	pending_T05	handled
stimulus	stimulus:t12-s-iv1:interview	set-12	13	S-002	interview_text_prompt	object:t12-s-iv1	draft	legacy_unverified	pending_T05	handled
item_unit	item:t12-s-iv1	set-12	13	S-002	speak	object:t12-s-iv1	draft	legacy_unverified	pending_T05	handled
question_object	object:t12-s-iv2	set-12	13	S-002	speak	section:set-12:part-13	draft	legacy_unverified	pending_T05	handled
stimulus	stimulus:t12-s-iv2:interview	set-12	13	S-002	interview_text_prompt	object:t12-s-iv2	draft	legacy_unverified	pending_T05	handled
item_unit	item:t12-s-iv2	set-12	13	S-002	speak	object:t12-s-iv2	draft	legacy_unverified	pending_T05	handled
question_object	object:t12-s-iv3	set-12	13	S-002	speak	section:set-12:part-13	draft	legacy_unverified	pending_T05	handled
stimulus	stimulus:t12-s-iv3:interview	set-12	13	S-002	interview_text_prompt	object:t12-s-iv3	draft	legacy_unverified	pending_T05	handled
item_unit	item:t12-s-iv3	set-12	13	S-002	speak	object:t12-s-iv3	draft	legacy_unverified	pending_T05	handled
question_object	object:t12-s-iv4	set-12	13	S-002	speak	section:set-12:part-13	draft	legacy_unverified	pending_T05	handled
stimulus	stimulus:t12-s-iv4:interview	set-12	13	S-002	interview_text_prompt	object:t12-s-iv4	draft	legacy_unverified	pending_T05	handled
item_unit	item:t12-s-iv4	set-12	13	S-002	speak	object:t12-s-iv4	draft	legacy_unverified	pending_T05	handled
set	set:set-13	set-13		R-001..S-002	MockExam		draft	audited_with_blockers	pending_T05	mixed
section	section:set-13:part-1	set-13	1	R-001	MockSection	set:set-13	draft	legacy_unverified	pending_T05	handled
question_object	object:t13-r-cw1	set-13	1	R-001	wordcomplete	section:set-13:part-1	draft	legacy_unverified	pending_T05	handled
stimulus	stimulus:t13-r-cw1:template	set-13	1	R-001	wordcomplete_template	object:t13-r-cw1	draft	legacy_unverified	pending_T05	handled
item_unit	item:t13-r-cw1:blank-1	set-13	1	R-001	wordcomplete_blank	object:t13-r-cw1	draft	legacy_unverified	pending_T05	handled
item_unit	item:t13-r-cw1:blank-2	set-13	1	R-001	wordcomplete_blank	object:t13-r-cw1	draft	legacy_unverified	pending_T05	handled
item_unit	item:t13-r-cw1:blank-3	set-13	1	R-001	wordcomplete_blank	object:t13-r-cw1	draft	legacy_unverified	pending_T05	handled
item_unit	item:t13-r-cw1:blank-4	set-13	1	R-001	wordcomplete_blank	object:t13-r-cw1	draft	legacy_unverified	pending_T05	handled
item_unit	item:t13-r-cw1:blank-5	set-13	1	R-001	wordcomplete_blank	object:t13-r-cw1	draft	legacy_unverified	pending_T05	handled
item_unit	item:t13-r-cw1:blank-6	set-13	1	R-001	wordcomplete_blank	object:t13-r-cw1	draft	legacy_unverified	pending_T05	handled
question_object	object:t13-r-cw2	set-13	1	R-001	wordcomplete	section:set-13:part-1	draft	legacy_unverified	pending_T05	handled
stimulus	stimulus:t13-r-cw2:template	set-13	1	R-001	wordcomplete_template	object:t13-r-cw2	draft	legacy_unverified	pending_T05	handled
item_unit	item:t13-r-cw2:blank-1	set-13	1	R-001	wordcomplete_blank	object:t13-r-cw2	draft	legacy_unverified	pending_T05	handled
item_unit	item:t13-r-cw2:blank-2	set-13	1	R-001	wordcomplete_blank	object:t13-r-cw2	draft	legacy_unverified	pending_T05	handled
item_unit	item:t13-r-cw2:blank-3	set-13	1	R-001	wordcomplete_blank	object:t13-r-cw2	draft	legacy_unverified	pending_T05	handled
item_unit	item:t13-r-cw2:blank-4	set-13	1	R-001	wordcomplete_blank	object:t13-r-cw2	draft	legacy_unverified	pending_T05	handled
item_unit	item:t13-r-cw2:blank-5	set-13	1	R-001	wordcomplete_blank	object:t13-r-cw2	draft	legacy_unverified	pending_T05	handled
item_unit	item:t13-r-cw2:blank-6	set-13	1	R-001	wordcomplete_blank	object:t13-r-cw2	draft	legacy_unverified	pending_T05	handled
section	section:set-13:part-2	set-13	2	R-002	MockSection	set:set-13	draft	legacy_unverified	pending_T05	handled
stimulus	stimulus:set-13:part-2:passage	set-13	2	R-002	section_passage	section:set-13:part-2	draft	legacy_unverified	pending_T05	handled
question_object	object:t13-r-dl1	set-13	2	R-002	mcq	section:set-13:part-2	draft	legacy_unverified	pending_T05	handled
item_unit	item:t13-r-dl1	set-13	2	R-002	mcq	object:t13-r-dl1	draft	legacy_unverified	pending_T05	handled
question_object	object:t13-r-dl2	set-13	2	R-002	mcq	section:set-13:part-2	draft	legacy_unverified	pending_T05	handled
item_unit	item:t13-r-dl2	set-13	2	R-002	mcq	object:t13-r-dl2	draft	legacy_unverified	pending_T05	handled
question_object	object:t13-r-dl3	set-13	2	R-002	mcq	section:set-13:part-2	draft	legacy_unverified	pending_T05	handled
item_unit	item:t13-r-dl3	set-13	2	R-002	mcq	object:t13-r-dl3	draft	legacy_unverified	pending_T05	handled
section	section:set-13:part-3	set-13	3	R-002	MockSection	set:set-13	draft	legacy_unverified	pending_T05	handled
stimulus	stimulus:set-13:part-3:passage	set-13	3	R-002	section_passage	section:set-13:part-3	draft	legacy_unverified	pending_T05	handled
question_object	object:t13-r-dl4	set-13	3	R-002	mcq	section:set-13:part-3	draft	legacy_unverified	pending_T05	handled
item_unit	item:t13-r-dl4	set-13	3	R-002	mcq	object:t13-r-dl4	draft	legacy_unverified	pending_T05	handled
question_object	object:t13-r-dl5	set-13	3	R-002	mcq	section:set-13:part-3	draft	legacy_unverified	pending_T05	handled
item_unit	item:t13-r-dl5	set-13	3	R-002	mcq	object:t13-r-dl5	draft	legacy_unverified	pending_T05	handled
section	section:set-13:part-4	set-13	4	R-003	MockSection	set:set-13	draft	legacy_unverified	pending_T05	mixed
stimulus	stimulus:set-13:part-4:passage	set-13	4	R-003	section_passage	section:set-13:part-4	draft	legacy_unverified	pending_T05	handled
question_object	object:t13-r-ap1	set-13	4	R-003	mcq	section:set-13:part-4	draft	legacy_unverified	pending_T05	handled
item_unit	item:t13-r-ap1	set-13	4	R-003	mcq	object:t13-r-ap1	draft	legacy_unverified	pending_T05	handled
question_object	object:t13-r-ap2	set-13	4	R-003	mcq	section:set-13:part-4	draft	legacy_unverified	pending_T05	handled
item_unit	item:t13-r-ap2	set-13	4	R-003	mcq	object:t13-r-ap2	draft	legacy_unverified	pending_T05	handled
question_object	object:t13-r-ap3	set-13	4	R-003	mcq	section:set-13:part-4	draft	legacy_unverified	pending_T05	handled
item_unit	item:t13-r-ap3	set-13	4	R-003	mcq	object:t13-r-ap3	draft	legacy_unverified	pending_T05	handled
question_object	object:t13-r-ap4	set-13	4	R-003	mcq	section:set-13:part-4	draft	legacy_unverified	pending_T05	handled
item_unit	item:t13-r-ap4	set-13	4	R-003	mcq	object:t13-r-ap4	draft	legacy_unverified	pending_T05	handled
question_object	object:t13-r-ap5	set-13	4	R-003	mcq	section:set-13:part-4	draft	legacy_unverified	pending_T05	handled
item_unit	item:t13-r-ap5	set-13	4	R-003	mcq	object:t13-r-ap5	draft	legacy_unverified	pending_T05	handled
question_object	object:t13-r-ap6	set-13	4	R-003	multiselect	section:set-13:part-4	draft	legacy_unverified	pending_T05	unhandled
item_unit	item:t13-r-ap6	set-13	4	R-003	multiselect	object:t13-r-ap6	draft	legacy_unverified	pending_T05	unhandled
section	section:set-13:part-5	set-13	5	L-001	MockSection	set:set-13	draft	legacy_unverified	pending_T05	handled
question_object	object:t13-l-cr1	set-13	5	L-001	mcq	section:set-13:part-5	draft	legacy_unverified	pending_T05	handled
stimulus	stimulus:t13-l-cr1:audio	set-13	5	L-001	question_audio_without_transcript	object:t13-l-cr1	draft	legacy_unverified	pending_T05	handled
item_unit	item:t13-l-cr1	set-13	5	L-001	mcq	object:t13-l-cr1	draft	legacy_unverified	pending_T05	handled
question_object	object:t13-l-cr2	set-13	5	L-001	mcq	section:set-13:part-5	draft	legacy_unverified	pending_T05	handled
stimulus	stimulus:t13-l-cr2:audio	set-13	5	L-001	question_audio_without_transcript	object:t13-l-cr2	draft	legacy_unverified	pending_T05	handled
item_unit	item:t13-l-cr2	set-13	5	L-001	mcq	object:t13-l-cr2	draft	legacy_unverified	pending_T05	handled
question_object	object:t13-l-cr3	set-13	5	L-001	mcq	section:set-13:part-5	draft	legacy_unverified	pending_T05	handled
stimulus	stimulus:t13-l-cr3:audio	set-13	5	L-001	question_audio_without_transcript	object:t13-l-cr3	draft	legacy_unverified	pending_T05	handled
item_unit	item:t13-l-cr3	set-13	5	L-001	mcq	object:t13-l-cr3	draft	legacy_unverified	pending_T05	handled
question_object	object:t13-l-cr4	set-13	5	L-001	mcq	section:set-13:part-5	draft	legacy_unverified	pending_T05	handled
stimulus	stimulus:t13-l-cr4:audio	set-13	5	L-001	question_audio_without_transcript	object:t13-l-cr4	draft	legacy_unverified	pending_T05	handled
item_unit	item:t13-l-cr4	set-13	5	L-001	mcq	object:t13-l-cr4	draft	legacy_unverified	pending_T05	handled
question_object	object:t13-l-cr5	set-13	5	L-001	mcq	section:set-13:part-5	draft	legacy_unverified	pending_T05	handled
stimulus	stimulus:t13-l-cr5:audio	set-13	5	L-001	question_audio_without_transcript	object:t13-l-cr5	draft	legacy_unverified	pending_T05	handled
item_unit	item:t13-l-cr5	set-13	5	L-001	mcq	object:t13-l-cr5	draft	legacy_unverified	pending_T05	handled
section	section:set-13:part-6	set-13	6	L-002	MockSection	set:set-13	draft	legacy_unverified	pending_T05	handled
stimulus	stimulus:set-13:part-6:audio	set-13	6	L-002	section_audio_with_transcript_candidate	section:set-13:part-6	draft	legacy_unverified	pending_T05	handled
question_object	object:t13-l-cv1	set-13	6	L-002	mcq	section:set-13:part-6	draft	legacy_unverified	pending_T05	handled
item_unit	item:t13-l-cv1	set-13	6	L-002	mcq	object:t13-l-cv1	draft	legacy_unverified	pending_T05	handled
question_object	object:t13-l-cv2	set-13	6	L-002	mcq	section:set-13:part-6	draft	legacy_unverified	pending_T05	handled
item_unit	item:t13-l-cv2	set-13	6	L-002	mcq	object:t13-l-cv2	draft	legacy_unverified	pending_T05	handled
question_object	object:t13-l-cv3	set-13	6	L-002	mcq	section:set-13:part-6	draft	legacy_unverified	pending_T05	handled
item_unit	item:t13-l-cv3	set-13	6	L-002	mcq	object:t13-l-cv3	draft	legacy_unverified	pending_T05	handled
question_object	object:t13-l-cv4	set-13	6	L-002	mcq	section:set-13:part-6	draft	legacy_unverified	pending_T05	handled
item_unit	item:t13-l-cv4	set-13	6	L-002	mcq	object:t13-l-cv4	draft	legacy_unverified	pending_T05	handled
section	section:set-13:part-7	set-13	7	L-003	MockSection	set:set-13	draft	legacy_unverified	pending_T05	handled
stimulus	stimulus:set-13:part-7:audio	set-13	7	L-003	section_audio_with_transcript_candidate	section:set-13:part-7	draft	legacy_unverified	pending_T05	handled
question_object	object:t13-l-an1	set-13	7	L-003	mcq	section:set-13:part-7	draft	legacy_unverified	pending_T05	handled
item_unit	item:t13-l-an1	set-13	7	L-003	mcq	object:t13-l-an1	draft	legacy_unverified	pending_T05	handled
question_object	object:t13-l-an2	set-13	7	L-003	mcq	section:set-13:part-7	draft	legacy_unverified	pending_T05	handled
item_unit	item:t13-l-an2	set-13	7	L-003	mcq	object:t13-l-an2	draft	legacy_unverified	pending_T05	handled
question_object	object:t13-l-an3	set-13	7	L-003	mcq	section:set-13:part-7	draft	legacy_unverified	pending_T05	handled
item_unit	item:t13-l-an3	set-13	7	L-003	mcq	object:t13-l-an3	draft	legacy_unverified	pending_T05	handled
section	section:set-13:part-8	set-13	8	L-004	MockSection	set:set-13	draft	legacy_unverified	pending_T05	handled
stimulus	stimulus:set-13:part-8:audio	set-13	8	L-004	section_audio_with_transcript_candidate	section:set-13:part-8	draft	legacy_unverified	pending_T05	handled
question_object	object:t13-l-at1	set-13	8	L-004	mcq	section:set-13:part-8	draft	legacy_unverified	pending_T05	handled
item_unit	item:t13-l-at1	set-13	8	L-004	mcq	object:t13-l-at1	draft	legacy_unverified	pending_T05	handled
question_object	object:t13-l-at2	set-13	8	L-004	mcq	section:set-13:part-8	draft	legacy_unverified	pending_T05	handled
item_unit	item:t13-l-at2	set-13	8	L-004	mcq	object:t13-l-at2	draft	legacy_unverified	pending_T05	handled
question_object	object:t13-l-at3	set-13	8	L-004	mcq	section:set-13:part-8	draft	legacy_unverified	pending_T05	handled
item_unit	item:t13-l-at3	set-13	8	L-004	mcq	object:t13-l-at3	draft	legacy_unverified	pending_T05	handled
question_object	object:t13-l-at4	set-13	8	L-004	mcq	section:set-13:part-8	draft	legacy_unverified	pending_T05	handled
item_unit	item:t13-l-at4	set-13	8	L-004	mcq	object:t13-l-at4	draft	legacy_unverified	pending_T05	handled
question_object	object:t13-l-at5	set-13	8	L-004	mcq	section:set-13:part-8	draft	legacy_unverified	pending_T05	handled
item_unit	item:t13-l-at5	set-13	8	L-004	mcq	object:t13-l-at5	draft	legacy_unverified	pending_T05	handled
section	section:set-13:part-9	set-13	9	W-001+W-004	MockSection	set:set-13	draft	legacy_unverified	pending_T05	handled
question_object	object:t13-w-bs1	set-13	9	W-001+W-004	sentencebuild	section:set-13:part-9	draft	legacy_unverified	pending_T05	handled
item_unit	item:t13-w-bs1	set-13	9	W-001+W-004	sentencebuild	object:t13-w-bs1	draft	legacy_unverified	pending_T05	handled
question_object	object:t13-w-bs2	set-13	9	W-001+W-004	sentencebuild	section:set-13:part-9	draft	legacy_unverified	pending_T05	handled
item_unit	item:t13-w-bs2	set-13	9	W-001+W-004	sentencebuild	object:t13-w-bs2	draft	legacy_unverified	pending_T05	handled
question_object	object:t13-w-bs3	set-13	9	W-001+W-004	sentencebuild	section:set-13:part-9	draft	legacy_unverified	pending_T05	handled
item_unit	item:t13-w-bs3	set-13	9	W-001+W-004	sentencebuild	object:t13-w-bs3	draft	legacy_unverified	pending_T05	handled
question_object	object:t13-w-bs4	set-13	9	W-001+W-004	sentencebuild	section:set-13:part-9	draft	legacy_unverified	pending_T05	handled
item_unit	item:t13-w-bs4	set-13	9	W-001+W-004	sentencebuild	object:t13-w-bs4	draft	legacy_unverified	pending_T05	handled
question_object	object:t13-w-bs5	set-13	9	W-001+W-004	sentencebuild	section:set-13:part-9	draft	legacy_unverified	pending_T05	handled
item_unit	item:t13-w-bs5	set-13	9	W-001+W-004	sentencebuild	object:t13-w-bs5	draft	legacy_unverified	pending_T05	handled
question_object	object:t13-w-bs6	set-13	9	W-001+W-004	sentencebuild	section:set-13:part-9	draft	legacy_unverified	pending_T05	handled
item_unit	item:t13-w-bs6	set-13	9	W-001+W-004	sentencebuild	object:t13-w-bs6	draft	legacy_unverified	pending_T05	handled
section	section:set-13:part-10	set-13	10	W-002	MockSection	set:set-13	draft	legacy_unverified	pending_T05	handled
question_object	object:t13-w-email	set-13	10	W-002	write	section:set-13:part-10	draft	legacy_unverified	pending_T05	handled
stimulus	stimulus:t13-w-email:writing	set-13	10	W-002	writing_stimulus	object:t13-w-email	draft	legacy_unverified	pending_T05	handled
item_unit	item:t13-w-email	set-13	10	W-002	write	object:t13-w-email	draft	legacy_unverified	pending_T05	handled
section	section:set-13:part-11	set-13	11	W-003	MockSection	set:set-13	draft	legacy_unverified	pending_T05	handled
question_object	object:t13-w-disc	set-13	11	W-003	write	section:set-13:part-11	draft	legacy_unverified	pending_T05	handled
stimulus	stimulus:t13-w-disc:writing	set-13	11	W-003	writing_stimulus	object:t13-w-disc	draft	legacy_unverified	pending_T05	handled
item_unit	item:t13-w-disc	set-13	11	W-003	write	object:t13-w-disc	draft	legacy_unverified	pending_T05	handled
section	section:set-13:part-12	set-13	12	S-001	MockSection	set:set-13	draft	legacy_unverified	pending_T05	handled
question_object	object:t13-s-rp1	set-13	12	S-001	repeat	section:set-13:part-12	draft	legacy_unverified	pending_T05	handled
stimulus	stimulus:t13-s-rp1:audio	set-13	12	S-001	repeat_audio_with_script_candidate	object:t13-s-rp1	draft	legacy_unverified	pending_T05	handled
item_unit	item:t13-s-rp1	set-13	12	S-001	repeat	object:t13-s-rp1	draft	legacy_unverified	pending_T05	handled
question_object	object:t13-s-rp2	set-13	12	S-001	repeat	section:set-13:part-12	draft	legacy_unverified	pending_T05	handled
stimulus	stimulus:t13-s-rp2:audio	set-13	12	S-001	repeat_audio_with_script_candidate	object:t13-s-rp2	draft	legacy_unverified	pending_T05	handled
item_unit	item:t13-s-rp2	set-13	12	S-001	repeat	object:t13-s-rp2	draft	legacy_unverified	pending_T05	handled
question_object	object:t13-s-rp3	set-13	12	S-001	repeat	section:set-13:part-12	draft	legacy_unverified	pending_T05	handled
stimulus	stimulus:t13-s-rp3:audio	set-13	12	S-001	repeat_audio_with_script_candidate	object:t13-s-rp3	draft	legacy_unverified	pending_T05	handled
item_unit	item:t13-s-rp3	set-13	12	S-001	repeat	object:t13-s-rp3	draft	legacy_unverified	pending_T05	handled
question_object	object:t13-s-rp4	set-13	12	S-001	repeat	section:set-13:part-12	draft	legacy_unverified	pending_T05	handled
stimulus	stimulus:t13-s-rp4:audio	set-13	12	S-001	repeat_audio_with_script_candidate	object:t13-s-rp4	draft	legacy_unverified	pending_T05	handled
item_unit	item:t13-s-rp4	set-13	12	S-001	repeat	object:t13-s-rp4	draft	legacy_unverified	pending_T05	handled
question_object	object:t13-s-rp5	set-13	12	S-001	repeat	section:set-13:part-12	draft	legacy_unverified	pending_T05	handled
stimulus	stimulus:t13-s-rp5:audio	set-13	12	S-001	repeat_audio_with_script_candidate	object:t13-s-rp5	draft	legacy_unverified	pending_T05	handled
item_unit	item:t13-s-rp5	set-13	12	S-001	repeat	object:t13-s-rp5	draft	legacy_unverified	pending_T05	handled
section	section:set-13:part-13	set-13	13	S-002	MockSection	set:set-13	draft	legacy_unverified	pending_T05	handled
question_object	object:t13-s-iv1	set-13	13	S-002	speak	section:set-13:part-13	draft	legacy_unverified	pending_T05	handled
stimulus	stimulus:t13-s-iv1:interview	set-13	13	S-002	interview_text_prompt	object:t13-s-iv1	draft	legacy_unverified	pending_T05	handled
item_unit	item:t13-s-iv1	set-13	13	S-002	speak	object:t13-s-iv1	draft	legacy_unverified	pending_T05	handled
question_object	object:t13-s-iv2	set-13	13	S-002	speak	section:set-13:part-13	draft	legacy_unverified	pending_T05	handled
stimulus	stimulus:t13-s-iv2:interview	set-13	13	S-002	interview_text_prompt	object:t13-s-iv2	draft	legacy_unverified	pending_T05	handled
item_unit	item:t13-s-iv2	set-13	13	S-002	speak	object:t13-s-iv2	draft	legacy_unverified	pending_T05	handled
question_object	object:t13-s-iv3	set-13	13	S-002	speak	section:set-13:part-13	draft	legacy_unverified	pending_T05	handled
stimulus	stimulus:t13-s-iv3:interview	set-13	13	S-002	interview_text_prompt	object:t13-s-iv3	draft	legacy_unverified	pending_T05	handled
item_unit	item:t13-s-iv3	set-13	13	S-002	speak	object:t13-s-iv3	draft	legacy_unverified	pending_T05	handled
question_object	object:t13-s-iv4	set-13	13	S-002	speak	section:set-13:part-13	draft	legacy_unverified	pending_T05	handled
stimulus	stimulus:t13-s-iv4:interview	set-13	13	S-002	interview_text_prompt	object:t13-s-iv4	draft	legacy_unverified	pending_T05	handled
item_unit	item:t13-s-iv4	set-13	13	S-002	speak	object:t13-s-iv4	draft	legacy_unverified	pending_T05	handled
set	set:set-14	set-14		R-001..S-002	MockExam		draft	audited_with_blockers	pending_T05	mixed
section	section:set-14:part-1	set-14	1	R-001	MockSection	set:set-14	draft	legacy_unverified	pending_T05	handled
question_object	object:t14-r-cw1	set-14	1	R-001	wordcomplete	section:set-14:part-1	draft	legacy_unverified	pending_T05	handled
stimulus	stimulus:t14-r-cw1:template	set-14	1	R-001	wordcomplete_template	object:t14-r-cw1	draft	legacy_unverified	pending_T05	handled
item_unit	item:t14-r-cw1:blank-1	set-14	1	R-001	wordcomplete_blank	object:t14-r-cw1	draft	legacy_unverified	pending_T05	handled
item_unit	item:t14-r-cw1:blank-2	set-14	1	R-001	wordcomplete_blank	object:t14-r-cw1	draft	legacy_unverified	pending_T05	handled
item_unit	item:t14-r-cw1:blank-3	set-14	1	R-001	wordcomplete_blank	object:t14-r-cw1	draft	legacy_unverified	pending_T05	handled
item_unit	item:t14-r-cw1:blank-4	set-14	1	R-001	wordcomplete_blank	object:t14-r-cw1	draft	legacy_unverified	pending_T05	handled
item_unit	item:t14-r-cw1:blank-5	set-14	1	R-001	wordcomplete_blank	object:t14-r-cw1	draft	legacy_unverified	pending_T05	handled
item_unit	item:t14-r-cw1:blank-6	set-14	1	R-001	wordcomplete_blank	object:t14-r-cw1	draft	legacy_unverified	pending_T05	handled
question_object	object:t14-r-cw2	set-14	1	R-001	wordcomplete	section:set-14:part-1	draft	legacy_unverified	pending_T05	handled
stimulus	stimulus:t14-r-cw2:template	set-14	1	R-001	wordcomplete_template	object:t14-r-cw2	draft	legacy_unverified	pending_T05	handled
item_unit	item:t14-r-cw2:blank-1	set-14	1	R-001	wordcomplete_blank	object:t14-r-cw2	draft	legacy_unverified	pending_T05	handled
item_unit	item:t14-r-cw2:blank-2	set-14	1	R-001	wordcomplete_blank	object:t14-r-cw2	draft	legacy_unverified	pending_T05	handled
item_unit	item:t14-r-cw2:blank-3	set-14	1	R-001	wordcomplete_blank	object:t14-r-cw2	draft	legacy_unverified	pending_T05	handled
item_unit	item:t14-r-cw2:blank-4	set-14	1	R-001	wordcomplete_blank	object:t14-r-cw2	draft	legacy_unverified	pending_T05	handled
item_unit	item:t14-r-cw2:blank-5	set-14	1	R-001	wordcomplete_blank	object:t14-r-cw2	draft	legacy_unverified	pending_T05	handled
item_unit	item:t14-r-cw2:blank-6	set-14	1	R-001	wordcomplete_blank	object:t14-r-cw2	draft	legacy_unverified	pending_T05	handled
section	section:set-14:part-2	set-14	2	R-002	MockSection	set:set-14	draft	legacy_unverified	pending_T05	handled
stimulus	stimulus:set-14:part-2:passage	set-14	2	R-002	section_passage	section:set-14:part-2	draft	legacy_unverified	pending_T05	handled
question_object	object:t14-r-dl1	set-14	2	R-002	mcq	section:set-14:part-2	draft	legacy_unverified	pending_T05	handled
item_unit	item:t14-r-dl1	set-14	2	R-002	mcq	object:t14-r-dl1	draft	legacy_unverified	pending_T05	handled
question_object	object:t14-r-dl2	set-14	2	R-002	mcq	section:set-14:part-2	draft	legacy_unverified	pending_T05	handled
item_unit	item:t14-r-dl2	set-14	2	R-002	mcq	object:t14-r-dl2	draft	legacy_unverified	pending_T05	handled
question_object	object:t14-r-dl3	set-14	2	R-002	mcq	section:set-14:part-2	draft	legacy_unverified	pending_T05	handled
item_unit	item:t14-r-dl3	set-14	2	R-002	mcq	object:t14-r-dl3	draft	legacy_unverified	pending_T05	handled
section	section:set-14:part-3	set-14	3	R-002	MockSection	set:set-14	draft	legacy_unverified	pending_T05	handled
stimulus	stimulus:set-14:part-3:passage	set-14	3	R-002	section_passage	section:set-14:part-3	draft	legacy_unverified	pending_T05	handled
question_object	object:t14-r-dl4	set-14	3	R-002	mcq	section:set-14:part-3	draft	legacy_unverified	pending_T05	handled
item_unit	item:t14-r-dl4	set-14	3	R-002	mcq	object:t14-r-dl4	draft	legacy_unverified	pending_T05	handled
question_object	object:t14-r-dl5	set-14	3	R-002	mcq	section:set-14:part-3	draft	legacy_unverified	pending_T05	handled
item_unit	item:t14-r-dl5	set-14	3	R-002	mcq	object:t14-r-dl5	draft	legacy_unverified	pending_T05	handled
section	section:set-14:part-4	set-14	4	R-003	MockSection	set:set-14	draft	legacy_unverified	pending_T05	mixed
stimulus	stimulus:set-14:part-4:passage	set-14	4	R-003	section_passage	section:set-14:part-4	draft	legacy_unverified	pending_T05	handled
question_object	object:t14-r-ap1	set-14	4	R-003	mcq	section:set-14:part-4	draft	legacy_unverified	pending_T05	handled
item_unit	item:t14-r-ap1	set-14	4	R-003	mcq	object:t14-r-ap1	draft	legacy_unverified	pending_T05	handled
question_object	object:t14-r-ap2	set-14	4	R-003	mcq	section:set-14:part-4	draft	legacy_unverified	pending_T05	handled
item_unit	item:t14-r-ap2	set-14	4	R-003	mcq	object:t14-r-ap2	draft	legacy_unverified	pending_T05	handled
question_object	object:t14-r-ap3	set-14	4	R-003	mcq	section:set-14:part-4	draft	legacy_unverified	pending_T05	handled
item_unit	item:t14-r-ap3	set-14	4	R-003	mcq	object:t14-r-ap3	draft	legacy_unverified	pending_T05	handled
question_object	object:t14-r-ap4	set-14	4	R-003	mcq	section:set-14:part-4	draft	legacy_unverified	pending_T05	handled
item_unit	item:t14-r-ap4	set-14	4	R-003	mcq	object:t14-r-ap4	draft	legacy_unverified	pending_T05	handled
question_object	object:t14-r-ap5	set-14	4	R-003	mcq	section:set-14:part-4	draft	legacy_unverified	pending_T05	handled
item_unit	item:t14-r-ap5	set-14	4	R-003	mcq	object:t14-r-ap5	draft	legacy_unverified	pending_T05	handled
question_object	object:t14-r-ap6	set-14	4	R-003	multiselect	section:set-14:part-4	draft	legacy_unverified	pending_T05	unhandled
item_unit	item:t14-r-ap6	set-14	4	R-003	multiselect	object:t14-r-ap6	draft	legacy_unverified	pending_T05	unhandled
section	section:set-14:part-5	set-14	5	L-001	MockSection	set:set-14	draft	legacy_unverified	pending_T05	handled
question_object	object:t14-l-cr1	set-14	5	L-001	mcq	section:set-14:part-5	draft	legacy_unverified	pending_T05	handled
stimulus	stimulus:t14-l-cr1:audio	set-14	5	L-001	question_audio_without_transcript	object:t14-l-cr1	draft	legacy_unverified	pending_T05	handled
item_unit	item:t14-l-cr1	set-14	5	L-001	mcq	object:t14-l-cr1	draft	legacy_unverified	pending_T05	handled
question_object	object:t14-l-cr2	set-14	5	L-001	mcq	section:set-14:part-5	draft	legacy_unverified	pending_T05	handled
stimulus	stimulus:t14-l-cr2:audio	set-14	5	L-001	question_audio_without_transcript	object:t14-l-cr2	draft	legacy_unverified	pending_T05	handled
item_unit	item:t14-l-cr2	set-14	5	L-001	mcq	object:t14-l-cr2	draft	legacy_unverified	pending_T05	handled
question_object	object:t14-l-cr3	set-14	5	L-001	mcq	section:set-14:part-5	draft	legacy_unverified	pending_T05	handled
stimulus	stimulus:t14-l-cr3:audio	set-14	5	L-001	question_audio_without_transcript	object:t14-l-cr3	draft	legacy_unverified	pending_T05	handled
item_unit	item:t14-l-cr3	set-14	5	L-001	mcq	object:t14-l-cr3	draft	legacy_unverified	pending_T05	handled
question_object	object:t14-l-cr4	set-14	5	L-001	mcq	section:set-14:part-5	draft	legacy_unverified	pending_T05	handled
stimulus	stimulus:t14-l-cr4:audio	set-14	5	L-001	question_audio_without_transcript	object:t14-l-cr4	draft	legacy_unverified	pending_T05	handled
item_unit	item:t14-l-cr4	set-14	5	L-001	mcq	object:t14-l-cr4	draft	legacy_unverified	pending_T05	handled
question_object	object:t14-l-cr5	set-14	5	L-001	mcq	section:set-14:part-5	draft	legacy_unverified	pending_T05	handled
stimulus	stimulus:t14-l-cr5:audio	set-14	5	L-001	question_audio_without_transcript	object:t14-l-cr5	draft	legacy_unverified	pending_T05	handled
item_unit	item:t14-l-cr5	set-14	5	L-001	mcq	object:t14-l-cr5	draft	legacy_unverified	pending_T05	handled
section	section:set-14:part-6	set-14	6	L-002	MockSection	set:set-14	draft	legacy_unverified	pending_T05	handled
stimulus	stimulus:set-14:part-6:audio	set-14	6	L-002	section_audio_with_transcript_candidate	section:set-14:part-6	draft	legacy_unverified	pending_T05	handled
question_object	object:t14-l-cv1	set-14	6	L-002	mcq	section:set-14:part-6	draft	legacy_unverified	pending_T05	handled
item_unit	item:t14-l-cv1	set-14	6	L-002	mcq	object:t14-l-cv1	draft	legacy_unverified	pending_T05	handled
question_object	object:t14-l-cv2	set-14	6	L-002	mcq	section:set-14:part-6	draft	legacy_unverified	pending_T05	handled
item_unit	item:t14-l-cv2	set-14	6	L-002	mcq	object:t14-l-cv2	draft	legacy_unverified	pending_T05	handled
question_object	object:t14-l-cv3	set-14	6	L-002	mcq	section:set-14:part-6	draft	legacy_unverified	pending_T05	handled
item_unit	item:t14-l-cv3	set-14	6	L-002	mcq	object:t14-l-cv3	draft	legacy_unverified	pending_T05	handled
question_object	object:t14-l-cv4	set-14	6	L-002	mcq	section:set-14:part-6	draft	legacy_unverified	pending_T05	handled
item_unit	item:t14-l-cv4	set-14	6	L-002	mcq	object:t14-l-cv4	draft	legacy_unverified	pending_T05	handled
section	section:set-14:part-7	set-14	7	L-003	MockSection	set:set-14	draft	legacy_unverified	pending_T05	handled
stimulus	stimulus:set-14:part-7:audio	set-14	7	L-003	section_audio_with_transcript_candidate	section:set-14:part-7	draft	legacy_unverified	pending_T05	handled
question_object	object:t14-l-an1	set-14	7	L-003	mcq	section:set-14:part-7	draft	legacy_unverified	pending_T05	handled
item_unit	item:t14-l-an1	set-14	7	L-003	mcq	object:t14-l-an1	draft	legacy_unverified	pending_T05	handled
question_object	object:t14-l-an2	set-14	7	L-003	mcq	section:set-14:part-7	draft	legacy_unverified	pending_T05	handled
item_unit	item:t14-l-an2	set-14	7	L-003	mcq	object:t14-l-an2	draft	legacy_unverified	pending_T05	handled
question_object	object:t14-l-an3	set-14	7	L-003	mcq	section:set-14:part-7	draft	legacy_unverified	pending_T05	handled
item_unit	item:t14-l-an3	set-14	7	L-003	mcq	object:t14-l-an3	draft	legacy_unverified	pending_T05	handled
section	section:set-14:part-8	set-14	8	L-004	MockSection	set:set-14	draft	legacy_unverified	pending_T05	handled
stimulus	stimulus:set-14:part-8:audio	set-14	8	L-004	section_audio_with_transcript_candidate	section:set-14:part-8	draft	legacy_unverified	pending_T05	handled
question_object	object:t14-l-at1	set-14	8	L-004	mcq	section:set-14:part-8	draft	legacy_unverified	pending_T05	handled
item_unit	item:t14-l-at1	set-14	8	L-004	mcq	object:t14-l-at1	draft	legacy_unverified	pending_T05	handled
question_object	object:t14-l-at2	set-14	8	L-004	mcq	section:set-14:part-8	draft	legacy_unverified	pending_T05	handled
item_unit	item:t14-l-at2	set-14	8	L-004	mcq	object:t14-l-at2	draft	legacy_unverified	pending_T05	handled
question_object	object:t14-l-at3	set-14	8	L-004	mcq	section:set-14:part-8	draft	legacy_unverified	pending_T05	handled
item_unit	item:t14-l-at3	set-14	8	L-004	mcq	object:t14-l-at3	draft	legacy_unverified	pending_T05	handled
question_object	object:t14-l-at4	set-14	8	L-004	mcq	section:set-14:part-8	draft	legacy_unverified	pending_T05	handled
item_unit	item:t14-l-at4	set-14	8	L-004	mcq	object:t14-l-at4	draft	legacy_unverified	pending_T05	handled
question_object	object:t14-l-at5	set-14	8	L-004	mcq	section:set-14:part-8	draft	legacy_unverified	pending_T05	handled
item_unit	item:t14-l-at5	set-14	8	L-004	mcq	object:t14-l-at5	draft	legacy_unverified	pending_T05	handled
section	section:set-14:part-9	set-14	9	W-001+W-004	MockSection	set:set-14	draft	legacy_unverified	pending_T05	handled
question_object	object:t14-w-bs1	set-14	9	W-001+W-004	sentencebuild	section:set-14:part-9	draft	legacy_unverified	pending_T05	handled
item_unit	item:t14-w-bs1	set-14	9	W-001+W-004	sentencebuild	object:t14-w-bs1	draft	legacy_unverified	pending_T05	handled
question_object	object:t14-w-bs2	set-14	9	W-001+W-004	sentencebuild	section:set-14:part-9	draft	legacy_unverified	pending_T05	handled
item_unit	item:t14-w-bs2	set-14	9	W-001+W-004	sentencebuild	object:t14-w-bs2	draft	legacy_unverified	pending_T05	handled
question_object	object:t14-w-bs3	set-14	9	W-001+W-004	sentencebuild	section:set-14:part-9	draft	legacy_unverified	pending_T05	handled
item_unit	item:t14-w-bs3	set-14	9	W-001+W-004	sentencebuild	object:t14-w-bs3	draft	legacy_unverified	pending_T05	handled
question_object	object:t14-w-bs4	set-14	9	W-001+W-004	sentencebuild	section:set-14:part-9	draft	legacy_unverified	pending_T05	handled
item_unit	item:t14-w-bs4	set-14	9	W-001+W-004	sentencebuild	object:t14-w-bs4	draft	legacy_unverified	pending_T05	handled
question_object	object:t14-w-bs5	set-14	9	W-001+W-004	sentencebuild	section:set-14:part-9	draft	legacy_unverified	pending_T05	handled
item_unit	item:t14-w-bs5	set-14	9	W-001+W-004	sentencebuild	object:t14-w-bs5	draft	legacy_unverified	pending_T05	handled
question_object	object:t14-w-bs6	set-14	9	W-001+W-004	sentencebuild	section:set-14:part-9	draft	legacy_unverified	pending_T05	handled
item_unit	item:t14-w-bs6	set-14	9	W-001+W-004	sentencebuild	object:t14-w-bs6	draft	legacy_unverified	pending_T05	handled
section	section:set-14:part-10	set-14	10	W-002	MockSection	set:set-14	draft	legacy_unverified	pending_T05	handled
question_object	object:t14-w-email	set-14	10	W-002	write	section:set-14:part-10	draft	legacy_unverified	pending_T05	handled
stimulus	stimulus:t14-w-email:writing	set-14	10	W-002	writing_stimulus	object:t14-w-email	draft	legacy_unverified	pending_T05	handled
item_unit	item:t14-w-email	set-14	10	W-002	write	object:t14-w-email	draft	legacy_unverified	pending_T05	handled
section	section:set-14:part-11	set-14	11	W-003	MockSection	set:set-14	draft	legacy_unverified	pending_T05	handled
question_object	object:t14-w-disc	set-14	11	W-003	write	section:set-14:part-11	draft	legacy_unverified	pending_T05	handled
stimulus	stimulus:t14-w-disc:writing	set-14	11	W-003	writing_stimulus	object:t14-w-disc	draft	legacy_unverified	pending_T05	handled
item_unit	item:t14-w-disc	set-14	11	W-003	write	object:t14-w-disc	draft	legacy_unverified	pending_T05	handled
section	section:set-14:part-12	set-14	12	S-001	MockSection	set:set-14	draft	legacy_unverified	pending_T05	handled
question_object	object:t14-s-rp1	set-14	12	S-001	repeat	section:set-14:part-12	draft	legacy_unverified	pending_T05	handled
stimulus	stimulus:t14-s-rp1:audio	set-14	12	S-001	repeat_audio_with_script_candidate	object:t14-s-rp1	draft	legacy_unverified	pending_T05	handled
item_unit	item:t14-s-rp1	set-14	12	S-001	repeat	object:t14-s-rp1	draft	legacy_unverified	pending_T05	handled
question_object	object:t14-s-rp2	set-14	12	S-001	repeat	section:set-14:part-12	draft	legacy_unverified	pending_T05	handled
stimulus	stimulus:t14-s-rp2:audio	set-14	12	S-001	repeat_audio_with_script_candidate	object:t14-s-rp2	draft	legacy_unverified	pending_T05	handled
item_unit	item:t14-s-rp2	set-14	12	S-001	repeat	object:t14-s-rp2	draft	legacy_unverified	pending_T05	handled
question_object	object:t14-s-rp3	set-14	12	S-001	repeat	section:set-14:part-12	draft	legacy_unverified	pending_T05	handled
stimulus	stimulus:t14-s-rp3:audio	set-14	12	S-001	repeat_audio_with_script_candidate	object:t14-s-rp3	draft	legacy_unverified	pending_T05	handled
item_unit	item:t14-s-rp3	set-14	12	S-001	repeat	object:t14-s-rp3	draft	legacy_unverified	pending_T05	handled
question_object	object:t14-s-rp4	set-14	12	S-001	repeat	section:set-14:part-12	draft	legacy_unverified	pending_T05	handled
stimulus	stimulus:t14-s-rp4:audio	set-14	12	S-001	repeat_audio_with_script_candidate	object:t14-s-rp4	draft	legacy_unverified	pending_T05	handled
item_unit	item:t14-s-rp4	set-14	12	S-001	repeat	object:t14-s-rp4	draft	legacy_unverified	pending_T05	handled
question_object	object:t14-s-rp5	set-14	12	S-001	repeat	section:set-14:part-12	draft	legacy_unverified	pending_T05	handled
stimulus	stimulus:t14-s-rp5:audio	set-14	12	S-001	repeat_audio_with_script_candidate	object:t14-s-rp5	draft	legacy_unverified	pending_T05	handled
item_unit	item:t14-s-rp5	set-14	12	S-001	repeat	object:t14-s-rp5	draft	legacy_unverified	pending_T05	handled
section	section:set-14:part-13	set-14	13	S-002	MockSection	set:set-14	draft	legacy_unverified	pending_T05	handled
question_object	object:t14-s-iv1	set-14	13	S-002	speak	section:set-14:part-13	draft	legacy_unverified	pending_T05	handled
stimulus	stimulus:t14-s-iv1:interview	set-14	13	S-002	interview_text_prompt	object:t14-s-iv1	draft	legacy_unverified	pending_T05	handled
item_unit	item:t14-s-iv1	set-14	13	S-002	speak	object:t14-s-iv1	draft	legacy_unverified	pending_T05	handled
question_object	object:t14-s-iv2	set-14	13	S-002	speak	section:set-14:part-13	draft	legacy_unverified	pending_T05	handled
stimulus	stimulus:t14-s-iv2:interview	set-14	13	S-002	interview_text_prompt	object:t14-s-iv2	draft	legacy_unverified	pending_T05	handled
item_unit	item:t14-s-iv2	set-14	13	S-002	speak	object:t14-s-iv2	draft	legacy_unverified	pending_T05	handled
question_object	object:t14-s-iv3	set-14	13	S-002	speak	section:set-14:part-13	draft	legacy_unverified	pending_T05	handled
stimulus	stimulus:t14-s-iv3:interview	set-14	13	S-002	interview_text_prompt	object:t14-s-iv3	draft	legacy_unverified	pending_T05	handled
item_unit	item:t14-s-iv3	set-14	13	S-002	speak	object:t14-s-iv3	draft	legacy_unverified	pending_T05	handled
question_object	object:t14-s-iv4	set-14	13	S-002	speak	section:set-14:part-13	draft	legacy_unverified	pending_T05	handled
stimulus	stimulus:t14-s-iv4:interview	set-14	13	S-002	interview_text_prompt	object:t14-s-iv4	draft	legacy_unverified	pending_T05	handled
item_unit	item:t14-s-iv4	set-14	13	S-002	speak	object:t14-s-iv4	draft	legacy_unverified	pending_T05	handled
set	set:set-15	set-15		R-001..S-002	MockExam		draft	audited_with_blockers	pending_T05	mixed
section	section:set-15:part-1	set-15	1	R-001	MockSection	set:set-15	draft	legacy_unverified	pending_T05	handled
question_object	object:t15-r-cw1	set-15	1	R-001	wordcomplete	section:set-15:part-1	draft	legacy_unverified	pending_T05	handled
stimulus	stimulus:t15-r-cw1:template	set-15	1	R-001	wordcomplete_template	object:t15-r-cw1	draft	legacy_unverified	pending_T05	handled
item_unit	item:t15-r-cw1:blank-1	set-15	1	R-001	wordcomplete_blank	object:t15-r-cw1	draft	legacy_unverified	pending_T05	handled
item_unit	item:t15-r-cw1:blank-2	set-15	1	R-001	wordcomplete_blank	object:t15-r-cw1	draft	legacy_unverified	pending_T05	handled
item_unit	item:t15-r-cw1:blank-3	set-15	1	R-001	wordcomplete_blank	object:t15-r-cw1	draft	legacy_unverified	pending_T05	handled
item_unit	item:t15-r-cw1:blank-4	set-15	1	R-001	wordcomplete_blank	object:t15-r-cw1	draft	legacy_unverified	pending_T05	handled
item_unit	item:t15-r-cw1:blank-5	set-15	1	R-001	wordcomplete_blank	object:t15-r-cw1	draft	legacy_unverified	pending_T05	handled
item_unit	item:t15-r-cw1:blank-6	set-15	1	R-001	wordcomplete_blank	object:t15-r-cw1	draft	legacy_unverified	pending_T05	handled
question_object	object:t15-r-cw2	set-15	1	R-001	wordcomplete	section:set-15:part-1	draft	legacy_unverified	pending_T05	handled
stimulus	stimulus:t15-r-cw2:template	set-15	1	R-001	wordcomplete_template	object:t15-r-cw2	draft	legacy_unverified	pending_T05	handled
item_unit	item:t15-r-cw2:blank-1	set-15	1	R-001	wordcomplete_blank	object:t15-r-cw2	draft	legacy_unverified	pending_T05	handled
item_unit	item:t15-r-cw2:blank-2	set-15	1	R-001	wordcomplete_blank	object:t15-r-cw2	draft	legacy_unverified	pending_T05	handled
item_unit	item:t15-r-cw2:blank-3	set-15	1	R-001	wordcomplete_blank	object:t15-r-cw2	draft	legacy_unverified	pending_T05	handled
item_unit	item:t15-r-cw2:blank-4	set-15	1	R-001	wordcomplete_blank	object:t15-r-cw2	draft	legacy_unverified	pending_T05	handled
item_unit	item:t15-r-cw2:blank-5	set-15	1	R-001	wordcomplete_blank	object:t15-r-cw2	draft	legacy_unverified	pending_T05	handled
item_unit	item:t15-r-cw2:blank-6	set-15	1	R-001	wordcomplete_blank	object:t15-r-cw2	draft	legacy_unverified	pending_T05	handled
section	section:set-15:part-2	set-15	2	R-002	MockSection	set:set-15	draft	legacy_unverified	pending_T05	handled
stimulus	stimulus:set-15:part-2:passage	set-15	2	R-002	section_passage	section:set-15:part-2	draft	legacy_unverified	pending_T05	handled
question_object	object:t15-r-dl1	set-15	2	R-002	mcq	section:set-15:part-2	draft	legacy_unverified	pending_T05	handled
item_unit	item:t15-r-dl1	set-15	2	R-002	mcq	object:t15-r-dl1	draft	legacy_unverified	pending_T05	handled
question_object	object:t15-r-dl2	set-15	2	R-002	mcq	section:set-15:part-2	draft	legacy_unverified	pending_T05	handled
item_unit	item:t15-r-dl2	set-15	2	R-002	mcq	object:t15-r-dl2	draft	legacy_unverified	pending_T05	handled
question_object	object:t15-r-dl3	set-15	2	R-002	mcq	section:set-15:part-2	draft	legacy_unverified	pending_T05	handled
item_unit	item:t15-r-dl3	set-15	2	R-002	mcq	object:t15-r-dl3	draft	legacy_unverified	pending_T05	handled
section	section:set-15:part-3	set-15	3	R-002	MockSection	set:set-15	draft	legacy_unverified	pending_T05	handled
stimulus	stimulus:set-15:part-3:passage	set-15	3	R-002	section_passage	section:set-15:part-3	draft	legacy_unverified	pending_T05	handled
question_object	object:t15-r-dl4	set-15	3	R-002	mcq	section:set-15:part-3	draft	legacy_unverified	pending_T05	handled
item_unit	item:t15-r-dl4	set-15	3	R-002	mcq	object:t15-r-dl4	draft	legacy_unverified	pending_T05	handled
question_object	object:t15-r-dl5	set-15	3	R-002	mcq	section:set-15:part-3	draft	legacy_unverified	pending_T05	handled
item_unit	item:t15-r-dl5	set-15	3	R-002	mcq	object:t15-r-dl5	draft	legacy_unverified	pending_T05	handled
section	section:set-15:part-4	set-15	4	R-003	MockSection	set:set-15	draft	legacy_unverified	pending_T05	mixed
stimulus	stimulus:set-15:part-4:passage	set-15	4	R-003	section_passage	section:set-15:part-4	draft	legacy_unverified	pending_T05	handled
question_object	object:t15-r-ap1	set-15	4	R-003	mcq	section:set-15:part-4	draft	legacy_unverified	pending_T05	handled
item_unit	item:t15-r-ap1	set-15	4	R-003	mcq	object:t15-r-ap1	draft	legacy_unverified	pending_T05	handled
question_object	object:t15-r-ap2	set-15	4	R-003	mcq	section:set-15:part-4	draft	legacy_unverified	pending_T05	handled
item_unit	item:t15-r-ap2	set-15	4	R-003	mcq	object:t15-r-ap2	draft	legacy_unverified	pending_T05	handled
question_object	object:t15-r-ap3	set-15	4	R-003	mcq	section:set-15:part-4	draft	legacy_unverified	pending_T05	handled
item_unit	item:t15-r-ap3	set-15	4	R-003	mcq	object:t15-r-ap3	draft	legacy_unverified	pending_T05	handled
question_object	object:t15-r-ap4	set-15	4	R-003	mcq	section:set-15:part-4	draft	legacy_unverified	pending_T05	handled
item_unit	item:t15-r-ap4	set-15	4	R-003	mcq	object:t15-r-ap4	draft	legacy_unverified	pending_T05	handled
question_object	object:t15-r-ap5	set-15	4	R-003	mcq	section:set-15:part-4	draft	legacy_unverified	pending_T05	handled
item_unit	item:t15-r-ap5	set-15	4	R-003	mcq	object:t15-r-ap5	draft	legacy_unverified	pending_T05	handled
question_object	object:t15-r-ap6	set-15	4	R-003	multiselect	section:set-15:part-4	draft	legacy_unverified	pending_T05	unhandled
item_unit	item:t15-r-ap6	set-15	4	R-003	multiselect	object:t15-r-ap6	draft	legacy_unverified	pending_T05	unhandled
section	section:set-15:part-5	set-15	5	L-001	MockSection	set:set-15	draft	legacy_unverified	pending_T05	handled
question_object	object:t15-l-cr1	set-15	5	L-001	mcq	section:set-15:part-5	draft	legacy_unverified	pending_T05	handled
stimulus	stimulus:t15-l-cr1:audio	set-15	5	L-001	question_audio_without_transcript	object:t15-l-cr1	draft	legacy_unverified	pending_T05	handled
item_unit	item:t15-l-cr1	set-15	5	L-001	mcq	object:t15-l-cr1	draft	legacy_unverified	pending_T05	handled
question_object	object:t15-l-cr2	set-15	5	L-001	mcq	section:set-15:part-5	draft	legacy_unverified	pending_T05	handled
stimulus	stimulus:t15-l-cr2:audio	set-15	5	L-001	question_audio_without_transcript	object:t15-l-cr2	draft	legacy_unverified	pending_T05	handled
item_unit	item:t15-l-cr2	set-15	5	L-001	mcq	object:t15-l-cr2	draft	legacy_unverified	pending_T05	handled
question_object	object:t15-l-cr3	set-15	5	L-001	mcq	section:set-15:part-5	draft	legacy_unverified	pending_T05	handled
stimulus	stimulus:t15-l-cr3:audio	set-15	5	L-001	question_audio_without_transcript	object:t15-l-cr3	draft	legacy_unverified	pending_T05	handled
item_unit	item:t15-l-cr3	set-15	5	L-001	mcq	object:t15-l-cr3	draft	legacy_unverified	pending_T05	handled
question_object	object:t15-l-cr4	set-15	5	L-001	mcq	section:set-15:part-5	draft	legacy_unverified	pending_T05	handled
stimulus	stimulus:t15-l-cr4:audio	set-15	5	L-001	question_audio_without_transcript	object:t15-l-cr4	draft	legacy_unverified	pending_T05	handled
item_unit	item:t15-l-cr4	set-15	5	L-001	mcq	object:t15-l-cr4	draft	legacy_unverified	pending_T05	handled
question_object	object:t15-l-cr5	set-15	5	L-001	mcq	section:set-15:part-5	draft	legacy_unverified	pending_T05	handled
stimulus	stimulus:t15-l-cr5:audio	set-15	5	L-001	question_audio_without_transcript	object:t15-l-cr5	draft	legacy_unverified	pending_T05	handled
item_unit	item:t15-l-cr5	set-15	5	L-001	mcq	object:t15-l-cr5	draft	legacy_unverified	pending_T05	handled
section	section:set-15:part-6	set-15	6	L-002	MockSection	set:set-15	draft	legacy_unverified	pending_T05	handled
stimulus	stimulus:set-15:part-6:audio	set-15	6	L-002	section_audio_with_transcript_candidate	section:set-15:part-6	draft	legacy_unverified	pending_T05	handled
question_object	object:t15-l-cv1	set-15	6	L-002	mcq	section:set-15:part-6	draft	legacy_unverified	pending_T05	handled
item_unit	item:t15-l-cv1	set-15	6	L-002	mcq	object:t15-l-cv1	draft	legacy_unverified	pending_T05	handled
question_object	object:t15-l-cv2	set-15	6	L-002	mcq	section:set-15:part-6	draft	legacy_unverified	pending_T05	handled
item_unit	item:t15-l-cv2	set-15	6	L-002	mcq	object:t15-l-cv2	draft	legacy_unverified	pending_T05	handled
question_object	object:t15-l-cv3	set-15	6	L-002	mcq	section:set-15:part-6	draft	legacy_unverified	pending_T05	handled
item_unit	item:t15-l-cv3	set-15	6	L-002	mcq	object:t15-l-cv3	draft	legacy_unverified	pending_T05	handled
question_object	object:t15-l-cv4	set-15	6	L-002	mcq	section:set-15:part-6	draft	legacy_unverified	pending_T05	handled
item_unit	item:t15-l-cv4	set-15	6	L-002	mcq	object:t15-l-cv4	draft	legacy_unverified	pending_T05	handled
section	section:set-15:part-7	set-15	7	L-003	MockSection	set:set-15	draft	legacy_unverified	pending_T05	handled
stimulus	stimulus:set-15:part-7:audio	set-15	7	L-003	section_audio_with_transcript_candidate	section:set-15:part-7	draft	legacy_unverified	pending_T05	handled
question_object	object:t15-l-an1	set-15	7	L-003	mcq	section:set-15:part-7	draft	legacy_unverified	pending_T05	handled
item_unit	item:t15-l-an1	set-15	7	L-003	mcq	object:t15-l-an1	draft	legacy_unverified	pending_T05	handled
question_object	object:t15-l-an2	set-15	7	L-003	mcq	section:set-15:part-7	draft	legacy_unverified	pending_T05	handled
item_unit	item:t15-l-an2	set-15	7	L-003	mcq	object:t15-l-an2	draft	legacy_unverified	pending_T05	handled
question_object	object:t15-l-an3	set-15	7	L-003	mcq	section:set-15:part-7	draft	legacy_unverified	pending_T05	handled
item_unit	item:t15-l-an3	set-15	7	L-003	mcq	object:t15-l-an3	draft	legacy_unverified	pending_T05	handled
section	section:set-15:part-8	set-15	8	L-004	MockSection	set:set-15	draft	legacy_unverified	pending_T05	handled
stimulus	stimulus:set-15:part-8:audio	set-15	8	L-004	section_audio_with_transcript_candidate	section:set-15:part-8	draft	legacy_unverified	pending_T05	handled
question_object	object:t15-l-at1	set-15	8	L-004	mcq	section:set-15:part-8	draft	legacy_unverified	pending_T05	handled
item_unit	item:t15-l-at1	set-15	8	L-004	mcq	object:t15-l-at1	draft	legacy_unverified	pending_T05	handled
question_object	object:t15-l-at2	set-15	8	L-004	mcq	section:set-15:part-8	draft	legacy_unverified	pending_T05	handled
item_unit	item:t15-l-at2	set-15	8	L-004	mcq	object:t15-l-at2	draft	legacy_unverified	pending_T05	handled
question_object	object:t15-l-at3	set-15	8	L-004	mcq	section:set-15:part-8	draft	legacy_unverified	pending_T05	handled
item_unit	item:t15-l-at3	set-15	8	L-004	mcq	object:t15-l-at3	draft	legacy_unverified	pending_T05	handled
question_object	object:t15-l-at4	set-15	8	L-004	mcq	section:set-15:part-8	draft	legacy_unverified	pending_T05	handled
item_unit	item:t15-l-at4	set-15	8	L-004	mcq	object:t15-l-at4	draft	legacy_unverified	pending_T05	handled
question_object	object:t15-l-at5	set-15	8	L-004	mcq	section:set-15:part-8	draft	legacy_unverified	pending_T05	handled
item_unit	item:t15-l-at5	set-15	8	L-004	mcq	object:t15-l-at5	draft	legacy_unverified	pending_T05	handled
section	section:set-15:part-9	set-15	9	W-001+W-004	MockSection	set:set-15	draft	legacy_unverified	pending_T05	handled
question_object	object:t15-w-bs1	set-15	9	W-001+W-004	sentencebuild	section:set-15:part-9	draft	legacy_unverified	pending_T05	handled
item_unit	item:t15-w-bs1	set-15	9	W-001+W-004	sentencebuild	object:t15-w-bs1	draft	legacy_unverified	pending_T05	handled
question_object	object:t15-w-bs2	set-15	9	W-001+W-004	sentencebuild	section:set-15:part-9	draft	legacy_unverified	pending_T05	handled
item_unit	item:t15-w-bs2	set-15	9	W-001+W-004	sentencebuild	object:t15-w-bs2	draft	legacy_unverified	pending_T05	handled
question_object	object:t15-w-bs3	set-15	9	W-001+W-004	sentencebuild	section:set-15:part-9	draft	legacy_unverified	pending_T05	handled
item_unit	item:t15-w-bs3	set-15	9	W-001+W-004	sentencebuild	object:t15-w-bs3	draft	legacy_unverified	pending_T05	handled
question_object	object:t15-w-bs4	set-15	9	W-001+W-004	sentencebuild	section:set-15:part-9	draft	legacy_unverified	pending_T05	handled
item_unit	item:t15-w-bs4	set-15	9	W-001+W-004	sentencebuild	object:t15-w-bs4	draft	legacy_unverified	pending_T05	handled
question_object	object:t15-w-bs5	set-15	9	W-001+W-004	sentencebuild	section:set-15:part-9	draft	legacy_unverified	pending_T05	handled
item_unit	item:t15-w-bs5	set-15	9	W-001+W-004	sentencebuild	object:t15-w-bs5	draft	legacy_unverified	pending_T05	handled
question_object	object:t15-w-bs6	set-15	9	W-001+W-004	sentencebuild	section:set-15:part-9	draft	legacy_unverified	pending_T05	handled
item_unit	item:t15-w-bs6	set-15	9	W-001+W-004	sentencebuild	object:t15-w-bs6	draft	legacy_unverified	pending_T05	handled
section	section:set-15:part-10	set-15	10	W-002	MockSection	set:set-15	draft	legacy_unverified	pending_T05	handled
question_object	object:t15-w-email	set-15	10	W-002	write	section:set-15:part-10	draft	legacy_unverified	pending_T05	handled
stimulus	stimulus:t15-w-email:writing	set-15	10	W-002	writing_stimulus	object:t15-w-email	draft	legacy_unverified	pending_T05	handled
item_unit	item:t15-w-email	set-15	10	W-002	write	object:t15-w-email	draft	legacy_unverified	pending_T05	handled
section	section:set-15:part-11	set-15	11	W-003	MockSection	set:set-15	draft	legacy_unverified	pending_T05	handled
question_object	object:t15-w-disc	set-15	11	W-003	write	section:set-15:part-11	draft	legacy_unverified	pending_T05	handled
stimulus	stimulus:t15-w-disc:writing	set-15	11	W-003	writing_stimulus	object:t15-w-disc	draft	legacy_unverified	pending_T05	handled
item_unit	item:t15-w-disc	set-15	11	W-003	write	object:t15-w-disc	draft	legacy_unverified	pending_T05	handled
section	section:set-15:part-12	set-15	12	S-001	MockSection	set:set-15	draft	legacy_unverified	pending_T05	handled
question_object	object:t15-s-rp1	set-15	12	S-001	repeat	section:set-15:part-12	draft	legacy_unverified	pending_T05	handled
stimulus	stimulus:t15-s-rp1:audio	set-15	12	S-001	repeat_audio_with_script_candidate	object:t15-s-rp1	draft	legacy_unverified	pending_T05	handled
item_unit	item:t15-s-rp1	set-15	12	S-001	repeat	object:t15-s-rp1	draft	legacy_unverified	pending_T05	handled
question_object	object:t15-s-rp2	set-15	12	S-001	repeat	section:set-15:part-12	draft	legacy_unverified	pending_T05	handled
stimulus	stimulus:t15-s-rp2:audio	set-15	12	S-001	repeat_audio_with_script_candidate	object:t15-s-rp2	draft	legacy_unverified	pending_T05	handled
item_unit	item:t15-s-rp2	set-15	12	S-001	repeat	object:t15-s-rp2	draft	legacy_unverified	pending_T05	handled
question_object	object:t15-s-rp3	set-15	12	S-001	repeat	section:set-15:part-12	draft	legacy_unverified	pending_T05	handled
stimulus	stimulus:t15-s-rp3:audio	set-15	12	S-001	repeat_audio_with_script_candidate	object:t15-s-rp3	draft	legacy_unverified	pending_T05	handled
item_unit	item:t15-s-rp3	set-15	12	S-001	repeat	object:t15-s-rp3	draft	legacy_unverified	pending_T05	handled
question_object	object:t15-s-rp4	set-15	12	S-001	repeat	section:set-15:part-12	draft	legacy_unverified	pending_T05	handled
stimulus	stimulus:t15-s-rp4:audio	set-15	12	S-001	repeat_audio_with_script_candidate	object:t15-s-rp4	draft	legacy_unverified	pending_T05	handled
item_unit	item:t15-s-rp4	set-15	12	S-001	repeat	object:t15-s-rp4	draft	legacy_unverified	pending_T05	handled
question_object	object:t15-s-rp5	set-15	12	S-001	repeat	section:set-15:part-12	draft	legacy_unverified	pending_T05	handled
stimulus	stimulus:t15-s-rp5:audio	set-15	12	S-001	repeat_audio_with_script_candidate	object:t15-s-rp5	draft	legacy_unverified	pending_T05	handled
item_unit	item:t15-s-rp5	set-15	12	S-001	repeat	object:t15-s-rp5	draft	legacy_unverified	pending_T05	handled
section	section:set-15:part-13	set-15	13	S-002	MockSection	set:set-15	draft	legacy_unverified	pending_T05	handled
question_object	object:t15-s-iv1	set-15	13	S-002	speak	section:set-15:part-13	draft	legacy_unverified	pending_T05	handled
stimulus	stimulus:t15-s-iv1:interview	set-15	13	S-002	interview_text_prompt	object:t15-s-iv1	draft	legacy_unverified	pending_T05	handled
item_unit	item:t15-s-iv1	set-15	13	S-002	speak	object:t15-s-iv1	draft	legacy_unverified	pending_T05	handled
question_object	object:t15-s-iv2	set-15	13	S-002	speak	section:set-15:part-13	draft	legacy_unverified	pending_T05	handled
stimulus	stimulus:t15-s-iv2:interview	set-15	13	S-002	interview_text_prompt	object:t15-s-iv2	draft	legacy_unverified	pending_T05	handled
item_unit	item:t15-s-iv2	set-15	13	S-002	speak	object:t15-s-iv2	draft	legacy_unverified	pending_T05	handled
question_object	object:t15-s-iv3	set-15	13	S-002	speak	section:set-15:part-13	draft	legacy_unverified	pending_T05	handled
stimulus	stimulus:t15-s-iv3:interview	set-15	13	S-002	interview_text_prompt	object:t15-s-iv3	draft	legacy_unverified	pending_T05	handled
item_unit	item:t15-s-iv3	set-15	13	S-002	speak	object:t15-s-iv3	draft	legacy_unverified	pending_T05	handled
question_object	object:t15-s-iv4	set-15	13	S-002	speak	section:set-15:part-13	draft	legacy_unverified	pending_T05	handled
stimulus	stimulus:t15-s-iv4:interview	set-15	13	S-002	interview_text_prompt	object:t15-s-iv4	draft	legacy_unverified	pending_T05	handled
item_unit	item:t15-s-iv4	set-15	13	S-002	speak	object:t15-s-iv4	draft	legacy_unverified	pending_T05	handled
set	set:set-16	set-16		R-001..S-002	MockExam		draft	audited_with_blockers	pending_T05	mixed
section	section:set-16:part-1	set-16	1	R-001	MockSection	set:set-16	draft	legacy_unverified	pending_T05	handled
question_object	object:t16-r-cw1	set-16	1	R-001	wordcomplete	section:set-16:part-1	draft	legacy_unverified	pending_T05	handled
stimulus	stimulus:t16-r-cw1:template	set-16	1	R-001	wordcomplete_template	object:t16-r-cw1	draft	legacy_unverified	pending_T05	handled
item_unit	item:t16-r-cw1:blank-1	set-16	1	R-001	wordcomplete_blank	object:t16-r-cw1	draft	legacy_unverified	pending_T05	handled
item_unit	item:t16-r-cw1:blank-2	set-16	1	R-001	wordcomplete_blank	object:t16-r-cw1	draft	legacy_unverified	pending_T05	handled
item_unit	item:t16-r-cw1:blank-3	set-16	1	R-001	wordcomplete_blank	object:t16-r-cw1	draft	legacy_unverified	pending_T05	handled
item_unit	item:t16-r-cw1:blank-4	set-16	1	R-001	wordcomplete_blank	object:t16-r-cw1	draft	legacy_unverified	pending_T05	handled
item_unit	item:t16-r-cw1:blank-5	set-16	1	R-001	wordcomplete_blank	object:t16-r-cw1	draft	legacy_unverified	pending_T05	handled
item_unit	item:t16-r-cw1:blank-6	set-16	1	R-001	wordcomplete_blank	object:t16-r-cw1	draft	legacy_unverified	pending_T05	handled
question_object	object:t16-r-cw2	set-16	1	R-001	wordcomplete	section:set-16:part-1	draft	legacy_unverified	pending_T05	handled
stimulus	stimulus:t16-r-cw2:template	set-16	1	R-001	wordcomplete_template	object:t16-r-cw2	draft	legacy_unverified	pending_T05	handled
item_unit	item:t16-r-cw2:blank-1	set-16	1	R-001	wordcomplete_blank	object:t16-r-cw2	draft	legacy_unverified	pending_T05	handled
item_unit	item:t16-r-cw2:blank-2	set-16	1	R-001	wordcomplete_blank	object:t16-r-cw2	draft	legacy_unverified	pending_T05	handled
item_unit	item:t16-r-cw2:blank-3	set-16	1	R-001	wordcomplete_blank	object:t16-r-cw2	draft	legacy_unverified	pending_T05	handled
item_unit	item:t16-r-cw2:blank-4	set-16	1	R-001	wordcomplete_blank	object:t16-r-cw2	draft	legacy_unverified	pending_T05	handled
item_unit	item:t16-r-cw2:blank-5	set-16	1	R-001	wordcomplete_blank	object:t16-r-cw2	draft	legacy_unverified	pending_T05	handled
item_unit	item:t16-r-cw2:blank-6	set-16	1	R-001	wordcomplete_blank	object:t16-r-cw2	draft	legacy_unverified	pending_T05	handled
section	section:set-16:part-2	set-16	2	R-002	MockSection	set:set-16	draft	legacy_unverified	pending_T05	handled
stimulus	stimulus:set-16:part-2:passage	set-16	2	R-002	section_passage	section:set-16:part-2	draft	legacy_unverified	pending_T05	handled
question_object	object:t16-r-dl1	set-16	2	R-002	mcq	section:set-16:part-2	draft	legacy_unverified	pending_T05	handled
item_unit	item:t16-r-dl1	set-16	2	R-002	mcq	object:t16-r-dl1	draft	legacy_unverified	pending_T05	handled
question_object	object:t16-r-dl2	set-16	2	R-002	mcq	section:set-16:part-2	draft	legacy_unverified	pending_T05	handled
item_unit	item:t16-r-dl2	set-16	2	R-002	mcq	object:t16-r-dl2	draft	legacy_unverified	pending_T05	handled
question_object	object:t16-r-dl3	set-16	2	R-002	mcq	section:set-16:part-2	draft	legacy_unverified	pending_T05	handled
item_unit	item:t16-r-dl3	set-16	2	R-002	mcq	object:t16-r-dl3	draft	legacy_unverified	pending_T05	handled
section	section:set-16:part-3	set-16	3	R-002	MockSection	set:set-16	draft	legacy_unverified	pending_T05	handled
stimulus	stimulus:set-16:part-3:passage	set-16	3	R-002	section_passage	section:set-16:part-3	draft	legacy_unverified	pending_T05	handled
question_object	object:t16-r-dl4	set-16	3	R-002	mcq	section:set-16:part-3	draft	legacy_unverified	pending_T05	handled
item_unit	item:t16-r-dl4	set-16	3	R-002	mcq	object:t16-r-dl4	draft	legacy_unverified	pending_T05	handled
question_object	object:t16-r-dl5	set-16	3	R-002	mcq	section:set-16:part-3	draft	legacy_unverified	pending_T05	handled
item_unit	item:t16-r-dl5	set-16	3	R-002	mcq	object:t16-r-dl5	draft	legacy_unverified	pending_T05	handled
section	section:set-16:part-4	set-16	4	R-003	MockSection	set:set-16	draft	legacy_unverified	pending_T05	mixed
stimulus	stimulus:set-16:part-4:passage	set-16	4	R-003	section_passage	section:set-16:part-4	draft	legacy_unverified	pending_T05	handled
question_object	object:t16-r-ap1	set-16	4	R-003	mcq	section:set-16:part-4	draft	legacy_unverified	pending_T05	handled
item_unit	item:t16-r-ap1	set-16	4	R-003	mcq	object:t16-r-ap1	draft	legacy_unverified	pending_T05	handled
question_object	object:t16-r-ap2	set-16	4	R-003	mcq	section:set-16:part-4	draft	legacy_unverified	pending_T05	handled
item_unit	item:t16-r-ap2	set-16	4	R-003	mcq	object:t16-r-ap2	draft	legacy_unverified	pending_T05	handled
question_object	object:t16-r-ap3	set-16	4	R-003	mcq	section:set-16:part-4	draft	legacy_unverified	pending_T05	handled
item_unit	item:t16-r-ap3	set-16	4	R-003	mcq	object:t16-r-ap3	draft	legacy_unverified	pending_T05	handled
question_object	object:t16-r-ap4	set-16	4	R-003	mcq	section:set-16:part-4	draft	legacy_unverified	pending_T05	handled
item_unit	item:t16-r-ap4	set-16	4	R-003	mcq	object:t16-r-ap4	draft	legacy_unverified	pending_T05	handled
question_object	object:t16-r-ap5	set-16	4	R-003	mcq	section:set-16:part-4	draft	legacy_unverified	pending_T05	handled
item_unit	item:t16-r-ap5	set-16	4	R-003	mcq	object:t16-r-ap5	draft	legacy_unverified	pending_T05	handled
question_object	object:t16-r-ap6	set-16	4	R-003	multiselect	section:set-16:part-4	draft	legacy_unverified	pending_T05	unhandled
item_unit	item:t16-r-ap6	set-16	4	R-003	multiselect	object:t16-r-ap6	draft	legacy_unverified	pending_T05	unhandled
section	section:set-16:part-5	set-16	5	L-001	MockSection	set:set-16	draft	legacy_unverified	pending_T05	handled
question_object	object:t16-l-cr1	set-16	5	L-001	mcq	section:set-16:part-5	draft	legacy_unverified	pending_T05	handled
stimulus	stimulus:t16-l-cr1:audio	set-16	5	L-001	question_audio_without_transcript	object:t16-l-cr1	draft	legacy_unverified	pending_T05	handled
item_unit	item:t16-l-cr1	set-16	5	L-001	mcq	object:t16-l-cr1	draft	legacy_unverified	pending_T05	handled
question_object	object:t16-l-cr2	set-16	5	L-001	mcq	section:set-16:part-5	draft	legacy_unverified	pending_T05	handled
stimulus	stimulus:t16-l-cr2:audio	set-16	5	L-001	question_audio_without_transcript	object:t16-l-cr2	draft	legacy_unverified	pending_T05	handled
item_unit	item:t16-l-cr2	set-16	5	L-001	mcq	object:t16-l-cr2	draft	legacy_unverified	pending_T05	handled
question_object	object:t16-l-cr3	set-16	5	L-001	mcq	section:set-16:part-5	draft	legacy_unverified	pending_T05	handled
stimulus	stimulus:t16-l-cr3:audio	set-16	5	L-001	question_audio_without_transcript	object:t16-l-cr3	draft	legacy_unverified	pending_T05	handled
item_unit	item:t16-l-cr3	set-16	5	L-001	mcq	object:t16-l-cr3	draft	legacy_unverified	pending_T05	handled
question_object	object:t16-l-cr4	set-16	5	L-001	mcq	section:set-16:part-5	draft	legacy_unverified	pending_T05	handled
stimulus	stimulus:t16-l-cr4:audio	set-16	5	L-001	question_audio_without_transcript	object:t16-l-cr4	draft	legacy_unverified	pending_T05	handled
item_unit	item:t16-l-cr4	set-16	5	L-001	mcq	object:t16-l-cr4	draft	legacy_unverified	pending_T05	handled
question_object	object:t16-l-cr5	set-16	5	L-001	mcq	section:set-16:part-5	draft	legacy_unverified	pending_T05	handled
stimulus	stimulus:t16-l-cr5:audio	set-16	5	L-001	question_audio_without_transcript	object:t16-l-cr5	draft	legacy_unverified	pending_T05	handled
item_unit	item:t16-l-cr5	set-16	5	L-001	mcq	object:t16-l-cr5	draft	legacy_unverified	pending_T05	handled
section	section:set-16:part-6	set-16	6	L-002	MockSection	set:set-16	draft	legacy_unverified	pending_T05	handled
stimulus	stimulus:set-16:part-6:audio	set-16	6	L-002	section_audio_with_transcript_candidate	section:set-16:part-6	draft	legacy_unverified	pending_T05	handled
question_object	object:t16-l-cv1	set-16	6	L-002	mcq	section:set-16:part-6	draft	legacy_unverified	pending_T05	handled
item_unit	item:t16-l-cv1	set-16	6	L-002	mcq	object:t16-l-cv1	draft	legacy_unverified	pending_T05	handled
question_object	object:t16-l-cv2	set-16	6	L-002	mcq	section:set-16:part-6	draft	legacy_unverified	pending_T05	handled
item_unit	item:t16-l-cv2	set-16	6	L-002	mcq	object:t16-l-cv2	draft	legacy_unverified	pending_T05	handled
question_object	object:t16-l-cv3	set-16	6	L-002	mcq	section:set-16:part-6	draft	legacy_unverified	pending_T05	handled
item_unit	item:t16-l-cv3	set-16	6	L-002	mcq	object:t16-l-cv3	draft	legacy_unverified	pending_T05	handled
question_object	object:t16-l-cv4	set-16	6	L-002	mcq	section:set-16:part-6	draft	legacy_unverified	pending_T05	handled
item_unit	item:t16-l-cv4	set-16	6	L-002	mcq	object:t16-l-cv4	draft	legacy_unverified	pending_T05	handled
section	section:set-16:part-7	set-16	7	L-003	MockSection	set:set-16	draft	legacy_unverified	pending_T05	handled
stimulus	stimulus:set-16:part-7:audio	set-16	7	L-003	section_audio_with_transcript_candidate	section:set-16:part-7	draft	legacy_unverified	pending_T05	handled
question_object	object:t16-l-an1	set-16	7	L-003	mcq	section:set-16:part-7	draft	legacy_unverified	pending_T05	handled
item_unit	item:t16-l-an1	set-16	7	L-003	mcq	object:t16-l-an1	draft	legacy_unverified	pending_T05	handled
question_object	object:t16-l-an2	set-16	7	L-003	mcq	section:set-16:part-7	draft	legacy_unverified	pending_T05	handled
item_unit	item:t16-l-an2	set-16	7	L-003	mcq	object:t16-l-an2	draft	legacy_unverified	pending_T05	handled
question_object	object:t16-l-an3	set-16	7	L-003	mcq	section:set-16:part-7	draft	legacy_unverified	pending_T05	handled
item_unit	item:t16-l-an3	set-16	7	L-003	mcq	object:t16-l-an3	draft	legacy_unverified	pending_T05	handled
section	section:set-16:part-8	set-16	8	L-004	MockSection	set:set-16	draft	legacy_unverified	pending_T05	handled
stimulus	stimulus:set-16:part-8:audio	set-16	8	L-004	section_audio_with_transcript_candidate	section:set-16:part-8	draft	legacy_unverified	pending_T05	handled
question_object	object:t16-l-at1	set-16	8	L-004	mcq	section:set-16:part-8	draft	legacy_unverified	pending_T05	handled
item_unit	item:t16-l-at1	set-16	8	L-004	mcq	object:t16-l-at1	draft	legacy_unverified	pending_T05	handled
question_object	object:t16-l-at2	set-16	8	L-004	mcq	section:set-16:part-8	draft	legacy_unverified	pending_T05	handled
item_unit	item:t16-l-at2	set-16	8	L-004	mcq	object:t16-l-at2	draft	legacy_unverified	pending_T05	handled
question_object	object:t16-l-at3	set-16	8	L-004	mcq	section:set-16:part-8	draft	legacy_unverified	pending_T05	handled
item_unit	item:t16-l-at3	set-16	8	L-004	mcq	object:t16-l-at3	draft	legacy_unverified	pending_T05	handled
question_object	object:t16-l-at4	set-16	8	L-004	mcq	section:set-16:part-8	draft	legacy_unverified	pending_T05	handled
item_unit	item:t16-l-at4	set-16	8	L-004	mcq	object:t16-l-at4	draft	legacy_unverified	pending_T05	handled
question_object	object:t16-l-at5	set-16	8	L-004	mcq	section:set-16:part-8	draft	legacy_unverified	pending_T05	handled
item_unit	item:t16-l-at5	set-16	8	L-004	mcq	object:t16-l-at5	draft	legacy_unverified	pending_T05	handled
section	section:set-16:part-9	set-16	9	W-001+W-004	MockSection	set:set-16	draft	legacy_unverified	pending_T05	handled
question_object	object:t16-w-bs1	set-16	9	W-001+W-004	sentencebuild	section:set-16:part-9	draft	legacy_unverified	pending_T05	handled
item_unit	item:t16-w-bs1	set-16	9	W-001+W-004	sentencebuild	object:t16-w-bs1	draft	legacy_unverified	pending_T05	handled
question_object	object:t16-w-bs2	set-16	9	W-001+W-004	sentencebuild	section:set-16:part-9	draft	legacy_unverified	pending_T05	handled
item_unit	item:t16-w-bs2	set-16	9	W-001+W-004	sentencebuild	object:t16-w-bs2	draft	legacy_unverified	pending_T05	handled
question_object	object:t16-w-bs3	set-16	9	W-001+W-004	sentencebuild	section:set-16:part-9	draft	legacy_unverified	pending_T05	handled
item_unit	item:t16-w-bs3	set-16	9	W-001+W-004	sentencebuild	object:t16-w-bs3	draft	legacy_unverified	pending_T05	handled
question_object	object:t16-w-bs4	set-16	9	W-001+W-004	sentencebuild	section:set-16:part-9	draft	legacy_unverified	pending_T05	handled
item_unit	item:t16-w-bs4	set-16	9	W-001+W-004	sentencebuild	object:t16-w-bs4	draft	legacy_unverified	pending_T05	handled
question_object	object:t16-w-bs5	set-16	9	W-001+W-004	sentencebuild	section:set-16:part-9	draft	legacy_unverified	pending_T05	handled
item_unit	item:t16-w-bs5	set-16	9	W-001+W-004	sentencebuild	object:t16-w-bs5	draft	legacy_unverified	pending_T05	handled
question_object	object:t16-w-bs6	set-16	9	W-001+W-004	sentencebuild	section:set-16:part-9	draft	legacy_unverified	pending_T05	handled
item_unit	item:t16-w-bs6	set-16	9	W-001+W-004	sentencebuild	object:t16-w-bs6	draft	legacy_unverified	pending_T05	handled
section	section:set-16:part-10	set-16	10	W-002	MockSection	set:set-16	draft	legacy_unverified	pending_T05	handled
question_object	object:t16-w-email	set-16	10	W-002	write	section:set-16:part-10	draft	legacy_unverified	pending_T05	handled
stimulus	stimulus:t16-w-email:writing	set-16	10	W-002	writing_stimulus	object:t16-w-email	draft	legacy_unverified	pending_T05	handled
item_unit	item:t16-w-email	set-16	10	W-002	write	object:t16-w-email	draft	legacy_unverified	pending_T05	handled
section	section:set-16:part-11	set-16	11	W-003	MockSection	set:set-16	draft	legacy_unverified	pending_T05	handled
question_object	object:t16-w-disc	set-16	11	W-003	write	section:set-16:part-11	draft	legacy_unverified	pending_T05	handled
stimulus	stimulus:t16-w-disc:writing	set-16	11	W-003	writing_stimulus	object:t16-w-disc	draft	legacy_unverified	pending_T05	handled
item_unit	item:t16-w-disc	set-16	11	W-003	write	object:t16-w-disc	draft	legacy_unverified	pending_T05	handled
section	section:set-16:part-12	set-16	12	S-001	MockSection	set:set-16	draft	legacy_unverified	pending_T05	handled
question_object	object:t16-s-rp1	set-16	12	S-001	repeat	section:set-16:part-12	draft	legacy_unverified	pending_T05	handled
stimulus	stimulus:t16-s-rp1:audio	set-16	12	S-001	repeat_audio_with_script_candidate	object:t16-s-rp1	draft	legacy_unverified	pending_T05	handled
item_unit	item:t16-s-rp1	set-16	12	S-001	repeat	object:t16-s-rp1	draft	legacy_unverified	pending_T05	handled
question_object	object:t16-s-rp2	set-16	12	S-001	repeat	section:set-16:part-12	draft	legacy_unverified	pending_T05	handled
stimulus	stimulus:t16-s-rp2:audio	set-16	12	S-001	repeat_audio_with_script_candidate	object:t16-s-rp2	draft	legacy_unverified	pending_T05	handled
item_unit	item:t16-s-rp2	set-16	12	S-001	repeat	object:t16-s-rp2	draft	legacy_unverified	pending_T05	handled
question_object	object:t16-s-rp3	set-16	12	S-001	repeat	section:set-16:part-12	draft	legacy_unverified	pending_T05	handled
stimulus	stimulus:t16-s-rp3:audio	set-16	12	S-001	repeat_audio_with_script_candidate	object:t16-s-rp3	draft	legacy_unverified	pending_T05	handled
item_unit	item:t16-s-rp3	set-16	12	S-001	repeat	object:t16-s-rp3	draft	legacy_unverified	pending_T05	handled
question_object	object:t16-s-rp4	set-16	12	S-001	repeat	section:set-16:part-12	draft	legacy_unverified	pending_T05	handled
stimulus	stimulus:t16-s-rp4:audio	set-16	12	S-001	repeat_audio_with_script_candidate	object:t16-s-rp4	draft	legacy_unverified	pending_T05	handled
item_unit	item:t16-s-rp4	set-16	12	S-001	repeat	object:t16-s-rp4	draft	legacy_unverified	pending_T05	handled
question_object	object:t16-s-rp5	set-16	12	S-001	repeat	section:set-16:part-12	draft	legacy_unverified	pending_T05	handled
stimulus	stimulus:t16-s-rp5:audio	set-16	12	S-001	repeat_audio_with_script_candidate	object:t16-s-rp5	draft	legacy_unverified	pending_T05	handled
item_unit	item:t16-s-rp5	set-16	12	S-001	repeat	object:t16-s-rp5	draft	legacy_unverified	pending_T05	handled
section	section:set-16:part-13	set-16	13	S-002	MockSection	set:set-16	draft	legacy_unverified	pending_T05	handled
question_object	object:t16-s-iv1	set-16	13	S-002	speak	section:set-16:part-13	draft	legacy_unverified	pending_T05	handled
stimulus	stimulus:t16-s-iv1:interview	set-16	13	S-002	interview_text_prompt	object:t16-s-iv1	draft	legacy_unverified	pending_T05	handled
item_unit	item:t16-s-iv1	set-16	13	S-002	speak	object:t16-s-iv1	draft	legacy_unverified	pending_T05	handled
question_object	object:t16-s-iv2	set-16	13	S-002	speak	section:set-16:part-13	draft	legacy_unverified	pending_T05	handled
stimulus	stimulus:t16-s-iv2:interview	set-16	13	S-002	interview_text_prompt	object:t16-s-iv2	draft	legacy_unverified	pending_T05	handled
item_unit	item:t16-s-iv2	set-16	13	S-002	speak	object:t16-s-iv2	draft	legacy_unverified	pending_T05	handled
question_object	object:t16-s-iv3	set-16	13	S-002	speak	section:set-16:part-13	draft	legacy_unverified	pending_T05	handled
stimulus	stimulus:t16-s-iv3:interview	set-16	13	S-002	interview_text_prompt	object:t16-s-iv3	draft	legacy_unverified	pending_T05	handled
item_unit	item:t16-s-iv3	set-16	13	S-002	speak	object:t16-s-iv3	draft	legacy_unverified	pending_T05	handled
question_object	object:t16-s-iv4	set-16	13	S-002	speak	section:set-16:part-13	draft	legacy_unverified	pending_T05	handled
stimulus	stimulus:t16-s-iv4:interview	set-16	13	S-002	interview_text_prompt	object:t16-s-iv4	draft	legacy_unverified	pending_T05	handled
item_unit	item:t16-s-iv4	set-16	13	S-002	speak	object:t16-s-iv4	draft	legacy_unverified	pending_T05	handled
set	set:set-17	set-17		R-001..S-002	MockExam		draft	audited_with_blockers	pending_T05	mixed
section	section:set-17:part-1	set-17	1	R-001	MockSection	set:set-17	draft	legacy_unverified	pending_T05	handled
question_object	object:t17-r-cw1	set-17	1	R-001	wordcomplete	section:set-17:part-1	draft	legacy_unverified	pending_T05	handled
stimulus	stimulus:t17-r-cw1:template	set-17	1	R-001	wordcomplete_template	object:t17-r-cw1	draft	legacy_unverified	pending_T05	handled
item_unit	item:t17-r-cw1:blank-1	set-17	1	R-001	wordcomplete_blank	object:t17-r-cw1	draft	legacy_unverified	pending_T05	handled
item_unit	item:t17-r-cw1:blank-2	set-17	1	R-001	wordcomplete_blank	object:t17-r-cw1	draft	legacy_unverified	pending_T05	handled
item_unit	item:t17-r-cw1:blank-3	set-17	1	R-001	wordcomplete_blank	object:t17-r-cw1	draft	legacy_unverified	pending_T05	handled
item_unit	item:t17-r-cw1:blank-4	set-17	1	R-001	wordcomplete_blank	object:t17-r-cw1	draft	legacy_unverified	pending_T05	handled
item_unit	item:t17-r-cw1:blank-5	set-17	1	R-001	wordcomplete_blank	object:t17-r-cw1	draft	legacy_unverified	pending_T05	handled
item_unit	item:t17-r-cw1:blank-6	set-17	1	R-001	wordcomplete_blank	object:t17-r-cw1	draft	legacy_unverified	pending_T05	handled
question_object	object:t17-r-cw2	set-17	1	R-001	wordcomplete	section:set-17:part-1	draft	legacy_unverified	pending_T05	handled
stimulus	stimulus:t17-r-cw2:template	set-17	1	R-001	wordcomplete_template	object:t17-r-cw2	draft	legacy_unverified	pending_T05	handled
item_unit	item:t17-r-cw2:blank-1	set-17	1	R-001	wordcomplete_blank	object:t17-r-cw2	draft	legacy_unverified	pending_T05	handled
item_unit	item:t17-r-cw2:blank-2	set-17	1	R-001	wordcomplete_blank	object:t17-r-cw2	draft	legacy_unverified	pending_T05	handled
item_unit	item:t17-r-cw2:blank-3	set-17	1	R-001	wordcomplete_blank	object:t17-r-cw2	draft	legacy_unverified	pending_T05	handled
item_unit	item:t17-r-cw2:blank-4	set-17	1	R-001	wordcomplete_blank	object:t17-r-cw2	draft	legacy_unverified	pending_T05	handled
item_unit	item:t17-r-cw2:blank-5	set-17	1	R-001	wordcomplete_blank	object:t17-r-cw2	draft	legacy_unverified	pending_T05	handled
item_unit	item:t17-r-cw2:blank-6	set-17	1	R-001	wordcomplete_blank	object:t17-r-cw2	draft	legacy_unverified	pending_T05	handled
section	section:set-17:part-2	set-17	2	R-002	MockSection	set:set-17	draft	legacy_unverified	pending_T05	handled
stimulus	stimulus:set-17:part-2:passage	set-17	2	R-002	section_passage	section:set-17:part-2	draft	legacy_unverified	pending_T05	handled
question_object	object:t17-r-dl1	set-17	2	R-002	mcq	section:set-17:part-2	draft	legacy_unverified	pending_T05	handled
item_unit	item:t17-r-dl1	set-17	2	R-002	mcq	object:t17-r-dl1	draft	legacy_unverified	pending_T05	handled
question_object	object:t17-r-dl2	set-17	2	R-002	mcq	section:set-17:part-2	draft	legacy_unverified	pending_T05	handled
item_unit	item:t17-r-dl2	set-17	2	R-002	mcq	object:t17-r-dl2	draft	legacy_unverified	pending_T05	handled
question_object	object:t17-r-dl3	set-17	2	R-002	mcq	section:set-17:part-2	draft	legacy_unverified	pending_T05	handled
item_unit	item:t17-r-dl3	set-17	2	R-002	mcq	object:t17-r-dl3	draft	legacy_unverified	pending_T05	handled
section	section:set-17:part-3	set-17	3	R-002	MockSection	set:set-17	draft	legacy_unverified	pending_T05	handled
stimulus	stimulus:set-17:part-3:passage	set-17	3	R-002	section_passage	section:set-17:part-3	draft	legacy_unverified	pending_T05	handled
question_object	object:t17-r-dl4	set-17	3	R-002	mcq	section:set-17:part-3	draft	legacy_unverified	pending_T05	handled
item_unit	item:t17-r-dl4	set-17	3	R-002	mcq	object:t17-r-dl4	draft	legacy_unverified	pending_T05	handled
question_object	object:t17-r-dl5	set-17	3	R-002	mcq	section:set-17:part-3	draft	legacy_unverified	pending_T05	handled
item_unit	item:t17-r-dl5	set-17	3	R-002	mcq	object:t17-r-dl5	draft	legacy_unverified	pending_T05	handled
section	section:set-17:part-4	set-17	4	R-003	MockSection	set:set-17	draft	legacy_unverified	pending_T05	mixed
stimulus	stimulus:set-17:part-4:passage	set-17	4	R-003	section_passage	section:set-17:part-4	draft	legacy_unverified	pending_T05	handled
question_object	object:t17-r-ap1	set-17	4	R-003	mcq	section:set-17:part-4	draft	legacy_unverified	pending_T05	handled
item_unit	item:t17-r-ap1	set-17	4	R-003	mcq	object:t17-r-ap1	draft	legacy_unverified	pending_T05	handled
question_object	object:t17-r-ap2	set-17	4	R-003	mcq	section:set-17:part-4	draft	legacy_unverified	pending_T05	handled
item_unit	item:t17-r-ap2	set-17	4	R-003	mcq	object:t17-r-ap2	draft	legacy_unverified	pending_T05	handled
question_object	object:t17-r-ap3	set-17	4	R-003	mcq	section:set-17:part-4	draft	legacy_unverified	pending_T05	handled
item_unit	item:t17-r-ap3	set-17	4	R-003	mcq	object:t17-r-ap3	draft	legacy_unverified	pending_T05	handled
question_object	object:t17-r-ap4	set-17	4	R-003	mcq	section:set-17:part-4	draft	legacy_unverified	pending_T05	handled
item_unit	item:t17-r-ap4	set-17	4	R-003	mcq	object:t17-r-ap4	draft	legacy_unverified	pending_T05	handled
question_object	object:t17-r-ap5	set-17	4	R-003	mcq	section:set-17:part-4	draft	legacy_unverified	pending_T05	handled
item_unit	item:t17-r-ap5	set-17	4	R-003	mcq	object:t17-r-ap5	draft	legacy_unverified	pending_T05	handled
question_object	object:t17-r-ap6	set-17	4	R-003	multiselect	section:set-17:part-4	draft	legacy_unverified	pending_T05	unhandled
item_unit	item:t17-r-ap6	set-17	4	R-003	multiselect	object:t17-r-ap6	draft	legacy_unverified	pending_T05	unhandled
section	section:set-17:part-5	set-17	5	L-001	MockSection	set:set-17	draft	legacy_unverified	pending_T05	handled
question_object	object:t17-l-cr1	set-17	5	L-001	mcq	section:set-17:part-5	draft	legacy_unverified	pending_T05	handled
stimulus	stimulus:t17-l-cr1:audio	set-17	5	L-001	question_audio_without_transcript	object:t17-l-cr1	draft	legacy_unverified	pending_T05	handled
item_unit	item:t17-l-cr1	set-17	5	L-001	mcq	object:t17-l-cr1	draft	legacy_unverified	pending_T05	handled
question_object	object:t17-l-cr2	set-17	5	L-001	mcq	section:set-17:part-5	draft	legacy_unverified	pending_T05	handled
stimulus	stimulus:t17-l-cr2:audio	set-17	5	L-001	question_audio_without_transcript	object:t17-l-cr2	draft	legacy_unverified	pending_T05	handled
item_unit	item:t17-l-cr2	set-17	5	L-001	mcq	object:t17-l-cr2	draft	legacy_unverified	pending_T05	handled
question_object	object:t17-l-cr3	set-17	5	L-001	mcq	section:set-17:part-5	draft	legacy_unverified	pending_T05	handled
stimulus	stimulus:t17-l-cr3:audio	set-17	5	L-001	question_audio_without_transcript	object:t17-l-cr3	draft	legacy_unverified	pending_T05	handled
item_unit	item:t17-l-cr3	set-17	5	L-001	mcq	object:t17-l-cr3	draft	legacy_unverified	pending_T05	handled
question_object	object:t17-l-cr4	set-17	5	L-001	mcq	section:set-17:part-5	draft	legacy_unverified	pending_T05	handled
stimulus	stimulus:t17-l-cr4:audio	set-17	5	L-001	question_audio_without_transcript	object:t17-l-cr4	draft	legacy_unverified	pending_T05	handled
item_unit	item:t17-l-cr4	set-17	5	L-001	mcq	object:t17-l-cr4	draft	legacy_unverified	pending_T05	handled
question_object	object:t17-l-cr5	set-17	5	L-001	mcq	section:set-17:part-5	draft	legacy_unverified	pending_T05	handled
stimulus	stimulus:t17-l-cr5:audio	set-17	5	L-001	question_audio_without_transcript	object:t17-l-cr5	draft	legacy_unverified	pending_T05	handled
item_unit	item:t17-l-cr5	set-17	5	L-001	mcq	object:t17-l-cr5	draft	legacy_unverified	pending_T05	handled
section	section:set-17:part-6	set-17	6	L-002	MockSection	set:set-17	draft	legacy_unverified	pending_T05	handled
stimulus	stimulus:set-17:part-6:audio	set-17	6	L-002	section_audio_with_transcript_candidate	section:set-17:part-6	draft	legacy_unverified	pending_T05	handled
question_object	object:t17-l-cv1	set-17	6	L-002	mcq	section:set-17:part-6	draft	legacy_unverified	pending_T05	handled
item_unit	item:t17-l-cv1	set-17	6	L-002	mcq	object:t17-l-cv1	draft	legacy_unverified	pending_T05	handled
question_object	object:t17-l-cv2	set-17	6	L-002	mcq	section:set-17:part-6	draft	legacy_unverified	pending_T05	handled
item_unit	item:t17-l-cv2	set-17	6	L-002	mcq	object:t17-l-cv2	draft	legacy_unverified	pending_T05	handled
question_object	object:t17-l-cv3	set-17	6	L-002	mcq	section:set-17:part-6	draft	legacy_unverified	pending_T05	handled
item_unit	item:t17-l-cv3	set-17	6	L-002	mcq	object:t17-l-cv3	draft	legacy_unverified	pending_T05	handled
question_object	object:t17-l-cv4	set-17	6	L-002	mcq	section:set-17:part-6	draft	legacy_unverified	pending_T05	handled
item_unit	item:t17-l-cv4	set-17	6	L-002	mcq	object:t17-l-cv4	draft	legacy_unverified	pending_T05	handled
section	section:set-17:part-7	set-17	7	L-003	MockSection	set:set-17	draft	legacy_unverified	pending_T05	handled
stimulus	stimulus:set-17:part-7:audio	set-17	7	L-003	section_audio_with_transcript_candidate	section:set-17:part-7	draft	legacy_unverified	pending_T05	handled
question_object	object:t17-l-an1	set-17	7	L-003	mcq	section:set-17:part-7	draft	legacy_unverified	pending_T05	handled
item_unit	item:t17-l-an1	set-17	7	L-003	mcq	object:t17-l-an1	draft	legacy_unverified	pending_T05	handled
question_object	object:t17-l-an2	set-17	7	L-003	mcq	section:set-17:part-7	draft	legacy_unverified	pending_T05	handled
item_unit	item:t17-l-an2	set-17	7	L-003	mcq	object:t17-l-an2	draft	legacy_unverified	pending_T05	handled
question_object	object:t17-l-an3	set-17	7	L-003	mcq	section:set-17:part-7	draft	legacy_unverified	pending_T05	handled
item_unit	item:t17-l-an3	set-17	7	L-003	mcq	object:t17-l-an3	draft	legacy_unverified	pending_T05	handled
section	section:set-17:part-8	set-17	8	L-004	MockSection	set:set-17	draft	legacy_unverified	pending_T05	handled
stimulus	stimulus:set-17:part-8:audio	set-17	8	L-004	section_audio_with_transcript_candidate	section:set-17:part-8	draft	legacy_unverified	pending_T05	handled
question_object	object:t17-l-at1	set-17	8	L-004	mcq	section:set-17:part-8	draft	legacy_unverified	pending_T05	handled
item_unit	item:t17-l-at1	set-17	8	L-004	mcq	object:t17-l-at1	draft	legacy_unverified	pending_T05	handled
question_object	object:t17-l-at2	set-17	8	L-004	mcq	section:set-17:part-8	draft	legacy_unverified	pending_T05	handled
item_unit	item:t17-l-at2	set-17	8	L-004	mcq	object:t17-l-at2	draft	legacy_unverified	pending_T05	handled
question_object	object:t17-l-at3	set-17	8	L-004	mcq	section:set-17:part-8	draft	legacy_unverified	pending_T05	handled
item_unit	item:t17-l-at3	set-17	8	L-004	mcq	object:t17-l-at3	draft	legacy_unverified	pending_T05	handled
question_object	object:t17-l-at4	set-17	8	L-004	mcq	section:set-17:part-8	draft	legacy_unverified	pending_T05	handled
item_unit	item:t17-l-at4	set-17	8	L-004	mcq	object:t17-l-at4	draft	legacy_unverified	pending_T05	handled
question_object	object:t17-l-at5	set-17	8	L-004	mcq	section:set-17:part-8	draft	legacy_unverified	pending_T05	handled
item_unit	item:t17-l-at5	set-17	8	L-004	mcq	object:t17-l-at5	draft	legacy_unverified	pending_T05	handled
section	section:set-17:part-9	set-17	9	W-001+W-004	MockSection	set:set-17	draft	legacy_unverified	pending_T05	handled
question_object	object:t17-w-bs1	set-17	9	W-001+W-004	sentencebuild	section:set-17:part-9	draft	legacy_unverified	pending_T05	handled
item_unit	item:t17-w-bs1	set-17	9	W-001+W-004	sentencebuild	object:t17-w-bs1	draft	legacy_unverified	pending_T05	handled
question_object	object:t17-w-bs2	set-17	9	W-001+W-004	sentencebuild	section:set-17:part-9	draft	legacy_unverified	pending_T05	handled
item_unit	item:t17-w-bs2	set-17	9	W-001+W-004	sentencebuild	object:t17-w-bs2	draft	legacy_unverified	pending_T05	handled
question_object	object:t17-w-bs3	set-17	9	W-001+W-004	sentencebuild	section:set-17:part-9	draft	legacy_unverified	pending_T05	handled
item_unit	item:t17-w-bs3	set-17	9	W-001+W-004	sentencebuild	object:t17-w-bs3	draft	legacy_unverified	pending_T05	handled
question_object	object:t17-w-bs4	set-17	9	W-001+W-004	sentencebuild	section:set-17:part-9	draft	legacy_unverified	pending_T05	handled
item_unit	item:t17-w-bs4	set-17	9	W-001+W-004	sentencebuild	object:t17-w-bs4	draft	legacy_unverified	pending_T05	handled
question_object	object:t17-w-bs5	set-17	9	W-001+W-004	sentencebuild	section:set-17:part-9	draft	legacy_unverified	pending_T05	handled
item_unit	item:t17-w-bs5	set-17	9	W-001+W-004	sentencebuild	object:t17-w-bs5	draft	legacy_unverified	pending_T05	handled
question_object	object:t17-w-bs6	set-17	9	W-001+W-004	sentencebuild	section:set-17:part-9	draft	legacy_unverified	pending_T05	handled
item_unit	item:t17-w-bs6	set-17	9	W-001+W-004	sentencebuild	object:t17-w-bs6	draft	legacy_unverified	pending_T05	handled
section	section:set-17:part-10	set-17	10	W-002	MockSection	set:set-17	draft	legacy_unverified	pending_T05	handled
question_object	object:t17-w-email	set-17	10	W-002	write	section:set-17:part-10	draft	legacy_unverified	pending_T05	handled
stimulus	stimulus:t17-w-email:writing	set-17	10	W-002	writing_stimulus	object:t17-w-email	draft	legacy_unverified	pending_T05	handled
item_unit	item:t17-w-email	set-17	10	W-002	write	object:t17-w-email	draft	legacy_unverified	pending_T05	handled
section	section:set-17:part-11	set-17	11	W-003	MockSection	set:set-17	draft	legacy_unverified	pending_T05	handled
question_object	object:t17-w-disc	set-17	11	W-003	write	section:set-17:part-11	draft	legacy_unverified	pending_T05	handled
stimulus	stimulus:t17-w-disc:writing	set-17	11	W-003	writing_stimulus	object:t17-w-disc	draft	legacy_unverified	pending_T05	handled
item_unit	item:t17-w-disc	set-17	11	W-003	write	object:t17-w-disc	draft	legacy_unverified	pending_T05	handled
section	section:set-17:part-12	set-17	12	S-001	MockSection	set:set-17	draft	legacy_unverified	pending_T05	handled
question_object	object:t17-s-rp1	set-17	12	S-001	repeat	section:set-17:part-12	draft	legacy_unverified	pending_T05	handled
stimulus	stimulus:t17-s-rp1:audio	set-17	12	S-001	repeat_audio_with_script_candidate	object:t17-s-rp1	draft	legacy_unverified	pending_T05	handled
item_unit	item:t17-s-rp1	set-17	12	S-001	repeat	object:t17-s-rp1	draft	legacy_unverified	pending_T05	handled
question_object	object:t17-s-rp2	set-17	12	S-001	repeat	section:set-17:part-12	draft	legacy_unverified	pending_T05	handled
stimulus	stimulus:t17-s-rp2:audio	set-17	12	S-001	repeat_audio_with_script_candidate	object:t17-s-rp2	draft	legacy_unverified	pending_T05	handled
item_unit	item:t17-s-rp2	set-17	12	S-001	repeat	object:t17-s-rp2	draft	legacy_unverified	pending_T05	handled
question_object	object:t17-s-rp3	set-17	12	S-001	repeat	section:set-17:part-12	draft	legacy_unverified	pending_T05	handled
stimulus	stimulus:t17-s-rp3:audio	set-17	12	S-001	repeat_audio_with_script_candidate	object:t17-s-rp3	draft	legacy_unverified	pending_T05	handled
item_unit	item:t17-s-rp3	set-17	12	S-001	repeat	object:t17-s-rp3	draft	legacy_unverified	pending_T05	handled
question_object	object:t17-s-rp4	set-17	12	S-001	repeat	section:set-17:part-12	draft	legacy_unverified	pending_T05	handled
stimulus	stimulus:t17-s-rp4:audio	set-17	12	S-001	repeat_audio_with_script_candidate	object:t17-s-rp4	draft	legacy_unverified	pending_T05	handled
item_unit	item:t17-s-rp4	set-17	12	S-001	repeat	object:t17-s-rp4	draft	legacy_unverified	pending_T05	handled
question_object	object:t17-s-rp5	set-17	12	S-001	repeat	section:set-17:part-12	draft	legacy_unverified	pending_T05	handled
stimulus	stimulus:t17-s-rp5:audio	set-17	12	S-001	repeat_audio_with_script_candidate	object:t17-s-rp5	draft	legacy_unverified	pending_T05	handled
item_unit	item:t17-s-rp5	set-17	12	S-001	repeat	object:t17-s-rp5	draft	legacy_unverified	pending_T05	handled
section	section:set-17:part-13	set-17	13	S-002	MockSection	set:set-17	draft	legacy_unverified	pending_T05	handled
question_object	object:t17-s-iv1	set-17	13	S-002	speak	section:set-17:part-13	draft	legacy_unverified	pending_T05	handled
stimulus	stimulus:t17-s-iv1:interview	set-17	13	S-002	interview_text_prompt	object:t17-s-iv1	draft	legacy_unverified	pending_T05	handled
item_unit	item:t17-s-iv1	set-17	13	S-002	speak	object:t17-s-iv1	draft	legacy_unverified	pending_T05	handled
question_object	object:t17-s-iv2	set-17	13	S-002	speak	section:set-17:part-13	draft	legacy_unverified	pending_T05	handled
stimulus	stimulus:t17-s-iv2:interview	set-17	13	S-002	interview_text_prompt	object:t17-s-iv2	draft	legacy_unverified	pending_T05	handled
item_unit	item:t17-s-iv2	set-17	13	S-002	speak	object:t17-s-iv2	draft	legacy_unverified	pending_T05	handled
question_object	object:t17-s-iv3	set-17	13	S-002	speak	section:set-17:part-13	draft	legacy_unverified	pending_T05	handled
stimulus	stimulus:t17-s-iv3:interview	set-17	13	S-002	interview_text_prompt	object:t17-s-iv3	draft	legacy_unverified	pending_T05	handled
item_unit	item:t17-s-iv3	set-17	13	S-002	speak	object:t17-s-iv3	draft	legacy_unverified	pending_T05	handled
question_object	object:t17-s-iv4	set-17	13	S-002	speak	section:set-17:part-13	draft	legacy_unverified	pending_T05	handled
stimulus	stimulus:t17-s-iv4:interview	set-17	13	S-002	interview_text_prompt	object:t17-s-iv4	draft	legacy_unverified	pending_T05	handled
item_unit	item:t17-s-iv4	set-17	13	S-002	speak	object:t17-s-iv4	draft	legacy_unverified	pending_T05	handled
set	set:set-18	set-18		R-001..S-002	MockExam		draft	audited_with_blockers	pending_T05	mixed
section	section:set-18:part-1	set-18	1	R-001	MockSection	set:set-18	draft	legacy_unverified	pending_T05	handled
question_object	object:t18-r-cw1	set-18	1	R-001	wordcomplete	section:set-18:part-1	draft	legacy_unverified	pending_T05	handled
stimulus	stimulus:t18-r-cw1:template	set-18	1	R-001	wordcomplete_template	object:t18-r-cw1	draft	legacy_unverified	pending_T05	handled
item_unit	item:t18-r-cw1:blank-1	set-18	1	R-001	wordcomplete_blank	object:t18-r-cw1	draft	legacy_unverified	pending_T05	handled
item_unit	item:t18-r-cw1:blank-2	set-18	1	R-001	wordcomplete_blank	object:t18-r-cw1	draft	legacy_unverified	pending_T05	handled
item_unit	item:t18-r-cw1:blank-3	set-18	1	R-001	wordcomplete_blank	object:t18-r-cw1	draft	legacy_unverified	pending_T05	handled
item_unit	item:t18-r-cw1:blank-4	set-18	1	R-001	wordcomplete_blank	object:t18-r-cw1	draft	legacy_unverified	pending_T05	handled
item_unit	item:t18-r-cw1:blank-5	set-18	1	R-001	wordcomplete_blank	object:t18-r-cw1	draft	legacy_unverified	pending_T05	handled
item_unit	item:t18-r-cw1:blank-6	set-18	1	R-001	wordcomplete_blank	object:t18-r-cw1	draft	legacy_unverified	pending_T05	handled
question_object	object:t18-r-cw2	set-18	1	R-001	wordcomplete	section:set-18:part-1	draft	legacy_unverified	pending_T05	handled
stimulus	stimulus:t18-r-cw2:template	set-18	1	R-001	wordcomplete_template	object:t18-r-cw2	draft	legacy_unverified	pending_T05	handled
item_unit	item:t18-r-cw2:blank-1	set-18	1	R-001	wordcomplete_blank	object:t18-r-cw2	draft	legacy_unverified	pending_T05	handled
item_unit	item:t18-r-cw2:blank-2	set-18	1	R-001	wordcomplete_blank	object:t18-r-cw2	draft	legacy_unverified	pending_T05	handled
item_unit	item:t18-r-cw2:blank-3	set-18	1	R-001	wordcomplete_blank	object:t18-r-cw2	draft	legacy_unverified	pending_T05	handled
item_unit	item:t18-r-cw2:blank-4	set-18	1	R-001	wordcomplete_blank	object:t18-r-cw2	draft	legacy_unverified	pending_T05	handled
item_unit	item:t18-r-cw2:blank-5	set-18	1	R-001	wordcomplete_blank	object:t18-r-cw2	draft	legacy_unverified	pending_T05	handled
item_unit	item:t18-r-cw2:blank-6	set-18	1	R-001	wordcomplete_blank	object:t18-r-cw2	draft	legacy_unverified	pending_T05	handled
section	section:set-18:part-2	set-18	2	R-002	MockSection	set:set-18	draft	legacy_unverified	pending_T05	handled
stimulus	stimulus:set-18:part-2:passage	set-18	2	R-002	section_passage	section:set-18:part-2	draft	legacy_unverified	pending_T05	handled
question_object	object:t18-r-dl1	set-18	2	R-002	mcq	section:set-18:part-2	draft	legacy_unverified	pending_T05	handled
item_unit	item:t18-r-dl1	set-18	2	R-002	mcq	object:t18-r-dl1	draft	legacy_unverified	pending_T05	handled
question_object	object:t18-r-dl2	set-18	2	R-002	mcq	section:set-18:part-2	draft	legacy_unverified	pending_T05	handled
item_unit	item:t18-r-dl2	set-18	2	R-002	mcq	object:t18-r-dl2	draft	legacy_unverified	pending_T05	handled
question_object	object:t18-r-dl3	set-18	2	R-002	mcq	section:set-18:part-2	draft	legacy_unverified	pending_T05	handled
item_unit	item:t18-r-dl3	set-18	2	R-002	mcq	object:t18-r-dl3	draft	legacy_unverified	pending_T05	handled
section	section:set-18:part-3	set-18	3	R-002	MockSection	set:set-18	draft	legacy_unverified	pending_T05	handled
stimulus	stimulus:set-18:part-3:passage	set-18	3	R-002	section_passage	section:set-18:part-3	draft	legacy_unverified	pending_T05	handled
question_object	object:t18-r-dl4	set-18	3	R-002	mcq	section:set-18:part-3	draft	legacy_unverified	pending_T05	handled
item_unit	item:t18-r-dl4	set-18	3	R-002	mcq	object:t18-r-dl4	draft	legacy_unverified	pending_T05	handled
question_object	object:t18-r-dl5	set-18	3	R-002	mcq	section:set-18:part-3	draft	legacy_unverified	pending_T05	handled
item_unit	item:t18-r-dl5	set-18	3	R-002	mcq	object:t18-r-dl5	draft	legacy_unverified	pending_T05	handled
section	section:set-18:part-4	set-18	4	R-003	MockSection	set:set-18	draft	legacy_unverified	pending_T05	mixed
stimulus	stimulus:set-18:part-4:passage	set-18	4	R-003	section_passage	section:set-18:part-4	draft	legacy_unverified	pending_T05	handled
question_object	object:t18-r-ap1	set-18	4	R-003	mcq	section:set-18:part-4	draft	legacy_unverified	pending_T05	handled
item_unit	item:t18-r-ap1	set-18	4	R-003	mcq	object:t18-r-ap1	draft	legacy_unverified	pending_T05	handled
question_object	object:t18-r-ap2	set-18	4	R-003	mcq	section:set-18:part-4	draft	legacy_unverified	pending_T05	handled
item_unit	item:t18-r-ap2	set-18	4	R-003	mcq	object:t18-r-ap2	draft	legacy_unverified	pending_T05	handled
question_object	object:t18-r-ap3	set-18	4	R-003	mcq	section:set-18:part-4	draft	legacy_unverified	pending_T05	handled
item_unit	item:t18-r-ap3	set-18	4	R-003	mcq	object:t18-r-ap3	draft	legacy_unverified	pending_T05	handled
question_object	object:t18-r-ap4	set-18	4	R-003	mcq	section:set-18:part-4	draft	legacy_unverified	pending_T05	handled
item_unit	item:t18-r-ap4	set-18	4	R-003	mcq	object:t18-r-ap4	draft	legacy_unverified	pending_T05	handled
question_object	object:t18-r-ap5	set-18	4	R-003	mcq	section:set-18:part-4	draft	legacy_unverified	pending_T05	handled
item_unit	item:t18-r-ap5	set-18	4	R-003	mcq	object:t18-r-ap5	draft	legacy_unverified	pending_T05	handled
question_object	object:t18-r-ap6	set-18	4	R-003	multiselect	section:set-18:part-4	draft	legacy_unverified	pending_T05	unhandled
item_unit	item:t18-r-ap6	set-18	4	R-003	multiselect	object:t18-r-ap6	draft	legacy_unverified	pending_T05	unhandled
section	section:set-18:part-5	set-18	5	L-001	MockSection	set:set-18	draft	legacy_unverified	pending_T05	handled
question_object	object:t18-l-cr1	set-18	5	L-001	mcq	section:set-18:part-5	draft	legacy_unverified	pending_T05	handled
stimulus	stimulus:t18-l-cr1:audio	set-18	5	L-001	question_audio_without_transcript	object:t18-l-cr1	draft	legacy_unverified	pending_T05	handled
item_unit	item:t18-l-cr1	set-18	5	L-001	mcq	object:t18-l-cr1	draft	legacy_unverified	pending_T05	handled
question_object	object:t18-l-cr2	set-18	5	L-001	mcq	section:set-18:part-5	draft	legacy_unverified	pending_T05	handled
stimulus	stimulus:t18-l-cr2:audio	set-18	5	L-001	question_audio_without_transcript	object:t18-l-cr2	draft	legacy_unverified	pending_T05	handled
item_unit	item:t18-l-cr2	set-18	5	L-001	mcq	object:t18-l-cr2	draft	legacy_unverified	pending_T05	handled
question_object	object:t18-l-cr3	set-18	5	L-001	mcq	section:set-18:part-5	draft	legacy_unverified	pending_T05	handled
stimulus	stimulus:t18-l-cr3:audio	set-18	5	L-001	question_audio_without_transcript	object:t18-l-cr3	draft	legacy_unverified	pending_T05	handled
item_unit	item:t18-l-cr3	set-18	5	L-001	mcq	object:t18-l-cr3	draft	legacy_unverified	pending_T05	handled
question_object	object:t18-l-cr4	set-18	5	L-001	mcq	section:set-18:part-5	draft	legacy_unverified	pending_T05	handled
stimulus	stimulus:t18-l-cr4:audio	set-18	5	L-001	question_audio_without_transcript	object:t18-l-cr4	draft	legacy_unverified	pending_T05	handled
item_unit	item:t18-l-cr4	set-18	5	L-001	mcq	object:t18-l-cr4	draft	legacy_unverified	pending_T05	handled
question_object	object:t18-l-cr5	set-18	5	L-001	mcq	section:set-18:part-5	draft	legacy_unverified	pending_T05	handled
stimulus	stimulus:t18-l-cr5:audio	set-18	5	L-001	question_audio_without_transcript	object:t18-l-cr5	draft	legacy_unverified	pending_T05	handled
item_unit	item:t18-l-cr5	set-18	5	L-001	mcq	object:t18-l-cr5	draft	legacy_unverified	pending_T05	handled
section	section:set-18:part-6	set-18	6	L-002	MockSection	set:set-18	draft	legacy_unverified	pending_T05	handled
stimulus	stimulus:set-18:part-6:audio	set-18	6	L-002	section_audio_with_transcript_candidate	section:set-18:part-6	draft	legacy_unverified	pending_T05	handled
question_object	object:t18-l-cv1	set-18	6	L-002	mcq	section:set-18:part-6	draft	legacy_unverified	pending_T05	handled
item_unit	item:t18-l-cv1	set-18	6	L-002	mcq	object:t18-l-cv1	draft	legacy_unverified	pending_T05	handled
question_object	object:t18-l-cv2	set-18	6	L-002	mcq	section:set-18:part-6	draft	legacy_unverified	pending_T05	handled
item_unit	item:t18-l-cv2	set-18	6	L-002	mcq	object:t18-l-cv2	draft	legacy_unverified	pending_T05	handled
question_object	object:t18-l-cv3	set-18	6	L-002	mcq	section:set-18:part-6	draft	legacy_unverified	pending_T05	handled
item_unit	item:t18-l-cv3	set-18	6	L-002	mcq	object:t18-l-cv3	draft	legacy_unverified	pending_T05	handled
question_object	object:t18-l-cv4	set-18	6	L-002	mcq	section:set-18:part-6	draft	legacy_unverified	pending_T05	handled
item_unit	item:t18-l-cv4	set-18	6	L-002	mcq	object:t18-l-cv4	draft	legacy_unverified	pending_T05	handled
section	section:set-18:part-7	set-18	7	L-003	MockSection	set:set-18	draft	legacy_unverified	pending_T05	handled
stimulus	stimulus:set-18:part-7:audio	set-18	7	L-003	section_audio_with_transcript_candidate	section:set-18:part-7	draft	legacy_unverified	pending_T05	handled
question_object	object:t18-l-an1	set-18	7	L-003	mcq	section:set-18:part-7	draft	legacy_unverified	pending_T05	handled
item_unit	item:t18-l-an1	set-18	7	L-003	mcq	object:t18-l-an1	draft	legacy_unverified	pending_T05	handled
question_object	object:t18-l-an2	set-18	7	L-003	mcq	section:set-18:part-7	draft	legacy_unverified	pending_T05	handled
item_unit	item:t18-l-an2	set-18	7	L-003	mcq	object:t18-l-an2	draft	legacy_unverified	pending_T05	handled
question_object	object:t18-l-an3	set-18	7	L-003	mcq	section:set-18:part-7	draft	legacy_unverified	pending_T05	handled
item_unit	item:t18-l-an3	set-18	7	L-003	mcq	object:t18-l-an3	draft	legacy_unverified	pending_T05	handled
section	section:set-18:part-8	set-18	8	L-004	MockSection	set:set-18	draft	legacy_unverified	pending_T05	handled
stimulus	stimulus:set-18:part-8:audio	set-18	8	L-004	section_audio_with_transcript_candidate	section:set-18:part-8	draft	legacy_unverified	pending_T05	handled
question_object	object:t18-l-at1	set-18	8	L-004	mcq	section:set-18:part-8	draft	legacy_unverified	pending_T05	handled
item_unit	item:t18-l-at1	set-18	8	L-004	mcq	object:t18-l-at1	draft	legacy_unverified	pending_T05	handled
question_object	object:t18-l-at2	set-18	8	L-004	mcq	section:set-18:part-8	draft	legacy_unverified	pending_T05	handled
item_unit	item:t18-l-at2	set-18	8	L-004	mcq	object:t18-l-at2	draft	legacy_unverified	pending_T05	handled
question_object	object:t18-l-at3	set-18	8	L-004	mcq	section:set-18:part-8	draft	legacy_unverified	pending_T05	handled
item_unit	item:t18-l-at3	set-18	8	L-004	mcq	object:t18-l-at3	draft	legacy_unverified	pending_T05	handled
question_object	object:t18-l-at4	set-18	8	L-004	mcq	section:set-18:part-8	draft	legacy_unverified	pending_T05	handled
item_unit	item:t18-l-at4	set-18	8	L-004	mcq	object:t18-l-at4	draft	legacy_unverified	pending_T05	handled
question_object	object:t18-l-at5	set-18	8	L-004	mcq	section:set-18:part-8	draft	legacy_unverified	pending_T05	handled
item_unit	item:t18-l-at5	set-18	8	L-004	mcq	object:t18-l-at5	draft	legacy_unverified	pending_T05	handled
section	section:set-18:part-9	set-18	9	W-001+W-004	MockSection	set:set-18	draft	legacy_unverified	pending_T05	handled
question_object	object:t18-w-bs1	set-18	9	W-001+W-004	sentencebuild	section:set-18:part-9	draft	legacy_unverified	pending_T05	handled
item_unit	item:t18-w-bs1	set-18	9	W-001+W-004	sentencebuild	object:t18-w-bs1	draft	legacy_unverified	pending_T05	handled
question_object	object:t18-w-bs2	set-18	9	W-001+W-004	sentencebuild	section:set-18:part-9	draft	legacy_unverified	pending_T05	handled
item_unit	item:t18-w-bs2	set-18	9	W-001+W-004	sentencebuild	object:t18-w-bs2	draft	legacy_unverified	pending_T05	handled
question_object	object:t18-w-bs3	set-18	9	W-001+W-004	sentencebuild	section:set-18:part-9	draft	legacy_unverified	pending_T05	handled
item_unit	item:t18-w-bs3	set-18	9	W-001+W-004	sentencebuild	object:t18-w-bs3	draft	legacy_unverified	pending_T05	handled
question_object	object:t18-w-bs4	set-18	9	W-001+W-004	sentencebuild	section:set-18:part-9	draft	legacy_unverified	pending_T05	handled
item_unit	item:t18-w-bs4	set-18	9	W-001+W-004	sentencebuild	object:t18-w-bs4	draft	legacy_unverified	pending_T05	handled
question_object	object:t18-w-bs5	set-18	9	W-001+W-004	sentencebuild	section:set-18:part-9	draft	legacy_unverified	pending_T05	handled
item_unit	item:t18-w-bs5	set-18	9	W-001+W-004	sentencebuild	object:t18-w-bs5	draft	legacy_unverified	pending_T05	handled
question_object	object:t18-w-bs6	set-18	9	W-001+W-004	sentencebuild	section:set-18:part-9	draft	legacy_unverified	pending_T05	handled
item_unit	item:t18-w-bs6	set-18	9	W-001+W-004	sentencebuild	object:t18-w-bs6	draft	legacy_unverified	pending_T05	handled
section	section:set-18:part-10	set-18	10	W-002	MockSection	set:set-18	draft	legacy_unverified	pending_T05	handled
question_object	object:t18-w-email	set-18	10	W-002	write	section:set-18:part-10	draft	legacy_unverified	pending_T05	handled
stimulus	stimulus:t18-w-email:writing	set-18	10	W-002	writing_stimulus	object:t18-w-email	draft	legacy_unverified	pending_T05	handled
item_unit	item:t18-w-email	set-18	10	W-002	write	object:t18-w-email	draft	legacy_unverified	pending_T05	handled
section	section:set-18:part-11	set-18	11	W-003	MockSection	set:set-18	draft	legacy_unverified	pending_T05	handled
question_object	object:t18-w-disc	set-18	11	W-003	write	section:set-18:part-11	draft	legacy_unverified	pending_T05	handled
stimulus	stimulus:t18-w-disc:writing	set-18	11	W-003	writing_stimulus	object:t18-w-disc	draft	legacy_unverified	pending_T05	handled
item_unit	item:t18-w-disc	set-18	11	W-003	write	object:t18-w-disc	draft	legacy_unverified	pending_T05	handled
section	section:set-18:part-12	set-18	12	S-001	MockSection	set:set-18	draft	legacy_unverified	pending_T05	handled
question_object	object:t18-s-rp1	set-18	12	S-001	repeat	section:set-18:part-12	draft	legacy_unverified	pending_T05	handled
stimulus	stimulus:t18-s-rp1:audio	set-18	12	S-001	repeat_audio_with_script_candidate	object:t18-s-rp1	draft	legacy_unverified	pending_T05	handled
item_unit	item:t18-s-rp1	set-18	12	S-001	repeat	object:t18-s-rp1	draft	legacy_unverified	pending_T05	handled
question_object	object:t18-s-rp2	set-18	12	S-001	repeat	section:set-18:part-12	draft	legacy_unverified	pending_T05	handled
stimulus	stimulus:t18-s-rp2:audio	set-18	12	S-001	repeat_audio_with_script_candidate	object:t18-s-rp2	draft	legacy_unverified	pending_T05	handled
item_unit	item:t18-s-rp2	set-18	12	S-001	repeat	object:t18-s-rp2	draft	legacy_unverified	pending_T05	handled
question_object	object:t18-s-rp3	set-18	12	S-001	repeat	section:set-18:part-12	draft	legacy_unverified	pending_T05	handled
stimulus	stimulus:t18-s-rp3:audio	set-18	12	S-001	repeat_audio_with_script_candidate	object:t18-s-rp3	draft	legacy_unverified	pending_T05	handled
item_unit	item:t18-s-rp3	set-18	12	S-001	repeat	object:t18-s-rp3	draft	legacy_unverified	pending_T05	handled
question_object	object:t18-s-rp4	set-18	12	S-001	repeat	section:set-18:part-12	draft	legacy_unverified	pending_T05	handled
stimulus	stimulus:t18-s-rp4:audio	set-18	12	S-001	repeat_audio_with_script_candidate	object:t18-s-rp4	draft	legacy_unverified	pending_T05	handled
item_unit	item:t18-s-rp4	set-18	12	S-001	repeat	object:t18-s-rp4	draft	legacy_unverified	pending_T05	handled
question_object	object:t18-s-rp5	set-18	12	S-001	repeat	section:set-18:part-12	draft	legacy_unverified	pending_T05	handled
stimulus	stimulus:t18-s-rp5:audio	set-18	12	S-001	repeat_audio_with_script_candidate	object:t18-s-rp5	draft	legacy_unverified	pending_T05	handled
item_unit	item:t18-s-rp5	set-18	12	S-001	repeat	object:t18-s-rp5	draft	legacy_unverified	pending_T05	handled
section	section:set-18:part-13	set-18	13	S-002	MockSection	set:set-18	draft	legacy_unverified	pending_T05	handled
question_object	object:t18-s-iv1	set-18	13	S-002	speak	section:set-18:part-13	draft	legacy_unverified	pending_T05	handled
stimulus	stimulus:t18-s-iv1:interview	set-18	13	S-002	interview_text_prompt	object:t18-s-iv1	draft	legacy_unverified	pending_T05	handled
item_unit	item:t18-s-iv1	set-18	13	S-002	speak	object:t18-s-iv1	draft	legacy_unverified	pending_T05	handled
question_object	object:t18-s-iv2	set-18	13	S-002	speak	section:set-18:part-13	draft	legacy_unverified	pending_T05	handled
stimulus	stimulus:t18-s-iv2:interview	set-18	13	S-002	interview_text_prompt	object:t18-s-iv2	draft	legacy_unverified	pending_T05	handled
item_unit	item:t18-s-iv2	set-18	13	S-002	speak	object:t18-s-iv2	draft	legacy_unverified	pending_T05	handled
question_object	object:t18-s-iv3	set-18	13	S-002	speak	section:set-18:part-13	draft	legacy_unverified	pending_T05	handled
stimulus	stimulus:t18-s-iv3:interview	set-18	13	S-002	interview_text_prompt	object:t18-s-iv3	draft	legacy_unverified	pending_T05	handled
item_unit	item:t18-s-iv3	set-18	13	S-002	speak	object:t18-s-iv3	draft	legacy_unverified	pending_T05	handled
question_object	object:t18-s-iv4	set-18	13	S-002	speak	section:set-18:part-13	draft	legacy_unverified	pending_T05	handled
stimulus	stimulus:t18-s-iv4:interview	set-18	13	S-002	interview_text_prompt	object:t18-s-iv4	draft	legacy_unverified	pending_T05	handled
item_unit	item:t18-s-iv4	set-18	13	S-002	speak	object:t18-s-iv4	draft	legacy_unverified	pending_T05	handled
set	set:set-19	set-19		R-001..S-002	MockExam		draft	audited_with_blockers	pending_T05	mixed
section	section:set-19:part-1	set-19	1	R-001	MockSection	set:set-19	draft	legacy_unverified	pending_T05	handled
question_object	object:t19-r-cw1	set-19	1	R-001	wordcomplete	section:set-19:part-1	draft	legacy_unverified	pending_T05	handled
stimulus	stimulus:t19-r-cw1:template	set-19	1	R-001	wordcomplete_template	object:t19-r-cw1	draft	legacy_unverified	pending_T05	handled
item_unit	item:t19-r-cw1:blank-1	set-19	1	R-001	wordcomplete_blank	object:t19-r-cw1	draft	legacy_unverified	pending_T05	handled
item_unit	item:t19-r-cw1:blank-2	set-19	1	R-001	wordcomplete_blank	object:t19-r-cw1	draft	legacy_unverified	pending_T05	handled
item_unit	item:t19-r-cw1:blank-3	set-19	1	R-001	wordcomplete_blank	object:t19-r-cw1	draft	legacy_unverified	pending_T05	handled
item_unit	item:t19-r-cw1:blank-4	set-19	1	R-001	wordcomplete_blank	object:t19-r-cw1	draft	legacy_unverified	pending_T05	handled
item_unit	item:t19-r-cw1:blank-5	set-19	1	R-001	wordcomplete_blank	object:t19-r-cw1	draft	legacy_unverified	pending_T05	handled
item_unit	item:t19-r-cw1:blank-6	set-19	1	R-001	wordcomplete_blank	object:t19-r-cw1	draft	legacy_unverified	pending_T05	handled
question_object	object:t19-r-cw2	set-19	1	R-001	wordcomplete	section:set-19:part-1	draft	legacy_unverified	pending_T05	handled
stimulus	stimulus:t19-r-cw2:template	set-19	1	R-001	wordcomplete_template	object:t19-r-cw2	draft	legacy_unverified	pending_T05	handled
item_unit	item:t19-r-cw2:blank-1	set-19	1	R-001	wordcomplete_blank	object:t19-r-cw2	draft	legacy_unverified	pending_T05	handled
item_unit	item:t19-r-cw2:blank-2	set-19	1	R-001	wordcomplete_blank	object:t19-r-cw2	draft	legacy_unverified	pending_T05	handled
item_unit	item:t19-r-cw2:blank-3	set-19	1	R-001	wordcomplete_blank	object:t19-r-cw2	draft	legacy_unverified	pending_T05	handled
item_unit	item:t19-r-cw2:blank-4	set-19	1	R-001	wordcomplete_blank	object:t19-r-cw2	draft	legacy_unverified	pending_T05	handled
item_unit	item:t19-r-cw2:blank-5	set-19	1	R-001	wordcomplete_blank	object:t19-r-cw2	draft	legacy_unverified	pending_T05	handled
item_unit	item:t19-r-cw2:blank-6	set-19	1	R-001	wordcomplete_blank	object:t19-r-cw2	draft	legacy_unverified	pending_T05	handled
section	section:set-19:part-2	set-19	2	R-002	MockSection	set:set-19	draft	legacy_unverified	pending_T05	handled
stimulus	stimulus:set-19:part-2:passage	set-19	2	R-002	section_passage	section:set-19:part-2	draft	legacy_unverified	pending_T05	handled
question_object	object:t19-r-dl1	set-19	2	R-002	mcq	section:set-19:part-2	draft	legacy_unverified	pending_T05	handled
item_unit	item:t19-r-dl1	set-19	2	R-002	mcq	object:t19-r-dl1	draft	legacy_unverified	pending_T05	handled
question_object	object:t19-r-dl2	set-19	2	R-002	mcq	section:set-19:part-2	draft	legacy_unverified	pending_T05	handled
item_unit	item:t19-r-dl2	set-19	2	R-002	mcq	object:t19-r-dl2	draft	legacy_unverified	pending_T05	handled
question_object	object:t19-r-dl3	set-19	2	R-002	mcq	section:set-19:part-2	draft	legacy_unverified	pending_T05	handled
item_unit	item:t19-r-dl3	set-19	2	R-002	mcq	object:t19-r-dl3	draft	legacy_unverified	pending_T05	handled
section	section:set-19:part-3	set-19	3	R-002	MockSection	set:set-19	draft	legacy_unverified	pending_T05	handled
stimulus	stimulus:set-19:part-3:passage	set-19	3	R-002	section_passage	section:set-19:part-3	draft	legacy_unverified	pending_T05	handled
question_object	object:t19-r-dl4	set-19	3	R-002	mcq	section:set-19:part-3	draft	legacy_unverified	pending_T05	handled
item_unit	item:t19-r-dl4	set-19	3	R-002	mcq	object:t19-r-dl4	draft	legacy_unverified	pending_T05	handled
question_object	object:t19-r-dl5	set-19	3	R-002	mcq	section:set-19:part-3	draft	legacy_unverified	pending_T05	handled
item_unit	item:t19-r-dl5	set-19	3	R-002	mcq	object:t19-r-dl5	draft	legacy_unverified	pending_T05	handled
section	section:set-19:part-4	set-19	4	R-003	MockSection	set:set-19	draft	legacy_unverified	pending_T05	mixed
stimulus	stimulus:set-19:part-4:passage	set-19	4	R-003	section_passage	section:set-19:part-4	draft	legacy_unverified	pending_T05	handled
question_object	object:t19-r-ap1	set-19	4	R-003	mcq	section:set-19:part-4	draft	legacy_unverified	pending_T05	handled
item_unit	item:t19-r-ap1	set-19	4	R-003	mcq	object:t19-r-ap1	draft	legacy_unverified	pending_T05	handled
question_object	object:t19-r-ap2	set-19	4	R-003	mcq	section:set-19:part-4	draft	legacy_unverified	pending_T05	handled
item_unit	item:t19-r-ap2	set-19	4	R-003	mcq	object:t19-r-ap2	draft	legacy_unverified	pending_T05	handled
question_object	object:t19-r-ap3	set-19	4	R-003	mcq	section:set-19:part-4	draft	legacy_unverified	pending_T05	handled
item_unit	item:t19-r-ap3	set-19	4	R-003	mcq	object:t19-r-ap3	draft	legacy_unverified	pending_T05	handled
question_object	object:t19-r-ap4	set-19	4	R-003	mcq	section:set-19:part-4	draft	legacy_unverified	pending_T05	handled
item_unit	item:t19-r-ap4	set-19	4	R-003	mcq	object:t19-r-ap4	draft	legacy_unverified	pending_T05	handled
question_object	object:t19-r-ap5	set-19	4	R-003	mcq	section:set-19:part-4	draft	legacy_unverified	pending_T05	handled
item_unit	item:t19-r-ap5	set-19	4	R-003	mcq	object:t19-r-ap5	draft	legacy_unverified	pending_T05	handled
question_object	object:t19-r-ap6	set-19	4	R-003	multiselect	section:set-19:part-4	draft	legacy_unverified	pending_T05	unhandled
item_unit	item:t19-r-ap6	set-19	4	R-003	multiselect	object:t19-r-ap6	draft	legacy_unverified	pending_T05	unhandled
section	section:set-19:part-5	set-19	5	L-001	MockSection	set:set-19	draft	legacy_unverified	pending_T05	handled
question_object	object:t19-l-cr1	set-19	5	L-001	mcq	section:set-19:part-5	draft	legacy_unverified	pending_T05	handled
stimulus	stimulus:t19-l-cr1:audio	set-19	5	L-001	question_audio_without_transcript	object:t19-l-cr1	draft	legacy_unverified	pending_T05	handled
item_unit	item:t19-l-cr1	set-19	5	L-001	mcq	object:t19-l-cr1	draft	legacy_unverified	pending_T05	handled
question_object	object:t19-l-cr2	set-19	5	L-001	mcq	section:set-19:part-5	draft	legacy_unverified	pending_T05	handled
stimulus	stimulus:t19-l-cr2:audio	set-19	5	L-001	question_audio_without_transcript	object:t19-l-cr2	draft	legacy_unverified	pending_T05	handled
item_unit	item:t19-l-cr2	set-19	5	L-001	mcq	object:t19-l-cr2	draft	legacy_unverified	pending_T05	handled
question_object	object:t19-l-cr3	set-19	5	L-001	mcq	section:set-19:part-5	draft	legacy_unverified	pending_T05	handled
stimulus	stimulus:t19-l-cr3:audio	set-19	5	L-001	question_audio_without_transcript	object:t19-l-cr3	draft	legacy_unverified	pending_T05	handled
item_unit	item:t19-l-cr3	set-19	5	L-001	mcq	object:t19-l-cr3	draft	legacy_unverified	pending_T05	handled
question_object	object:t19-l-cr4	set-19	5	L-001	mcq	section:set-19:part-5	draft	legacy_unverified	pending_T05	handled
stimulus	stimulus:t19-l-cr4:audio	set-19	5	L-001	question_audio_without_transcript	object:t19-l-cr4	draft	legacy_unverified	pending_T05	handled
item_unit	item:t19-l-cr4	set-19	5	L-001	mcq	object:t19-l-cr4	draft	legacy_unverified	pending_T05	handled
question_object	object:t19-l-cr5	set-19	5	L-001	mcq	section:set-19:part-5	draft	legacy_unverified	pending_T05	handled
stimulus	stimulus:t19-l-cr5:audio	set-19	5	L-001	question_audio_without_transcript	object:t19-l-cr5	draft	legacy_unverified	pending_T05	handled
item_unit	item:t19-l-cr5	set-19	5	L-001	mcq	object:t19-l-cr5	draft	legacy_unverified	pending_T05	handled
section	section:set-19:part-6	set-19	6	L-002	MockSection	set:set-19	draft	legacy_unverified	pending_T05	handled
stimulus	stimulus:set-19:part-6:audio	set-19	6	L-002	section_audio_with_transcript_candidate	section:set-19:part-6	draft	legacy_unverified	pending_T05	handled
question_object	object:t19-l-cv1	set-19	6	L-002	mcq	section:set-19:part-6	draft	legacy_unverified	pending_T05	handled
item_unit	item:t19-l-cv1	set-19	6	L-002	mcq	object:t19-l-cv1	draft	legacy_unverified	pending_T05	handled
question_object	object:t19-l-cv2	set-19	6	L-002	mcq	section:set-19:part-6	draft	legacy_unverified	pending_T05	handled
item_unit	item:t19-l-cv2	set-19	6	L-002	mcq	object:t19-l-cv2	draft	legacy_unverified	pending_T05	handled
question_object	object:t19-l-cv3	set-19	6	L-002	mcq	section:set-19:part-6	draft	legacy_unverified	pending_T05	handled
item_unit	item:t19-l-cv3	set-19	6	L-002	mcq	object:t19-l-cv3	draft	legacy_unverified	pending_T05	handled
question_object	object:t19-l-cv4	set-19	6	L-002	mcq	section:set-19:part-6	draft	legacy_unverified	pending_T05	handled
item_unit	item:t19-l-cv4	set-19	6	L-002	mcq	object:t19-l-cv4	draft	legacy_unverified	pending_T05	handled
section	section:set-19:part-7	set-19	7	L-003	MockSection	set:set-19	draft	legacy_unverified	pending_T05	handled
stimulus	stimulus:set-19:part-7:audio	set-19	7	L-003	section_audio_with_transcript_candidate	section:set-19:part-7	draft	legacy_unverified	pending_T05	handled
question_object	object:t19-l-an1	set-19	7	L-003	mcq	section:set-19:part-7	draft	legacy_unverified	pending_T05	handled
item_unit	item:t19-l-an1	set-19	7	L-003	mcq	object:t19-l-an1	draft	legacy_unverified	pending_T05	handled
question_object	object:t19-l-an2	set-19	7	L-003	mcq	section:set-19:part-7	draft	legacy_unverified	pending_T05	handled
item_unit	item:t19-l-an2	set-19	7	L-003	mcq	object:t19-l-an2	draft	legacy_unverified	pending_T05	handled
question_object	object:t19-l-an3	set-19	7	L-003	mcq	section:set-19:part-7	draft	legacy_unverified	pending_T05	handled
item_unit	item:t19-l-an3	set-19	7	L-003	mcq	object:t19-l-an3	draft	legacy_unverified	pending_T05	handled
section	section:set-19:part-8	set-19	8	L-004	MockSection	set:set-19	draft	legacy_unverified	pending_T05	handled
stimulus	stimulus:set-19:part-8:audio	set-19	8	L-004	section_audio_with_transcript_candidate	section:set-19:part-8	draft	legacy_unverified	pending_T05	handled
question_object	object:t19-l-at1	set-19	8	L-004	mcq	section:set-19:part-8	draft	legacy_unverified	pending_T05	handled
item_unit	item:t19-l-at1	set-19	8	L-004	mcq	object:t19-l-at1	draft	legacy_unverified	pending_T05	handled
question_object	object:t19-l-at2	set-19	8	L-004	mcq	section:set-19:part-8	draft	legacy_unverified	pending_T05	handled
item_unit	item:t19-l-at2	set-19	8	L-004	mcq	object:t19-l-at2	draft	legacy_unverified	pending_T05	handled
question_object	object:t19-l-at3	set-19	8	L-004	mcq	section:set-19:part-8	draft	legacy_unverified	pending_T05	handled
item_unit	item:t19-l-at3	set-19	8	L-004	mcq	object:t19-l-at3	draft	legacy_unverified	pending_T05	handled
question_object	object:t19-l-at4	set-19	8	L-004	mcq	section:set-19:part-8	draft	legacy_unverified	pending_T05	handled
item_unit	item:t19-l-at4	set-19	8	L-004	mcq	object:t19-l-at4	draft	legacy_unverified	pending_T05	handled
question_object	object:t19-l-at5	set-19	8	L-004	mcq	section:set-19:part-8	draft	legacy_unverified	pending_T05	handled
item_unit	item:t19-l-at5	set-19	8	L-004	mcq	object:t19-l-at5	draft	legacy_unverified	pending_T05	handled
section	section:set-19:part-9	set-19	9	W-001+W-004	MockSection	set:set-19	draft	legacy_unverified	pending_T05	handled
question_object	object:t19-w-bs1	set-19	9	W-001+W-004	sentencebuild	section:set-19:part-9	draft	legacy_unverified	pending_T05	handled
item_unit	item:t19-w-bs1	set-19	9	W-001+W-004	sentencebuild	object:t19-w-bs1	draft	legacy_unverified	pending_T05	handled
question_object	object:t19-w-bs2	set-19	9	W-001+W-004	sentencebuild	section:set-19:part-9	draft	legacy_unverified	pending_T05	handled
item_unit	item:t19-w-bs2	set-19	9	W-001+W-004	sentencebuild	object:t19-w-bs2	draft	legacy_unverified	pending_T05	handled
question_object	object:t19-w-bs3	set-19	9	W-001+W-004	sentencebuild	section:set-19:part-9	draft	legacy_unverified	pending_T05	handled
item_unit	item:t19-w-bs3	set-19	9	W-001+W-004	sentencebuild	object:t19-w-bs3	draft	legacy_unverified	pending_T05	handled
question_object	object:t19-w-bs4	set-19	9	W-001+W-004	sentencebuild	section:set-19:part-9	draft	legacy_unverified	pending_T05	handled
item_unit	item:t19-w-bs4	set-19	9	W-001+W-004	sentencebuild	object:t19-w-bs4	draft	legacy_unverified	pending_T05	handled
question_object	object:t19-w-bs5	set-19	9	W-001+W-004	sentencebuild	section:set-19:part-9	draft	legacy_unverified	pending_T05	handled
item_unit	item:t19-w-bs5	set-19	9	W-001+W-004	sentencebuild	object:t19-w-bs5	draft	legacy_unverified	pending_T05	handled
question_object	object:t19-w-bs6	set-19	9	W-001+W-004	sentencebuild	section:set-19:part-9	draft	legacy_unverified	pending_T05	handled
item_unit	item:t19-w-bs6	set-19	9	W-001+W-004	sentencebuild	object:t19-w-bs6	draft	legacy_unverified	pending_T05	handled
section	section:set-19:part-10	set-19	10	W-002	MockSection	set:set-19	draft	legacy_unverified	pending_T05	handled
question_object	object:t19-w-email	set-19	10	W-002	write	section:set-19:part-10	draft	legacy_unverified	pending_T05	handled
stimulus	stimulus:t19-w-email:writing	set-19	10	W-002	writing_stimulus	object:t19-w-email	draft	legacy_unverified	pending_T05	handled
item_unit	item:t19-w-email	set-19	10	W-002	write	object:t19-w-email	draft	legacy_unverified	pending_T05	handled
section	section:set-19:part-11	set-19	11	W-003	MockSection	set:set-19	draft	legacy_unverified	pending_T05	handled
question_object	object:t19-w-disc	set-19	11	W-003	write	section:set-19:part-11	draft	legacy_unverified	pending_T05	handled
stimulus	stimulus:t19-w-disc:writing	set-19	11	W-003	writing_stimulus	object:t19-w-disc	draft	legacy_unverified	pending_T05	handled
item_unit	item:t19-w-disc	set-19	11	W-003	write	object:t19-w-disc	draft	legacy_unverified	pending_T05	handled
section	section:set-19:part-12	set-19	12	S-001	MockSection	set:set-19	draft	legacy_unverified	pending_T05	handled
question_object	object:t19-s-rp1	set-19	12	S-001	repeat	section:set-19:part-12	draft	legacy_unverified	pending_T05	handled
stimulus	stimulus:t19-s-rp1:audio	set-19	12	S-001	repeat_audio_with_script_candidate	object:t19-s-rp1	draft	legacy_unverified	pending_T05	handled
item_unit	item:t19-s-rp1	set-19	12	S-001	repeat	object:t19-s-rp1	draft	legacy_unverified	pending_T05	handled
question_object	object:t19-s-rp2	set-19	12	S-001	repeat	section:set-19:part-12	draft	legacy_unverified	pending_T05	handled
stimulus	stimulus:t19-s-rp2:audio	set-19	12	S-001	repeat_audio_with_script_candidate	object:t19-s-rp2	draft	legacy_unverified	pending_T05	handled
item_unit	item:t19-s-rp2	set-19	12	S-001	repeat	object:t19-s-rp2	draft	legacy_unverified	pending_T05	handled
question_object	object:t19-s-rp3	set-19	12	S-001	repeat	section:set-19:part-12	draft	legacy_unverified	pending_T05	handled
stimulus	stimulus:t19-s-rp3:audio	set-19	12	S-001	repeat_audio_with_script_candidate	object:t19-s-rp3	draft	legacy_unverified	pending_T05	handled
item_unit	item:t19-s-rp3	set-19	12	S-001	repeat	object:t19-s-rp3	draft	legacy_unverified	pending_T05	handled
question_object	object:t19-s-rp4	set-19	12	S-001	repeat	section:set-19:part-12	draft	legacy_unverified	pending_T05	handled
stimulus	stimulus:t19-s-rp4:audio	set-19	12	S-001	repeat_audio_with_script_candidate	object:t19-s-rp4	draft	legacy_unverified	pending_T05	handled
item_unit	item:t19-s-rp4	set-19	12	S-001	repeat	object:t19-s-rp4	draft	legacy_unverified	pending_T05	handled
question_object	object:t19-s-rp5	set-19	12	S-001	repeat	section:set-19:part-12	draft	legacy_unverified	pending_T05	handled
stimulus	stimulus:t19-s-rp5:audio	set-19	12	S-001	repeat_audio_with_script_candidate	object:t19-s-rp5	draft	legacy_unverified	pending_T05	handled
item_unit	item:t19-s-rp5	set-19	12	S-001	repeat	object:t19-s-rp5	draft	legacy_unverified	pending_T05	handled
section	section:set-19:part-13	set-19	13	S-002	MockSection	set:set-19	draft	legacy_unverified	pending_T05	handled
question_object	object:t19-s-iv1	set-19	13	S-002	speak	section:set-19:part-13	draft	legacy_unverified	pending_T05	handled
stimulus	stimulus:t19-s-iv1:interview	set-19	13	S-002	interview_text_prompt	object:t19-s-iv1	draft	legacy_unverified	pending_T05	handled
item_unit	item:t19-s-iv1	set-19	13	S-002	speak	object:t19-s-iv1	draft	legacy_unverified	pending_T05	handled
question_object	object:t19-s-iv2	set-19	13	S-002	speak	section:set-19:part-13	draft	legacy_unverified	pending_T05	handled
stimulus	stimulus:t19-s-iv2:interview	set-19	13	S-002	interview_text_prompt	object:t19-s-iv2	draft	legacy_unverified	pending_T05	handled
item_unit	item:t19-s-iv2	set-19	13	S-002	speak	object:t19-s-iv2	draft	legacy_unverified	pending_T05	handled
question_object	object:t19-s-iv3	set-19	13	S-002	speak	section:set-19:part-13	draft	legacy_unverified	pending_T05	handled
stimulus	stimulus:t19-s-iv3:interview	set-19	13	S-002	interview_text_prompt	object:t19-s-iv3	draft	legacy_unverified	pending_T05	handled
item_unit	item:t19-s-iv3	set-19	13	S-002	speak	object:t19-s-iv3	draft	legacy_unverified	pending_T05	handled
question_object	object:t19-s-iv4	set-19	13	S-002	speak	section:set-19:part-13	draft	legacy_unverified	pending_T05	handled
stimulus	stimulus:t19-s-iv4:interview	set-19	13	S-002	interview_text_prompt	object:t19-s-iv4	draft	legacy_unverified	pending_T05	handled
item_unit	item:t19-s-iv4	set-19	13	S-002	speak	object:t19-s-iv4	draft	legacy_unverified	pending_T05	handled
set	set:set-20	set-20		R-001..S-002	MockExam		draft	audited_with_blockers	pending_T05	mixed
section	section:set-20:part-1	set-20	1	R-001	MockSection	set:set-20	draft	legacy_unverified	pending_T05	handled
question_object	object:t20-r-cw1	set-20	1	R-001	wordcomplete	section:set-20:part-1	draft	legacy_unverified	pending_T05	handled
stimulus	stimulus:t20-r-cw1:template	set-20	1	R-001	wordcomplete_template	object:t20-r-cw1	draft	legacy_unverified	pending_T05	handled
item_unit	item:t20-r-cw1:blank-1	set-20	1	R-001	wordcomplete_blank	object:t20-r-cw1	draft	legacy_unverified	pending_T05	handled
item_unit	item:t20-r-cw1:blank-2	set-20	1	R-001	wordcomplete_blank	object:t20-r-cw1	draft	legacy_unverified	pending_T05	handled
item_unit	item:t20-r-cw1:blank-3	set-20	1	R-001	wordcomplete_blank	object:t20-r-cw1	draft	legacy_unverified	pending_T05	handled
item_unit	item:t20-r-cw1:blank-4	set-20	1	R-001	wordcomplete_blank	object:t20-r-cw1	draft	legacy_unverified	pending_T05	handled
item_unit	item:t20-r-cw1:blank-5	set-20	1	R-001	wordcomplete_blank	object:t20-r-cw1	draft	legacy_unverified	pending_T05	handled
item_unit	item:t20-r-cw1:blank-6	set-20	1	R-001	wordcomplete_blank	object:t20-r-cw1	draft	legacy_unverified	pending_T05	handled
question_object	object:t20-r-cw2	set-20	1	R-001	wordcomplete	section:set-20:part-1	draft	legacy_unverified	pending_T05	handled
stimulus	stimulus:t20-r-cw2:template	set-20	1	R-001	wordcomplete_template	object:t20-r-cw2	draft	legacy_unverified	pending_T05	handled
item_unit	item:t20-r-cw2:blank-1	set-20	1	R-001	wordcomplete_blank	object:t20-r-cw2	draft	legacy_unverified	pending_T05	handled
item_unit	item:t20-r-cw2:blank-2	set-20	1	R-001	wordcomplete_blank	object:t20-r-cw2	draft	legacy_unverified	pending_T05	handled
item_unit	item:t20-r-cw2:blank-3	set-20	1	R-001	wordcomplete_blank	object:t20-r-cw2	draft	legacy_unverified	pending_T05	handled
item_unit	item:t20-r-cw2:blank-4	set-20	1	R-001	wordcomplete_blank	object:t20-r-cw2	draft	legacy_unverified	pending_T05	handled
item_unit	item:t20-r-cw2:blank-5	set-20	1	R-001	wordcomplete_blank	object:t20-r-cw2	draft	legacy_unverified	pending_T05	handled
item_unit	item:t20-r-cw2:blank-6	set-20	1	R-001	wordcomplete_blank	object:t20-r-cw2	draft	legacy_unverified	pending_T05	handled
section	section:set-20:part-2	set-20	2	R-002	MockSection	set:set-20	draft	legacy_unverified	pending_T05	handled
stimulus	stimulus:set-20:part-2:passage	set-20	2	R-002	section_passage	section:set-20:part-2	draft	legacy_unverified	pending_T05	handled
question_object	object:t20-r-dl1	set-20	2	R-002	mcq	section:set-20:part-2	draft	legacy_unverified	pending_T05	handled
item_unit	item:t20-r-dl1	set-20	2	R-002	mcq	object:t20-r-dl1	draft	legacy_unverified	pending_T05	handled
question_object	object:t20-r-dl2	set-20	2	R-002	mcq	section:set-20:part-2	draft	legacy_unverified	pending_T05	handled
item_unit	item:t20-r-dl2	set-20	2	R-002	mcq	object:t20-r-dl2	draft	legacy_unverified	pending_T05	handled
question_object	object:t20-r-dl3	set-20	2	R-002	mcq	section:set-20:part-2	draft	legacy_unverified	pending_T05	handled
item_unit	item:t20-r-dl3	set-20	2	R-002	mcq	object:t20-r-dl3	draft	legacy_unverified	pending_T05	handled
section	section:set-20:part-3	set-20	3	R-002	MockSection	set:set-20	draft	legacy_unverified	pending_T05	handled
stimulus	stimulus:set-20:part-3:passage	set-20	3	R-002	section_passage	section:set-20:part-3	draft	legacy_unverified	pending_T05	handled
question_object	object:t20-r-dl4	set-20	3	R-002	mcq	section:set-20:part-3	draft	legacy_unverified	pending_T05	handled
item_unit	item:t20-r-dl4	set-20	3	R-002	mcq	object:t20-r-dl4	draft	legacy_unverified	pending_T05	handled
question_object	object:t20-r-dl5	set-20	3	R-002	mcq	section:set-20:part-3	draft	legacy_unverified	pending_T05	handled
item_unit	item:t20-r-dl5	set-20	3	R-002	mcq	object:t20-r-dl5	draft	legacy_unverified	pending_T05	handled
section	section:set-20:part-4	set-20	4	R-003	MockSection	set:set-20	draft	legacy_unverified	pending_T05	mixed
stimulus	stimulus:set-20:part-4:passage	set-20	4	R-003	section_passage	section:set-20:part-4	draft	legacy_unverified	pending_T05	handled
question_object	object:t20-r-ap1	set-20	4	R-003	mcq	section:set-20:part-4	draft	legacy_unverified	pending_T05	handled
item_unit	item:t20-r-ap1	set-20	4	R-003	mcq	object:t20-r-ap1	draft	legacy_unverified	pending_T05	handled
question_object	object:t20-r-ap2	set-20	4	R-003	mcq	section:set-20:part-4	draft	legacy_unverified	pending_T05	handled
item_unit	item:t20-r-ap2	set-20	4	R-003	mcq	object:t20-r-ap2	draft	legacy_unverified	pending_T05	handled
question_object	object:t20-r-ap3	set-20	4	R-003	mcq	section:set-20:part-4	draft	legacy_unverified	pending_T05	handled
item_unit	item:t20-r-ap3	set-20	4	R-003	mcq	object:t20-r-ap3	draft	legacy_unverified	pending_T05	handled
question_object	object:t20-r-ap4	set-20	4	R-003	mcq	section:set-20:part-4	draft	legacy_unverified	pending_T05	handled
item_unit	item:t20-r-ap4	set-20	4	R-003	mcq	object:t20-r-ap4	draft	legacy_unverified	pending_T05	handled
question_object	object:t20-r-ap5	set-20	4	R-003	mcq	section:set-20:part-4	draft	legacy_unverified	pending_T05	handled
item_unit	item:t20-r-ap5	set-20	4	R-003	mcq	object:t20-r-ap5	draft	legacy_unverified	pending_T05	handled
question_object	object:t20-r-ap6	set-20	4	R-003	multiselect	section:set-20:part-4	draft	legacy_unverified	pending_T05	unhandled
item_unit	item:t20-r-ap6	set-20	4	R-003	multiselect	object:t20-r-ap6	draft	legacy_unverified	pending_T05	unhandled
section	section:set-20:part-5	set-20	5	L-001	MockSection	set:set-20	draft	legacy_unverified	pending_T05	handled
question_object	object:t20-l-cr1	set-20	5	L-001	mcq	section:set-20:part-5	draft	legacy_unverified	pending_T05	handled
stimulus	stimulus:t20-l-cr1:audio	set-20	5	L-001	question_audio_without_transcript	object:t20-l-cr1	draft	legacy_unverified	pending_T05	handled
item_unit	item:t20-l-cr1	set-20	5	L-001	mcq	object:t20-l-cr1	draft	legacy_unverified	pending_T05	handled
question_object	object:t20-l-cr2	set-20	5	L-001	mcq	section:set-20:part-5	draft	legacy_unverified	pending_T05	handled
stimulus	stimulus:t20-l-cr2:audio	set-20	5	L-001	question_audio_without_transcript	object:t20-l-cr2	draft	legacy_unverified	pending_T05	handled
item_unit	item:t20-l-cr2	set-20	5	L-001	mcq	object:t20-l-cr2	draft	legacy_unverified	pending_T05	handled
question_object	object:t20-l-cr3	set-20	5	L-001	mcq	section:set-20:part-5	draft	legacy_unverified	pending_T05	handled
stimulus	stimulus:t20-l-cr3:audio	set-20	5	L-001	question_audio_without_transcript	object:t20-l-cr3	draft	legacy_unverified	pending_T05	handled
item_unit	item:t20-l-cr3	set-20	5	L-001	mcq	object:t20-l-cr3	draft	legacy_unverified	pending_T05	handled
question_object	object:t20-l-cr4	set-20	5	L-001	mcq	section:set-20:part-5	draft	legacy_unverified	pending_T05	handled
stimulus	stimulus:t20-l-cr4:audio	set-20	5	L-001	question_audio_without_transcript	object:t20-l-cr4	draft	legacy_unverified	pending_T05	handled
item_unit	item:t20-l-cr4	set-20	5	L-001	mcq	object:t20-l-cr4	draft	legacy_unverified	pending_T05	handled
question_object	object:t20-l-cr5	set-20	5	L-001	mcq	section:set-20:part-5	draft	legacy_unverified	pending_T05	handled
stimulus	stimulus:t20-l-cr5:audio	set-20	5	L-001	question_audio_without_transcript	object:t20-l-cr5	draft	legacy_unverified	pending_T05	handled
item_unit	item:t20-l-cr5	set-20	5	L-001	mcq	object:t20-l-cr5	draft	legacy_unverified	pending_T05	handled
section	section:set-20:part-6	set-20	6	L-002	MockSection	set:set-20	draft	legacy_unverified	pending_T05	handled
stimulus	stimulus:set-20:part-6:audio	set-20	6	L-002	section_audio_with_transcript_candidate	section:set-20:part-6	draft	legacy_unverified	pending_T05	handled
question_object	object:t20-l-cv1	set-20	6	L-002	mcq	section:set-20:part-6	draft	legacy_unverified	pending_T05	handled
item_unit	item:t20-l-cv1	set-20	6	L-002	mcq	object:t20-l-cv1	draft	legacy_unverified	pending_T05	handled
question_object	object:t20-l-cv2	set-20	6	L-002	mcq	section:set-20:part-6	draft	legacy_unverified	pending_T05	handled
item_unit	item:t20-l-cv2	set-20	6	L-002	mcq	object:t20-l-cv2	draft	legacy_unverified	pending_T05	handled
question_object	object:t20-l-cv3	set-20	6	L-002	mcq	section:set-20:part-6	draft	legacy_unverified	pending_T05	handled
item_unit	item:t20-l-cv3	set-20	6	L-002	mcq	object:t20-l-cv3	draft	legacy_unverified	pending_T05	handled
question_object	object:t20-l-cv4	set-20	6	L-002	mcq	section:set-20:part-6	draft	legacy_unverified	pending_T05	handled
item_unit	item:t20-l-cv4	set-20	6	L-002	mcq	object:t20-l-cv4	draft	legacy_unverified	pending_T05	handled
section	section:set-20:part-7	set-20	7	L-003	MockSection	set:set-20	draft	legacy_unverified	pending_T05	handled
stimulus	stimulus:set-20:part-7:audio	set-20	7	L-003	section_audio_with_transcript_candidate	section:set-20:part-7	draft	legacy_unverified	pending_T05	handled
question_object	object:t20-l-an1	set-20	7	L-003	mcq	section:set-20:part-7	draft	legacy_unverified	pending_T05	handled
item_unit	item:t20-l-an1	set-20	7	L-003	mcq	object:t20-l-an1	draft	legacy_unverified	pending_T05	handled
question_object	object:t20-l-an2	set-20	7	L-003	mcq	section:set-20:part-7	draft	legacy_unverified	pending_T05	handled
item_unit	item:t20-l-an2	set-20	7	L-003	mcq	object:t20-l-an2	draft	legacy_unverified	pending_T05	handled
question_object	object:t20-l-an3	set-20	7	L-003	mcq	section:set-20:part-7	draft	legacy_unverified	pending_T05	handled
item_unit	item:t20-l-an3	set-20	7	L-003	mcq	object:t20-l-an3	draft	legacy_unverified	pending_T05	handled
section	section:set-20:part-8	set-20	8	L-004	MockSection	set:set-20	draft	legacy_unverified	pending_T05	handled
stimulus	stimulus:set-20:part-8:audio	set-20	8	L-004	section_audio_with_transcript_candidate	section:set-20:part-8	draft	legacy_unverified	pending_T05	handled
question_object	object:t20-l-at1	set-20	8	L-004	mcq	section:set-20:part-8	draft	legacy_unverified	pending_T05	handled
item_unit	item:t20-l-at1	set-20	8	L-004	mcq	object:t20-l-at1	draft	legacy_unverified	pending_T05	handled
question_object	object:t20-l-at2	set-20	8	L-004	mcq	section:set-20:part-8	draft	legacy_unverified	pending_T05	handled
item_unit	item:t20-l-at2	set-20	8	L-004	mcq	object:t20-l-at2	draft	legacy_unverified	pending_T05	handled
question_object	object:t20-l-at3	set-20	8	L-004	mcq	section:set-20:part-8	draft	legacy_unverified	pending_T05	handled
item_unit	item:t20-l-at3	set-20	8	L-004	mcq	object:t20-l-at3	draft	legacy_unverified	pending_T05	handled
question_object	object:t20-l-at4	set-20	8	L-004	mcq	section:set-20:part-8	draft	legacy_unverified	pending_T05	handled
item_unit	item:t20-l-at4	set-20	8	L-004	mcq	object:t20-l-at4	draft	legacy_unverified	pending_T05	handled
question_object	object:t20-l-at5	set-20	8	L-004	mcq	section:set-20:part-8	draft	legacy_unverified	pending_T05	handled
item_unit	item:t20-l-at5	set-20	8	L-004	mcq	object:t20-l-at5	draft	legacy_unverified	pending_T05	handled
section	section:set-20:part-9	set-20	9	W-001+W-004	MockSection	set:set-20	draft	legacy_unverified	pending_T05	handled
question_object	object:t20-w-bs1	set-20	9	W-001+W-004	sentencebuild	section:set-20:part-9	draft	legacy_unverified	pending_T05	handled
item_unit	item:t20-w-bs1	set-20	9	W-001+W-004	sentencebuild	object:t20-w-bs1	draft	legacy_unverified	pending_T05	handled
question_object	object:t20-w-bs2	set-20	9	W-001+W-004	sentencebuild	section:set-20:part-9	draft	legacy_unverified	pending_T05	handled
item_unit	item:t20-w-bs2	set-20	9	W-001+W-004	sentencebuild	object:t20-w-bs2	draft	legacy_unverified	pending_T05	handled
question_object	object:t20-w-bs3	set-20	9	W-001+W-004	sentencebuild	section:set-20:part-9	draft	legacy_unverified	pending_T05	handled
item_unit	item:t20-w-bs3	set-20	9	W-001+W-004	sentencebuild	object:t20-w-bs3	draft	legacy_unverified	pending_T05	handled
question_object	object:t20-w-bs4	set-20	9	W-001+W-004	sentencebuild	section:set-20:part-9	draft	legacy_unverified	pending_T05	handled
item_unit	item:t20-w-bs4	set-20	9	W-001+W-004	sentencebuild	object:t20-w-bs4	draft	legacy_unverified	pending_T05	handled
question_object	object:t20-w-bs5	set-20	9	W-001+W-004	sentencebuild	section:set-20:part-9	draft	legacy_unverified	pending_T05	handled
item_unit	item:t20-w-bs5	set-20	9	W-001+W-004	sentencebuild	object:t20-w-bs5	draft	legacy_unverified	pending_T05	handled
question_object	object:t20-w-bs6	set-20	9	W-001+W-004	sentencebuild	section:set-20:part-9	draft	legacy_unverified	pending_T05	handled
item_unit	item:t20-w-bs6	set-20	9	W-001+W-004	sentencebuild	object:t20-w-bs6	draft	legacy_unverified	pending_T05	handled
section	section:set-20:part-10	set-20	10	W-002	MockSection	set:set-20	draft	legacy_unverified	pending_T05	handled
question_object	object:t20-w-email	set-20	10	W-002	write	section:set-20:part-10	draft	legacy_unverified	pending_T05	handled
stimulus	stimulus:t20-w-email:writing	set-20	10	W-002	writing_stimulus	object:t20-w-email	draft	legacy_unverified	pending_T05	handled
item_unit	item:t20-w-email	set-20	10	W-002	write	object:t20-w-email	draft	legacy_unverified	pending_T05	handled
section	section:set-20:part-11	set-20	11	W-003	MockSection	set:set-20	draft	legacy_unverified	pending_T05	handled
question_object	object:t20-w-disc	set-20	11	W-003	write	section:set-20:part-11	draft	legacy_unverified	pending_T05	handled
stimulus	stimulus:t20-w-disc:writing	set-20	11	W-003	writing_stimulus	object:t20-w-disc	draft	legacy_unverified	pending_T05	handled
item_unit	item:t20-w-disc	set-20	11	W-003	write	object:t20-w-disc	draft	legacy_unverified	pending_T05	handled
section	section:set-20:part-12	set-20	12	S-001	MockSection	set:set-20	draft	legacy_unverified	pending_T05	handled
question_object	object:t20-s-rp1	set-20	12	S-001	repeat	section:set-20:part-12	draft	legacy_unverified	pending_T05	handled
stimulus	stimulus:t20-s-rp1:audio	set-20	12	S-001	repeat_audio_with_script_candidate	object:t20-s-rp1	draft	legacy_unverified	pending_T05	handled
item_unit	item:t20-s-rp1	set-20	12	S-001	repeat	object:t20-s-rp1	draft	legacy_unverified	pending_T05	handled
question_object	object:t20-s-rp2	set-20	12	S-001	repeat	section:set-20:part-12	draft	legacy_unverified	pending_T05	handled
stimulus	stimulus:t20-s-rp2:audio	set-20	12	S-001	repeat_audio_with_script_candidate	object:t20-s-rp2	draft	legacy_unverified	pending_T05	handled
item_unit	item:t20-s-rp2	set-20	12	S-001	repeat	object:t20-s-rp2	draft	legacy_unverified	pending_T05	handled
question_object	object:t20-s-rp3	set-20	12	S-001	repeat	section:set-20:part-12	draft	legacy_unverified	pending_T05	handled
stimulus	stimulus:t20-s-rp3:audio	set-20	12	S-001	repeat_audio_with_script_candidate	object:t20-s-rp3	draft	legacy_unverified	pending_T05	handled
item_unit	item:t20-s-rp3	set-20	12	S-001	repeat	object:t20-s-rp3	draft	legacy_unverified	pending_T05	handled
question_object	object:t20-s-rp4	set-20	12	S-001	repeat	section:set-20:part-12	draft	legacy_unverified	pending_T05	handled
stimulus	stimulus:t20-s-rp4:audio	set-20	12	S-001	repeat_audio_with_script_candidate	object:t20-s-rp4	draft	legacy_unverified	pending_T05	handled
item_unit	item:t20-s-rp4	set-20	12	S-001	repeat	object:t20-s-rp4	draft	legacy_unverified	pending_T05	handled
question_object	object:t20-s-rp5	set-20	12	S-001	repeat	section:set-20:part-12	draft	legacy_unverified	pending_T05	handled
stimulus	stimulus:t20-s-rp5:audio	set-20	12	S-001	repeat_audio_with_script_candidate	object:t20-s-rp5	draft	legacy_unverified	pending_T05	handled
item_unit	item:t20-s-rp5	set-20	12	S-001	repeat	object:t20-s-rp5	draft	legacy_unverified	pending_T05	handled
section	section:set-20:part-13	set-20	13	S-002	MockSection	set:set-20	draft	legacy_unverified	pending_T05	handled
question_object	object:t20-s-iv1	set-20	13	S-002	speak	section:set-20:part-13	draft	legacy_unverified	pending_T05	handled
stimulus	stimulus:t20-s-iv1:interview	set-20	13	S-002	interview_text_prompt	object:t20-s-iv1	draft	legacy_unverified	pending_T05	handled
item_unit	item:t20-s-iv1	set-20	13	S-002	speak	object:t20-s-iv1	draft	legacy_unverified	pending_T05	handled
question_object	object:t20-s-iv2	set-20	13	S-002	speak	section:set-20:part-13	draft	legacy_unverified	pending_T05	handled
stimulus	stimulus:t20-s-iv2:interview	set-20	13	S-002	interview_text_prompt	object:t20-s-iv2	draft	legacy_unverified	pending_T05	handled
item_unit	item:t20-s-iv2	set-20	13	S-002	speak	object:t20-s-iv2	draft	legacy_unverified	pending_T05	handled
question_object	object:t20-s-iv3	set-20	13	S-002	speak	section:set-20:part-13	draft	legacy_unverified	pending_T05	handled
stimulus	stimulus:t20-s-iv3:interview	set-20	13	S-002	interview_text_prompt	object:t20-s-iv3	draft	legacy_unverified	pending_T05	handled
item_unit	item:t20-s-iv3	set-20	13	S-002	speak	object:t20-s-iv3	draft	legacy_unverified	pending_T05	handled
question_object	object:t20-s-iv4	set-20	13	S-002	speak	section:set-20:part-13	draft	legacy_unverified	pending_T05	handled
stimulus	stimulus:t20-s-iv4:interview	set-20	13	S-002	interview_text_prompt	object:t20-s-iv4	draft	legacy_unverified	pending_T05	handled
item_unit	item:t20-s-iv4	set-20	13	S-002	speak	object:t20-s-iv4	draft	legacy_unverified	pending_T05	handled
