# audit_id	toefl-2026-editorial-audit
# audit_version	2026-08-09.v1
# classification_scope	editorial_initial_action_not_release_approval
# source_inventory	docs/toefl-2026-editorial-inventory-2026-08-09.tsv
# source_inventory_sha256	fbeb7d5d7580f12accc526266e11f46e598d7c1d4010c331b8323af96dbd69e6
# row_granularity	item_unit
# release_default	blocked_not_validated
# source_scope	src/data/mocks/toefl-set-{1..20}.ts
item_id	object_id	set_id	part	task_rule	task_type	source_type	reuse_class	primary_action	item_severity	finding_ids	renderer_status	audio_status	runtime_dependency	rights_status	editorial_status	expert_status	release_status	source_file	reviewer	reviewed_at
item:t1-r-cw1:blank-1	object:t1-r-cw1	set-1	1	R-001	Complete the Words	wordcomplete_blank	B	repair_before_pilot	high	GOV-001;R001-001	handled	not_applicable	T09/T12	not_recorded_pending_rights_review	initial_audit_complete_with_findings	pending_independent_adjudication	blocked_not_validated	src/data/mocks/toefl-set-1.ts	Codex_initial_editorial_audit	2026-08-09
item:t1-r-cw1:blank-2	object:t1-r-cw1	set-1	1	R-001	Complete the Words	wordcomplete_blank	B	repair_before_pilot	high	GOV-001;R001-001	handled	not_applicable	T09/T12	not_recorded_pending_rights_review	initial_audit_complete_with_findings	pending_independent_adjudication	blocked_not_validated	src/data/mocks/toefl-set-1.ts	Codex_initial_editorial_audit	2026-08-09
item:t1-r-cw1:blank-3	object:t1-r-cw1	set-1	1	R-001	Complete the Words	wordcomplete_blank	B	repair_before_pilot	high	GOV-001;R001-001	handled	not_applicable	T09/T12	not_recorded_pending_rights_review	initial_audit_complete_with_findings	pending_independent_adjudication	blocked_not_validated	src/data/mocks/toefl-set-1.ts	Codex_initial_editorial_audit	2026-08-09
item:t1-r-cw1:blank-4	object:t1-r-cw1	set-1	1	R-001	Complete the Words	wordcomplete_blank	B	repair_before_pilot	high	GOV-001;R001-001	handled	not_applicable	T09/T12	not_recorded_pending_rights_review	initial_audit_complete_with_findings	pending_independent_adjudication	blocked_not_validated	src/data/mocks/toefl-set-1.ts	Codex_initial_editorial_audit	2026-08-09
item:t1-r-cw1:blank-5	object:t1-r-cw1	set-1	1	R-001	Complete the Words	wordcomplete_blank	B	repair_before_pilot	high	GOV-001;R001-001	handled	not_applicable	T09/T12	not_recorded_pending_rights_review	initial_audit_complete_with_findings	pending_independent_adjudication	blocked_not_validated	src/data/mocks/toefl-set-1.ts	Codex_initial_editorial_audit	2026-08-09
item:t1-r-cw1:blank-6	object:t1-r-cw1	set-1	1	R-001	Complete the Words	wordcomplete_blank	B	repair_before_pilot	high	GOV-001;R001-001	handled	not_applicable	T09/T12	not_recorded_pending_rights_review	initial_audit_complete_with_findings	pending_independent_adjudication	blocked_not_validated	src/data/mocks/toefl-set-1.ts	Codex_initial_editorial_audit	2026-08-09
item:t1-r-cw2:blank-1	object:t1-r-cw2	set-1	1	R-001	Complete the Words	wordcomplete_blank	B	repair_before_pilot	high	GOV-001;R001-001	handled	not_applicable	T09/T12	not_recorded_pending_rights_review	initial_audit_complete_with_findings	pending_independent_adjudication	blocked_not_validated	src/data/mocks/toefl-set-1.ts	Codex_initial_editorial_audit	2026-08-09
item:t1-r-cw2:blank-2	object:t1-r-cw2	set-1	1	R-001	Complete the Words	wordcomplete_blank	B	repair_before_pilot	high	GOV-001;R001-001	handled	not_applicable	T09/T12	not_recorded_pending_rights_review	initial_audit_complete_with_findings	pending_independent_adjudication	blocked_not_validated	src/data/mocks/toefl-set-1.ts	Codex_initial_editorial_audit	2026-08-09
item:t1-r-cw2:blank-3	object:t1-r-cw2	set-1	1	R-001	Complete the Words	wordcomplete_blank	B	repair_before_pilot	high	GOV-001;R001-001	handled	not_applicable	T09/T12	not_recorded_pending_rights_review	initial_audit_complete_with_findings	pending_independent_adjudication	blocked_not_validated	src/data/mocks/toefl-set-1.ts	Codex_initial_editorial_audit	2026-08-09
item:t1-r-cw2:blank-4	object:t1-r-cw2	set-1	1	R-001	Complete the Words	wordcomplete_blank	B	repair_before_pilot	high	GOV-001;R001-001	handled	not_applicable	T09/T12	not_recorded_pending_rights_review	initial_audit_complete_with_findings	pending_independent_adjudication	blocked_not_validated	src/data/mocks/toefl-set-1.ts	Codex_initial_editorial_audit	2026-08-09
item:t1-r-cw2:blank-5	object:t1-r-cw2	set-1	1	R-001	Complete the Words	wordcomplete_blank	B	repair_before_pilot	high	GOV-001;R001-001	handled	not_applicable	T09/T12	not_recorded_pending_rights_review	initial_audit_complete_with_findings	pending_independent_adjudication	blocked_not_validated	src/data/mocks/toefl-set-1.ts	Codex_initial_editorial_audit	2026-08-09
item:t1-r-cw2:blank-6	object:t1-r-cw2	set-1	1	R-001	Complete the Words	wordcomplete_blank	B	repair_before_pilot	high	GOV-001;R001-001	handled	not_applicable	T09/T12	not_recorded_pending_rights_review	initial_audit_complete_with_findings	pending_independent_adjudication	blocked_not_validated	src/data/mocks/toefl-set-1.ts	Codex_initial_editorial_audit	2026-08-09
item:t1-r-dl1	object:t1-r-dl1	set-1	2	R-002	Read in Daily Life	mcq	B	repair_before_pilot	high	GOV-001;ED-002	handled	not_applicable	T09/T13	not_recorded_pending_rights_review	initial_audit_complete_with_findings	pending_independent_adjudication	blocked_not_validated	src/data/mocks/toefl-set-1.ts	Codex_initial_editorial_audit	2026-08-09
item:t1-r-dl2	object:t1-r-dl2	set-1	2	R-002	Read in Daily Life	mcq	B	repair_before_pilot	high	GOV-001;ED-002	handled	not_applicable	T09/T13	not_recorded_pending_rights_review	initial_audit_complete_with_findings	pending_independent_adjudication	blocked_not_validated	src/data/mocks/toefl-set-1.ts	Codex_initial_editorial_audit	2026-08-09
item:t1-r-dl3	object:t1-r-dl3	set-1	2	R-002	Read in Daily Life	mcq	B	repair_before_pilot	high	GOV-001;ED-002	handled	not_applicable	T09/T13	not_recorded_pending_rights_review	initial_audit_complete_with_findings	pending_independent_adjudication	blocked_not_validated	src/data/mocks/toefl-set-1.ts	Codex_initial_editorial_audit	2026-08-09
item:t1-r-dl4	object:t1-r-dl4	set-1	3	R-003	Read in Daily Life	mcq	B	repair_before_pilot	high	GOV-001;ED-002	handled	not_applicable	T09/T13	not_recorded_pending_rights_review	initial_audit_complete_with_findings	pending_independent_adjudication	blocked_not_validated	src/data/mocks/toefl-set-1.ts	Codex_initial_editorial_audit	2026-08-09
item:t1-r-dl5	object:t1-r-dl5	set-1	3	R-003	Read in Daily Life	mcq	A	conserve_editorial_candidate	none	GOV-001	handled	not_applicable	T09/T13	not_recorded_pending_rights_review	initial_audit_complete_with_findings	pending_independent_adjudication	blocked_not_validated	src/data/mocks/toefl-set-1.ts	Codex_initial_editorial_audit	2026-08-09
item:t1-r-ap1	object:t1-r-ap1	set-1	4	R-004	Read an Academic Passage	mcq	C	derive_or_segment_preserving_original	high	GOV-001;ED-002;R003-001	handled	not_applicable	T09/T13	not_recorded_pending_rights_review	initial_audit_complete_with_findings	pending_independent_adjudication	blocked_not_validated	src/data/mocks/toefl-set-1.ts	Codex_initial_editorial_audit	2026-08-09
item:t1-r-ap2	object:t1-r-ap2	set-1	4	R-004	Read an Academic Passage	mcq	C	derive_or_segment_preserving_original	high	GOV-001;ED-002;R003-001	handled	not_applicable	T09/T13	not_recorded_pending_rights_review	initial_audit_complete_with_findings	pending_independent_adjudication	blocked_not_validated	src/data/mocks/toefl-set-1.ts	Codex_initial_editorial_audit	2026-08-09
item:t1-r-ap3	object:t1-r-ap3	set-1	4	R-004	Read an Academic Passage	mcq	C	derive_or_segment_preserving_original	high	GOV-001;ED-002;R003-001	handled	not_applicable	T09/T13	not_recorded_pending_rights_review	initial_audit_complete_with_findings	pending_independent_adjudication	blocked_not_validated	src/data/mocks/toefl-set-1.ts	Codex_initial_editorial_audit	2026-08-09
item:t1-r-ap4	object:t1-r-ap4	set-1	4	R-004	Read an Academic Passage	mcq	C	derive_or_segment_preserving_original	high	GOV-001;ED-002;R003-001	handled	not_applicable	T09/T13	not_recorded_pending_rights_review	initial_audit_complete_with_findings	pending_independent_adjudication	blocked_not_validated	src/data/mocks/toefl-set-1.ts	Codex_initial_editorial_audit	2026-08-09
item:t1-r-ap5	object:t1-r-ap5	set-1	4	R-004	Read an Academic Passage	mcq	C	derive_or_segment_preserving_original	high	GOV-001;ED-002;R003-001	handled	not_applicable	T09/T13	not_recorded_pending_rights_review	initial_audit_complete_with_findings	pending_independent_adjudication	blocked_not_validated	src/data/mocks/toefl-set-1.ts	Codex_initial_editorial_audit	2026-08-09
item:t1-r-ap6	object:t1-r-ap6	set-1	4	R-004	Read an Academic Passage	multiselect	C	derive_or_segment_preserving_original	critical	GOV-001;R003-001;R003-002	unhandled	not_applicable	T09/T13	not_recorded_pending_rights_review	initial_audit_complete_with_findings	pending_independent_adjudication	blocked_not_validated	src/data/mocks/toefl-set-1.ts	Codex_initial_editorial_audit	2026-08-09
item:t1-l-cr1	object:t1-l-cr1	set-1	5	R-005	Listen and Choose a Response	mcq	B	repair_before_pilot	high	GOV-001;ED-002;L001-001;L001-002;AUD-001	handled	pending_T06_T07_T08	T09/T14	not_recorded_pending_rights_review	initial_audit_complete_with_findings	pending_independent_adjudication	blocked_not_validated	src/data/mocks/toefl-set-1.ts	Codex_initial_editorial_audit	2026-08-09
item:t1-l-cr2	object:t1-l-cr2	set-1	5	R-005	Listen and Choose a Response	mcq	B	repair_before_pilot	high	GOV-001;ED-002;L001-001;L001-002;AUD-001	handled	pending_T06_T07_T08	T09/T14	not_recorded_pending_rights_review	initial_audit_complete_with_findings	pending_independent_adjudication	blocked_not_validated	src/data/mocks/toefl-set-1.ts	Codex_initial_editorial_audit	2026-08-09
item:t1-l-cr3	object:t1-l-cr3	set-1	5	R-005	Listen and Choose a Response	mcq	B	repair_before_pilot	high	GOV-001;ED-002;L001-001;L001-002;AUD-001	handled	pending_T06_T07_T08	T09/T14	not_recorded_pending_rights_review	initial_audit_complete_with_findings	pending_independent_adjudication	blocked_not_validated	src/data/mocks/toefl-set-1.ts	Codex_initial_editorial_audit	2026-08-09
item:t1-l-cr4	object:t1-l-cr4	set-1	5	R-005	Listen and Choose a Response	mcq	B	repair_before_pilot	high	GOV-001;ED-002;L001-001;L001-002;AUD-001	handled	pending_T06_T07_T08	T09/T14	not_recorded_pending_rights_review	initial_audit_complete_with_findings	pending_independent_adjudication	blocked_not_validated	src/data/mocks/toefl-set-1.ts	Codex_initial_editorial_audit	2026-08-09
item:t1-l-cr5	object:t1-l-cr5	set-1	5	R-005	Listen and Choose a Response	mcq	B	repair_before_pilot	high	GOV-001;ED-002;L001-001;L001-002;AUD-001	handled	pending_T06_T07_T08	T09/T14	not_recorded_pending_rights_review	initial_audit_complete_with_findings	pending_independent_adjudication	blocked_not_validated	src/data/mocks/toefl-set-1.ts	Codex_initial_editorial_audit	2026-08-09
item:t1-l-cv1	object:t1-l-cv1	set-1	6	R-006	Listen to a Conversation	mcq	B	repair_before_pilot	high	GOV-001;ED-002;AUD-001	handled	pending_T06_T07_T08	T09/T15	not_recorded_pending_rights_review	initial_audit_complete_with_findings	pending_independent_adjudication	blocked_not_validated	src/data/mocks/toefl-set-1.ts	Codex_initial_editorial_audit	2026-08-09
item:t1-l-cv2	object:t1-l-cv2	set-1	6	R-006	Listen to a Conversation	mcq	B	repair_before_pilot	high	GOV-001;ED-002;AUD-001	handled	pending_T06_T07_T08	T09/T15	not_recorded_pending_rights_review	initial_audit_complete_with_findings	pending_independent_adjudication	blocked_not_validated	src/data/mocks/toefl-set-1.ts	Codex_initial_editorial_audit	2026-08-09
item:t1-l-cv3	object:t1-l-cv3	set-1	6	R-006	Listen to a Conversation	mcq	B	repair_before_pilot	high	GOV-001;ED-002;AUD-001	handled	pending_T06_T07_T08	T09/T15	not_recorded_pending_rights_review	initial_audit_complete_with_findings	pending_independent_adjudication	blocked_not_validated	src/data/mocks/toefl-set-1.ts	Codex_initial_editorial_audit	2026-08-09
item:t1-l-cv4	object:t1-l-cv4	set-1	6	R-006	Listen to a Conversation	mcq	B	repair_before_pilot	high	GOV-001;ED-002;AUD-001	handled	pending_T06_T07_T08	T09/T15	not_recorded_pending_rights_review	initial_audit_complete_with_findings	pending_independent_adjudication	blocked_not_validated	src/data/mocks/toefl-set-1.ts	Codex_initial_editorial_audit	2026-08-09
item:t1-l-an1	object:t1-l-an1	set-1	7	R-007	Listen to an Announcement	mcq	B	repair_before_pilot	high	GOV-001;ED-002;AUD-001	handled	pending_T06_T07_T08	T09/T15	not_recorded_pending_rights_review	initial_audit_complete_with_findings	pending_independent_adjudication	blocked_not_validated	src/data/mocks/toefl-set-1.ts	Codex_initial_editorial_audit	2026-08-09
item:t1-l-an2	object:t1-l-an2	set-1	7	R-007	Listen to an Announcement	mcq	B	repair_before_pilot	high	GOV-001;ED-002;AUD-001	handled	pending_T06_T07_T08	T09/T15	not_recorded_pending_rights_review	initial_audit_complete_with_findings	pending_independent_adjudication	blocked_not_validated	src/data/mocks/toefl-set-1.ts	Codex_initial_editorial_audit	2026-08-09
item:t1-l-an3	object:t1-l-an3	set-1	7	R-007	Listen to an Announcement	mcq	B	repair_before_pilot	high	GOV-001;ED-002;AUD-001	handled	pending_T06_T07_T08	T09/T15	not_recorded_pending_rights_review	initial_audit_complete_with_findings	pending_independent_adjudication	blocked_not_validated	src/data/mocks/toefl-set-1.ts	Codex_initial_editorial_audit	2026-08-09
item:t1-l-at1	object:t1-l-at1	set-1	8	R-008	Listen to an Academic Talk	mcq	C	derive_or_segment_preserving_original	high	GOV-001;ED-002;AUD-001;L004-001	handled	pending_T06_T07_T08	T09/T15	not_recorded_pending_rights_review	initial_audit_complete_with_findings	pending_independent_adjudication	blocked_not_validated	src/data/mocks/toefl-set-1.ts	Codex_initial_editorial_audit	2026-08-09
item:t1-l-at2	object:t1-l-at2	set-1	8	R-008	Listen to an Academic Talk	mcq	C	derive_or_segment_preserving_original	high	GOV-001;ED-002;AUD-001;L004-001	handled	pending_T06_T07_T08	T09/T15	not_recorded_pending_rights_review	initial_audit_complete_with_findings	pending_independent_adjudication	blocked_not_validated	src/data/mocks/toefl-set-1.ts	Codex_initial_editorial_audit	2026-08-09
item:t1-l-at3	object:t1-l-at3	set-1	8	R-008	Listen to an Academic Talk	mcq	C	derive_or_segment_preserving_original	high	GOV-001;ED-002;AUD-001;L004-001	handled	pending_T06_T07_T08	T09/T15	not_recorded_pending_rights_review	initial_audit_complete_with_findings	pending_independent_adjudication	blocked_not_validated	src/data/mocks/toefl-set-1.ts	Codex_initial_editorial_audit	2026-08-09
item:t1-l-at4	object:t1-l-at4	set-1	8	R-008	Listen to an Academic Talk	mcq	C	derive_or_segment_preserving_original	high	GOV-001;ED-002;AUD-001;L004-001	handled	pending_T06_T07_T08	T09/T15	not_recorded_pending_rights_review	initial_audit_complete_with_findings	pending_independent_adjudication	blocked_not_validated	src/data/mocks/toefl-set-1.ts	Codex_initial_editorial_audit	2026-08-09
item:t1-l-at5	object:t1-l-at5	set-1	8	R-008	Listen to an Academic Talk	mcq	C	derive_or_segment_preserving_original	high	GOV-001;ED-002;AUD-001;L004-001	handled	pending_T06_T07_T08	T09/T15	not_recorded_pending_rights_review	initial_audit_complete_with_findings	pending_independent_adjudication	blocked_not_validated	src/data/mocks/toefl-set-1.ts	Codex_initial_editorial_audit	2026-08-09
item:t1-w-bs1	object:t1-w-bs1	set-1	9	R-009	Build a Sentence	sentencebuild	B	repair_before_pilot	high	GOV-001;W001-001;W001-002;W001-003	handled	not_applicable	T09/T16	not_recorded_pending_rights_review	initial_audit_complete_with_findings	pending_independent_adjudication	blocked_not_validated	src/data/mocks/toefl-set-1.ts	Codex_initial_editorial_audit	2026-08-09
item:t1-w-bs2	object:t1-w-bs2	set-1	9	R-009	Build a Sentence	sentencebuild	B	repair_before_pilot	high	GOV-001;W001-001;W001-002	handled	not_applicable	T09/T16	not_recorded_pending_rights_review	initial_audit_complete_with_findings	pending_independent_adjudication	blocked_not_validated	src/data/mocks/toefl-set-1.ts	Codex_initial_editorial_audit	2026-08-09
item:t1-w-bs3	object:t1-w-bs3	set-1	9	R-009	Build a Sentence	sentencebuild	B	repair_before_pilot	high	GOV-001;W001-001;W001-002	handled	not_applicable	T09/T16	not_recorded_pending_rights_review	initial_audit_complete_with_findings	pending_independent_adjudication	blocked_not_validated	src/data/mocks/toefl-set-1.ts	Codex_initial_editorial_audit	2026-08-09
item:t1-w-bs4	object:t1-w-bs4	set-1	9	R-009	Build a Sentence	sentencebuild	B	repair_before_pilot	high	GOV-001;W001-001;W001-002	handled	not_applicable	T09/T16	not_recorded_pending_rights_review	initial_audit_complete_with_findings	pending_independent_adjudication	blocked_not_validated	src/data/mocks/toefl-set-1.ts	Codex_initial_editorial_audit	2026-08-09
item:t1-w-bs5	object:t1-w-bs5	set-1	9	R-009	Build a Sentence	sentencebuild	B	repair_before_pilot	high	GOV-001;W001-001;W001-002	handled	not_applicable	T09/T16	not_recorded_pending_rights_review	initial_audit_complete_with_findings	pending_independent_adjudication	blocked_not_validated	src/data/mocks/toefl-set-1.ts	Codex_initial_editorial_audit	2026-08-09
item:t1-w-bs6	object:t1-w-bs6	set-1	9	R-009	Build a Sentence	sentencebuild	B	repair_before_pilot	high	GOV-001;W001-001;W001-002	handled	not_applicable	T09/T16	not_recorded_pending_rights_review	initial_audit_complete_with_findings	pending_independent_adjudication	blocked_not_validated	src/data/mocks/toefl-set-1.ts	Codex_initial_editorial_audit	2026-08-09
item:t1-w-email	object:t1-w-email	set-1	10	R-010	Write an Email	write	B	repair_before_pilot	high	GOV-001;W002-001	handled	not_applicable	T10/T11/T17	not_recorded_pending_rights_review	initial_audit_complete_with_findings	pending_independent_adjudication	blocked_not_validated	src/data/mocks/toefl-set-1.ts	Codex_initial_editorial_audit	2026-08-09
item:t1-w-disc	object:t1-w-disc	set-1	11	R-011	Write for an Academic Discussion	write	B	repair_before_pilot	high	GOV-001;W003-001	handled	not_applicable	T10/T11/T17	not_recorded_pending_rights_review	initial_audit_complete_with_findings	pending_independent_adjudication	blocked_not_validated	src/data/mocks/toefl-set-1.ts	Codex_initial_editorial_audit	2026-08-09
item:t1-s-rp1	object:t1-s-rp1	set-1	12	R-012	Listen and Repeat	repeat	B	repair_before_pilot	critical	GOV-001;AUD-001;S001-001	handled	pending_T06_T07_T08	T10/T11/T18	not_recorded_pending_rights_review	initial_audit_complete_with_findings	pending_independent_adjudication	blocked_not_validated	src/data/mocks/toefl-set-1.ts	Codex_initial_editorial_audit	2026-08-09
item:t1-s-rp2	object:t1-s-rp2	set-1	12	R-012	Listen and Repeat	repeat	B	repair_before_pilot	critical	GOV-001;AUD-001;S001-001	handled	pending_T06_T07_T08	T10/T11/T18	not_recorded_pending_rights_review	initial_audit_complete_with_findings	pending_independent_adjudication	blocked_not_validated	src/data/mocks/toefl-set-1.ts	Codex_initial_editorial_audit	2026-08-09
item:t1-s-rp3	object:t1-s-rp3	set-1	12	R-012	Listen and Repeat	repeat	B	repair_before_pilot	critical	GOV-001;AUD-001;S001-001	handled	pending_T06_T07_T08	T10/T11/T18	not_recorded_pending_rights_review	initial_audit_complete_with_findings	pending_independent_adjudication	blocked_not_validated	src/data/mocks/toefl-set-1.ts	Codex_initial_editorial_audit	2026-08-09
item:t1-s-rp4	object:t1-s-rp4	set-1	12	R-012	Listen and Repeat	repeat	B	repair_before_pilot	critical	GOV-001;AUD-001;S001-001	handled	pending_T06_T07_T08	T10/T11/T18	not_recorded_pending_rights_review	initial_audit_complete_with_findings	pending_independent_adjudication	blocked_not_validated	src/data/mocks/toefl-set-1.ts	Codex_initial_editorial_audit	2026-08-09
item:t1-s-rp5	object:t1-s-rp5	set-1	12	R-012	Listen and Repeat	repeat	B	repair_before_pilot	critical	GOV-001;AUD-001;S001-001	handled	pending_T06_T07_T08	T10/T11/T18	not_recorded_pending_rights_review	initial_audit_complete_with_findings	pending_independent_adjudication	blocked_not_validated	src/data/mocks/toefl-set-1.ts	Codex_initial_editorial_audit	2026-08-09
item:t1-s-iv1	object:t1-s-iv1	set-1	13	R-013	Take an Interview	speak	B	repair_before_pilot	high	GOV-001;S002-001;S002-002	handled	not_applicable	T10/T11/T19	not_recorded_pending_rights_review	initial_audit_complete_with_findings	pending_independent_adjudication	blocked_not_validated	src/data/mocks/toefl-set-1.ts	Codex_initial_editorial_audit	2026-08-09
item:t1-s-iv2	object:t1-s-iv2	set-1	13	R-013	Take an Interview	speak	B	repair_before_pilot	high	GOV-001;S002-001;S002-002	handled	not_applicable	T10/T11/T19	not_recorded_pending_rights_review	initial_audit_complete_with_findings	pending_independent_adjudication	blocked_not_validated	src/data/mocks/toefl-set-1.ts	Codex_initial_editorial_audit	2026-08-09
item:t1-s-iv3	object:t1-s-iv3	set-1	13	R-013	Take an Interview	speak	B	repair_before_pilot	high	GOV-001;S002-001;S002-002	handled	not_applicable	T10/T11/T19	not_recorded_pending_rights_review	initial_audit_complete_with_findings	pending_independent_adjudication	blocked_not_validated	src/data/mocks/toefl-set-1.ts	Codex_initial_editorial_audit	2026-08-09
item:t1-s-iv4	object:t1-s-iv4	set-1	13	R-013	Take an Interview	speak	B	repair_before_pilot	high	GOV-001;S002-001;S002-002;REP-001	handled	not_applicable	T10/T11/T19	not_recorded_pending_rights_review	initial_audit_complete_with_findings	pending_independent_adjudication	blocked_not_validated	src/data/mocks/toefl-set-1.ts	Codex_initial_editorial_audit	2026-08-09
item:t2-r-cw1:blank-1	object:t2-r-cw1	set-2	1	R-001	Complete the Words	wordcomplete_blank	B	repair_before_pilot	high	GOV-001;R001-001	handled	not_applicable	T09/T12	not_recorded_pending_rights_review	initial_audit_complete_with_findings	pending_independent_adjudication	blocked_not_validated	src/data/mocks/toefl-set-2.ts	Codex_initial_editorial_audit	2026-08-09
item:t2-r-cw1:blank-2	object:t2-r-cw1	set-2	1	R-001	Complete the Words	wordcomplete_blank	B	repair_before_pilot	high	GOV-001;R001-001	handled	not_applicable	T09/T12	not_recorded_pending_rights_review	initial_audit_complete_with_findings	pending_independent_adjudication	blocked_not_validated	src/data/mocks/toefl-set-2.ts	Codex_initial_editorial_audit	2026-08-09
item:t2-r-cw1:blank-3	object:t2-r-cw1	set-2	1	R-001	Complete the Words	wordcomplete_blank	B	repair_before_pilot	high	GOV-001;R001-001	handled	not_applicable	T09/T12	not_recorded_pending_rights_review	initial_audit_complete_with_findings	pending_independent_adjudication	blocked_not_validated	src/data/mocks/toefl-set-2.ts	Codex_initial_editorial_audit	2026-08-09
item:t2-r-cw1:blank-4	object:t2-r-cw1	set-2	1	R-001	Complete the Words	wordcomplete_blank	B	repair_before_pilot	high	GOV-001;R001-001	handled	not_applicable	T09/T12	not_recorded_pending_rights_review	initial_audit_complete_with_findings	pending_independent_adjudication	blocked_not_validated	src/data/mocks/toefl-set-2.ts	Codex_initial_editorial_audit	2026-08-09
item:t2-r-cw1:blank-5	object:t2-r-cw1	set-2	1	R-001	Complete the Words	wordcomplete_blank	B	repair_before_pilot	high	GOV-001;R001-001	handled	not_applicable	T09/T12	not_recorded_pending_rights_review	initial_audit_complete_with_findings	pending_independent_adjudication	blocked_not_validated	src/data/mocks/toefl-set-2.ts	Codex_initial_editorial_audit	2026-08-09
item:t2-r-cw1:blank-6	object:t2-r-cw1	set-2	1	R-001	Complete the Words	wordcomplete_blank	B	repair_before_pilot	high	GOV-001;R001-001	handled	not_applicable	T09/T12	not_recorded_pending_rights_review	initial_audit_complete_with_findings	pending_independent_adjudication	blocked_not_validated	src/data/mocks/toefl-set-2.ts	Codex_initial_editorial_audit	2026-08-09
item:t2-r-cw2:blank-1	object:t2-r-cw2	set-2	1	R-001	Complete the Words	wordcomplete_blank	B	repair_before_pilot	high	GOV-001;R001-001	handled	not_applicable	T09/T12	not_recorded_pending_rights_review	initial_audit_complete_with_findings	pending_independent_adjudication	blocked_not_validated	src/data/mocks/toefl-set-2.ts	Codex_initial_editorial_audit	2026-08-09
item:t2-r-cw2:blank-2	object:t2-r-cw2	set-2	1	R-001	Complete the Words	wordcomplete_blank	B	repair_before_pilot	high	GOV-001;R001-001	handled	not_applicable	T09/T12	not_recorded_pending_rights_review	initial_audit_complete_with_findings	pending_independent_adjudication	blocked_not_validated	src/data/mocks/toefl-set-2.ts	Codex_initial_editorial_audit	2026-08-09
item:t2-r-cw2:blank-3	object:t2-r-cw2	set-2	1	R-001	Complete the Words	wordcomplete_blank	B	repair_before_pilot	high	GOV-001;R001-001	handled	not_applicable	T09/T12	not_recorded_pending_rights_review	initial_audit_complete_with_findings	pending_independent_adjudication	blocked_not_validated	src/data/mocks/toefl-set-2.ts	Codex_initial_editorial_audit	2026-08-09
item:t2-r-cw2:blank-4	object:t2-r-cw2	set-2	1	R-001	Complete the Words	wordcomplete_blank	B	repair_before_pilot	high	GOV-001;R001-001	handled	not_applicable	T09/T12	not_recorded_pending_rights_review	initial_audit_complete_with_findings	pending_independent_adjudication	blocked_not_validated	src/data/mocks/toefl-set-2.ts	Codex_initial_editorial_audit	2026-08-09
item:t2-r-cw2:blank-5	object:t2-r-cw2	set-2	1	R-001	Complete the Words	wordcomplete_blank	B	repair_before_pilot	high	GOV-001;R001-001	handled	not_applicable	T09/T12	not_recorded_pending_rights_review	initial_audit_complete_with_findings	pending_independent_adjudication	blocked_not_validated	src/data/mocks/toefl-set-2.ts	Codex_initial_editorial_audit	2026-08-09
item:t2-r-cw2:blank-6	object:t2-r-cw2	set-2	1	R-001	Complete the Words	wordcomplete_blank	B	repair_before_pilot	high	GOV-001;R001-001	handled	not_applicable	T09/T12	not_recorded_pending_rights_review	initial_audit_complete_with_findings	pending_independent_adjudication	blocked_not_validated	src/data/mocks/toefl-set-2.ts	Codex_initial_editorial_audit	2026-08-09
item:t2-r-dl1	object:t2-r-dl1	set-2	2	R-002	Read in Daily Life	mcq	B	repair_before_pilot	high	GOV-001;ED-002	handled	not_applicable	T09/T13	not_recorded_pending_rights_review	initial_audit_complete_with_findings	pending_independent_adjudication	blocked_not_validated	src/data/mocks/toefl-set-2.ts	Codex_initial_editorial_audit	2026-08-09
item:t2-r-dl2	object:t2-r-dl2	set-2	2	R-002	Read in Daily Life	mcq	A	conserve_editorial_candidate	none	GOV-001	handled	not_applicable	T09/T13	not_recorded_pending_rights_review	initial_audit_complete_with_findings	pending_independent_adjudication	blocked_not_validated	src/data/mocks/toefl-set-2.ts	Codex_initial_editorial_audit	2026-08-09
item:t2-r-dl3	object:t2-r-dl3	set-2	2	R-002	Read in Daily Life	mcq	B	repair_before_pilot	high	GOV-001;ED-002	handled	not_applicable	T09/T13	not_recorded_pending_rights_review	initial_audit_complete_with_findings	pending_independent_adjudication	blocked_not_validated	src/data/mocks/toefl-set-2.ts	Codex_initial_editorial_audit	2026-08-09
item:t2-r-dl4	object:t2-r-dl4	set-2	3	R-003	Read in Daily Life	mcq	B	repair_before_pilot	high	GOV-001;ED-002	handled	not_applicable	T09/T13	not_recorded_pending_rights_review	initial_audit_complete_with_findings	pending_independent_adjudication	blocked_not_validated	src/data/mocks/toefl-set-2.ts	Codex_initial_editorial_audit	2026-08-09
item:t2-r-dl5	object:t2-r-dl5	set-2	3	R-003	Read in Daily Life	mcq	A	conserve_editorial_candidate	none	GOV-001	handled	not_applicable	T09/T13	not_recorded_pending_rights_review	initial_audit_complete_with_findings	pending_independent_adjudication	blocked_not_validated	src/data/mocks/toefl-set-2.ts	Codex_initial_editorial_audit	2026-08-09
item:t2-r-ap1	object:t2-r-ap1	set-2	4	R-004	Read an Academic Passage	mcq	C	derive_or_segment_preserving_original	high	GOV-001;ED-002;R003-001	handled	not_applicable	T09/T13	not_recorded_pending_rights_review	initial_audit_complete_with_findings	pending_independent_adjudication	blocked_not_validated	src/data/mocks/toefl-set-2.ts	Codex_initial_editorial_audit	2026-08-09
item:t2-r-ap2	object:t2-r-ap2	set-2	4	R-004	Read an Academic Passage	mcq	C	derive_or_segment_preserving_original	high	GOV-001;ED-002;R003-001	handled	not_applicable	T09/T13	not_recorded_pending_rights_review	initial_audit_complete_with_findings	pending_independent_adjudication	blocked_not_validated	src/data/mocks/toefl-set-2.ts	Codex_initial_editorial_audit	2026-08-09
item:t2-r-ap3	object:t2-r-ap3	set-2	4	R-004	Read an Academic Passage	mcq	C	derive_or_segment_preserving_original	high	GOV-001;ED-002;R003-001	handled	not_applicable	T09/T13	not_recorded_pending_rights_review	initial_audit_complete_with_findings	pending_independent_adjudication	blocked_not_validated	src/data/mocks/toefl-set-2.ts	Codex_initial_editorial_audit	2026-08-09
item:t2-r-ap4	object:t2-r-ap4	set-2	4	R-004	Read an Academic Passage	mcq	C	derive_or_segment_preserving_original	high	GOV-001;ED-002;R003-001	handled	not_applicable	T09/T13	not_recorded_pending_rights_review	initial_audit_complete_with_findings	pending_independent_adjudication	blocked_not_validated	src/data/mocks/toefl-set-2.ts	Codex_initial_editorial_audit	2026-08-09
item:t2-r-ap5	object:t2-r-ap5	set-2	4	R-004	Read an Academic Passage	mcq	C	derive_or_segment_preserving_original	high	GOV-001;ED-002;R003-001	handled	not_applicable	T09/T13	not_recorded_pending_rights_review	initial_audit_complete_with_findings	pending_independent_adjudication	blocked_not_validated	src/data/mocks/toefl-set-2.ts	Codex_initial_editorial_audit	2026-08-09
item:t2-r-ap6	object:t2-r-ap6	set-2	4	R-004	Read an Academic Passage	multiselect	C	derive_or_segment_preserving_original	critical	GOV-001;R003-001;R003-002	unhandled	not_applicable	T09/T13	not_recorded_pending_rights_review	initial_audit_complete_with_findings	pending_independent_adjudication	blocked_not_validated	src/data/mocks/toefl-set-2.ts	Codex_initial_editorial_audit	2026-08-09
item:t2-l-cr1	object:t2-l-cr1	set-2	5	R-005	Listen and Choose a Response	mcq	B	repair_before_pilot	high	GOV-001;ED-002;L001-001;L001-002;AUD-001	handled	pending_T06_T07_T08	T09/T14	not_recorded_pending_rights_review	initial_audit_complete_with_findings	pending_independent_adjudication	blocked_not_validated	src/data/mocks/toefl-set-2.ts	Codex_initial_editorial_audit	2026-08-09
item:t2-l-cr2	object:t2-l-cr2	set-2	5	R-005	Listen and Choose a Response	mcq	B	repair_before_pilot	high	GOV-001;ED-002;L001-001;L001-002;AUD-001	handled	pending_T06_T07_T08	T09/T14	not_recorded_pending_rights_review	initial_audit_complete_with_findings	pending_independent_adjudication	blocked_not_validated	src/data/mocks/toefl-set-2.ts	Codex_initial_editorial_audit	2026-08-09
item:t2-l-cr3	object:t2-l-cr3	set-2	5	R-005	Listen and Choose a Response	mcq	B	repair_before_pilot	high	GOV-001;ED-002;L001-001;L001-002;AUD-001	handled	pending_T06_T07_T08	T09/T14	not_recorded_pending_rights_review	initial_audit_complete_with_findings	pending_independent_adjudication	blocked_not_validated	src/data/mocks/toefl-set-2.ts	Codex_initial_editorial_audit	2026-08-09
item:t2-l-cr4	object:t2-l-cr4	set-2	5	R-005	Listen and Choose a Response	mcq	B	repair_before_pilot	high	GOV-001;ED-002;L001-001;L001-002;AUD-001	handled	pending_T06_T07_T08	T09/T14	not_recorded_pending_rights_review	initial_audit_complete_with_findings	pending_independent_adjudication	blocked_not_validated	src/data/mocks/toefl-set-2.ts	Codex_initial_editorial_audit	2026-08-09
item:t2-l-cr5	object:t2-l-cr5	set-2	5	R-005	Listen and Choose a Response	mcq	B	repair_before_pilot	high	GOV-001;ED-002;L001-001;L001-002;AUD-001	handled	pending_T06_T07_T08	T09/T14	not_recorded_pending_rights_review	initial_audit_complete_with_findings	pending_independent_adjudication	blocked_not_validated	src/data/mocks/toefl-set-2.ts	Codex_initial_editorial_audit	2026-08-09
item:t2-l-cv1	object:t2-l-cv1	set-2	6	R-006	Listen to a Conversation	mcq	B	repair_before_pilot	high	GOV-001;ED-002;AUD-001	handled	pending_T06_T07_T08	T09/T15	not_recorded_pending_rights_review	initial_audit_complete_with_findings	pending_independent_adjudication	blocked_not_validated	src/data/mocks/toefl-set-2.ts	Codex_initial_editorial_audit	2026-08-09
item:t2-l-cv2	object:t2-l-cv2	set-2	6	R-006	Listen to a Conversation	mcq	B	repair_before_pilot	high	GOV-001;ED-002;AUD-001	handled	pending_T06_T07_T08	T09/T15	not_recorded_pending_rights_review	initial_audit_complete_with_findings	pending_independent_adjudication	blocked_not_validated	src/data/mocks/toefl-set-2.ts	Codex_initial_editorial_audit	2026-08-09
item:t2-l-cv3	object:t2-l-cv3	set-2	6	R-006	Listen to a Conversation	mcq	B	repair_before_pilot	high	GOV-001;ED-002;AUD-001	handled	pending_T06_T07_T08	T09/T15	not_recorded_pending_rights_review	initial_audit_complete_with_findings	pending_independent_adjudication	blocked_not_validated	src/data/mocks/toefl-set-2.ts	Codex_initial_editorial_audit	2026-08-09
item:t2-l-cv4	object:t2-l-cv4	set-2	6	R-006	Listen to a Conversation	mcq	B	repair_before_pilot	high	GOV-001;ED-002;AUD-001	handled	pending_T06_T07_T08	T09/T15	not_recorded_pending_rights_review	initial_audit_complete_with_findings	pending_independent_adjudication	blocked_not_validated	src/data/mocks/toefl-set-2.ts	Codex_initial_editorial_audit	2026-08-09
item:t2-l-an1	object:t2-l-an1	set-2	7	R-007	Listen to an Announcement	mcq	B	repair_before_pilot	high	GOV-001;ED-002;AUD-001	handled	pending_T06_T07_T08	T09/T15	not_recorded_pending_rights_review	initial_audit_complete_with_findings	pending_independent_adjudication	blocked_not_validated	src/data/mocks/toefl-set-2.ts	Codex_initial_editorial_audit	2026-08-09
item:t2-l-an2	object:t2-l-an2	set-2	7	R-007	Listen to an Announcement	mcq	B	repair_before_pilot	high	GOV-001;ED-002;AUD-001	handled	pending_T06_T07_T08	T09/T15	not_recorded_pending_rights_review	initial_audit_complete_with_findings	pending_independent_adjudication	blocked_not_validated	src/data/mocks/toefl-set-2.ts	Codex_initial_editorial_audit	2026-08-09
item:t2-l-an3	object:t2-l-an3	set-2	7	R-007	Listen to an Announcement	mcq	B	repair_before_pilot	high	GOV-001;ED-002;AUD-001	handled	pending_T06_T07_T08	T09/T15	not_recorded_pending_rights_review	initial_audit_complete_with_findings	pending_independent_adjudication	blocked_not_validated	src/data/mocks/toefl-set-2.ts	Codex_initial_editorial_audit	2026-08-09
item:t2-l-at1	object:t2-l-at1	set-2	8	R-008	Listen to an Academic Talk	mcq	C	derive_or_segment_preserving_original	high	GOV-001;ED-002;AUD-001;L004-001	handled	pending_T06_T07_T08	T09/T15	not_recorded_pending_rights_review	initial_audit_complete_with_findings	pending_independent_adjudication	blocked_not_validated	src/data/mocks/toefl-set-2.ts	Codex_initial_editorial_audit	2026-08-09
item:t2-l-at2	object:t2-l-at2	set-2	8	R-008	Listen to an Academic Talk	mcq	C	derive_or_segment_preserving_original	high	GOV-001;AUD-001;L004-001	handled	pending_T06_T07_T08	T09/T15	not_recorded_pending_rights_review	initial_audit_complete_with_findings	pending_independent_adjudication	blocked_not_validated	src/data/mocks/toefl-set-2.ts	Codex_initial_editorial_audit	2026-08-09
item:t2-l-at3	object:t2-l-at3	set-2	8	R-008	Listen to an Academic Talk	mcq	C	derive_or_segment_preserving_original	high	GOV-001;ED-002;AUD-001;L004-001	handled	pending_T06_T07_T08	T09/T15	not_recorded_pending_rights_review	initial_audit_complete_with_findings	pending_independent_adjudication	blocked_not_validated	src/data/mocks/toefl-set-2.ts	Codex_initial_editorial_audit	2026-08-09
item:t2-l-at4	object:t2-l-at4	set-2	8	R-008	Listen to an Academic Talk	mcq	C	derive_or_segment_preserving_original	high	GOV-001;ED-002;AUD-001;L004-001	handled	pending_T06_T07_T08	T09/T15	not_recorded_pending_rights_review	initial_audit_complete_with_findings	pending_independent_adjudication	blocked_not_validated	src/data/mocks/toefl-set-2.ts	Codex_initial_editorial_audit	2026-08-09
item:t2-l-at5	object:t2-l-at5	set-2	8	R-008	Listen to an Academic Talk	mcq	C	derive_or_segment_preserving_original	high	GOV-001;ED-002;AUD-001;L004-001	handled	pending_T06_T07_T08	T09/T15	not_recorded_pending_rights_review	initial_audit_complete_with_findings	pending_independent_adjudication	blocked_not_validated	src/data/mocks/toefl-set-2.ts	Codex_initial_editorial_audit	2026-08-09
item:t2-w-bs1	object:t2-w-bs1	set-2	9	R-009	Build a Sentence	sentencebuild	B	repair_before_pilot	high	GOV-001;W001-001;W001-002;W001-003	handled	not_applicable	T09/T16	not_recorded_pending_rights_review	initial_audit_complete_with_findings	pending_independent_adjudication	blocked_not_validated	src/data/mocks/toefl-set-2.ts	Codex_initial_editorial_audit	2026-08-09
item:t2-w-bs2	object:t2-w-bs2	set-2	9	R-009	Build a Sentence	sentencebuild	B	repair_before_pilot	high	GOV-001;W001-001;W001-002	handled	not_applicable	T09/T16	not_recorded_pending_rights_review	initial_audit_complete_with_findings	pending_independent_adjudication	blocked_not_validated	src/data/mocks/toefl-set-2.ts	Codex_initial_editorial_audit	2026-08-09
item:t2-w-bs3	object:t2-w-bs3	set-2	9	R-009	Build a Sentence	sentencebuild	B	repair_before_pilot	high	GOV-001;W001-001;W001-002	handled	not_applicable	T09/T16	not_recorded_pending_rights_review	initial_audit_complete_with_findings	pending_independent_adjudication	blocked_not_validated	src/data/mocks/toefl-set-2.ts	Codex_initial_editorial_audit	2026-08-09
item:t2-w-bs4	object:t2-w-bs4	set-2	9	R-009	Build a Sentence	sentencebuild	B	repair_before_pilot	high	GOV-001;W001-001;W001-002	handled	not_applicable	T09/T16	not_recorded_pending_rights_review	initial_audit_complete_with_findings	pending_independent_adjudication	blocked_not_validated	src/data/mocks/toefl-set-2.ts	Codex_initial_editorial_audit	2026-08-09
item:t2-w-bs5	object:t2-w-bs5	set-2	9	R-009	Build a Sentence	sentencebuild	B	repair_before_pilot	high	GOV-001;W001-001;W001-002	handled	not_applicable	T09/T16	not_recorded_pending_rights_review	initial_audit_complete_with_findings	pending_independent_adjudication	blocked_not_validated	src/data/mocks/toefl-set-2.ts	Codex_initial_editorial_audit	2026-08-09
item:t2-w-bs6	object:t2-w-bs6	set-2	9	R-009	Build a Sentence	sentencebuild	B	repair_before_pilot	high	GOV-001;W001-001;W001-002	handled	not_applicable	T09/T16	not_recorded_pending_rights_review	initial_audit_complete_with_findings	pending_independent_adjudication	blocked_not_validated	src/data/mocks/toefl-set-2.ts	Codex_initial_editorial_audit	2026-08-09
item:t2-w-email	object:t2-w-email	set-2	10	R-010	Write an Email	write	B	repair_before_pilot	high	GOV-001;W002-001	handled	not_applicable	T10/T11/T17	not_recorded_pending_rights_review	initial_audit_complete_with_findings	pending_independent_adjudication	blocked_not_validated	src/data/mocks/toefl-set-2.ts	Codex_initial_editorial_audit	2026-08-09
item:t2-w-disc	object:t2-w-disc	set-2	11	R-011	Write for an Academic Discussion	write	B	repair_before_pilot	high	GOV-001;W003-001	handled	not_applicable	T10/T11/T17	not_recorded_pending_rights_review	initial_audit_complete_with_findings	pending_independent_adjudication	blocked_not_validated	src/data/mocks/toefl-set-2.ts	Codex_initial_editorial_audit	2026-08-09
item:t2-s-rp1	object:t2-s-rp1	set-2	12	R-012	Listen and Repeat	repeat	B	repair_before_pilot	critical	GOV-001;AUD-001;S001-001	handled	pending_T06_T07_T08	T10/T11/T18	not_recorded_pending_rights_review	initial_audit_complete_with_findings	pending_independent_adjudication	blocked_not_validated	src/data/mocks/toefl-set-2.ts	Codex_initial_editorial_audit	2026-08-09
item:t2-s-rp2	object:t2-s-rp2	set-2	12	R-012	Listen and Repeat	repeat	B	repair_before_pilot	critical	GOV-001;AUD-001;S001-001	handled	pending_T06_T07_T08	T10/T11/T18	not_recorded_pending_rights_review	initial_audit_complete_with_findings	pending_independent_adjudication	blocked_not_validated	src/data/mocks/toefl-set-2.ts	Codex_initial_editorial_audit	2026-08-09
item:t2-s-rp3	object:t2-s-rp3	set-2	12	R-012	Listen and Repeat	repeat	B	repair_before_pilot	critical	GOV-001;AUD-001;S001-001	handled	pending_T06_T07_T08	T10/T11/T18	not_recorded_pending_rights_review	initial_audit_complete_with_findings	pending_independent_adjudication	blocked_not_validated	src/data/mocks/toefl-set-2.ts	Codex_initial_editorial_audit	2026-08-09
item:t2-s-rp4	object:t2-s-rp4	set-2	12	R-012	Listen and Repeat	repeat	B	repair_before_pilot	critical	GOV-001;AUD-001;S001-001	handled	pending_T06_T07_T08	T10/T11/T18	not_recorded_pending_rights_review	initial_audit_complete_with_findings	pending_independent_adjudication	blocked_not_validated	src/data/mocks/toefl-set-2.ts	Codex_initial_editorial_audit	2026-08-09
item:t2-s-rp5	object:t2-s-rp5	set-2	12	R-012	Listen and Repeat	repeat	B	repair_before_pilot	critical	GOV-001;AUD-001;S001-001	handled	pending_T06_T07_T08	T10/T11/T18	not_recorded_pending_rights_review	initial_audit_complete_with_findings	pending_independent_adjudication	blocked_not_validated	src/data/mocks/toefl-set-2.ts	Codex_initial_editorial_audit	2026-08-09
item:t2-s-iv1	object:t2-s-iv1	set-2	13	R-013	Take an Interview	speak	B	repair_before_pilot	high	GOV-001;S002-001;S002-002	handled	not_applicable	T10/T11/T19	not_recorded_pending_rights_review	initial_audit_complete_with_findings	pending_independent_adjudication	blocked_not_validated	src/data/mocks/toefl-set-2.ts	Codex_initial_editorial_audit	2026-08-09
item:t2-s-iv2	object:t2-s-iv2	set-2	13	R-013	Take an Interview	speak	B	repair_before_pilot	high	GOV-001;S002-001;S002-002	handled	not_applicable	T10/T11/T19	not_recorded_pending_rights_review	initial_audit_complete_with_findings	pending_independent_adjudication	blocked_not_validated	src/data/mocks/toefl-set-2.ts	Codex_initial_editorial_audit	2026-08-09
item:t2-s-iv3	object:t2-s-iv3	set-2	13	R-013	Take an Interview	speak	B	repair_before_pilot	high	GOV-001;S002-001;S002-002	handled	not_applicable	T10/T11/T19	not_recorded_pending_rights_review	initial_audit_complete_with_findings	pending_independent_adjudication	blocked_not_validated	src/data/mocks/toefl-set-2.ts	Codex_initial_editorial_audit	2026-08-09
item:t2-s-iv4	object:t2-s-iv4	set-2	13	R-013	Take an Interview	speak	B	repair_before_pilot	high	GOV-001;S002-001;S002-002;REP-001	handled	not_applicable	T10/T11/T19	not_recorded_pending_rights_review	initial_audit_complete_with_findings	pending_independent_adjudication	blocked_not_validated	src/data/mocks/toefl-set-2.ts	Codex_initial_editorial_audit	2026-08-09
item:t3-r-cw1:blank-1	object:t3-r-cw1	set-3	1	R-001	Complete the Words	wordcomplete_blank	B	repair_before_pilot	high	GOV-001;R001-001	handled	not_applicable	T09/T12	not_recorded_pending_rights_review	initial_audit_complete_with_findings	pending_independent_adjudication	blocked_not_validated	src/data/mocks/toefl-set-3.ts	Codex_initial_editorial_audit	2026-08-09
item:t3-r-cw1:blank-2	object:t3-r-cw1	set-3	1	R-001	Complete the Words	wordcomplete_blank	B	repair_before_pilot	high	GOV-001;R001-001	handled	not_applicable	T09/T12	not_recorded_pending_rights_review	initial_audit_complete_with_findings	pending_independent_adjudication	blocked_not_validated	src/data/mocks/toefl-set-3.ts	Codex_initial_editorial_audit	2026-08-09
item:t3-r-cw1:blank-3	object:t3-r-cw1	set-3	1	R-001	Complete the Words	wordcomplete_blank	B	repair_before_pilot	high	GOV-001;R001-001	handled	not_applicable	T09/T12	not_recorded_pending_rights_review	initial_audit_complete_with_findings	pending_independent_adjudication	blocked_not_validated	src/data/mocks/toefl-set-3.ts	Codex_initial_editorial_audit	2026-08-09
item:t3-r-cw1:blank-4	object:t3-r-cw1	set-3	1	R-001	Complete the Words	wordcomplete_blank	B	repair_before_pilot	high	GOV-001;R001-001	handled	not_applicable	T09/T12	not_recorded_pending_rights_review	initial_audit_complete_with_findings	pending_independent_adjudication	blocked_not_validated	src/data/mocks/toefl-set-3.ts	Codex_initial_editorial_audit	2026-08-09
item:t3-r-cw1:blank-5	object:t3-r-cw1	set-3	1	R-001	Complete the Words	wordcomplete_blank	B	repair_before_pilot	high	GOV-001;R001-001	handled	not_applicable	T09/T12	not_recorded_pending_rights_review	initial_audit_complete_with_findings	pending_independent_adjudication	blocked_not_validated	src/data/mocks/toefl-set-3.ts	Codex_initial_editorial_audit	2026-08-09
item:t3-r-cw1:blank-6	object:t3-r-cw1	set-3	1	R-001	Complete the Words	wordcomplete_blank	B	repair_before_pilot	high	GOV-001;R001-001	handled	not_applicable	T09/T12	not_recorded_pending_rights_review	initial_audit_complete_with_findings	pending_independent_adjudication	blocked_not_validated	src/data/mocks/toefl-set-3.ts	Codex_initial_editorial_audit	2026-08-09
item:t3-r-cw2:blank-1	object:t3-r-cw2	set-3	1	R-001	Complete the Words	wordcomplete_blank	B	repair_before_pilot	high	GOV-001;R001-001	handled	not_applicable	T09/T12	not_recorded_pending_rights_review	initial_audit_complete_with_findings	pending_independent_adjudication	blocked_not_validated	src/data/mocks/toefl-set-3.ts	Codex_initial_editorial_audit	2026-08-09
item:t3-r-cw2:blank-2	object:t3-r-cw2	set-3	1	R-001	Complete the Words	wordcomplete_blank	B	repair_before_pilot	high	GOV-001;R001-001	handled	not_applicable	T09/T12	not_recorded_pending_rights_review	initial_audit_complete_with_findings	pending_independent_adjudication	blocked_not_validated	src/data/mocks/toefl-set-3.ts	Codex_initial_editorial_audit	2026-08-09
item:t3-r-cw2:blank-3	object:t3-r-cw2	set-3	1	R-001	Complete the Words	wordcomplete_blank	B	repair_before_pilot	high	GOV-001;R001-001	handled	not_applicable	T09/T12	not_recorded_pending_rights_review	initial_audit_complete_with_findings	pending_independent_adjudication	blocked_not_validated	src/data/mocks/toefl-set-3.ts	Codex_initial_editorial_audit	2026-08-09
item:t3-r-cw2:blank-4	object:t3-r-cw2	set-3	1	R-001	Complete the Words	wordcomplete_blank	B	repair_before_pilot	high	GOV-001;R001-001	handled	not_applicable	T09/T12	not_recorded_pending_rights_review	initial_audit_complete_with_findings	pending_independent_adjudication	blocked_not_validated	src/data/mocks/toefl-set-3.ts	Codex_initial_editorial_audit	2026-08-09
item:t3-r-cw2:blank-5	object:t3-r-cw2	set-3	1	R-001	Complete the Words	wordcomplete_blank	B	repair_before_pilot	high	GOV-001;R001-001	handled	not_applicable	T09/T12	not_recorded_pending_rights_review	initial_audit_complete_with_findings	pending_independent_adjudication	blocked_not_validated	src/data/mocks/toefl-set-3.ts	Codex_initial_editorial_audit	2026-08-09
item:t3-r-cw2:blank-6	object:t3-r-cw2	set-3	1	R-001	Complete the Words	wordcomplete_blank	B	repair_before_pilot	high	GOV-001;R001-001	handled	not_applicable	T09/T12	not_recorded_pending_rights_review	initial_audit_complete_with_findings	pending_independent_adjudication	blocked_not_validated	src/data/mocks/toefl-set-3.ts	Codex_initial_editorial_audit	2026-08-09
item:t3-r-dl1	object:t3-r-dl1	set-3	2	R-002	Read in Daily Life	mcq	A	conserve_editorial_candidate	none	GOV-001	handled	not_applicable	T09/T13	not_recorded_pending_rights_review	initial_audit_complete_with_findings	pending_independent_adjudication	blocked_not_validated	src/data/mocks/toefl-set-3.ts	Codex_initial_editorial_audit	2026-08-09
item:t3-r-dl2	object:t3-r-dl2	set-3	2	R-002	Read in Daily Life	mcq	A	conserve_editorial_candidate	none	GOV-001	handled	not_applicable	T09/T13	not_recorded_pending_rights_review	initial_audit_complete_with_findings	pending_independent_adjudication	blocked_not_validated	src/data/mocks/toefl-set-3.ts	Codex_initial_editorial_audit	2026-08-09
item:t3-r-dl3	object:t3-r-dl3	set-3	2	R-002	Read in Daily Life	mcq	B	repair_before_pilot	high	GOV-001;ED-002	handled	not_applicable	T09/T13	not_recorded_pending_rights_review	initial_audit_complete_with_findings	pending_independent_adjudication	blocked_not_validated	src/data/mocks/toefl-set-3.ts	Codex_initial_editorial_audit	2026-08-09
item:t3-r-dl4	object:t3-r-dl4	set-3	3	R-003	Read in Daily Life	mcq	B	repair_before_pilot	high	GOV-001;ED-002	handled	not_applicable	T09/T13	not_recorded_pending_rights_review	initial_audit_complete_with_findings	pending_independent_adjudication	blocked_not_validated	src/data/mocks/toefl-set-3.ts	Codex_initial_editorial_audit	2026-08-09
item:t3-r-dl5	object:t3-r-dl5	set-3	3	R-003	Read in Daily Life	mcq	B	repair_before_pilot	high	GOV-001;ED-002	handled	not_applicable	T09/T13	not_recorded_pending_rights_review	initial_audit_complete_with_findings	pending_independent_adjudication	blocked_not_validated	src/data/mocks/toefl-set-3.ts	Codex_initial_editorial_audit	2026-08-09
item:t3-r-ap1	object:t3-r-ap1	set-3	4	R-004	Read an Academic Passage	mcq	C	derive_or_segment_preserving_original	high	GOV-001;ED-002;R003-001	handled	not_applicable	T09/T13	not_recorded_pending_rights_review	initial_audit_complete_with_findings	pending_independent_adjudication	blocked_not_validated	src/data/mocks/toefl-set-3.ts	Codex_initial_editorial_audit	2026-08-09
item:t3-r-ap2	object:t3-r-ap2	set-3	4	R-004	Read an Academic Passage	mcq	C	derive_or_segment_preserving_original	high	GOV-001;ED-002;R003-001	handled	not_applicable	T09/T13	not_recorded_pending_rights_review	initial_audit_complete_with_findings	pending_independent_adjudication	blocked_not_validated	src/data/mocks/toefl-set-3.ts	Codex_initial_editorial_audit	2026-08-09
item:t3-r-ap3	object:t3-r-ap3	set-3	4	R-004	Read an Academic Passage	mcq	C	derive_or_segment_preserving_original	high	GOV-001;ED-002;R003-001	handled	not_applicable	T09/T13	not_recorded_pending_rights_review	initial_audit_complete_with_findings	pending_independent_adjudication	blocked_not_validated	src/data/mocks/toefl-set-3.ts	Codex_initial_editorial_audit	2026-08-09
item:t3-r-ap4	object:t3-r-ap4	set-3	4	R-004	Read an Academic Passage	mcq	C	derive_or_segment_preserving_original	high	GOV-001;ED-002;R003-001	handled	not_applicable	T09/T13	not_recorded_pending_rights_review	initial_audit_complete_with_findings	pending_independent_adjudication	blocked_not_validated	src/data/mocks/toefl-set-3.ts	Codex_initial_editorial_audit	2026-08-09
item:t3-r-ap5	object:t3-r-ap5	set-3	4	R-004	Read an Academic Passage	mcq	C	derive_or_segment_preserving_original	high	GOV-001;ED-002;R003-001	handled	not_applicable	T09/T13	not_recorded_pending_rights_review	initial_audit_complete_with_findings	pending_independent_adjudication	blocked_not_validated	src/data/mocks/toefl-set-3.ts	Codex_initial_editorial_audit	2026-08-09
item:t3-r-ap6	object:t3-r-ap6	set-3	4	R-004	Read an Academic Passage	multiselect	C	derive_or_segment_preserving_original	critical	GOV-001;R003-001;R003-002	unhandled	not_applicable	T09/T13	not_recorded_pending_rights_review	initial_audit_complete_with_findings	pending_independent_adjudication	blocked_not_validated	src/data/mocks/toefl-set-3.ts	Codex_initial_editorial_audit	2026-08-09
item:t3-l-cr1	object:t3-l-cr1	set-3	5	R-005	Listen and Choose a Response	mcq	B	repair_before_pilot	high	GOV-001;ED-002;L001-001;L001-002;AUD-001	handled	pending_T06_T07_T08	T09/T14	not_recorded_pending_rights_review	initial_audit_complete_with_findings	pending_independent_adjudication	blocked_not_validated	src/data/mocks/toefl-set-3.ts	Codex_initial_editorial_audit	2026-08-09
item:t3-l-cr2	object:t3-l-cr2	set-3	5	R-005	Listen and Choose a Response	mcq	B	repair_before_pilot	high	GOV-001;ED-002;L001-001;L001-002;AUD-001	handled	pending_T06_T07_T08	T09/T14	not_recorded_pending_rights_review	initial_audit_complete_with_findings	pending_independent_adjudication	blocked_not_validated	src/data/mocks/toefl-set-3.ts	Codex_initial_editorial_audit	2026-08-09
item:t3-l-cr3	object:t3-l-cr3	set-3	5	R-005	Listen and Choose a Response	mcq	B	repair_before_pilot	high	GOV-001;ED-002;L001-001;L001-002;AUD-001	handled	pending_T06_T07_T08	T09/T14	not_recorded_pending_rights_review	initial_audit_complete_with_findings	pending_independent_adjudication	blocked_not_validated	src/data/mocks/toefl-set-3.ts	Codex_initial_editorial_audit	2026-08-09
item:t3-l-cr4	object:t3-l-cr4	set-3	5	R-005	Listen and Choose a Response	mcq	B	repair_before_pilot	high	GOV-001;ED-002;L001-001;L001-002;AUD-001	handled	pending_T06_T07_T08	T09/T14	not_recorded_pending_rights_review	initial_audit_complete_with_findings	pending_independent_adjudication	blocked_not_validated	src/data/mocks/toefl-set-3.ts	Codex_initial_editorial_audit	2026-08-09
item:t3-l-cr5	object:t3-l-cr5	set-3	5	R-005	Listen and Choose a Response	mcq	B	repair_before_pilot	high	GOV-001;ED-002;L001-001;L001-002;AUD-001	handled	pending_T06_T07_T08	T09/T14	not_recorded_pending_rights_review	initial_audit_complete_with_findings	pending_independent_adjudication	blocked_not_validated	src/data/mocks/toefl-set-3.ts	Codex_initial_editorial_audit	2026-08-09
item:t3-l-cv1	object:t3-l-cv1	set-3	6	R-006	Listen to a Conversation	mcq	B	repair_before_pilot	high	GOV-001;ED-002;AUD-001	handled	pending_T06_T07_T08	T09/T15	not_recorded_pending_rights_review	initial_audit_complete_with_findings	pending_independent_adjudication	blocked_not_validated	src/data/mocks/toefl-set-3.ts	Codex_initial_editorial_audit	2026-08-09
item:t3-l-cv2	object:t3-l-cv2	set-3	6	R-006	Listen to a Conversation	mcq	B	repair_before_pilot	high	GOV-001;ED-002;AUD-001	handled	pending_T06_T07_T08	T09/T15	not_recorded_pending_rights_review	initial_audit_complete_with_findings	pending_independent_adjudication	blocked_not_validated	src/data/mocks/toefl-set-3.ts	Codex_initial_editorial_audit	2026-08-09
item:t3-l-cv3	object:t3-l-cv3	set-3	6	R-006	Listen to a Conversation	mcq	B	repair_before_pilot	high	GOV-001;ED-002;AUD-001	handled	pending_T06_T07_T08	T09/T15	not_recorded_pending_rights_review	initial_audit_complete_with_findings	pending_independent_adjudication	blocked_not_validated	src/data/mocks/toefl-set-3.ts	Codex_initial_editorial_audit	2026-08-09
item:t3-l-cv4	object:t3-l-cv4	set-3	6	R-006	Listen to a Conversation	mcq	B	repair_before_pilot	high	GOV-001;ED-002;AUD-001	handled	pending_T06_T07_T08	T09/T15	not_recorded_pending_rights_review	initial_audit_complete_with_findings	pending_independent_adjudication	blocked_not_validated	src/data/mocks/toefl-set-3.ts	Codex_initial_editorial_audit	2026-08-09
item:t3-l-an1	object:t3-l-an1	set-3	7	R-007	Listen to an Announcement	mcq	B	repair_before_pilot	high	GOV-001;ED-002;AUD-001	handled	pending_T06_T07_T08	T09/T15	not_recorded_pending_rights_review	initial_audit_complete_with_findings	pending_independent_adjudication	blocked_not_validated	src/data/mocks/toefl-set-3.ts	Codex_initial_editorial_audit	2026-08-09
item:t3-l-an2	object:t3-l-an2	set-3	7	R-007	Listen to an Announcement	mcq	B	repair_before_pilot	high	GOV-001;ED-002;AUD-001	handled	pending_T06_T07_T08	T09/T15	not_recorded_pending_rights_review	initial_audit_complete_with_findings	pending_independent_adjudication	blocked_not_validated	src/data/mocks/toefl-set-3.ts	Codex_initial_editorial_audit	2026-08-09
item:t3-l-an3	object:t3-l-an3	set-3	7	R-007	Listen to an Announcement	mcq	B	repair_before_pilot	high	GOV-001;ED-002;AUD-001	handled	pending_T06_T07_T08	T09/T15	not_recorded_pending_rights_review	initial_audit_complete_with_findings	pending_independent_adjudication	blocked_not_validated	src/data/mocks/toefl-set-3.ts	Codex_initial_editorial_audit	2026-08-09
item:t3-l-at1	object:t3-l-at1	set-3	8	R-008	Listen to an Academic Talk	mcq	C	derive_or_segment_preserving_original	high	GOV-001;ED-002;AUD-001;L004-001	handled	pending_T06_T07_T08	T09/T15	not_recorded_pending_rights_review	initial_audit_complete_with_findings	pending_independent_adjudication	blocked_not_validated	src/data/mocks/toefl-set-3.ts	Codex_initial_editorial_audit	2026-08-09
item:t3-l-at2	object:t3-l-at2	set-3	8	R-008	Listen to an Academic Talk	mcq	C	derive_or_segment_preserving_original	high	GOV-001;ED-002;AUD-001;L004-001	handled	pending_T06_T07_T08	T09/T15	not_recorded_pending_rights_review	initial_audit_complete_with_findings	pending_independent_adjudication	blocked_not_validated	src/data/mocks/toefl-set-3.ts	Codex_initial_editorial_audit	2026-08-09
item:t3-l-at3	object:t3-l-at3	set-3	8	R-008	Listen to an Academic Talk	mcq	C	derive_or_segment_preserving_original	high	GOV-001;ED-002;AUD-001;L004-001	handled	pending_T06_T07_T08	T09/T15	not_recorded_pending_rights_review	initial_audit_complete_with_findings	pending_independent_adjudication	blocked_not_validated	src/data/mocks/toefl-set-3.ts	Codex_initial_editorial_audit	2026-08-09
item:t3-l-at4	object:t3-l-at4	set-3	8	R-008	Listen to an Academic Talk	mcq	C	derive_or_segment_preserving_original	high	GOV-001;ED-002;AUD-001;L004-001	handled	pending_T06_T07_T08	T09/T15	not_recorded_pending_rights_review	initial_audit_complete_with_findings	pending_independent_adjudication	blocked_not_validated	src/data/mocks/toefl-set-3.ts	Codex_initial_editorial_audit	2026-08-09
item:t3-l-at5	object:t3-l-at5	set-3	8	R-008	Listen to an Academic Talk	mcq	C	derive_or_segment_preserving_original	high	GOV-001;ED-002;AUD-001;L004-001	handled	pending_T06_T07_T08	T09/T15	not_recorded_pending_rights_review	initial_audit_complete_with_findings	pending_independent_adjudication	blocked_not_validated	src/data/mocks/toefl-set-3.ts	Codex_initial_editorial_audit	2026-08-09
item:t3-w-bs1	object:t3-w-bs1	set-3	9	R-009	Build a Sentence	sentencebuild	B	repair_before_pilot	high	GOV-001;W001-001;W001-002;W001-003	handled	not_applicable	T09/T16	not_recorded_pending_rights_review	initial_audit_complete_with_findings	pending_independent_adjudication	blocked_not_validated	src/data/mocks/toefl-set-3.ts	Codex_initial_editorial_audit	2026-08-09
item:t3-w-bs2	object:t3-w-bs2	set-3	9	R-009	Build a Sentence	sentencebuild	B	repair_before_pilot	high	GOV-001;W001-001;W001-002	handled	not_applicable	T09/T16	not_recorded_pending_rights_review	initial_audit_complete_with_findings	pending_independent_adjudication	blocked_not_validated	src/data/mocks/toefl-set-3.ts	Codex_initial_editorial_audit	2026-08-09
item:t3-w-bs3	object:t3-w-bs3	set-3	9	R-009	Build a Sentence	sentencebuild	B	repair_before_pilot	high	GOV-001;W001-001;W001-002	handled	not_applicable	T09/T16	not_recorded_pending_rights_review	initial_audit_complete_with_findings	pending_independent_adjudication	blocked_not_validated	src/data/mocks/toefl-set-3.ts	Codex_initial_editorial_audit	2026-08-09
item:t3-w-bs4	object:t3-w-bs4	set-3	9	R-009	Build a Sentence	sentencebuild	B	repair_before_pilot	high	GOV-001;W001-001;W001-002	handled	not_applicable	T09/T16	not_recorded_pending_rights_review	initial_audit_complete_with_findings	pending_independent_adjudication	blocked_not_validated	src/data/mocks/toefl-set-3.ts	Codex_initial_editorial_audit	2026-08-09
item:t3-w-bs5	object:t3-w-bs5	set-3	9	R-009	Build a Sentence	sentencebuild	B	repair_before_pilot	high	GOV-001;W001-001;W001-002	handled	not_applicable	T09/T16	not_recorded_pending_rights_review	initial_audit_complete_with_findings	pending_independent_adjudication	blocked_not_validated	src/data/mocks/toefl-set-3.ts	Codex_initial_editorial_audit	2026-08-09
item:t3-w-bs6	object:t3-w-bs6	set-3	9	R-009	Build a Sentence	sentencebuild	B	repair_before_pilot	high	GOV-001;W001-001;W001-002	handled	not_applicable	T09/T16	not_recorded_pending_rights_review	initial_audit_complete_with_findings	pending_independent_adjudication	blocked_not_validated	src/data/mocks/toefl-set-3.ts	Codex_initial_editorial_audit	2026-08-09
item:t3-w-email	object:t3-w-email	set-3	10	R-010	Write an Email	write	B	repair_before_pilot	high	GOV-001;W002-001	handled	not_applicable	T10/T11/T17	not_recorded_pending_rights_review	initial_audit_complete_with_findings	pending_independent_adjudication	blocked_not_validated	src/data/mocks/toefl-set-3.ts	Codex_initial_editorial_audit	2026-08-09
item:t3-w-disc	object:t3-w-disc	set-3	11	R-011	Write for an Academic Discussion	write	B	repair_before_pilot	high	GOV-001;W003-001	handled	not_applicable	T10/T11/T17	not_recorded_pending_rights_review	initial_audit_complete_with_findings	pending_independent_adjudication	blocked_not_validated	src/data/mocks/toefl-set-3.ts	Codex_initial_editorial_audit	2026-08-09
item:t3-s-rp1	object:t3-s-rp1	set-3	12	R-012	Listen and Repeat	repeat	B	repair_before_pilot	critical	GOV-001;AUD-001;S001-001	handled	pending_T06_T07_T08	T10/T11/T18	not_recorded_pending_rights_review	initial_audit_complete_with_findings	pending_independent_adjudication	blocked_not_validated	src/data/mocks/toefl-set-3.ts	Codex_initial_editorial_audit	2026-08-09
item:t3-s-rp2	object:t3-s-rp2	set-3	12	R-012	Listen and Repeat	repeat	B	repair_before_pilot	critical	GOV-001;AUD-001;S001-001	handled	pending_T06_T07_T08	T10/T11/T18	not_recorded_pending_rights_review	initial_audit_complete_with_findings	pending_independent_adjudication	blocked_not_validated	src/data/mocks/toefl-set-3.ts	Codex_initial_editorial_audit	2026-08-09
item:t3-s-rp3	object:t3-s-rp3	set-3	12	R-012	Listen and Repeat	repeat	B	repair_before_pilot	critical	GOV-001;AUD-001;S001-001	handled	pending_T06_T07_T08	T10/T11/T18	not_recorded_pending_rights_review	initial_audit_complete_with_findings	pending_independent_adjudication	blocked_not_validated	src/data/mocks/toefl-set-3.ts	Codex_initial_editorial_audit	2026-08-09
item:t3-s-rp4	object:t3-s-rp4	set-3	12	R-012	Listen and Repeat	repeat	B	repair_before_pilot	critical	GOV-001;AUD-001;S001-001	handled	pending_T06_T07_T08	T10/T11/T18	not_recorded_pending_rights_review	initial_audit_complete_with_findings	pending_independent_adjudication	blocked_not_validated	src/data/mocks/toefl-set-3.ts	Codex_initial_editorial_audit	2026-08-09
item:t3-s-rp5	object:t3-s-rp5	set-3	12	R-012	Listen and Repeat	repeat	B	repair_before_pilot	critical	GOV-001;AUD-001;S001-001	handled	pending_T06_T07_T08	T10/T11/T18	not_recorded_pending_rights_review	initial_audit_complete_with_findings	pending_independent_adjudication	blocked_not_validated	src/data/mocks/toefl-set-3.ts	Codex_initial_editorial_audit	2026-08-09
item:t3-s-iv1	object:t3-s-iv1	set-3	13	R-013	Take an Interview	speak	B	repair_before_pilot	high	GOV-001;S002-001;S002-002	handled	not_applicable	T10/T11/T19	not_recorded_pending_rights_review	initial_audit_complete_with_findings	pending_independent_adjudication	blocked_not_validated	src/data/mocks/toefl-set-3.ts	Codex_initial_editorial_audit	2026-08-09
item:t3-s-iv2	object:t3-s-iv2	set-3	13	R-013	Take an Interview	speak	B	repair_before_pilot	high	GOV-001;S002-001;S002-002	handled	not_applicable	T10/T11/T19	not_recorded_pending_rights_review	initial_audit_complete_with_findings	pending_independent_adjudication	blocked_not_validated	src/data/mocks/toefl-set-3.ts	Codex_initial_editorial_audit	2026-08-09
item:t3-s-iv3	object:t3-s-iv3	set-3	13	R-013	Take an Interview	speak	B	repair_before_pilot	high	GOV-001;S002-001;S002-002	handled	not_applicable	T10/T11/T19	not_recorded_pending_rights_review	initial_audit_complete_with_findings	pending_independent_adjudication	blocked_not_validated	src/data/mocks/toefl-set-3.ts	Codex_initial_editorial_audit	2026-08-09
item:t3-s-iv4	object:t3-s-iv4	set-3	13	R-013	Take an Interview	speak	B	repair_before_pilot	high	GOV-001;S002-001;S002-002;REP-001	handled	not_applicable	T10/T11/T19	not_recorded_pending_rights_review	initial_audit_complete_with_findings	pending_independent_adjudication	blocked_not_validated	src/data/mocks/toefl-set-3.ts	Codex_initial_editorial_audit	2026-08-09
item:t4-r-cw1:blank-1	object:t4-r-cw1	set-4	1	R-001	Complete the Words	wordcomplete_blank	B	repair_before_pilot	high	GOV-001;R001-001;ED-001	handled	not_applicable	T09/T12	not_recorded_pending_rights_review	initial_audit_complete_with_findings	pending_independent_adjudication	blocked_not_validated	src/data/mocks/toefl-set-4.ts	Codex_initial_editorial_audit	2026-08-09
item:t4-r-cw1:blank-2	object:t4-r-cw1	set-4	1	R-001	Complete the Words	wordcomplete_blank	B	repair_before_pilot	high	GOV-001;R001-001;ED-001	handled	not_applicable	T09/T12	not_recorded_pending_rights_review	initial_audit_complete_with_findings	pending_independent_adjudication	blocked_not_validated	src/data/mocks/toefl-set-4.ts	Codex_initial_editorial_audit	2026-08-09
item:t4-r-cw1:blank-3	object:t4-r-cw1	set-4	1	R-001	Complete the Words	wordcomplete_blank	B	repair_before_pilot	high	GOV-001;R001-001;ED-001	handled	not_applicable	T09/T12	not_recorded_pending_rights_review	initial_audit_complete_with_findings	pending_independent_adjudication	blocked_not_validated	src/data/mocks/toefl-set-4.ts	Codex_initial_editorial_audit	2026-08-09
item:t4-r-cw1:blank-4	object:t4-r-cw1	set-4	1	R-001	Complete the Words	wordcomplete_blank	B	repair_before_pilot	high	GOV-001;R001-001;ED-001	handled	not_applicable	T09/T12	not_recorded_pending_rights_review	initial_audit_complete_with_findings	pending_independent_adjudication	blocked_not_validated	src/data/mocks/toefl-set-4.ts	Codex_initial_editorial_audit	2026-08-09
item:t4-r-cw1:blank-5	object:t4-r-cw1	set-4	1	R-001	Complete the Words	wordcomplete_blank	B	repair_before_pilot	high	GOV-001;R001-001;ED-001	handled	not_applicable	T09/T12	not_recorded_pending_rights_review	initial_audit_complete_with_findings	pending_independent_adjudication	blocked_not_validated	src/data/mocks/toefl-set-4.ts	Codex_initial_editorial_audit	2026-08-09
item:t4-r-cw1:blank-6	object:t4-r-cw1	set-4	1	R-001	Complete the Words	wordcomplete_blank	B	repair_before_pilot	high	GOV-001;R001-001;ED-001	handled	not_applicable	T09/T12	not_recorded_pending_rights_review	initial_audit_complete_with_findings	pending_independent_adjudication	blocked_not_validated	src/data/mocks/toefl-set-4.ts	Codex_initial_editorial_audit	2026-08-09
item:t4-r-cw2:blank-1	object:t4-r-cw2	set-4	1	R-001	Complete the Words	wordcomplete_blank	B	repair_before_pilot	high	GOV-001;R001-001	handled	not_applicable	T09/T12	not_recorded_pending_rights_review	initial_audit_complete_with_findings	pending_independent_adjudication	blocked_not_validated	src/data/mocks/toefl-set-4.ts	Codex_initial_editorial_audit	2026-08-09
item:t4-r-cw2:blank-2	object:t4-r-cw2	set-4	1	R-001	Complete the Words	wordcomplete_blank	B	repair_before_pilot	high	GOV-001;R001-001	handled	not_applicable	T09/T12	not_recorded_pending_rights_review	initial_audit_complete_with_findings	pending_independent_adjudication	blocked_not_validated	src/data/mocks/toefl-set-4.ts	Codex_initial_editorial_audit	2026-08-09
item:t4-r-cw2:blank-3	object:t4-r-cw2	set-4	1	R-001	Complete the Words	wordcomplete_blank	B	repair_before_pilot	high	GOV-001;R001-001	handled	not_applicable	T09/T12	not_recorded_pending_rights_review	initial_audit_complete_with_findings	pending_independent_adjudication	blocked_not_validated	src/data/mocks/toefl-set-4.ts	Codex_initial_editorial_audit	2026-08-09
item:t4-r-cw2:blank-4	object:t4-r-cw2	set-4	1	R-001	Complete the Words	wordcomplete_blank	B	repair_before_pilot	high	GOV-001;R001-001	handled	not_applicable	T09/T12	not_recorded_pending_rights_review	initial_audit_complete_with_findings	pending_independent_adjudication	blocked_not_validated	src/data/mocks/toefl-set-4.ts	Codex_initial_editorial_audit	2026-08-09
item:t4-r-cw2:blank-5	object:t4-r-cw2	set-4	1	R-001	Complete the Words	wordcomplete_blank	B	repair_before_pilot	high	GOV-001;R001-001	handled	not_applicable	T09/T12	not_recorded_pending_rights_review	initial_audit_complete_with_findings	pending_independent_adjudication	blocked_not_validated	src/data/mocks/toefl-set-4.ts	Codex_initial_editorial_audit	2026-08-09
item:t4-r-cw2:blank-6	object:t4-r-cw2	set-4	1	R-001	Complete the Words	wordcomplete_blank	B	repair_before_pilot	high	GOV-001;R001-001	handled	not_applicable	T09/T12	not_recorded_pending_rights_review	initial_audit_complete_with_findings	pending_independent_adjudication	blocked_not_validated	src/data/mocks/toefl-set-4.ts	Codex_initial_editorial_audit	2026-08-09
item:t4-r-dl1	object:t4-r-dl1	set-4	2	R-002	Read in Daily Life	mcq	A	conserve_editorial_candidate	none	GOV-001	handled	not_applicable	T09/T13	not_recorded_pending_rights_review	initial_audit_complete_with_findings	pending_independent_adjudication	blocked_not_validated	src/data/mocks/toefl-set-4.ts	Codex_initial_editorial_audit	2026-08-09
item:t4-r-dl2	object:t4-r-dl2	set-4	2	R-002	Read in Daily Life	mcq	B	repair_before_pilot	high	GOV-001;ED-002	handled	not_applicable	T09/T13	not_recorded_pending_rights_review	initial_audit_complete_with_findings	pending_independent_adjudication	blocked_not_validated	src/data/mocks/toefl-set-4.ts	Codex_initial_editorial_audit	2026-08-09
item:t4-r-dl3	object:t4-r-dl3	set-4	2	R-002	Read in Daily Life	mcq	A	conserve_editorial_candidate	none	GOV-001	handled	not_applicable	T09/T13	not_recorded_pending_rights_review	initial_audit_complete_with_findings	pending_independent_adjudication	blocked_not_validated	src/data/mocks/toefl-set-4.ts	Codex_initial_editorial_audit	2026-08-09
item:t4-r-dl4	object:t4-r-dl4	set-4	3	R-003	Read in Daily Life	mcq	B	repair_before_pilot	high	GOV-001;ED-002	handled	not_applicable	T09/T13	not_recorded_pending_rights_review	initial_audit_complete_with_findings	pending_independent_adjudication	blocked_not_validated	src/data/mocks/toefl-set-4.ts	Codex_initial_editorial_audit	2026-08-09
item:t4-r-dl5	object:t4-r-dl5	set-4	3	R-003	Read in Daily Life	mcq	B	repair_before_pilot	high	GOV-001;ED-002	handled	not_applicable	T09/T13	not_recorded_pending_rights_review	initial_audit_complete_with_findings	pending_independent_adjudication	blocked_not_validated	src/data/mocks/toefl-set-4.ts	Codex_initial_editorial_audit	2026-08-09
item:t4-r-ap1	object:t4-r-ap1	set-4	4	R-004	Read an Academic Passage	mcq	C	derive_or_segment_preserving_original	high	GOV-001;ED-002;R003-001	handled	not_applicable	T09/T13	not_recorded_pending_rights_review	initial_audit_complete_with_findings	pending_independent_adjudication	blocked_not_validated	src/data/mocks/toefl-set-4.ts	Codex_initial_editorial_audit	2026-08-09
item:t4-r-ap2	object:t4-r-ap2	set-4	4	R-004	Read an Academic Passage	mcq	C	derive_or_segment_preserving_original	high	GOV-001;ED-002;R003-001	handled	not_applicable	T09/T13	not_recorded_pending_rights_review	initial_audit_complete_with_findings	pending_independent_adjudication	blocked_not_validated	src/data/mocks/toefl-set-4.ts	Codex_initial_editorial_audit	2026-08-09
item:t4-r-ap3	object:t4-r-ap3	set-4	4	R-004	Read an Academic Passage	mcq	C	derive_or_segment_preserving_original	high	GOV-001;ED-002;R003-001	handled	not_applicable	T09/T13	not_recorded_pending_rights_review	initial_audit_complete_with_findings	pending_independent_adjudication	blocked_not_validated	src/data/mocks/toefl-set-4.ts	Codex_initial_editorial_audit	2026-08-09
item:t4-r-ap4	object:t4-r-ap4	set-4	4	R-004	Read an Academic Passage	mcq	C	derive_or_segment_preserving_original	high	GOV-001;ED-002;R003-001	handled	not_applicable	T09/T13	not_recorded_pending_rights_review	initial_audit_complete_with_findings	pending_independent_adjudication	blocked_not_validated	src/data/mocks/toefl-set-4.ts	Codex_initial_editorial_audit	2026-08-09
item:t4-r-ap5	object:t4-r-ap5	set-4	4	R-004	Read an Academic Passage	mcq	C	derive_or_segment_preserving_original	high	GOV-001;ED-002;R003-001	handled	not_applicable	T09/T13	not_recorded_pending_rights_review	initial_audit_complete_with_findings	pending_independent_adjudication	blocked_not_validated	src/data/mocks/toefl-set-4.ts	Codex_initial_editorial_audit	2026-08-09
item:t4-r-ap6	object:t4-r-ap6	set-4	4	R-004	Read an Academic Passage	multiselect	C	derive_or_segment_preserving_original	critical	GOV-001;R003-001;R003-002	unhandled	not_applicable	T09/T13	not_recorded_pending_rights_review	initial_audit_complete_with_findings	pending_independent_adjudication	blocked_not_validated	src/data/mocks/toefl-set-4.ts	Codex_initial_editorial_audit	2026-08-09
item:t4-l-cr1	object:t4-l-cr1	set-4	5	R-005	Listen and Choose a Response	mcq	B	repair_before_pilot	high	GOV-001;ED-002;L001-001;L001-002;AUD-001	handled	pending_T06_T07_T08	T09/T14	not_recorded_pending_rights_review	initial_audit_complete_with_findings	pending_independent_adjudication	blocked_not_validated	src/data/mocks/toefl-set-4.ts	Codex_initial_editorial_audit	2026-08-09
item:t4-l-cr2	object:t4-l-cr2	set-4	5	R-005	Listen and Choose a Response	mcq	B	repair_before_pilot	high	GOV-001;ED-002;L001-001;L001-002;AUD-001	handled	pending_T06_T07_T08	T09/T14	not_recorded_pending_rights_review	initial_audit_complete_with_findings	pending_independent_adjudication	blocked_not_validated	src/data/mocks/toefl-set-4.ts	Codex_initial_editorial_audit	2026-08-09
item:t4-l-cr3	object:t4-l-cr3	set-4	5	R-005	Listen and Choose a Response	mcq	B	repair_before_pilot	high	GOV-001;ED-002;L001-001;L001-002;AUD-001	handled	pending_T06_T07_T08	T09/T14	not_recorded_pending_rights_review	initial_audit_complete_with_findings	pending_independent_adjudication	blocked_not_validated	src/data/mocks/toefl-set-4.ts	Codex_initial_editorial_audit	2026-08-09
item:t4-l-cr4	object:t4-l-cr4	set-4	5	R-005	Listen and Choose a Response	mcq	B	repair_before_pilot	high	GOV-001;ED-002;L001-001;L001-002;AUD-001	handled	pending_T06_T07_T08	T09/T14	not_recorded_pending_rights_review	initial_audit_complete_with_findings	pending_independent_adjudication	blocked_not_validated	src/data/mocks/toefl-set-4.ts	Codex_initial_editorial_audit	2026-08-09
item:t4-l-cr5	object:t4-l-cr5	set-4	5	R-005	Listen and Choose a Response	mcq	B	repair_before_pilot	high	GOV-001;ED-002;L001-001;L001-002;AUD-001	handled	pending_T06_T07_T08	T09/T14	not_recorded_pending_rights_review	initial_audit_complete_with_findings	pending_independent_adjudication	blocked_not_validated	src/data/mocks/toefl-set-4.ts	Codex_initial_editorial_audit	2026-08-09
item:t4-l-cv1	object:t4-l-cv1	set-4	6	R-006	Listen to a Conversation	mcq	B	repair_before_pilot	high	GOV-001;ED-002;AUD-001	handled	pending_T06_T07_T08	T09/T15	not_recorded_pending_rights_review	initial_audit_complete_with_findings	pending_independent_adjudication	blocked_not_validated	src/data/mocks/toefl-set-4.ts	Codex_initial_editorial_audit	2026-08-09
item:t4-l-cv2	object:t4-l-cv2	set-4	6	R-006	Listen to a Conversation	mcq	B	repair_before_pilot	high	GOV-001;ED-002;AUD-001	handled	pending_T06_T07_T08	T09/T15	not_recorded_pending_rights_review	initial_audit_complete_with_findings	pending_independent_adjudication	blocked_not_validated	src/data/mocks/toefl-set-4.ts	Codex_initial_editorial_audit	2026-08-09
item:t4-l-cv3	object:t4-l-cv3	set-4	6	R-006	Listen to a Conversation	mcq	B	repair_before_pilot	high	GOV-001;ED-002;AUD-001	handled	pending_T06_T07_T08	T09/T15	not_recorded_pending_rights_review	initial_audit_complete_with_findings	pending_independent_adjudication	blocked_not_validated	src/data/mocks/toefl-set-4.ts	Codex_initial_editorial_audit	2026-08-09
item:t4-l-cv4	object:t4-l-cv4	set-4	6	R-006	Listen to a Conversation	mcq	B	repair_before_pilot	high	GOV-001;ED-002;AUD-001	handled	pending_T06_T07_T08	T09/T15	not_recorded_pending_rights_review	initial_audit_complete_with_findings	pending_independent_adjudication	blocked_not_validated	src/data/mocks/toefl-set-4.ts	Codex_initial_editorial_audit	2026-08-09
item:t4-l-an1	object:t4-l-an1	set-4	7	R-007	Listen to an Announcement	mcq	B	repair_before_pilot	high	GOV-001;ED-002;AUD-001	handled	pending_T06_T07_T08	T09/T15	not_recorded_pending_rights_review	initial_audit_complete_with_findings	pending_independent_adjudication	blocked_not_validated	src/data/mocks/toefl-set-4.ts	Codex_initial_editorial_audit	2026-08-09
item:t4-l-an2	object:t4-l-an2	set-4	7	R-007	Listen to an Announcement	mcq	B	repair_before_pilot	high	GOV-001;ED-002;AUD-001	handled	pending_T06_T07_T08	T09/T15	not_recorded_pending_rights_review	initial_audit_complete_with_findings	pending_independent_adjudication	blocked_not_validated	src/data/mocks/toefl-set-4.ts	Codex_initial_editorial_audit	2026-08-09
item:t4-l-an3	object:t4-l-an3	set-4	7	R-007	Listen to an Announcement	mcq	B	repair_before_pilot	high	GOV-001;ED-002;AUD-001	handled	pending_T06_T07_T08	T09/T15	not_recorded_pending_rights_review	initial_audit_complete_with_findings	pending_independent_adjudication	blocked_not_validated	src/data/mocks/toefl-set-4.ts	Codex_initial_editorial_audit	2026-08-09
item:t4-l-at1	object:t4-l-at1	set-4	8	R-008	Listen to an Academic Talk	mcq	C	derive_or_segment_preserving_original	high	GOV-001;ED-002;AUD-001;L004-001	handled	pending_T06_T07_T08	T09/T15	not_recorded_pending_rights_review	initial_audit_complete_with_findings	pending_independent_adjudication	blocked_not_validated	src/data/mocks/toefl-set-4.ts	Codex_initial_editorial_audit	2026-08-09
item:t4-l-at2	object:t4-l-at2	set-4	8	R-008	Listen to an Academic Talk	mcq	C	derive_or_segment_preserving_original	high	GOV-001;ED-002;AUD-001;L004-001	handled	pending_T06_T07_T08	T09/T15	not_recorded_pending_rights_review	initial_audit_complete_with_findings	pending_independent_adjudication	blocked_not_validated	src/data/mocks/toefl-set-4.ts	Codex_initial_editorial_audit	2026-08-09
item:t4-l-at3	object:t4-l-at3	set-4	8	R-008	Listen to an Academic Talk	mcq	C	derive_or_segment_preserving_original	high	GOV-001;ED-002;AUD-001;L004-001	handled	pending_T06_T07_T08	T09/T15	not_recorded_pending_rights_review	initial_audit_complete_with_findings	pending_independent_adjudication	blocked_not_validated	src/data/mocks/toefl-set-4.ts	Codex_initial_editorial_audit	2026-08-09
item:t4-l-at4	object:t4-l-at4	set-4	8	R-008	Listen to an Academic Talk	mcq	C	derive_or_segment_preserving_original	high	GOV-001;ED-002;AUD-001;L004-001	handled	pending_T06_T07_T08	T09/T15	not_recorded_pending_rights_review	initial_audit_complete_with_findings	pending_independent_adjudication	blocked_not_validated	src/data/mocks/toefl-set-4.ts	Codex_initial_editorial_audit	2026-08-09
item:t4-l-at5	object:t4-l-at5	set-4	8	R-008	Listen to an Academic Talk	mcq	C	derive_or_segment_preserving_original	high	GOV-001;ED-002;AUD-001;L004-001	handled	pending_T06_T07_T08	T09/T15	not_recorded_pending_rights_review	initial_audit_complete_with_findings	pending_independent_adjudication	blocked_not_validated	src/data/mocks/toefl-set-4.ts	Codex_initial_editorial_audit	2026-08-09
item:t4-w-bs1	object:t4-w-bs1	set-4	9	R-009	Build a Sentence	sentencebuild	B	repair_before_pilot	high	GOV-001;W001-001;W001-002;W001-003	handled	not_applicable	T09/T16	not_recorded_pending_rights_review	initial_audit_complete_with_findings	pending_independent_adjudication	blocked_not_validated	src/data/mocks/toefl-set-4.ts	Codex_initial_editorial_audit	2026-08-09
item:t4-w-bs2	object:t4-w-bs2	set-4	9	R-009	Build a Sentence	sentencebuild	B	repair_before_pilot	high	GOV-001;W001-001;W001-002	handled	not_applicable	T09/T16	not_recorded_pending_rights_review	initial_audit_complete_with_findings	pending_independent_adjudication	blocked_not_validated	src/data/mocks/toefl-set-4.ts	Codex_initial_editorial_audit	2026-08-09
item:t4-w-bs3	object:t4-w-bs3	set-4	9	R-009	Build a Sentence	sentencebuild	B	repair_before_pilot	high	GOV-001;W001-001;W001-002	handled	not_applicable	T09/T16	not_recorded_pending_rights_review	initial_audit_complete_with_findings	pending_independent_adjudication	blocked_not_validated	src/data/mocks/toefl-set-4.ts	Codex_initial_editorial_audit	2026-08-09
item:t4-w-bs4	object:t4-w-bs4	set-4	9	R-009	Build a Sentence	sentencebuild	B	repair_before_pilot	high	GOV-001;W001-001;W001-002	handled	not_applicable	T09/T16	not_recorded_pending_rights_review	initial_audit_complete_with_findings	pending_independent_adjudication	blocked_not_validated	src/data/mocks/toefl-set-4.ts	Codex_initial_editorial_audit	2026-08-09
item:t4-w-bs5	object:t4-w-bs5	set-4	9	R-009	Build a Sentence	sentencebuild	B	repair_before_pilot	high	GOV-001;W001-001;W001-002	handled	not_applicable	T09/T16	not_recorded_pending_rights_review	initial_audit_complete_with_findings	pending_independent_adjudication	blocked_not_validated	src/data/mocks/toefl-set-4.ts	Codex_initial_editorial_audit	2026-08-09
item:t4-w-bs6	object:t4-w-bs6	set-4	9	R-009	Build a Sentence	sentencebuild	B	repair_before_pilot	high	GOV-001;W001-001;W001-002	handled	not_applicable	T09/T16	not_recorded_pending_rights_review	initial_audit_complete_with_findings	pending_independent_adjudication	blocked_not_validated	src/data/mocks/toefl-set-4.ts	Codex_initial_editorial_audit	2026-08-09
item:t4-w-email	object:t4-w-email	set-4	10	R-010	Write an Email	write	B	repair_before_pilot	high	GOV-001;W002-001	handled	not_applicable	T10/T11/T17	not_recorded_pending_rights_review	initial_audit_complete_with_findings	pending_independent_adjudication	blocked_not_validated	src/data/mocks/toefl-set-4.ts	Codex_initial_editorial_audit	2026-08-09
item:t4-w-disc	object:t4-w-disc	set-4	11	R-011	Write for an Academic Discussion	write	B	repair_before_pilot	high	GOV-001;W003-001	handled	not_applicable	T10/T11/T17	not_recorded_pending_rights_review	initial_audit_complete_with_findings	pending_independent_adjudication	blocked_not_validated	src/data/mocks/toefl-set-4.ts	Codex_initial_editorial_audit	2026-08-09
item:t4-s-rp1	object:t4-s-rp1	set-4	12	R-012	Listen and Repeat	repeat	B	repair_before_pilot	critical	GOV-001;AUD-001;S001-001	handled	pending_T06_T07_T08	T10/T11/T18	not_recorded_pending_rights_review	initial_audit_complete_with_findings	pending_independent_adjudication	blocked_not_validated	src/data/mocks/toefl-set-4.ts	Codex_initial_editorial_audit	2026-08-09
item:t4-s-rp2	object:t4-s-rp2	set-4	12	R-012	Listen and Repeat	repeat	B	repair_before_pilot	critical	GOV-001;AUD-001;S001-001	handled	pending_T06_T07_T08	T10/T11/T18	not_recorded_pending_rights_review	initial_audit_complete_with_findings	pending_independent_adjudication	blocked_not_validated	src/data/mocks/toefl-set-4.ts	Codex_initial_editorial_audit	2026-08-09
item:t4-s-rp3	object:t4-s-rp3	set-4	12	R-012	Listen and Repeat	repeat	B	repair_before_pilot	critical	GOV-001;AUD-001;S001-001	handled	pending_T06_T07_T08	T10/T11/T18	not_recorded_pending_rights_review	initial_audit_complete_with_findings	pending_independent_adjudication	blocked_not_validated	src/data/mocks/toefl-set-4.ts	Codex_initial_editorial_audit	2026-08-09
item:t4-s-rp4	object:t4-s-rp4	set-4	12	R-012	Listen and Repeat	repeat	B	repair_before_pilot	critical	GOV-001;AUD-001;S001-001	handled	pending_T06_T07_T08	T10/T11/T18	not_recorded_pending_rights_review	initial_audit_complete_with_findings	pending_independent_adjudication	blocked_not_validated	src/data/mocks/toefl-set-4.ts	Codex_initial_editorial_audit	2026-08-09
item:t4-s-rp5	object:t4-s-rp5	set-4	12	R-012	Listen and Repeat	repeat	B	repair_before_pilot	critical	GOV-001;AUD-001;S001-001	handled	pending_T06_T07_T08	T10/T11/T18	not_recorded_pending_rights_review	initial_audit_complete_with_findings	pending_independent_adjudication	blocked_not_validated	src/data/mocks/toefl-set-4.ts	Codex_initial_editorial_audit	2026-08-09
item:t4-s-iv1	object:t4-s-iv1	set-4	13	R-013	Take an Interview	speak	B	repair_before_pilot	high	GOV-001;S002-001;S002-002	handled	not_applicable	T10/T11/T19	not_recorded_pending_rights_review	initial_audit_complete_with_findings	pending_independent_adjudication	blocked_not_validated	src/data/mocks/toefl-set-4.ts	Codex_initial_editorial_audit	2026-08-09
item:t4-s-iv2	object:t4-s-iv2	set-4	13	R-013	Take an Interview	speak	B	repair_before_pilot	high	GOV-001;S002-001;S002-002	handled	not_applicable	T10/T11/T19	not_recorded_pending_rights_review	initial_audit_complete_with_findings	pending_independent_adjudication	blocked_not_validated	src/data/mocks/toefl-set-4.ts	Codex_initial_editorial_audit	2026-08-09
item:t4-s-iv3	object:t4-s-iv3	set-4	13	R-013	Take an Interview	speak	B	repair_before_pilot	high	GOV-001;S002-001;S002-002	handled	not_applicable	T10/T11/T19	not_recorded_pending_rights_review	initial_audit_complete_with_findings	pending_independent_adjudication	blocked_not_validated	src/data/mocks/toefl-set-4.ts	Codex_initial_editorial_audit	2026-08-09
item:t4-s-iv4	object:t4-s-iv4	set-4	13	R-013	Take an Interview	speak	B	repair_before_pilot	high	GOV-001;S002-001;S002-002;REP-001	handled	not_applicable	T10/T11/T19	not_recorded_pending_rights_review	initial_audit_complete_with_findings	pending_independent_adjudication	blocked_not_validated	src/data/mocks/toefl-set-4.ts	Codex_initial_editorial_audit	2026-08-09
item:t5-r-cw1:blank-1	object:t5-r-cw1	set-5	1	R-001	Complete the Words	wordcomplete_blank	B	repair_before_pilot	high	GOV-001;R001-001	handled	not_applicable	T09/T12	not_recorded_pending_rights_review	initial_audit_complete_with_findings	pending_independent_adjudication	blocked_not_validated	src/data/mocks/toefl-set-5.ts	Codex_initial_editorial_audit	2026-08-09
item:t5-r-cw1:blank-2	object:t5-r-cw1	set-5	1	R-001	Complete the Words	wordcomplete_blank	B	repair_before_pilot	high	GOV-001;R001-001	handled	not_applicable	T09/T12	not_recorded_pending_rights_review	initial_audit_complete_with_findings	pending_independent_adjudication	blocked_not_validated	src/data/mocks/toefl-set-5.ts	Codex_initial_editorial_audit	2026-08-09
item:t5-r-cw1:blank-3	object:t5-r-cw1	set-5	1	R-001	Complete the Words	wordcomplete_blank	B	repair_before_pilot	high	GOV-001;R001-001	handled	not_applicable	T09/T12	not_recorded_pending_rights_review	initial_audit_complete_with_findings	pending_independent_adjudication	blocked_not_validated	src/data/mocks/toefl-set-5.ts	Codex_initial_editorial_audit	2026-08-09
item:t5-r-cw1:blank-4	object:t5-r-cw1	set-5	1	R-001	Complete the Words	wordcomplete_blank	B	repair_before_pilot	high	GOV-001;R001-001	handled	not_applicable	T09/T12	not_recorded_pending_rights_review	initial_audit_complete_with_findings	pending_independent_adjudication	blocked_not_validated	src/data/mocks/toefl-set-5.ts	Codex_initial_editorial_audit	2026-08-09
item:t5-r-cw1:blank-5	object:t5-r-cw1	set-5	1	R-001	Complete the Words	wordcomplete_blank	B	repair_before_pilot	high	GOV-001;R001-001	handled	not_applicable	T09/T12	not_recorded_pending_rights_review	initial_audit_complete_with_findings	pending_independent_adjudication	blocked_not_validated	src/data/mocks/toefl-set-5.ts	Codex_initial_editorial_audit	2026-08-09
item:t5-r-cw1:blank-6	object:t5-r-cw1	set-5	1	R-001	Complete the Words	wordcomplete_blank	B	repair_before_pilot	high	GOV-001;R001-001	handled	not_applicable	T09/T12	not_recorded_pending_rights_review	initial_audit_complete_with_findings	pending_independent_adjudication	blocked_not_validated	src/data/mocks/toefl-set-5.ts	Codex_initial_editorial_audit	2026-08-09
item:t5-r-cw2:blank-1	object:t5-r-cw2	set-5	1	R-001	Complete the Words	wordcomplete_blank	B	repair_before_pilot	high	GOV-001;R001-001	handled	not_applicable	T09/T12	not_recorded_pending_rights_review	initial_audit_complete_with_findings	pending_independent_adjudication	blocked_not_validated	src/data/mocks/toefl-set-5.ts	Codex_initial_editorial_audit	2026-08-09
item:t5-r-cw2:blank-2	object:t5-r-cw2	set-5	1	R-001	Complete the Words	wordcomplete_blank	B	repair_before_pilot	high	GOV-001;R001-001	handled	not_applicable	T09/T12	not_recorded_pending_rights_review	initial_audit_complete_with_findings	pending_independent_adjudication	blocked_not_validated	src/data/mocks/toefl-set-5.ts	Codex_initial_editorial_audit	2026-08-09
item:t5-r-cw2:blank-3	object:t5-r-cw2	set-5	1	R-001	Complete the Words	wordcomplete_blank	B	repair_before_pilot	high	GOV-001;R001-001	handled	not_applicable	T09/T12	not_recorded_pending_rights_review	initial_audit_complete_with_findings	pending_independent_adjudication	blocked_not_validated	src/data/mocks/toefl-set-5.ts	Codex_initial_editorial_audit	2026-08-09
item:t5-r-cw2:blank-4	object:t5-r-cw2	set-5	1	R-001	Complete the Words	wordcomplete_blank	B	repair_before_pilot	high	GOV-001;R001-001	handled	not_applicable	T09/T12	not_recorded_pending_rights_review	initial_audit_complete_with_findings	pending_independent_adjudication	blocked_not_validated	src/data/mocks/toefl-set-5.ts	Codex_initial_editorial_audit	2026-08-09
item:t5-r-cw2:blank-5	object:t5-r-cw2	set-5	1	R-001	Complete the Words	wordcomplete_blank	B	repair_before_pilot	high	GOV-001;R001-001	handled	not_applicable	T09/T12	not_recorded_pending_rights_review	initial_audit_complete_with_findings	pending_independent_adjudication	blocked_not_validated	src/data/mocks/toefl-set-5.ts	Codex_initial_editorial_audit	2026-08-09
item:t5-r-cw2:blank-6	object:t5-r-cw2	set-5	1	R-001	Complete the Words	wordcomplete_blank	B	repair_before_pilot	high	GOV-001;R001-001	handled	not_applicable	T09/T12	not_recorded_pending_rights_review	initial_audit_complete_with_findings	pending_independent_adjudication	blocked_not_validated	src/data/mocks/toefl-set-5.ts	Codex_initial_editorial_audit	2026-08-09
item:t5-r-dl1	object:t5-r-dl1	set-5	2	R-002	Read in Daily Life	mcq	B	repair_before_pilot	high	GOV-001;ED-002	handled	not_applicable	T09/T13	not_recorded_pending_rights_review	initial_audit_complete_with_findings	pending_independent_adjudication	blocked_not_validated	src/data/mocks/toefl-set-5.ts	Codex_initial_editorial_audit	2026-08-09
item:t5-r-dl2	object:t5-r-dl2	set-5	2	R-002	Read in Daily Life	mcq	A	conserve_editorial_candidate	none	GOV-001	handled	not_applicable	T09/T13	not_recorded_pending_rights_review	initial_audit_complete_with_findings	pending_independent_adjudication	blocked_not_validated	src/data/mocks/toefl-set-5.ts	Codex_initial_editorial_audit	2026-08-09
item:t5-r-dl3	object:t5-r-dl3	set-5	2	R-002	Read in Daily Life	mcq	A	conserve_editorial_candidate	none	GOV-001	handled	not_applicable	T09/T13	not_recorded_pending_rights_review	initial_audit_complete_with_findings	pending_independent_adjudication	blocked_not_validated	src/data/mocks/toefl-set-5.ts	Codex_initial_editorial_audit	2026-08-09
item:t5-r-dl4	object:t5-r-dl4	set-5	3	R-003	Read in Daily Life	mcq	B	repair_before_pilot	high	GOV-001;ED-002	handled	not_applicable	T09/T13	not_recorded_pending_rights_review	initial_audit_complete_with_findings	pending_independent_adjudication	blocked_not_validated	src/data/mocks/toefl-set-5.ts	Codex_initial_editorial_audit	2026-08-09
item:t5-r-dl5	object:t5-r-dl5	set-5	3	R-003	Read in Daily Life	mcq	A	conserve_editorial_candidate	none	GOV-001	handled	not_applicable	T09/T13	not_recorded_pending_rights_review	initial_audit_complete_with_findings	pending_independent_adjudication	blocked_not_validated	src/data/mocks/toefl-set-5.ts	Codex_initial_editorial_audit	2026-08-09
item:t5-r-ap1	object:t5-r-ap1	set-5	4	R-004	Read an Academic Passage	mcq	C	derive_or_segment_preserving_original	high	GOV-001;R003-001	handled	not_applicable	T09/T13	not_recorded_pending_rights_review	initial_audit_complete_with_findings	pending_independent_adjudication	blocked_not_validated	src/data/mocks/toefl-set-5.ts	Codex_initial_editorial_audit	2026-08-09
item:t5-r-ap2	object:t5-r-ap2	set-5	4	R-004	Read an Academic Passage	mcq	C	derive_or_segment_preserving_original	high	GOV-001;ED-002;R003-001	handled	not_applicable	T09/T13	not_recorded_pending_rights_review	initial_audit_complete_with_findings	pending_independent_adjudication	blocked_not_validated	src/data/mocks/toefl-set-5.ts	Codex_initial_editorial_audit	2026-08-09
item:t5-r-ap3	object:t5-r-ap3	set-5	4	R-004	Read an Academic Passage	mcq	C	derive_or_segment_preserving_original	high	GOV-001;ED-002;R003-001	handled	not_applicable	T09/T13	not_recorded_pending_rights_review	initial_audit_complete_with_findings	pending_independent_adjudication	blocked_not_validated	src/data/mocks/toefl-set-5.ts	Codex_initial_editorial_audit	2026-08-09
item:t5-r-ap4	object:t5-r-ap4	set-5	4	R-004	Read an Academic Passage	mcq	C	derive_or_segment_preserving_original	high	GOV-001;ED-002;R003-001	handled	not_applicable	T09/T13	not_recorded_pending_rights_review	initial_audit_complete_with_findings	pending_independent_adjudication	blocked_not_validated	src/data/mocks/toefl-set-5.ts	Codex_initial_editorial_audit	2026-08-09
item:t5-r-ap5	object:t5-r-ap5	set-5	4	R-004	Read an Academic Passage	mcq	C	derive_or_segment_preserving_original	high	GOV-001;ED-002;R003-001	handled	not_applicable	T09/T13	not_recorded_pending_rights_review	initial_audit_complete_with_findings	pending_independent_adjudication	blocked_not_validated	src/data/mocks/toefl-set-5.ts	Codex_initial_editorial_audit	2026-08-09
item:t5-r-ap6	object:t5-r-ap6	set-5	4	R-004	Read an Academic Passage	multiselect	C	derive_or_segment_preserving_original	critical	GOV-001;R003-001;R003-002	unhandled	not_applicable	T09/T13	not_recorded_pending_rights_review	initial_audit_complete_with_findings	pending_independent_adjudication	blocked_not_validated	src/data/mocks/toefl-set-5.ts	Codex_initial_editorial_audit	2026-08-09
item:t5-l-cr1	object:t5-l-cr1	set-5	5	R-005	Listen and Choose a Response	mcq	B	repair_before_pilot	high	GOV-001;ED-002;L001-001;L001-002;AUD-001	handled	pending_T06_T07_T08	T09/T14	not_recorded_pending_rights_review	initial_audit_complete_with_findings	pending_independent_adjudication	blocked_not_validated	src/data/mocks/toefl-set-5.ts	Codex_initial_editorial_audit	2026-08-09
item:t5-l-cr2	object:t5-l-cr2	set-5	5	R-005	Listen and Choose a Response	mcq	B	repair_before_pilot	high	GOV-001;ED-002;L001-001;L001-002;AUD-001	handled	pending_T06_T07_T08	T09/T14	not_recorded_pending_rights_review	initial_audit_complete_with_findings	pending_independent_adjudication	blocked_not_validated	src/data/mocks/toefl-set-5.ts	Codex_initial_editorial_audit	2026-08-09
item:t5-l-cr3	object:t5-l-cr3	set-5	5	R-005	Listen and Choose a Response	mcq	B	repair_before_pilot	high	GOV-001;ED-002;L001-001;L001-002;AUD-001	handled	pending_T06_T07_T08	T09/T14	not_recorded_pending_rights_review	initial_audit_complete_with_findings	pending_independent_adjudication	blocked_not_validated	src/data/mocks/toefl-set-5.ts	Codex_initial_editorial_audit	2026-08-09
item:t5-l-cr4	object:t5-l-cr4	set-5	5	R-005	Listen and Choose a Response	mcq	B	repair_before_pilot	high	GOV-001;ED-002;L001-001;L001-002;AUD-001	handled	pending_T06_T07_T08	T09/T14	not_recorded_pending_rights_review	initial_audit_complete_with_findings	pending_independent_adjudication	blocked_not_validated	src/data/mocks/toefl-set-5.ts	Codex_initial_editorial_audit	2026-08-09
item:t5-l-cr5	object:t5-l-cr5	set-5	5	R-005	Listen and Choose a Response	mcq	B	repair_before_pilot	high	GOV-001;ED-002;L001-001;L001-002;AUD-001	handled	pending_T06_T07_T08	T09/T14	not_recorded_pending_rights_review	initial_audit_complete_with_findings	pending_independent_adjudication	blocked_not_validated	src/data/mocks/toefl-set-5.ts	Codex_initial_editorial_audit	2026-08-09
item:t5-l-cv1	object:t5-l-cv1	set-5	6	R-006	Listen to a Conversation	mcq	A	conserve_editorial_candidate	none	GOV-001;AUD-001	handled	pending_T06_T07_T08	T09/T15	not_recorded_pending_rights_review	initial_audit_complete_with_findings	pending_independent_adjudication	blocked_not_validated	src/data/mocks/toefl-set-5.ts	Codex_initial_editorial_audit	2026-08-09
item:t5-l-cv2	object:t5-l-cv2	set-5	6	R-006	Listen to a Conversation	mcq	A	conserve_editorial_candidate	none	GOV-001;AUD-001	handled	pending_T06_T07_T08	T09/T15	not_recorded_pending_rights_review	initial_audit_complete_with_findings	pending_independent_adjudication	blocked_not_validated	src/data/mocks/toefl-set-5.ts	Codex_initial_editorial_audit	2026-08-09
item:t5-l-cv3	object:t5-l-cv3	set-5	6	R-006	Listen to a Conversation	mcq	B	repair_before_pilot	high	GOV-001;ED-002;AUD-001	handled	pending_T06_T07_T08	T09/T15	not_recorded_pending_rights_review	initial_audit_complete_with_findings	pending_independent_adjudication	blocked_not_validated	src/data/mocks/toefl-set-5.ts	Codex_initial_editorial_audit	2026-08-09
item:t5-l-cv4	object:t5-l-cv4	set-5	6	R-006	Listen to a Conversation	mcq	A	conserve_editorial_candidate	none	GOV-001;AUD-001	handled	pending_T06_T07_T08	T09/T15	not_recorded_pending_rights_review	initial_audit_complete_with_findings	pending_independent_adjudication	blocked_not_validated	src/data/mocks/toefl-set-5.ts	Codex_initial_editorial_audit	2026-08-09
item:t5-l-an1	object:t5-l-an1	set-5	7	R-007	Listen to an Announcement	mcq	B	repair_before_pilot	high	GOV-001;ED-002;AUD-001	handled	pending_T06_T07_T08	T09/T15	not_recorded_pending_rights_review	initial_audit_complete_with_findings	pending_independent_adjudication	blocked_not_validated	src/data/mocks/toefl-set-5.ts	Codex_initial_editorial_audit	2026-08-09
item:t5-l-an2	object:t5-l-an2	set-5	7	R-007	Listen to an Announcement	mcq	A	conserve_editorial_candidate	none	GOV-001;AUD-001	handled	pending_T06_T07_T08	T09/T15	not_recorded_pending_rights_review	initial_audit_complete_with_findings	pending_independent_adjudication	blocked_not_validated	src/data/mocks/toefl-set-5.ts	Codex_initial_editorial_audit	2026-08-09
item:t5-l-an3	object:t5-l-an3	set-5	7	R-007	Listen to an Announcement	mcq	A	conserve_editorial_candidate	none	GOV-001;AUD-001	handled	pending_T06_T07_T08	T09/T15	not_recorded_pending_rights_review	initial_audit_complete_with_findings	pending_independent_adjudication	blocked_not_validated	src/data/mocks/toefl-set-5.ts	Codex_initial_editorial_audit	2026-08-09
item:t5-l-at1	object:t5-l-at1	set-5	8	R-008	Listen to an Academic Talk	mcq	C	derive_or_segment_preserving_original	high	GOV-001;ED-002;AUD-001;L004-001	handled	pending_T06_T07_T08	T09/T15	not_recorded_pending_rights_review	initial_audit_complete_with_findings	pending_independent_adjudication	blocked_not_validated	src/data/mocks/toefl-set-5.ts	Codex_initial_editorial_audit	2026-08-09
item:t5-l-at2	object:t5-l-at2	set-5	8	R-008	Listen to an Academic Talk	mcq	C	derive_or_segment_preserving_original	high	GOV-001;ED-002;AUD-001;L004-001	handled	pending_T06_T07_T08	T09/T15	not_recorded_pending_rights_review	initial_audit_complete_with_findings	pending_independent_adjudication	blocked_not_validated	src/data/mocks/toefl-set-5.ts	Codex_initial_editorial_audit	2026-08-09
item:t5-l-at3	object:t5-l-at3	set-5	8	R-008	Listen to an Academic Talk	mcq	C	derive_or_segment_preserving_original	high	GOV-001;ED-002;AUD-001;L004-001	handled	pending_T06_T07_T08	T09/T15	not_recorded_pending_rights_review	initial_audit_complete_with_findings	pending_independent_adjudication	blocked_not_validated	src/data/mocks/toefl-set-5.ts	Codex_initial_editorial_audit	2026-08-09
item:t5-l-at4	object:t5-l-at4	set-5	8	R-008	Listen to an Academic Talk	mcq	C	derive_or_segment_preserving_original	high	GOV-001;ED-002;AUD-001;L004-001	handled	pending_T06_T07_T08	T09/T15	not_recorded_pending_rights_review	initial_audit_complete_with_findings	pending_independent_adjudication	blocked_not_validated	src/data/mocks/toefl-set-5.ts	Codex_initial_editorial_audit	2026-08-09
item:t5-l-at5	object:t5-l-at5	set-5	8	R-008	Listen to an Academic Talk	mcq	C	derive_or_segment_preserving_original	high	GOV-001;ED-002;AUD-001;L004-001	handled	pending_T06_T07_T08	T09/T15	not_recorded_pending_rights_review	initial_audit_complete_with_findings	pending_independent_adjudication	blocked_not_validated	src/data/mocks/toefl-set-5.ts	Codex_initial_editorial_audit	2026-08-09
item:t5-w-bs1	object:t5-w-bs1	set-5	9	R-009	Build a Sentence	sentencebuild	B	repair_before_pilot	high	GOV-001;W001-001;W001-002;W001-003	handled	not_applicable	T09/T16	not_recorded_pending_rights_review	initial_audit_complete_with_findings	pending_independent_adjudication	blocked_not_validated	src/data/mocks/toefl-set-5.ts	Codex_initial_editorial_audit	2026-08-09
item:t5-w-bs2	object:t5-w-bs2	set-5	9	R-009	Build a Sentence	sentencebuild	B	repair_before_pilot	high	GOV-001;W001-001;W001-002	handled	not_applicable	T09/T16	not_recorded_pending_rights_review	initial_audit_complete_with_findings	pending_independent_adjudication	blocked_not_validated	src/data/mocks/toefl-set-5.ts	Codex_initial_editorial_audit	2026-08-09
item:t5-w-bs3	object:t5-w-bs3	set-5	9	R-009	Build a Sentence	sentencebuild	B	repair_before_pilot	high	GOV-001;W001-001;W001-002	handled	not_applicable	T09/T16	not_recorded_pending_rights_review	initial_audit_complete_with_findings	pending_independent_adjudication	blocked_not_validated	src/data/mocks/toefl-set-5.ts	Codex_initial_editorial_audit	2026-08-09
item:t5-w-bs4	object:t5-w-bs4	set-5	9	R-009	Build a Sentence	sentencebuild	B	repair_before_pilot	high	GOV-001;W001-001;W001-002	handled	not_applicable	T09/T16	not_recorded_pending_rights_review	initial_audit_complete_with_findings	pending_independent_adjudication	blocked_not_validated	src/data/mocks/toefl-set-5.ts	Codex_initial_editorial_audit	2026-08-09
item:t5-w-bs5	object:t5-w-bs5	set-5	9	R-009	Build a Sentence	sentencebuild	B	repair_before_pilot	high	GOV-001;W001-001;W001-002	handled	not_applicable	T09/T16	not_recorded_pending_rights_review	initial_audit_complete_with_findings	pending_independent_adjudication	blocked_not_validated	src/data/mocks/toefl-set-5.ts	Codex_initial_editorial_audit	2026-08-09
item:t5-w-bs6	object:t5-w-bs6	set-5	9	R-009	Build a Sentence	sentencebuild	B	repair_before_pilot	high	GOV-001;W001-001;W001-002	handled	not_applicable	T09/T16	not_recorded_pending_rights_review	initial_audit_complete_with_findings	pending_independent_adjudication	blocked_not_validated	src/data/mocks/toefl-set-5.ts	Codex_initial_editorial_audit	2026-08-09
item:t5-w-email	object:t5-w-email	set-5	10	R-010	Write an Email	write	B	repair_before_pilot	high	GOV-001;W002-001	handled	not_applicable	T10/T11/T17	not_recorded_pending_rights_review	initial_audit_complete_with_findings	pending_independent_adjudication	blocked_not_validated	src/data/mocks/toefl-set-5.ts	Codex_initial_editorial_audit	2026-08-09
item:t5-w-disc	object:t5-w-disc	set-5	11	R-011	Write for an Academic Discussion	write	B	repair_before_pilot	high	GOV-001;W003-001	handled	not_applicable	T10/T11/T17	not_recorded_pending_rights_review	initial_audit_complete_with_findings	pending_independent_adjudication	blocked_not_validated	src/data/mocks/toefl-set-5.ts	Codex_initial_editorial_audit	2026-08-09
item:t5-s-rp1	object:t5-s-rp1	set-5	12	R-012	Listen and Repeat	repeat	B	repair_before_pilot	critical	GOV-001;AUD-001;S001-001	handled	pending_T06_T07_T08	T10/T11/T18	not_recorded_pending_rights_review	initial_audit_complete_with_findings	pending_independent_adjudication	blocked_not_validated	src/data/mocks/toefl-set-5.ts	Codex_initial_editorial_audit	2026-08-09
item:t5-s-rp2	object:t5-s-rp2	set-5	12	R-012	Listen and Repeat	repeat	B	repair_before_pilot	critical	GOV-001;AUD-001;S001-001	handled	pending_T06_T07_T08	T10/T11/T18	not_recorded_pending_rights_review	initial_audit_complete_with_findings	pending_independent_adjudication	blocked_not_validated	src/data/mocks/toefl-set-5.ts	Codex_initial_editorial_audit	2026-08-09
item:t5-s-rp3	object:t5-s-rp3	set-5	12	R-012	Listen and Repeat	repeat	B	repair_before_pilot	critical	GOV-001;AUD-001;S001-001	handled	pending_T06_T07_T08	T10/T11/T18	not_recorded_pending_rights_review	initial_audit_complete_with_findings	pending_independent_adjudication	blocked_not_validated	src/data/mocks/toefl-set-5.ts	Codex_initial_editorial_audit	2026-08-09
item:t5-s-rp4	object:t5-s-rp4	set-5	12	R-012	Listen and Repeat	repeat	B	repair_before_pilot	critical	GOV-001;AUD-001;S001-001	handled	pending_T06_T07_T08	T10/T11/T18	not_recorded_pending_rights_review	initial_audit_complete_with_findings	pending_independent_adjudication	blocked_not_validated	src/data/mocks/toefl-set-5.ts	Codex_initial_editorial_audit	2026-08-09
item:t5-s-rp5	object:t5-s-rp5	set-5	12	R-012	Listen and Repeat	repeat	B	repair_before_pilot	critical	GOV-001;AUD-001;S001-001	handled	pending_T06_T07_T08	T10/T11/T18	not_recorded_pending_rights_review	initial_audit_complete_with_findings	pending_independent_adjudication	blocked_not_validated	src/data/mocks/toefl-set-5.ts	Codex_initial_editorial_audit	2026-08-09
item:t5-s-iv1	object:t5-s-iv1	set-5	13	R-013	Take an Interview	speak	B	repair_before_pilot	high	GOV-001;S002-001;S002-002	handled	not_applicable	T10/T11/T19	not_recorded_pending_rights_review	initial_audit_complete_with_findings	pending_independent_adjudication	blocked_not_validated	src/data/mocks/toefl-set-5.ts	Codex_initial_editorial_audit	2026-08-09
item:t5-s-iv2	object:t5-s-iv2	set-5	13	R-013	Take an Interview	speak	B	repair_before_pilot	high	GOV-001;S002-001;S002-002	handled	not_applicable	T10/T11/T19	not_recorded_pending_rights_review	initial_audit_complete_with_findings	pending_independent_adjudication	blocked_not_validated	src/data/mocks/toefl-set-5.ts	Codex_initial_editorial_audit	2026-08-09
item:t5-s-iv3	object:t5-s-iv3	set-5	13	R-013	Take an Interview	speak	B	repair_before_pilot	high	GOV-001;S002-001;S002-002	handled	not_applicable	T10/T11/T19	not_recorded_pending_rights_review	initial_audit_complete_with_findings	pending_independent_adjudication	blocked_not_validated	src/data/mocks/toefl-set-5.ts	Codex_initial_editorial_audit	2026-08-09
item:t5-s-iv4	object:t5-s-iv4	set-5	13	R-013	Take an Interview	speak	B	repair_before_pilot	high	GOV-001;S002-001;S002-002;REP-001	handled	not_applicable	T10/T11/T19	not_recorded_pending_rights_review	initial_audit_complete_with_findings	pending_independent_adjudication	blocked_not_validated	src/data/mocks/toefl-set-5.ts	Codex_initial_editorial_audit	2026-08-09
item:t6-r-cw1:blank-1	object:t6-r-cw1	set-6	1	R-001	Complete the Words	wordcomplete_blank	B	repair_before_pilot	high	GOV-001;R001-001;ED-001	handled	not_applicable	T09/T12	not_recorded_pending_rights_review	initial_audit_complete_with_findings	pending_independent_adjudication	blocked_not_validated	src/data/mocks/toefl-set-6.ts	Codex_initial_editorial_audit	2026-08-09
item:t6-r-cw1:blank-2	object:t6-r-cw1	set-6	1	R-001	Complete the Words	wordcomplete_blank	B	repair_before_pilot	high	GOV-001;R001-001;ED-001	handled	not_applicable	T09/T12	not_recorded_pending_rights_review	initial_audit_complete_with_findings	pending_independent_adjudication	blocked_not_validated	src/data/mocks/toefl-set-6.ts	Codex_initial_editorial_audit	2026-08-09
item:t6-r-cw1:blank-3	object:t6-r-cw1	set-6	1	R-001	Complete the Words	wordcomplete_blank	B	repair_before_pilot	high	GOV-001;R001-001;ED-001	handled	not_applicable	T09/T12	not_recorded_pending_rights_review	initial_audit_complete_with_findings	pending_independent_adjudication	blocked_not_validated	src/data/mocks/toefl-set-6.ts	Codex_initial_editorial_audit	2026-08-09
item:t6-r-cw1:blank-4	object:t6-r-cw1	set-6	1	R-001	Complete the Words	wordcomplete_blank	B	repair_before_pilot	high	GOV-001;R001-001;ED-001	handled	not_applicable	T09/T12	not_recorded_pending_rights_review	initial_audit_complete_with_findings	pending_independent_adjudication	blocked_not_validated	src/data/mocks/toefl-set-6.ts	Codex_initial_editorial_audit	2026-08-09
item:t6-r-cw1:blank-5	object:t6-r-cw1	set-6	1	R-001	Complete the Words	wordcomplete_blank	B	repair_before_pilot	high	GOV-001;R001-001;ED-001	handled	not_applicable	T09/T12	not_recorded_pending_rights_review	initial_audit_complete_with_findings	pending_independent_adjudication	blocked_not_validated	src/data/mocks/toefl-set-6.ts	Codex_initial_editorial_audit	2026-08-09
item:t6-r-cw1:blank-6	object:t6-r-cw1	set-6	1	R-001	Complete the Words	wordcomplete_blank	B	repair_before_pilot	high	GOV-001;R001-001;ED-001	handled	not_applicable	T09/T12	not_recorded_pending_rights_review	initial_audit_complete_with_findings	pending_independent_adjudication	blocked_not_validated	src/data/mocks/toefl-set-6.ts	Codex_initial_editorial_audit	2026-08-09
item:t6-r-cw2:blank-1	object:t6-r-cw2	set-6	1	R-001	Complete the Words	wordcomplete_blank	B	repair_before_pilot	high	GOV-001;R001-001	handled	not_applicable	T09/T12	not_recorded_pending_rights_review	initial_audit_complete_with_findings	pending_independent_adjudication	blocked_not_validated	src/data/mocks/toefl-set-6.ts	Codex_initial_editorial_audit	2026-08-09
item:t6-r-cw2:blank-2	object:t6-r-cw2	set-6	1	R-001	Complete the Words	wordcomplete_blank	B	repair_before_pilot	high	GOV-001;R001-001	handled	not_applicable	T09/T12	not_recorded_pending_rights_review	initial_audit_complete_with_findings	pending_independent_adjudication	blocked_not_validated	src/data/mocks/toefl-set-6.ts	Codex_initial_editorial_audit	2026-08-09
item:t6-r-cw2:blank-3	object:t6-r-cw2	set-6	1	R-001	Complete the Words	wordcomplete_blank	B	repair_before_pilot	high	GOV-001;R001-001	handled	not_applicable	T09/T12	not_recorded_pending_rights_review	initial_audit_complete_with_findings	pending_independent_adjudication	blocked_not_validated	src/data/mocks/toefl-set-6.ts	Codex_initial_editorial_audit	2026-08-09
item:t6-r-cw2:blank-4	object:t6-r-cw2	set-6	1	R-001	Complete the Words	wordcomplete_blank	B	repair_before_pilot	high	GOV-001;R001-001	handled	not_applicable	T09/T12	not_recorded_pending_rights_review	initial_audit_complete_with_findings	pending_independent_adjudication	blocked_not_validated	src/data/mocks/toefl-set-6.ts	Codex_initial_editorial_audit	2026-08-09
item:t6-r-cw2:blank-5	object:t6-r-cw2	set-6	1	R-001	Complete the Words	wordcomplete_blank	B	repair_before_pilot	high	GOV-001;R001-001	handled	not_applicable	T09/T12	not_recorded_pending_rights_review	initial_audit_complete_with_findings	pending_independent_adjudication	blocked_not_validated	src/data/mocks/toefl-set-6.ts	Codex_initial_editorial_audit	2026-08-09
item:t6-r-cw2:blank-6	object:t6-r-cw2	set-6	1	R-001	Complete the Words	wordcomplete_blank	B	repair_before_pilot	high	GOV-001;R001-001	handled	not_applicable	T09/T12	not_recorded_pending_rights_review	initial_audit_complete_with_findings	pending_independent_adjudication	blocked_not_validated	src/data/mocks/toefl-set-6.ts	Codex_initial_editorial_audit	2026-08-09
item:t6-r-dl1	object:t6-r-dl1	set-6	2	R-002	Read in Daily Life	mcq	A	conserve_editorial_candidate	none	GOV-001	handled	not_applicable	T09/T13	not_recorded_pending_rights_review	initial_audit_complete_with_findings	pending_independent_adjudication	blocked_not_validated	src/data/mocks/toefl-set-6.ts	Codex_initial_editorial_audit	2026-08-09
item:t6-r-dl2	object:t6-r-dl2	set-6	2	R-002	Read in Daily Life	mcq	B	repair_before_pilot	high	GOV-001;ED-002	handled	not_applicable	T09/T13	not_recorded_pending_rights_review	initial_audit_complete_with_findings	pending_independent_adjudication	blocked_not_validated	src/data/mocks/toefl-set-6.ts	Codex_initial_editorial_audit	2026-08-09
item:t6-r-dl3	object:t6-r-dl3	set-6	2	R-002	Read in Daily Life	mcq	B	repair_before_pilot	high	GOV-001;ED-002	handled	not_applicable	T09/T13	not_recorded_pending_rights_review	initial_audit_complete_with_findings	pending_independent_adjudication	blocked_not_validated	src/data/mocks/toefl-set-6.ts	Codex_initial_editorial_audit	2026-08-09
item:t6-r-dl4	object:t6-r-dl4	set-6	3	R-003	Read in Daily Life	mcq	B	repair_before_pilot	high	GOV-001;ED-002	handled	not_applicable	T09/T13	not_recorded_pending_rights_review	initial_audit_complete_with_findings	pending_independent_adjudication	blocked_not_validated	src/data/mocks/toefl-set-6.ts	Codex_initial_editorial_audit	2026-08-09
item:t6-r-dl5	object:t6-r-dl5	set-6	3	R-003	Read in Daily Life	mcq	A	conserve_editorial_candidate	none	GOV-001	handled	not_applicable	T09/T13	not_recorded_pending_rights_review	initial_audit_complete_with_findings	pending_independent_adjudication	blocked_not_validated	src/data/mocks/toefl-set-6.ts	Codex_initial_editorial_audit	2026-08-09
item:t6-r-ap1	object:t6-r-ap1	set-6	4	R-004	Read an Academic Passage	mcq	C	derive_or_segment_preserving_original	high	GOV-001;R003-001	handled	not_applicable	T09/T13	not_recorded_pending_rights_review	initial_audit_complete_with_findings	pending_independent_adjudication	blocked_not_validated	src/data/mocks/toefl-set-6.ts	Codex_initial_editorial_audit	2026-08-09
item:t6-r-ap2	object:t6-r-ap2	set-6	4	R-004	Read an Academic Passage	mcq	C	derive_or_segment_preserving_original	high	GOV-001;ED-002;R003-001	handled	not_applicable	T09/T13	not_recorded_pending_rights_review	initial_audit_complete_with_findings	pending_independent_adjudication	blocked_not_validated	src/data/mocks/toefl-set-6.ts	Codex_initial_editorial_audit	2026-08-09
item:t6-r-ap3	object:t6-r-ap3	set-6	4	R-004	Read an Academic Passage	mcq	C	derive_or_segment_preserving_original	high	GOV-001;ED-002;R003-001	handled	not_applicable	T09/T13	not_recorded_pending_rights_review	initial_audit_complete_with_findings	pending_independent_adjudication	blocked_not_validated	src/data/mocks/toefl-set-6.ts	Codex_initial_editorial_audit	2026-08-09
item:t6-r-ap4	object:t6-r-ap4	set-6	4	R-004	Read an Academic Passage	mcq	C	derive_or_segment_preserving_original	high	GOV-001;ED-002;R003-001	handled	not_applicable	T09/T13	not_recorded_pending_rights_review	initial_audit_complete_with_findings	pending_independent_adjudication	blocked_not_validated	src/data/mocks/toefl-set-6.ts	Codex_initial_editorial_audit	2026-08-09
item:t6-r-ap5	object:t6-r-ap5	set-6	4	R-004	Read an Academic Passage	mcq	C	derive_or_segment_preserving_original	high	GOV-001;ED-002;R003-001	handled	not_applicable	T09/T13	not_recorded_pending_rights_review	initial_audit_complete_with_findings	pending_independent_adjudication	blocked_not_validated	src/data/mocks/toefl-set-6.ts	Codex_initial_editorial_audit	2026-08-09
item:t6-r-ap6	object:t6-r-ap6	set-6	4	R-004	Read an Academic Passage	multiselect	C	derive_or_segment_preserving_original	critical	GOV-001;R003-001;R003-002	unhandled	not_applicable	T09/T13	not_recorded_pending_rights_review	initial_audit_complete_with_findings	pending_independent_adjudication	blocked_not_validated	src/data/mocks/toefl-set-6.ts	Codex_initial_editorial_audit	2026-08-09
item:t6-l-cr1	object:t6-l-cr1	set-6	5	R-005	Listen and Choose a Response	mcq	B	repair_before_pilot	high	GOV-001;ED-002;L001-001;L001-002;AUD-001	handled	pending_T06_T07_T08	T09/T14	not_recorded_pending_rights_review	initial_audit_complete_with_findings	pending_independent_adjudication	blocked_not_validated	src/data/mocks/toefl-set-6.ts	Codex_initial_editorial_audit	2026-08-09
item:t6-l-cr2	object:t6-l-cr2	set-6	5	R-005	Listen and Choose a Response	mcq	B	repair_before_pilot	high	GOV-001;ED-002;L001-001;L001-002;AUD-001	handled	pending_T06_T07_T08	T09/T14	not_recorded_pending_rights_review	initial_audit_complete_with_findings	pending_independent_adjudication	blocked_not_validated	src/data/mocks/toefl-set-6.ts	Codex_initial_editorial_audit	2026-08-09
item:t6-l-cr3	object:t6-l-cr3	set-6	5	R-005	Listen and Choose a Response	mcq	B	repair_before_pilot	high	GOV-001;ED-002;L001-001;L001-002;AUD-001	handled	pending_T06_T07_T08	T09/T14	not_recorded_pending_rights_review	initial_audit_complete_with_findings	pending_independent_adjudication	blocked_not_validated	src/data/mocks/toefl-set-6.ts	Codex_initial_editorial_audit	2026-08-09
item:t6-l-cr4	object:t6-l-cr4	set-6	5	R-005	Listen and Choose a Response	mcq	B	repair_before_pilot	high	GOV-001;ED-002;L001-001;L001-002;AUD-001	handled	pending_T06_T07_T08	T09/T14	not_recorded_pending_rights_review	initial_audit_complete_with_findings	pending_independent_adjudication	blocked_not_validated	src/data/mocks/toefl-set-6.ts	Codex_initial_editorial_audit	2026-08-09
item:t6-l-cr5	object:t6-l-cr5	set-6	5	R-005	Listen and Choose a Response	mcq	B	repair_before_pilot	high	GOV-001;ED-002;L001-001;L001-002;AUD-001	handled	pending_T06_T07_T08	T09/T14	not_recorded_pending_rights_review	initial_audit_complete_with_findings	pending_independent_adjudication	blocked_not_validated	src/data/mocks/toefl-set-6.ts	Codex_initial_editorial_audit	2026-08-09
item:t6-l-cv1	object:t6-l-cv1	set-6	6	R-006	Listen to a Conversation	mcq	A	conserve_editorial_candidate	none	GOV-001;AUD-001	handled	pending_T06_T07_T08	T09/T15	not_recorded_pending_rights_review	initial_audit_complete_with_findings	pending_independent_adjudication	blocked_not_validated	src/data/mocks/toefl-set-6.ts	Codex_initial_editorial_audit	2026-08-09
item:t6-l-cv2	object:t6-l-cv2	set-6	6	R-006	Listen to a Conversation	mcq	A	conserve_editorial_candidate	none	GOV-001;AUD-001	handled	pending_T06_T07_T08	T09/T15	not_recorded_pending_rights_review	initial_audit_complete_with_findings	pending_independent_adjudication	blocked_not_validated	src/data/mocks/toefl-set-6.ts	Codex_initial_editorial_audit	2026-08-09
item:t6-l-cv3	object:t6-l-cv3	set-6	6	R-006	Listen to a Conversation	mcq	B	repair_before_pilot	high	GOV-001;ED-002;AUD-001	handled	pending_T06_T07_T08	T09/T15	not_recorded_pending_rights_review	initial_audit_complete_with_findings	pending_independent_adjudication	blocked_not_validated	src/data/mocks/toefl-set-6.ts	Codex_initial_editorial_audit	2026-08-09
item:t6-l-cv4	object:t6-l-cv4	set-6	6	R-006	Listen to a Conversation	mcq	B	repair_before_pilot	high	GOV-001;ED-002;AUD-001	handled	pending_T06_T07_T08	T09/T15	not_recorded_pending_rights_review	initial_audit_complete_with_findings	pending_independent_adjudication	blocked_not_validated	src/data/mocks/toefl-set-6.ts	Codex_initial_editorial_audit	2026-08-09
item:t6-l-an1	object:t6-l-an1	set-6	7	R-007	Listen to an Announcement	mcq	A	conserve_editorial_candidate	none	GOV-001;AUD-001	handled	pending_T06_T07_T08	T09/T15	not_recorded_pending_rights_review	initial_audit_complete_with_findings	pending_independent_adjudication	blocked_not_validated	src/data/mocks/toefl-set-6.ts	Codex_initial_editorial_audit	2026-08-09
item:t6-l-an2	object:t6-l-an2	set-6	7	R-007	Listen to an Announcement	mcq	B	repair_before_pilot	high	GOV-001;ED-002;AUD-001	handled	pending_T06_T07_T08	T09/T15	not_recorded_pending_rights_review	initial_audit_complete_with_findings	pending_independent_adjudication	blocked_not_validated	src/data/mocks/toefl-set-6.ts	Codex_initial_editorial_audit	2026-08-09
item:t6-l-an3	object:t6-l-an3	set-6	7	R-007	Listen to an Announcement	mcq	B	repair_before_pilot	high	GOV-001;ED-002;AUD-001	handled	pending_T06_T07_T08	T09/T15	not_recorded_pending_rights_review	initial_audit_complete_with_findings	pending_independent_adjudication	blocked_not_validated	src/data/mocks/toefl-set-6.ts	Codex_initial_editorial_audit	2026-08-09
item:t6-l-at1	object:t6-l-at1	set-6	8	R-008	Listen to an Academic Talk	mcq	C	derive_or_segment_preserving_original	high	GOV-001;ED-002;AUD-001;L004-001	handled	pending_T06_T07_T08	T09/T15	not_recorded_pending_rights_review	initial_audit_complete_with_findings	pending_independent_adjudication	blocked_not_validated	src/data/mocks/toefl-set-6.ts	Codex_initial_editorial_audit	2026-08-09
item:t6-l-at2	object:t6-l-at2	set-6	8	R-008	Listen to an Academic Talk	mcq	C	derive_or_segment_preserving_original	high	GOV-001;ED-002;AUD-001;L004-001	handled	pending_T06_T07_T08	T09/T15	not_recorded_pending_rights_review	initial_audit_complete_with_findings	pending_independent_adjudication	blocked_not_validated	src/data/mocks/toefl-set-6.ts	Codex_initial_editorial_audit	2026-08-09
item:t6-l-at3	object:t6-l-at3	set-6	8	R-008	Listen to an Academic Talk	mcq	C	derive_or_segment_preserving_original	high	GOV-001;ED-002;AUD-001;L004-001	handled	pending_T06_T07_T08	T09/T15	not_recorded_pending_rights_review	initial_audit_complete_with_findings	pending_independent_adjudication	blocked_not_validated	src/data/mocks/toefl-set-6.ts	Codex_initial_editorial_audit	2026-08-09
item:t6-l-at4	object:t6-l-at4	set-6	8	R-008	Listen to an Academic Talk	mcq	C	derive_or_segment_preserving_original	high	GOV-001;ED-002;AUD-001;L004-001	handled	pending_T06_T07_T08	T09/T15	not_recorded_pending_rights_review	initial_audit_complete_with_findings	pending_independent_adjudication	blocked_not_validated	src/data/mocks/toefl-set-6.ts	Codex_initial_editorial_audit	2026-08-09
item:t6-l-at5	object:t6-l-at5	set-6	8	R-008	Listen to an Academic Talk	mcq	C	derive_or_segment_preserving_original	high	GOV-001;ED-002;AUD-001;L004-001	handled	pending_T06_T07_T08	T09/T15	not_recorded_pending_rights_review	initial_audit_complete_with_findings	pending_independent_adjudication	blocked_not_validated	src/data/mocks/toefl-set-6.ts	Codex_initial_editorial_audit	2026-08-09
item:t6-w-bs1	object:t6-w-bs1	set-6	9	R-009	Build a Sentence	sentencebuild	B	repair_before_pilot	high	GOV-001;W001-001;W001-002;W001-003	handled	not_applicable	T09/T16	not_recorded_pending_rights_review	initial_audit_complete_with_findings	pending_independent_adjudication	blocked_not_validated	src/data/mocks/toefl-set-6.ts	Codex_initial_editorial_audit	2026-08-09
item:t6-w-bs2	object:t6-w-bs2	set-6	9	R-009	Build a Sentence	sentencebuild	B	repair_before_pilot	high	GOV-001;W001-001;W001-002	handled	not_applicable	T09/T16	not_recorded_pending_rights_review	initial_audit_complete_with_findings	pending_independent_adjudication	blocked_not_validated	src/data/mocks/toefl-set-6.ts	Codex_initial_editorial_audit	2026-08-09
item:t6-w-bs3	object:t6-w-bs3	set-6	9	R-009	Build a Sentence	sentencebuild	B	repair_before_pilot	high	GOV-001;W001-001;W001-002	handled	not_applicable	T09/T16	not_recorded_pending_rights_review	initial_audit_complete_with_findings	pending_independent_adjudication	blocked_not_validated	src/data/mocks/toefl-set-6.ts	Codex_initial_editorial_audit	2026-08-09
item:t6-w-bs4	object:t6-w-bs4	set-6	9	R-009	Build a Sentence	sentencebuild	B	repair_before_pilot	high	GOV-001;W001-001;W001-002	handled	not_applicable	T09/T16	not_recorded_pending_rights_review	initial_audit_complete_with_findings	pending_independent_adjudication	blocked_not_validated	src/data/mocks/toefl-set-6.ts	Codex_initial_editorial_audit	2026-08-09
item:t6-w-bs5	object:t6-w-bs5	set-6	9	R-009	Build a Sentence	sentencebuild	B	repair_before_pilot	high	GOV-001;W001-001;W001-002	handled	not_applicable	T09/T16	not_recorded_pending_rights_review	initial_audit_complete_with_findings	pending_independent_adjudication	blocked_not_validated	src/data/mocks/toefl-set-6.ts	Codex_initial_editorial_audit	2026-08-09
item:t6-w-bs6	object:t6-w-bs6	set-6	9	R-009	Build a Sentence	sentencebuild	D	replace_item_preserving_history	critical	GOV-001;W001-001;W001-002;W001-004	handled	not_applicable	T09/T16	not_recorded_pending_rights_review	initial_audit_complete_with_findings	pending_independent_adjudication	blocked_not_validated	src/data/mocks/toefl-set-6.ts	Codex_initial_editorial_audit	2026-08-09
item:t6-w-email	object:t6-w-email	set-6	10	R-010	Write an Email	write	B	repair_before_pilot	high	GOV-001;W002-001	handled	not_applicable	T10/T11/T17	not_recorded_pending_rights_review	initial_audit_complete_with_findings	pending_independent_adjudication	blocked_not_validated	src/data/mocks/toefl-set-6.ts	Codex_initial_editorial_audit	2026-08-09
item:t6-w-disc	object:t6-w-disc	set-6	11	R-011	Write for an Academic Discussion	write	B	repair_before_pilot	high	GOV-001;W003-001	handled	not_applicable	T10/T11/T17	not_recorded_pending_rights_review	initial_audit_complete_with_findings	pending_independent_adjudication	blocked_not_validated	src/data/mocks/toefl-set-6.ts	Codex_initial_editorial_audit	2026-08-09
item:t6-s-rp1	object:t6-s-rp1	set-6	12	R-012	Listen and Repeat	repeat	B	repair_before_pilot	critical	GOV-001;AUD-001;S001-001	handled	pending_T06_T07_T08	T10/T11/T18	not_recorded_pending_rights_review	initial_audit_complete_with_findings	pending_independent_adjudication	blocked_not_validated	src/data/mocks/toefl-set-6.ts	Codex_initial_editorial_audit	2026-08-09
item:t6-s-rp2	object:t6-s-rp2	set-6	12	R-012	Listen and Repeat	repeat	B	repair_before_pilot	critical	GOV-001;AUD-001;S001-001	handled	pending_T06_T07_T08	T10/T11/T18	not_recorded_pending_rights_review	initial_audit_complete_with_findings	pending_independent_adjudication	blocked_not_validated	src/data/mocks/toefl-set-6.ts	Codex_initial_editorial_audit	2026-08-09
item:t6-s-rp3	object:t6-s-rp3	set-6	12	R-012	Listen and Repeat	repeat	B	repair_before_pilot	critical	GOV-001;AUD-001;S001-001	handled	pending_T06_T07_T08	T10/T11/T18	not_recorded_pending_rights_review	initial_audit_complete_with_findings	pending_independent_adjudication	blocked_not_validated	src/data/mocks/toefl-set-6.ts	Codex_initial_editorial_audit	2026-08-09
item:t6-s-rp4	object:t6-s-rp4	set-6	12	R-012	Listen and Repeat	repeat	B	repair_before_pilot	critical	GOV-001;AUD-001;S001-001	handled	pending_T06_T07_T08	T10/T11/T18	not_recorded_pending_rights_review	initial_audit_complete_with_findings	pending_independent_adjudication	blocked_not_validated	src/data/mocks/toefl-set-6.ts	Codex_initial_editorial_audit	2026-08-09
item:t6-s-rp5	object:t6-s-rp5	set-6	12	R-012	Listen and Repeat	repeat	B	repair_before_pilot	critical	GOV-001;AUD-001;S001-001	handled	pending_T06_T07_T08	T10/T11/T18	not_recorded_pending_rights_review	initial_audit_complete_with_findings	pending_independent_adjudication	blocked_not_validated	src/data/mocks/toefl-set-6.ts	Codex_initial_editorial_audit	2026-08-09
item:t6-s-iv1	object:t6-s-iv1	set-6	13	R-013	Take an Interview	speak	B	repair_before_pilot	high	GOV-001;S002-001;S002-002	handled	not_applicable	T10/T11/T19	not_recorded_pending_rights_review	initial_audit_complete_with_findings	pending_independent_adjudication	blocked_not_validated	src/data/mocks/toefl-set-6.ts	Codex_initial_editorial_audit	2026-08-09
item:t6-s-iv2	object:t6-s-iv2	set-6	13	R-013	Take an Interview	speak	B	repair_before_pilot	high	GOV-001;S002-001;S002-002	handled	not_applicable	T10/T11/T19	not_recorded_pending_rights_review	initial_audit_complete_with_findings	pending_independent_adjudication	blocked_not_validated	src/data/mocks/toefl-set-6.ts	Codex_initial_editorial_audit	2026-08-09
item:t6-s-iv3	object:t6-s-iv3	set-6	13	R-013	Take an Interview	speak	B	repair_before_pilot	high	GOV-001;S002-001;S002-002	handled	not_applicable	T10/T11/T19	not_recorded_pending_rights_review	initial_audit_complete_with_findings	pending_independent_adjudication	blocked_not_validated	src/data/mocks/toefl-set-6.ts	Codex_initial_editorial_audit	2026-08-09
item:t6-s-iv4	object:t6-s-iv4	set-6	13	R-013	Take an Interview	speak	B	repair_before_pilot	high	GOV-001;S002-001;S002-002;REP-001	handled	not_applicable	T10/T11/T19	not_recorded_pending_rights_review	initial_audit_complete_with_findings	pending_independent_adjudication	blocked_not_validated	src/data/mocks/toefl-set-6.ts	Codex_initial_editorial_audit	2026-08-09
item:t7-r-cw1:blank-1	object:t7-r-cw1	set-7	1	R-001	Complete the Words	wordcomplete_blank	B	repair_before_pilot	high	GOV-001;R001-001	handled	not_applicable	T09/T12	not_recorded_pending_rights_review	initial_audit_complete_with_findings	pending_independent_adjudication	blocked_not_validated	src/data/mocks/toefl-set-7.ts	Codex_initial_editorial_audit	2026-08-09
item:t7-r-cw1:blank-2	object:t7-r-cw1	set-7	1	R-001	Complete the Words	wordcomplete_blank	B	repair_before_pilot	high	GOV-001;R001-001	handled	not_applicable	T09/T12	not_recorded_pending_rights_review	initial_audit_complete_with_findings	pending_independent_adjudication	blocked_not_validated	src/data/mocks/toefl-set-7.ts	Codex_initial_editorial_audit	2026-08-09
item:t7-r-cw1:blank-3	object:t7-r-cw1	set-7	1	R-001	Complete the Words	wordcomplete_blank	B	repair_before_pilot	high	GOV-001;R001-001	handled	not_applicable	T09/T12	not_recorded_pending_rights_review	initial_audit_complete_with_findings	pending_independent_adjudication	blocked_not_validated	src/data/mocks/toefl-set-7.ts	Codex_initial_editorial_audit	2026-08-09
item:t7-r-cw1:blank-4	object:t7-r-cw1	set-7	1	R-001	Complete the Words	wordcomplete_blank	B	repair_before_pilot	high	GOV-001;R001-001	handled	not_applicable	T09/T12	not_recorded_pending_rights_review	initial_audit_complete_with_findings	pending_independent_adjudication	blocked_not_validated	src/data/mocks/toefl-set-7.ts	Codex_initial_editorial_audit	2026-08-09
item:t7-r-cw1:blank-5	object:t7-r-cw1	set-7	1	R-001	Complete the Words	wordcomplete_blank	B	repair_before_pilot	high	GOV-001;R001-001	handled	not_applicable	T09/T12	not_recorded_pending_rights_review	initial_audit_complete_with_findings	pending_independent_adjudication	blocked_not_validated	src/data/mocks/toefl-set-7.ts	Codex_initial_editorial_audit	2026-08-09
item:t7-r-cw1:blank-6	object:t7-r-cw1	set-7	1	R-001	Complete the Words	wordcomplete_blank	B	repair_before_pilot	high	GOV-001;R001-001	handled	not_applicable	T09/T12	not_recorded_pending_rights_review	initial_audit_complete_with_findings	pending_independent_adjudication	blocked_not_validated	src/data/mocks/toefl-set-7.ts	Codex_initial_editorial_audit	2026-08-09
item:t7-r-cw2:blank-1	object:t7-r-cw2	set-7	1	R-001	Complete the Words	wordcomplete_blank	B	repair_before_pilot	high	GOV-001;R001-001	handled	not_applicable	T09/T12	not_recorded_pending_rights_review	initial_audit_complete_with_findings	pending_independent_adjudication	blocked_not_validated	src/data/mocks/toefl-set-7.ts	Codex_initial_editorial_audit	2026-08-09
item:t7-r-cw2:blank-2	object:t7-r-cw2	set-7	1	R-001	Complete the Words	wordcomplete_blank	B	repair_before_pilot	high	GOV-001;R001-001	handled	not_applicable	T09/T12	not_recorded_pending_rights_review	initial_audit_complete_with_findings	pending_independent_adjudication	blocked_not_validated	src/data/mocks/toefl-set-7.ts	Codex_initial_editorial_audit	2026-08-09
item:t7-r-cw2:blank-3	object:t7-r-cw2	set-7	1	R-001	Complete the Words	wordcomplete_blank	B	repair_before_pilot	high	GOV-001;R001-001	handled	not_applicable	T09/T12	not_recorded_pending_rights_review	initial_audit_complete_with_findings	pending_independent_adjudication	blocked_not_validated	src/data/mocks/toefl-set-7.ts	Codex_initial_editorial_audit	2026-08-09
item:t7-r-cw2:blank-4	object:t7-r-cw2	set-7	1	R-001	Complete the Words	wordcomplete_blank	B	repair_before_pilot	high	GOV-001;R001-001	handled	not_applicable	T09/T12	not_recorded_pending_rights_review	initial_audit_complete_with_findings	pending_independent_adjudication	blocked_not_validated	src/data/mocks/toefl-set-7.ts	Codex_initial_editorial_audit	2026-08-09
item:t7-r-cw2:blank-5	object:t7-r-cw2	set-7	1	R-001	Complete the Words	wordcomplete_blank	B	repair_before_pilot	high	GOV-001;R001-001	handled	not_applicable	T09/T12	not_recorded_pending_rights_review	initial_audit_complete_with_findings	pending_independent_adjudication	blocked_not_validated	src/data/mocks/toefl-set-7.ts	Codex_initial_editorial_audit	2026-08-09
item:t7-r-cw2:blank-6	object:t7-r-cw2	set-7	1	R-001	Complete the Words	wordcomplete_blank	B	repair_before_pilot	high	GOV-001;R001-001	handled	not_applicable	T09/T12	not_recorded_pending_rights_review	initial_audit_complete_with_findings	pending_independent_adjudication	blocked_not_validated	src/data/mocks/toefl-set-7.ts	Codex_initial_editorial_audit	2026-08-09
item:t7-r-dl1	object:t7-r-dl1	set-7	2	R-002	Read in Daily Life	mcq	A	conserve_editorial_candidate	none	GOV-001	handled	not_applicable	T09/T13	not_recorded_pending_rights_review	initial_audit_complete_with_findings	pending_independent_adjudication	blocked_not_validated	src/data/mocks/toefl-set-7.ts	Codex_initial_editorial_audit	2026-08-09
item:t7-r-dl2	object:t7-r-dl2	set-7	2	R-002	Read in Daily Life	mcq	A	conserve_editorial_candidate	none	GOV-001	handled	not_applicable	T09/T13	not_recorded_pending_rights_review	initial_audit_complete_with_findings	pending_independent_adjudication	blocked_not_validated	src/data/mocks/toefl-set-7.ts	Codex_initial_editorial_audit	2026-08-09
item:t7-r-dl3	object:t7-r-dl3	set-7	2	R-002	Read in Daily Life	mcq	A	conserve_editorial_candidate	none	GOV-001	handled	not_applicable	T09/T13	not_recorded_pending_rights_review	initial_audit_complete_with_findings	pending_independent_adjudication	blocked_not_validated	src/data/mocks/toefl-set-7.ts	Codex_initial_editorial_audit	2026-08-09
item:t7-r-dl4	object:t7-r-dl4	set-7	3	R-003	Read in Daily Life	mcq	B	repair_before_pilot	high	GOV-001;ED-002	handled	not_applicable	T09/T13	not_recorded_pending_rights_review	initial_audit_complete_with_findings	pending_independent_adjudication	blocked_not_validated	src/data/mocks/toefl-set-7.ts	Codex_initial_editorial_audit	2026-08-09
item:t7-r-dl5	object:t7-r-dl5	set-7	3	R-003	Read in Daily Life	mcq	A	conserve_editorial_candidate	none	GOV-001	handled	not_applicable	T09/T13	not_recorded_pending_rights_review	initial_audit_complete_with_findings	pending_independent_adjudication	blocked_not_validated	src/data/mocks/toefl-set-7.ts	Codex_initial_editorial_audit	2026-08-09
item:t7-r-ap1	object:t7-r-ap1	set-7	4	R-004	Read an Academic Passage	mcq	C	derive_or_segment_preserving_original	high	GOV-001;ED-002;R003-001	handled	not_applicable	T09/T13	not_recorded_pending_rights_review	initial_audit_complete_with_findings	pending_independent_adjudication	blocked_not_validated	src/data/mocks/toefl-set-7.ts	Codex_initial_editorial_audit	2026-08-09
item:t7-r-ap2	object:t7-r-ap2	set-7	4	R-004	Read an Academic Passage	mcq	C	derive_or_segment_preserving_original	high	GOV-001;ED-002;R003-001	handled	not_applicable	T09/T13	not_recorded_pending_rights_review	initial_audit_complete_with_findings	pending_independent_adjudication	blocked_not_validated	src/data/mocks/toefl-set-7.ts	Codex_initial_editorial_audit	2026-08-09
item:t7-r-ap3	object:t7-r-ap3	set-7	4	R-004	Read an Academic Passage	mcq	C	derive_or_segment_preserving_original	high	GOV-001;ED-002;R003-001	handled	not_applicable	T09/T13	not_recorded_pending_rights_review	initial_audit_complete_with_findings	pending_independent_adjudication	blocked_not_validated	src/data/mocks/toefl-set-7.ts	Codex_initial_editorial_audit	2026-08-09
item:t7-r-ap4	object:t7-r-ap4	set-7	4	R-004	Read an Academic Passage	mcq	C	derive_or_segment_preserving_original	high	GOV-001;ED-002;R003-001	handled	not_applicable	T09/T13	not_recorded_pending_rights_review	initial_audit_complete_with_findings	pending_independent_adjudication	blocked_not_validated	src/data/mocks/toefl-set-7.ts	Codex_initial_editorial_audit	2026-08-09
item:t7-r-ap5	object:t7-r-ap5	set-7	4	R-004	Read an Academic Passage	mcq	C	derive_or_segment_preserving_original	high	GOV-001;ED-002;R003-001	handled	not_applicable	T09/T13	not_recorded_pending_rights_review	initial_audit_complete_with_findings	pending_independent_adjudication	blocked_not_validated	src/data/mocks/toefl-set-7.ts	Codex_initial_editorial_audit	2026-08-09
item:t7-r-ap6	object:t7-r-ap6	set-7	4	R-004	Read an Academic Passage	multiselect	C	derive_or_segment_preserving_original	critical	GOV-001;R003-001;R003-002	unhandled	not_applicable	T09/T13	not_recorded_pending_rights_review	initial_audit_complete_with_findings	pending_independent_adjudication	blocked_not_validated	src/data/mocks/toefl-set-7.ts	Codex_initial_editorial_audit	2026-08-09
item:t7-l-cr1	object:t7-l-cr1	set-7	5	R-005	Listen and Choose a Response	mcq	B	repair_before_pilot	high	GOV-001;ED-002;L001-001;L001-002;AUD-001	handled	pending_T06_T07_T08	T09/T14	not_recorded_pending_rights_review	initial_audit_complete_with_findings	pending_independent_adjudication	blocked_not_validated	src/data/mocks/toefl-set-7.ts	Codex_initial_editorial_audit	2026-08-09
item:t7-l-cr2	object:t7-l-cr2	set-7	5	R-005	Listen and Choose a Response	mcq	B	repair_before_pilot	high	GOV-001;ED-002;L001-001;L001-002;AUD-001	handled	pending_T06_T07_T08	T09/T14	not_recorded_pending_rights_review	initial_audit_complete_with_findings	pending_independent_adjudication	blocked_not_validated	src/data/mocks/toefl-set-7.ts	Codex_initial_editorial_audit	2026-08-09
item:t7-l-cr3	object:t7-l-cr3	set-7	5	R-005	Listen and Choose a Response	mcq	B	repair_before_pilot	high	GOV-001;ED-002;L001-001;L001-002;AUD-001	handled	pending_T06_T07_T08	T09/T14	not_recorded_pending_rights_review	initial_audit_complete_with_findings	pending_independent_adjudication	blocked_not_validated	src/data/mocks/toefl-set-7.ts	Codex_initial_editorial_audit	2026-08-09
item:t7-l-cr4	object:t7-l-cr4	set-7	5	R-005	Listen and Choose a Response	mcq	B	repair_before_pilot	high	GOV-001;ED-002;L001-001;L001-002;AUD-001	handled	pending_T06_T07_T08	T09/T14	not_recorded_pending_rights_review	initial_audit_complete_with_findings	pending_independent_adjudication	blocked_not_validated	src/data/mocks/toefl-set-7.ts	Codex_initial_editorial_audit	2026-08-09
item:t7-l-cr5	object:t7-l-cr5	set-7	5	R-005	Listen and Choose a Response	mcq	B	repair_before_pilot	high	GOV-001;ED-002;L001-001;L001-002;AUD-001	handled	pending_T06_T07_T08	T09/T14	not_recorded_pending_rights_review	initial_audit_complete_with_findings	pending_independent_adjudication	blocked_not_validated	src/data/mocks/toefl-set-7.ts	Codex_initial_editorial_audit	2026-08-09
item:t7-l-cv1	object:t7-l-cv1	set-7	6	R-006	Listen to a Conversation	mcq	B	repair_before_pilot	high	GOV-001;ED-002;AUD-001	handled	pending_T06_T07_T08	T09/T15	not_recorded_pending_rights_review	initial_audit_complete_with_findings	pending_independent_adjudication	blocked_not_validated	src/data/mocks/toefl-set-7.ts	Codex_initial_editorial_audit	2026-08-09
item:t7-l-cv2	object:t7-l-cv2	set-7	6	R-006	Listen to a Conversation	mcq	B	repair_before_pilot	high	GOV-001;ED-002;AUD-001	handled	pending_T06_T07_T08	T09/T15	not_recorded_pending_rights_review	initial_audit_complete_with_findings	pending_independent_adjudication	blocked_not_validated	src/data/mocks/toefl-set-7.ts	Codex_initial_editorial_audit	2026-08-09
item:t7-l-cv3	object:t7-l-cv3	set-7	6	R-006	Listen to a Conversation	mcq	B	repair_before_pilot	high	GOV-001;ED-002;AUD-001	handled	pending_T06_T07_T08	T09/T15	not_recorded_pending_rights_review	initial_audit_complete_with_findings	pending_independent_adjudication	blocked_not_validated	src/data/mocks/toefl-set-7.ts	Codex_initial_editorial_audit	2026-08-09
item:t7-l-cv4	object:t7-l-cv4	set-7	6	R-006	Listen to a Conversation	mcq	B	repair_before_pilot	high	GOV-001;ED-002;AUD-001	handled	pending_T06_T07_T08	T09/T15	not_recorded_pending_rights_review	initial_audit_complete_with_findings	pending_independent_adjudication	blocked_not_validated	src/data/mocks/toefl-set-7.ts	Codex_initial_editorial_audit	2026-08-09
item:t7-l-an1	object:t7-l-an1	set-7	7	R-007	Listen to an Announcement	mcq	B	repair_before_pilot	high	GOV-001;ED-002;AUD-001	handled	pending_T06_T07_T08	T09/T15	not_recorded_pending_rights_review	initial_audit_complete_with_findings	pending_independent_adjudication	blocked_not_validated	src/data/mocks/toefl-set-7.ts	Codex_initial_editorial_audit	2026-08-09
item:t7-l-an2	object:t7-l-an2	set-7	7	R-007	Listen to an Announcement	mcq	B	repair_before_pilot	high	GOV-001;ED-002;AUD-001	handled	pending_T06_T07_T08	T09/T15	not_recorded_pending_rights_review	initial_audit_complete_with_findings	pending_independent_adjudication	blocked_not_validated	src/data/mocks/toefl-set-7.ts	Codex_initial_editorial_audit	2026-08-09
item:t7-l-an3	object:t7-l-an3	set-7	7	R-007	Listen to an Announcement	mcq	B	repair_before_pilot	high	GOV-001;ED-002;AUD-001	handled	pending_T06_T07_T08	T09/T15	not_recorded_pending_rights_review	initial_audit_complete_with_findings	pending_independent_adjudication	blocked_not_validated	src/data/mocks/toefl-set-7.ts	Codex_initial_editorial_audit	2026-08-09
item:t7-l-at1	object:t7-l-at1	set-7	8	R-008	Listen to an Academic Talk	mcq	C	derive_or_segment_preserving_original	high	GOV-001;AUD-001;L004-001	handled	pending_T06_T07_T08	T09/T15	not_recorded_pending_rights_review	initial_audit_complete_with_findings	pending_independent_adjudication	blocked_not_validated	src/data/mocks/toefl-set-7.ts	Codex_initial_editorial_audit	2026-08-09
item:t7-l-at2	object:t7-l-at2	set-7	8	R-008	Listen to an Academic Talk	mcq	C	derive_or_segment_preserving_original	high	GOV-001;ED-002;AUD-001;L004-001	handled	pending_T06_T07_T08	T09/T15	not_recorded_pending_rights_review	initial_audit_complete_with_findings	pending_independent_adjudication	blocked_not_validated	src/data/mocks/toefl-set-7.ts	Codex_initial_editorial_audit	2026-08-09
item:t7-l-at3	object:t7-l-at3	set-7	8	R-008	Listen to an Academic Talk	mcq	C	derive_or_segment_preserving_original	high	GOV-001;ED-002;AUD-001;L004-001	handled	pending_T06_T07_T08	T09/T15	not_recorded_pending_rights_review	initial_audit_complete_with_findings	pending_independent_adjudication	blocked_not_validated	src/data/mocks/toefl-set-7.ts	Codex_initial_editorial_audit	2026-08-09
item:t7-l-at4	object:t7-l-at4	set-7	8	R-008	Listen to an Academic Talk	mcq	C	derive_or_segment_preserving_original	high	GOV-001;ED-002;AUD-001;L004-001	handled	pending_T06_T07_T08	T09/T15	not_recorded_pending_rights_review	initial_audit_complete_with_findings	pending_independent_adjudication	blocked_not_validated	src/data/mocks/toefl-set-7.ts	Codex_initial_editorial_audit	2026-08-09
item:t7-l-at5	object:t7-l-at5	set-7	8	R-008	Listen to an Academic Talk	mcq	C	derive_or_segment_preserving_original	high	GOV-001;ED-002;AUD-001;L004-001	handled	pending_T06_T07_T08	T09/T15	not_recorded_pending_rights_review	initial_audit_complete_with_findings	pending_independent_adjudication	blocked_not_validated	src/data/mocks/toefl-set-7.ts	Codex_initial_editorial_audit	2026-08-09
item:t7-w-bs1	object:t7-w-bs1	set-7	9	R-009	Build a Sentence	sentencebuild	B	repair_before_pilot	high	GOV-001;W001-001;W001-002;W001-003	handled	not_applicable	T09/T16	not_recorded_pending_rights_review	initial_audit_complete_with_findings	pending_independent_adjudication	blocked_not_validated	src/data/mocks/toefl-set-7.ts	Codex_initial_editorial_audit	2026-08-09
item:t7-w-bs2	object:t7-w-bs2	set-7	9	R-009	Build a Sentence	sentencebuild	B	repair_before_pilot	high	GOV-001;W001-001;W001-002	handled	not_applicable	T09/T16	not_recorded_pending_rights_review	initial_audit_complete_with_findings	pending_independent_adjudication	blocked_not_validated	src/data/mocks/toefl-set-7.ts	Codex_initial_editorial_audit	2026-08-09
item:t7-w-bs3	object:t7-w-bs3	set-7	9	R-009	Build a Sentence	sentencebuild	B	repair_before_pilot	high	GOV-001;W001-001;W001-002	handled	not_applicable	T09/T16	not_recorded_pending_rights_review	initial_audit_complete_with_findings	pending_independent_adjudication	blocked_not_validated	src/data/mocks/toefl-set-7.ts	Codex_initial_editorial_audit	2026-08-09
item:t7-w-bs4	object:t7-w-bs4	set-7	9	R-009	Build a Sentence	sentencebuild	B	repair_before_pilot	high	GOV-001;W001-001;W001-002	handled	not_applicable	T09/T16	not_recorded_pending_rights_review	initial_audit_complete_with_findings	pending_independent_adjudication	blocked_not_validated	src/data/mocks/toefl-set-7.ts	Codex_initial_editorial_audit	2026-08-09
item:t7-w-bs5	object:t7-w-bs5	set-7	9	R-009	Build a Sentence	sentencebuild	B	repair_before_pilot	high	GOV-001;W001-001;W001-002	handled	not_applicable	T09/T16	not_recorded_pending_rights_review	initial_audit_complete_with_findings	pending_independent_adjudication	blocked_not_validated	src/data/mocks/toefl-set-7.ts	Codex_initial_editorial_audit	2026-08-09
item:t7-w-bs6	object:t7-w-bs6	set-7	9	R-009	Build a Sentence	sentencebuild	B	repair_before_pilot	high	GOV-001;W001-001;W001-002	handled	not_applicable	T09/T16	not_recorded_pending_rights_review	initial_audit_complete_with_findings	pending_independent_adjudication	blocked_not_validated	src/data/mocks/toefl-set-7.ts	Codex_initial_editorial_audit	2026-08-09
item:t7-w-email	object:t7-w-email	set-7	10	R-010	Write an Email	write	B	repair_before_pilot	high	GOV-001;W002-001	handled	not_applicable	T10/T11/T17	not_recorded_pending_rights_review	initial_audit_complete_with_findings	pending_independent_adjudication	blocked_not_validated	src/data/mocks/toefl-set-7.ts	Codex_initial_editorial_audit	2026-08-09
item:t7-w-disc	object:t7-w-disc	set-7	11	R-011	Write for an Academic Discussion	write	B	repair_before_pilot	high	GOV-001;W003-001	handled	not_applicable	T10/T11/T17	not_recorded_pending_rights_review	initial_audit_complete_with_findings	pending_independent_adjudication	blocked_not_validated	src/data/mocks/toefl-set-7.ts	Codex_initial_editorial_audit	2026-08-09
item:t7-s-rp1	object:t7-s-rp1	set-7	12	R-012	Listen and Repeat	repeat	B	repair_before_pilot	critical	GOV-001;AUD-001;S001-001	handled	pending_T06_T07_T08	T10/T11/T18	not_recorded_pending_rights_review	initial_audit_complete_with_findings	pending_independent_adjudication	blocked_not_validated	src/data/mocks/toefl-set-7.ts	Codex_initial_editorial_audit	2026-08-09
item:t7-s-rp2	object:t7-s-rp2	set-7	12	R-012	Listen and Repeat	repeat	B	repair_before_pilot	critical	GOV-001;AUD-001;S001-001	handled	pending_T06_T07_T08	T10/T11/T18	not_recorded_pending_rights_review	initial_audit_complete_with_findings	pending_independent_adjudication	blocked_not_validated	src/data/mocks/toefl-set-7.ts	Codex_initial_editorial_audit	2026-08-09
item:t7-s-rp3	object:t7-s-rp3	set-7	12	R-012	Listen and Repeat	repeat	B	repair_before_pilot	critical	GOV-001;AUD-001;S001-001	handled	pending_T06_T07_T08	T10/T11/T18	not_recorded_pending_rights_review	initial_audit_complete_with_findings	pending_independent_adjudication	blocked_not_validated	src/data/mocks/toefl-set-7.ts	Codex_initial_editorial_audit	2026-08-09
item:t7-s-rp4	object:t7-s-rp4	set-7	12	R-012	Listen and Repeat	repeat	B	repair_before_pilot	critical	GOV-001;AUD-001;S001-001	handled	pending_T06_T07_T08	T10/T11/T18	not_recorded_pending_rights_review	initial_audit_complete_with_findings	pending_independent_adjudication	blocked_not_validated	src/data/mocks/toefl-set-7.ts	Codex_initial_editorial_audit	2026-08-09
item:t7-s-rp5	object:t7-s-rp5	set-7	12	R-012	Listen and Repeat	repeat	B	repair_before_pilot	critical	GOV-001;AUD-001;S001-001	handled	pending_T06_T07_T08	T10/T11/T18	not_recorded_pending_rights_review	initial_audit_complete_with_findings	pending_independent_adjudication	blocked_not_validated	src/data/mocks/toefl-set-7.ts	Codex_initial_editorial_audit	2026-08-09
item:t7-s-iv1	object:t7-s-iv1	set-7	13	R-013	Take an Interview	speak	B	repair_before_pilot	high	GOV-001;S002-001;S002-002	handled	not_applicable	T10/T11/T19	not_recorded_pending_rights_review	initial_audit_complete_with_findings	pending_independent_adjudication	blocked_not_validated	src/data/mocks/toefl-set-7.ts	Codex_initial_editorial_audit	2026-08-09
item:t7-s-iv2	object:t7-s-iv2	set-7	13	R-013	Take an Interview	speak	B	repair_before_pilot	high	GOV-001;S002-001;S002-002	handled	not_applicable	T10/T11/T19	not_recorded_pending_rights_review	initial_audit_complete_with_findings	pending_independent_adjudication	blocked_not_validated	src/data/mocks/toefl-set-7.ts	Codex_initial_editorial_audit	2026-08-09
item:t7-s-iv3	object:t7-s-iv3	set-7	13	R-013	Take an Interview	speak	B	repair_before_pilot	high	GOV-001;S002-001;S002-002	handled	not_applicable	T10/T11/T19	not_recorded_pending_rights_review	initial_audit_complete_with_findings	pending_independent_adjudication	blocked_not_validated	src/data/mocks/toefl-set-7.ts	Codex_initial_editorial_audit	2026-08-09
item:t7-s-iv4	object:t7-s-iv4	set-7	13	R-013	Take an Interview	speak	B	repair_before_pilot	high	GOV-001;S002-001;S002-002;REP-001	handled	not_applicable	T10/T11/T19	not_recorded_pending_rights_review	initial_audit_complete_with_findings	pending_independent_adjudication	blocked_not_validated	src/data/mocks/toefl-set-7.ts	Codex_initial_editorial_audit	2026-08-09
item:t8-r-cw1:blank-1	object:t8-r-cw1	set-8	1	R-001	Complete the Words	wordcomplete_blank	B	repair_before_pilot	high	GOV-001;R001-001	handled	not_applicable	T09/T12	not_recorded_pending_rights_review	initial_audit_complete_with_findings	pending_independent_adjudication	blocked_not_validated	src/data/mocks/toefl-set-8.ts	Codex_initial_editorial_audit	2026-08-09
item:t8-r-cw1:blank-2	object:t8-r-cw1	set-8	1	R-001	Complete the Words	wordcomplete_blank	B	repair_before_pilot	high	GOV-001;R001-001	handled	not_applicable	T09/T12	not_recorded_pending_rights_review	initial_audit_complete_with_findings	pending_independent_adjudication	blocked_not_validated	src/data/mocks/toefl-set-8.ts	Codex_initial_editorial_audit	2026-08-09
item:t8-r-cw1:blank-3	object:t8-r-cw1	set-8	1	R-001	Complete the Words	wordcomplete_blank	B	repair_before_pilot	high	GOV-001;R001-001	handled	not_applicable	T09/T12	not_recorded_pending_rights_review	initial_audit_complete_with_findings	pending_independent_adjudication	blocked_not_validated	src/data/mocks/toefl-set-8.ts	Codex_initial_editorial_audit	2026-08-09
item:t8-r-cw1:blank-4	object:t8-r-cw1	set-8	1	R-001	Complete the Words	wordcomplete_blank	B	repair_before_pilot	high	GOV-001;R001-001	handled	not_applicable	T09/T12	not_recorded_pending_rights_review	initial_audit_complete_with_findings	pending_independent_adjudication	blocked_not_validated	src/data/mocks/toefl-set-8.ts	Codex_initial_editorial_audit	2026-08-09
item:t8-r-cw1:blank-5	object:t8-r-cw1	set-8	1	R-001	Complete the Words	wordcomplete_blank	B	repair_before_pilot	high	GOV-001;R001-001	handled	not_applicable	T09/T12	not_recorded_pending_rights_review	initial_audit_complete_with_findings	pending_independent_adjudication	blocked_not_validated	src/data/mocks/toefl-set-8.ts	Codex_initial_editorial_audit	2026-08-09
item:t8-r-cw1:blank-6	object:t8-r-cw1	set-8	1	R-001	Complete the Words	wordcomplete_blank	B	repair_before_pilot	high	GOV-001;R001-001	handled	not_applicable	T09/T12	not_recorded_pending_rights_review	initial_audit_complete_with_findings	pending_independent_adjudication	blocked_not_validated	src/data/mocks/toefl-set-8.ts	Codex_initial_editorial_audit	2026-08-09
item:t8-r-cw2:blank-1	object:t8-r-cw2	set-8	1	R-001	Complete the Words	wordcomplete_blank	B	repair_before_pilot	high	GOV-001;R001-001	handled	not_applicable	T09/T12	not_recorded_pending_rights_review	initial_audit_complete_with_findings	pending_independent_adjudication	blocked_not_validated	src/data/mocks/toefl-set-8.ts	Codex_initial_editorial_audit	2026-08-09
item:t8-r-cw2:blank-2	object:t8-r-cw2	set-8	1	R-001	Complete the Words	wordcomplete_blank	B	repair_before_pilot	high	GOV-001;R001-001	handled	not_applicable	T09/T12	not_recorded_pending_rights_review	initial_audit_complete_with_findings	pending_independent_adjudication	blocked_not_validated	src/data/mocks/toefl-set-8.ts	Codex_initial_editorial_audit	2026-08-09
item:t8-r-cw2:blank-3	object:t8-r-cw2	set-8	1	R-001	Complete the Words	wordcomplete_blank	B	repair_before_pilot	high	GOV-001;R001-001	handled	not_applicable	T09/T12	not_recorded_pending_rights_review	initial_audit_complete_with_findings	pending_independent_adjudication	blocked_not_validated	src/data/mocks/toefl-set-8.ts	Codex_initial_editorial_audit	2026-08-09
item:t8-r-cw2:blank-4	object:t8-r-cw2	set-8	1	R-001	Complete the Words	wordcomplete_blank	B	repair_before_pilot	high	GOV-001;R001-001	handled	not_applicable	T09/T12	not_recorded_pending_rights_review	initial_audit_complete_with_findings	pending_independent_adjudication	blocked_not_validated	src/data/mocks/toefl-set-8.ts	Codex_initial_editorial_audit	2026-08-09
item:t8-r-cw2:blank-5	object:t8-r-cw2	set-8	1	R-001	Complete the Words	wordcomplete_blank	B	repair_before_pilot	high	GOV-001;R001-001	handled	not_applicable	T09/T12	not_recorded_pending_rights_review	initial_audit_complete_with_findings	pending_independent_adjudication	blocked_not_validated	src/data/mocks/toefl-set-8.ts	Codex_initial_editorial_audit	2026-08-09
item:t8-r-cw2:blank-6	object:t8-r-cw2	set-8	1	R-001	Complete the Words	wordcomplete_blank	B	repair_before_pilot	high	GOV-001;R001-001	handled	not_applicable	T09/T12	not_recorded_pending_rights_review	initial_audit_complete_with_findings	pending_independent_adjudication	blocked_not_validated	src/data/mocks/toefl-set-8.ts	Codex_initial_editorial_audit	2026-08-09
item:t8-r-dl1	object:t8-r-dl1	set-8	2	R-002	Read in Daily Life	mcq	B	repair_before_pilot	high	GOV-001;ED-002	handled	not_applicable	T09/T13	not_recorded_pending_rights_review	initial_audit_complete_with_findings	pending_independent_adjudication	blocked_not_validated	src/data/mocks/toefl-set-8.ts	Codex_initial_editorial_audit	2026-08-09
item:t8-r-dl2	object:t8-r-dl2	set-8	2	R-002	Read in Daily Life	mcq	A	conserve_editorial_candidate	none	GOV-001	handled	not_applicable	T09/T13	not_recorded_pending_rights_review	initial_audit_complete_with_findings	pending_independent_adjudication	blocked_not_validated	src/data/mocks/toefl-set-8.ts	Codex_initial_editorial_audit	2026-08-09
item:t8-r-dl3	object:t8-r-dl3	set-8	2	R-002	Read in Daily Life	mcq	A	conserve_editorial_candidate	none	GOV-001	handled	not_applicable	T09/T13	not_recorded_pending_rights_review	initial_audit_complete_with_findings	pending_independent_adjudication	blocked_not_validated	src/data/mocks/toefl-set-8.ts	Codex_initial_editorial_audit	2026-08-09
item:t8-r-dl4	object:t8-r-dl4	set-8	3	R-003	Read in Daily Life	mcq	A	conserve_editorial_candidate	none	GOV-001	handled	not_applicable	T09/T13	not_recorded_pending_rights_review	initial_audit_complete_with_findings	pending_independent_adjudication	blocked_not_validated	src/data/mocks/toefl-set-8.ts	Codex_initial_editorial_audit	2026-08-09
item:t8-r-dl5	object:t8-r-dl5	set-8	3	R-003	Read in Daily Life	mcq	B	repair_before_pilot	high	GOV-001;ED-002	handled	not_applicable	T09/T13	not_recorded_pending_rights_review	initial_audit_complete_with_findings	pending_independent_adjudication	blocked_not_validated	src/data/mocks/toefl-set-8.ts	Codex_initial_editorial_audit	2026-08-09
item:t8-r-ap1	object:t8-r-ap1	set-8	4	R-004	Read an Academic Passage	mcq	C	derive_or_segment_preserving_original	high	GOV-001;ED-002;R003-001	handled	not_applicable	T09/T13	not_recorded_pending_rights_review	initial_audit_complete_with_findings	pending_independent_adjudication	blocked_not_validated	src/data/mocks/toefl-set-8.ts	Codex_initial_editorial_audit	2026-08-09
item:t8-r-ap2	object:t8-r-ap2	set-8	4	R-004	Read an Academic Passage	mcq	C	derive_or_segment_preserving_original	high	GOV-001;R003-001	handled	not_applicable	T09/T13	not_recorded_pending_rights_review	initial_audit_complete_with_findings	pending_independent_adjudication	blocked_not_validated	src/data/mocks/toefl-set-8.ts	Codex_initial_editorial_audit	2026-08-09
item:t8-r-ap3	object:t8-r-ap3	set-8	4	R-004	Read an Academic Passage	mcq	C	derive_or_segment_preserving_original	high	GOV-001;ED-002;R003-001	handled	not_applicable	T09/T13	not_recorded_pending_rights_review	initial_audit_complete_with_findings	pending_independent_adjudication	blocked_not_validated	src/data/mocks/toefl-set-8.ts	Codex_initial_editorial_audit	2026-08-09
item:t8-r-ap4	object:t8-r-ap4	set-8	4	R-004	Read an Academic Passage	mcq	C	derive_or_segment_preserving_original	high	GOV-001;ED-002;R003-001	handled	not_applicable	T09/T13	not_recorded_pending_rights_review	initial_audit_complete_with_findings	pending_independent_adjudication	blocked_not_validated	src/data/mocks/toefl-set-8.ts	Codex_initial_editorial_audit	2026-08-09
item:t8-r-ap5	object:t8-r-ap5	set-8	4	R-004	Read an Academic Passage	mcq	C	derive_or_segment_preserving_original	high	GOV-001;ED-002;R003-001	handled	not_applicable	T09/T13	not_recorded_pending_rights_review	initial_audit_complete_with_findings	pending_independent_adjudication	blocked_not_validated	src/data/mocks/toefl-set-8.ts	Codex_initial_editorial_audit	2026-08-09
item:t8-r-ap6	object:t8-r-ap6	set-8	4	R-004	Read an Academic Passage	multiselect	C	derive_or_segment_preserving_original	critical	GOV-001;R003-001;R003-002	unhandled	not_applicable	T09/T13	not_recorded_pending_rights_review	initial_audit_complete_with_findings	pending_independent_adjudication	blocked_not_validated	src/data/mocks/toefl-set-8.ts	Codex_initial_editorial_audit	2026-08-09
item:t8-l-cr1	object:t8-l-cr1	set-8	5	R-005	Listen and Choose a Response	mcq	B	repair_before_pilot	high	GOV-001;ED-002;L001-001;L001-002;AUD-001	handled	pending_T06_T07_T08	T09/T14	not_recorded_pending_rights_review	initial_audit_complete_with_findings	pending_independent_adjudication	blocked_not_validated	src/data/mocks/toefl-set-8.ts	Codex_initial_editorial_audit	2026-08-09
item:t8-l-cr2	object:t8-l-cr2	set-8	5	R-005	Listen and Choose a Response	mcq	B	repair_before_pilot	high	GOV-001;ED-002;L001-001;L001-002;AUD-001	handled	pending_T06_T07_T08	T09/T14	not_recorded_pending_rights_review	initial_audit_complete_with_findings	pending_independent_adjudication	blocked_not_validated	src/data/mocks/toefl-set-8.ts	Codex_initial_editorial_audit	2026-08-09
item:t8-l-cr3	object:t8-l-cr3	set-8	5	R-005	Listen and Choose a Response	mcq	B	repair_before_pilot	high	GOV-001;ED-002;L001-001;L001-002;AUD-001	handled	pending_T06_T07_T08	T09/T14	not_recorded_pending_rights_review	initial_audit_complete_with_findings	pending_independent_adjudication	blocked_not_validated	src/data/mocks/toefl-set-8.ts	Codex_initial_editorial_audit	2026-08-09
item:t8-l-cr4	object:t8-l-cr4	set-8	5	R-005	Listen and Choose a Response	mcq	B	repair_before_pilot	high	GOV-001;ED-002;L001-001;L001-002;AUD-001	handled	pending_T06_T07_T08	T09/T14	not_recorded_pending_rights_review	initial_audit_complete_with_findings	pending_independent_adjudication	blocked_not_validated	src/data/mocks/toefl-set-8.ts	Codex_initial_editorial_audit	2026-08-09
item:t8-l-cr5	object:t8-l-cr5	set-8	5	R-005	Listen and Choose a Response	mcq	B	repair_before_pilot	high	GOV-001;ED-002;L001-001;L001-002;AUD-001	handled	pending_T06_T07_T08	T09/T14	not_recorded_pending_rights_review	initial_audit_complete_with_findings	pending_independent_adjudication	blocked_not_validated	src/data/mocks/toefl-set-8.ts	Codex_initial_editorial_audit	2026-08-09
item:t8-l-cv1	object:t8-l-cv1	set-8	6	R-006	Listen to a Conversation	mcq	B	repair_before_pilot	high	GOV-001;ED-002;AUD-001	handled	pending_T06_T07_T08	T09/T15	not_recorded_pending_rights_review	initial_audit_complete_with_findings	pending_independent_adjudication	blocked_not_validated	src/data/mocks/toefl-set-8.ts	Codex_initial_editorial_audit	2026-08-09
item:t8-l-cv2	object:t8-l-cv2	set-8	6	R-006	Listen to a Conversation	mcq	B	repair_before_pilot	high	GOV-001;ED-002;AUD-001	handled	pending_T06_T07_T08	T09/T15	not_recorded_pending_rights_review	initial_audit_complete_with_findings	pending_independent_adjudication	blocked_not_validated	src/data/mocks/toefl-set-8.ts	Codex_initial_editorial_audit	2026-08-09
item:t8-l-cv3	object:t8-l-cv3	set-8	6	R-006	Listen to a Conversation	mcq	B	repair_before_pilot	high	GOV-001;ED-002;AUD-001	handled	pending_T06_T07_T08	T09/T15	not_recorded_pending_rights_review	initial_audit_complete_with_findings	pending_independent_adjudication	blocked_not_validated	src/data/mocks/toefl-set-8.ts	Codex_initial_editorial_audit	2026-08-09
item:t8-l-cv4	object:t8-l-cv4	set-8	6	R-006	Listen to a Conversation	mcq	B	repair_before_pilot	high	GOV-001;ED-002;AUD-001	handled	pending_T06_T07_T08	T09/T15	not_recorded_pending_rights_review	initial_audit_complete_with_findings	pending_independent_adjudication	blocked_not_validated	src/data/mocks/toefl-set-8.ts	Codex_initial_editorial_audit	2026-08-09
item:t8-l-an1	object:t8-l-an1	set-8	7	R-007	Listen to an Announcement	mcq	B	repair_before_pilot	high	GOV-001;ED-002;AUD-001	handled	pending_T06_T07_T08	T09/T15	not_recorded_pending_rights_review	initial_audit_complete_with_findings	pending_independent_adjudication	blocked_not_validated	src/data/mocks/toefl-set-8.ts	Codex_initial_editorial_audit	2026-08-09
item:t8-l-an2	object:t8-l-an2	set-8	7	R-007	Listen to an Announcement	mcq	B	repair_before_pilot	high	GOV-001;ED-002;AUD-001	handled	pending_T06_T07_T08	T09/T15	not_recorded_pending_rights_review	initial_audit_complete_with_findings	pending_independent_adjudication	blocked_not_validated	src/data/mocks/toefl-set-8.ts	Codex_initial_editorial_audit	2026-08-09
item:t8-l-an3	object:t8-l-an3	set-8	7	R-007	Listen to an Announcement	mcq	A	conserve_editorial_candidate	none	GOV-001;AUD-001	handled	pending_T06_T07_T08	T09/T15	not_recorded_pending_rights_review	initial_audit_complete_with_findings	pending_independent_adjudication	blocked_not_validated	src/data/mocks/toefl-set-8.ts	Codex_initial_editorial_audit	2026-08-09
item:t8-l-at1	object:t8-l-at1	set-8	8	R-008	Listen to an Academic Talk	mcq	C	derive_or_segment_preserving_original	high	GOV-001;ED-002;AUD-001;L004-001	handled	pending_T06_T07_T08	T09/T15	not_recorded_pending_rights_review	initial_audit_complete_with_findings	pending_independent_adjudication	blocked_not_validated	src/data/mocks/toefl-set-8.ts	Codex_initial_editorial_audit	2026-08-09
item:t8-l-at2	object:t8-l-at2	set-8	8	R-008	Listen to an Academic Talk	mcq	C	derive_or_segment_preserving_original	high	GOV-001;ED-002;AUD-001;L004-001	handled	pending_T06_T07_T08	T09/T15	not_recorded_pending_rights_review	initial_audit_complete_with_findings	pending_independent_adjudication	blocked_not_validated	src/data/mocks/toefl-set-8.ts	Codex_initial_editorial_audit	2026-08-09
item:t8-l-at3	object:t8-l-at3	set-8	8	R-008	Listen to an Academic Talk	mcq	C	derive_or_segment_preserving_original	high	GOV-001;ED-002;AUD-001;L004-001	handled	pending_T06_T07_T08	T09/T15	not_recorded_pending_rights_review	initial_audit_complete_with_findings	pending_independent_adjudication	blocked_not_validated	src/data/mocks/toefl-set-8.ts	Codex_initial_editorial_audit	2026-08-09
item:t8-l-at4	object:t8-l-at4	set-8	8	R-008	Listen to an Academic Talk	mcq	C	derive_or_segment_preserving_original	high	GOV-001;ED-002;AUD-001;L004-001	handled	pending_T06_T07_T08	T09/T15	not_recorded_pending_rights_review	initial_audit_complete_with_findings	pending_independent_adjudication	blocked_not_validated	src/data/mocks/toefl-set-8.ts	Codex_initial_editorial_audit	2026-08-09
item:t8-l-at5	object:t8-l-at5	set-8	8	R-008	Listen to an Academic Talk	mcq	C	derive_or_segment_preserving_original	high	GOV-001;ED-002;AUD-001;L004-001	handled	pending_T06_T07_T08	T09/T15	not_recorded_pending_rights_review	initial_audit_complete_with_findings	pending_independent_adjudication	blocked_not_validated	src/data/mocks/toefl-set-8.ts	Codex_initial_editorial_audit	2026-08-09
item:t8-w-bs1	object:t8-w-bs1	set-8	9	R-009	Build a Sentence	sentencebuild	B	repair_before_pilot	high	GOV-001;W001-001;W001-002;W001-003	handled	not_applicable	T09/T16	not_recorded_pending_rights_review	initial_audit_complete_with_findings	pending_independent_adjudication	blocked_not_validated	src/data/mocks/toefl-set-8.ts	Codex_initial_editorial_audit	2026-08-09
item:t8-w-bs2	object:t8-w-bs2	set-8	9	R-009	Build a Sentence	sentencebuild	B	repair_before_pilot	high	GOV-001;W001-001;W001-002	handled	not_applicable	T09/T16	not_recorded_pending_rights_review	initial_audit_complete_with_findings	pending_independent_adjudication	blocked_not_validated	src/data/mocks/toefl-set-8.ts	Codex_initial_editorial_audit	2026-08-09
item:t8-w-bs3	object:t8-w-bs3	set-8	9	R-009	Build a Sentence	sentencebuild	B	repair_before_pilot	high	GOV-001;W001-001;W001-002	handled	not_applicable	T09/T16	not_recorded_pending_rights_review	initial_audit_complete_with_findings	pending_independent_adjudication	blocked_not_validated	src/data/mocks/toefl-set-8.ts	Codex_initial_editorial_audit	2026-08-09
item:t8-w-bs4	object:t8-w-bs4	set-8	9	R-009	Build a Sentence	sentencebuild	B	repair_before_pilot	high	GOV-001;W001-001;W001-002	handled	not_applicable	T09/T16	not_recorded_pending_rights_review	initial_audit_complete_with_findings	pending_independent_adjudication	blocked_not_validated	src/data/mocks/toefl-set-8.ts	Codex_initial_editorial_audit	2026-08-09
item:t8-w-bs5	object:t8-w-bs5	set-8	9	R-009	Build a Sentence	sentencebuild	B	repair_before_pilot	high	GOV-001;W001-001;W001-002	handled	not_applicable	T09/T16	not_recorded_pending_rights_review	initial_audit_complete_with_findings	pending_independent_adjudication	blocked_not_validated	src/data/mocks/toefl-set-8.ts	Codex_initial_editorial_audit	2026-08-09
item:t8-w-bs6	object:t8-w-bs6	set-8	9	R-009	Build a Sentence	sentencebuild	B	repair_before_pilot	high	GOV-001;W001-001;W001-002	handled	not_applicable	T09/T16	not_recorded_pending_rights_review	initial_audit_complete_with_findings	pending_independent_adjudication	blocked_not_validated	src/data/mocks/toefl-set-8.ts	Codex_initial_editorial_audit	2026-08-09
item:t8-w-email	object:t8-w-email	set-8	10	R-010	Write an Email	write	B	repair_before_pilot	high	GOV-001;W002-001	handled	not_applicable	T10/T11/T17	not_recorded_pending_rights_review	initial_audit_complete_with_findings	pending_independent_adjudication	blocked_not_validated	src/data/mocks/toefl-set-8.ts	Codex_initial_editorial_audit	2026-08-09
item:t8-w-disc	object:t8-w-disc	set-8	11	R-011	Write for an Academic Discussion	write	B	repair_before_pilot	high	GOV-001;W003-001	handled	not_applicable	T10/T11/T17	not_recorded_pending_rights_review	initial_audit_complete_with_findings	pending_independent_adjudication	blocked_not_validated	src/data/mocks/toefl-set-8.ts	Codex_initial_editorial_audit	2026-08-09
item:t8-s-rp1	object:t8-s-rp1	set-8	12	R-012	Listen and Repeat	repeat	B	repair_before_pilot	critical	GOV-001;AUD-001;S001-001	handled	pending_T06_T07_T08	T10/T11/T18	not_recorded_pending_rights_review	initial_audit_complete_with_findings	pending_independent_adjudication	blocked_not_validated	src/data/mocks/toefl-set-8.ts	Codex_initial_editorial_audit	2026-08-09
item:t8-s-rp2	object:t8-s-rp2	set-8	12	R-012	Listen and Repeat	repeat	B	repair_before_pilot	critical	GOV-001;AUD-001;S001-001	handled	pending_T06_T07_T08	T10/T11/T18	not_recorded_pending_rights_review	initial_audit_complete_with_findings	pending_independent_adjudication	blocked_not_validated	src/data/mocks/toefl-set-8.ts	Codex_initial_editorial_audit	2026-08-09
item:t8-s-rp3	object:t8-s-rp3	set-8	12	R-012	Listen and Repeat	repeat	B	repair_before_pilot	critical	GOV-001;AUD-001;S001-001	handled	pending_T06_T07_T08	T10/T11/T18	not_recorded_pending_rights_review	initial_audit_complete_with_findings	pending_independent_adjudication	blocked_not_validated	src/data/mocks/toefl-set-8.ts	Codex_initial_editorial_audit	2026-08-09
item:t8-s-rp4	object:t8-s-rp4	set-8	12	R-012	Listen and Repeat	repeat	B	repair_before_pilot	critical	GOV-001;AUD-001;S001-001	handled	pending_T06_T07_T08	T10/T11/T18	not_recorded_pending_rights_review	initial_audit_complete_with_findings	pending_independent_adjudication	blocked_not_validated	src/data/mocks/toefl-set-8.ts	Codex_initial_editorial_audit	2026-08-09
item:t8-s-rp5	object:t8-s-rp5	set-8	12	R-012	Listen and Repeat	repeat	B	repair_before_pilot	critical	GOV-001;AUD-001;S001-001	handled	pending_T06_T07_T08	T10/T11/T18	not_recorded_pending_rights_review	initial_audit_complete_with_findings	pending_independent_adjudication	blocked_not_validated	src/data/mocks/toefl-set-8.ts	Codex_initial_editorial_audit	2026-08-09
item:t8-s-iv1	object:t8-s-iv1	set-8	13	R-013	Take an Interview	speak	B	repair_before_pilot	high	GOV-001;S002-001;S002-002	handled	not_applicable	T10/T11/T19	not_recorded_pending_rights_review	initial_audit_complete_with_findings	pending_independent_adjudication	blocked_not_validated	src/data/mocks/toefl-set-8.ts	Codex_initial_editorial_audit	2026-08-09
item:t8-s-iv2	object:t8-s-iv2	set-8	13	R-013	Take an Interview	speak	B	repair_before_pilot	high	GOV-001;S002-001;S002-002	handled	not_applicable	T10/T11/T19	not_recorded_pending_rights_review	initial_audit_complete_with_findings	pending_independent_adjudication	blocked_not_validated	src/data/mocks/toefl-set-8.ts	Codex_initial_editorial_audit	2026-08-09
item:t8-s-iv3	object:t8-s-iv3	set-8	13	R-013	Take an Interview	speak	B	repair_before_pilot	high	GOV-001;S002-001;S002-002	handled	not_applicable	T10/T11/T19	not_recorded_pending_rights_review	initial_audit_complete_with_findings	pending_independent_adjudication	blocked_not_validated	src/data/mocks/toefl-set-8.ts	Codex_initial_editorial_audit	2026-08-09
item:t8-s-iv4	object:t8-s-iv4	set-8	13	R-013	Take an Interview	speak	B	repair_before_pilot	high	GOV-001;S002-001;S002-002;REP-001	handled	not_applicable	T10/T11/T19	not_recorded_pending_rights_review	initial_audit_complete_with_findings	pending_independent_adjudication	blocked_not_validated	src/data/mocks/toefl-set-8.ts	Codex_initial_editorial_audit	2026-08-09
item:t9-r-cw1:blank-1	object:t9-r-cw1	set-9	1	R-001	Complete the Words	wordcomplete_blank	B	repair_before_pilot	high	GOV-001;R001-001	handled	not_applicable	T09/T12	not_recorded_pending_rights_review	initial_audit_complete_with_findings	pending_independent_adjudication	blocked_not_validated	src/data/mocks/toefl-set-9.ts	Codex_initial_editorial_audit	2026-08-09
item:t9-r-cw1:blank-2	object:t9-r-cw1	set-9	1	R-001	Complete the Words	wordcomplete_blank	B	repair_before_pilot	high	GOV-001;R001-001	handled	not_applicable	T09/T12	not_recorded_pending_rights_review	initial_audit_complete_with_findings	pending_independent_adjudication	blocked_not_validated	src/data/mocks/toefl-set-9.ts	Codex_initial_editorial_audit	2026-08-09
item:t9-r-cw1:blank-3	object:t9-r-cw1	set-9	1	R-001	Complete the Words	wordcomplete_blank	B	repair_before_pilot	high	GOV-001;R001-001	handled	not_applicable	T09/T12	not_recorded_pending_rights_review	initial_audit_complete_with_findings	pending_independent_adjudication	blocked_not_validated	src/data/mocks/toefl-set-9.ts	Codex_initial_editorial_audit	2026-08-09
item:t9-r-cw1:blank-4	object:t9-r-cw1	set-9	1	R-001	Complete the Words	wordcomplete_blank	B	repair_before_pilot	high	GOV-001;R001-001	handled	not_applicable	T09/T12	not_recorded_pending_rights_review	initial_audit_complete_with_findings	pending_independent_adjudication	blocked_not_validated	src/data/mocks/toefl-set-9.ts	Codex_initial_editorial_audit	2026-08-09
item:t9-r-cw1:blank-5	object:t9-r-cw1	set-9	1	R-001	Complete the Words	wordcomplete_blank	B	repair_before_pilot	high	GOV-001;R001-001	handled	not_applicable	T09/T12	not_recorded_pending_rights_review	initial_audit_complete_with_findings	pending_independent_adjudication	blocked_not_validated	src/data/mocks/toefl-set-9.ts	Codex_initial_editorial_audit	2026-08-09
item:t9-r-cw1:blank-6	object:t9-r-cw1	set-9	1	R-001	Complete the Words	wordcomplete_blank	B	repair_before_pilot	high	GOV-001;R001-001	handled	not_applicable	T09/T12	not_recorded_pending_rights_review	initial_audit_complete_with_findings	pending_independent_adjudication	blocked_not_validated	src/data/mocks/toefl-set-9.ts	Codex_initial_editorial_audit	2026-08-09
item:t9-r-cw2:blank-1	object:t9-r-cw2	set-9	1	R-001	Complete the Words	wordcomplete_blank	B	repair_before_pilot	high	GOV-001;R001-001	handled	not_applicable	T09/T12	not_recorded_pending_rights_review	initial_audit_complete_with_findings	pending_independent_adjudication	blocked_not_validated	src/data/mocks/toefl-set-9.ts	Codex_initial_editorial_audit	2026-08-09
item:t9-r-cw2:blank-2	object:t9-r-cw2	set-9	1	R-001	Complete the Words	wordcomplete_blank	B	repair_before_pilot	high	GOV-001;R001-001	handled	not_applicable	T09/T12	not_recorded_pending_rights_review	initial_audit_complete_with_findings	pending_independent_adjudication	blocked_not_validated	src/data/mocks/toefl-set-9.ts	Codex_initial_editorial_audit	2026-08-09
item:t9-r-cw2:blank-3	object:t9-r-cw2	set-9	1	R-001	Complete the Words	wordcomplete_blank	B	repair_before_pilot	high	GOV-001;R001-001	handled	not_applicable	T09/T12	not_recorded_pending_rights_review	initial_audit_complete_with_findings	pending_independent_adjudication	blocked_not_validated	src/data/mocks/toefl-set-9.ts	Codex_initial_editorial_audit	2026-08-09
item:t9-r-cw2:blank-4	object:t9-r-cw2	set-9	1	R-001	Complete the Words	wordcomplete_blank	B	repair_before_pilot	high	GOV-001;R001-001	handled	not_applicable	T09/T12	not_recorded_pending_rights_review	initial_audit_complete_with_findings	pending_independent_adjudication	blocked_not_validated	src/data/mocks/toefl-set-9.ts	Codex_initial_editorial_audit	2026-08-09
item:t9-r-cw2:blank-5	object:t9-r-cw2	set-9	1	R-001	Complete the Words	wordcomplete_blank	B	repair_before_pilot	high	GOV-001;R001-001	handled	not_applicable	T09/T12	not_recorded_pending_rights_review	initial_audit_complete_with_findings	pending_independent_adjudication	blocked_not_validated	src/data/mocks/toefl-set-9.ts	Codex_initial_editorial_audit	2026-08-09
item:t9-r-cw2:blank-6	object:t9-r-cw2	set-9	1	R-001	Complete the Words	wordcomplete_blank	B	repair_before_pilot	high	GOV-001;R001-001	handled	not_applicable	T09/T12	not_recorded_pending_rights_review	initial_audit_complete_with_findings	pending_independent_adjudication	blocked_not_validated	src/data/mocks/toefl-set-9.ts	Codex_initial_editorial_audit	2026-08-09
item:t9-r-dl1	object:t9-r-dl1	set-9	2	R-002	Read in Daily Life	mcq	A	conserve_editorial_candidate	none	GOV-001	handled	not_applicable	T09/T13	not_recorded_pending_rights_review	initial_audit_complete_with_findings	pending_independent_adjudication	blocked_not_validated	src/data/mocks/toefl-set-9.ts	Codex_initial_editorial_audit	2026-08-09
item:t9-r-dl2	object:t9-r-dl2	set-9	2	R-002	Read in Daily Life	mcq	B	repair_before_pilot	high	GOV-001;ED-002	handled	not_applicable	T09/T13	not_recorded_pending_rights_review	initial_audit_complete_with_findings	pending_independent_adjudication	blocked_not_validated	src/data/mocks/toefl-set-9.ts	Codex_initial_editorial_audit	2026-08-09
item:t9-r-dl3	object:t9-r-dl3	set-9	2	R-002	Read in Daily Life	mcq	B	repair_before_pilot	high	GOV-001;ED-002	handled	not_applicable	T09/T13	not_recorded_pending_rights_review	initial_audit_complete_with_findings	pending_independent_adjudication	blocked_not_validated	src/data/mocks/toefl-set-9.ts	Codex_initial_editorial_audit	2026-08-09
item:t9-r-dl4	object:t9-r-dl4	set-9	3	R-003	Read in Daily Life	mcq	B	repair_before_pilot	high	GOV-001;ED-002	handled	not_applicable	T09/T13	not_recorded_pending_rights_review	initial_audit_complete_with_findings	pending_independent_adjudication	blocked_not_validated	src/data/mocks/toefl-set-9.ts	Codex_initial_editorial_audit	2026-08-09
item:t9-r-dl5	object:t9-r-dl5	set-9	3	R-003	Read in Daily Life	mcq	A	conserve_editorial_candidate	none	GOV-001	handled	not_applicable	T09/T13	not_recorded_pending_rights_review	initial_audit_complete_with_findings	pending_independent_adjudication	blocked_not_validated	src/data/mocks/toefl-set-9.ts	Codex_initial_editorial_audit	2026-08-09
item:t9-r-ap1	object:t9-r-ap1	set-9	4	R-004	Read an Academic Passage	mcq	C	derive_or_segment_preserving_original	high	GOV-001;ED-002;R003-001	handled	not_applicable	T09/T13	not_recorded_pending_rights_review	initial_audit_complete_with_findings	pending_independent_adjudication	blocked_not_validated	src/data/mocks/toefl-set-9.ts	Codex_initial_editorial_audit	2026-08-09
item:t9-r-ap2	object:t9-r-ap2	set-9	4	R-004	Read an Academic Passage	mcq	C	derive_or_segment_preserving_original	high	GOV-001;ED-002;R003-001	handled	not_applicable	T09/T13	not_recorded_pending_rights_review	initial_audit_complete_with_findings	pending_independent_adjudication	blocked_not_validated	src/data/mocks/toefl-set-9.ts	Codex_initial_editorial_audit	2026-08-09
item:t9-r-ap3	object:t9-r-ap3	set-9	4	R-004	Read an Academic Passage	mcq	C	derive_or_segment_preserving_original	high	GOV-001;ED-002;R003-001	handled	not_applicable	T09/T13	not_recorded_pending_rights_review	initial_audit_complete_with_findings	pending_independent_adjudication	blocked_not_validated	src/data/mocks/toefl-set-9.ts	Codex_initial_editorial_audit	2026-08-09
item:t9-r-ap4	object:t9-r-ap4	set-9	4	R-004	Read an Academic Passage	mcq	C	derive_or_segment_preserving_original	high	GOV-001;ED-002;R003-001	handled	not_applicable	T09/T13	not_recorded_pending_rights_review	initial_audit_complete_with_findings	pending_independent_adjudication	blocked_not_validated	src/data/mocks/toefl-set-9.ts	Codex_initial_editorial_audit	2026-08-09
item:t9-r-ap5	object:t9-r-ap5	set-9	4	R-004	Read an Academic Passage	mcq	C	derive_or_segment_preserving_original	high	GOV-001;ED-002;R003-001	handled	not_applicable	T09/T13	not_recorded_pending_rights_review	initial_audit_complete_with_findings	pending_independent_adjudication	blocked_not_validated	src/data/mocks/toefl-set-9.ts	Codex_initial_editorial_audit	2026-08-09
item:t9-r-ap6	object:t9-r-ap6	set-9	4	R-004	Read an Academic Passage	multiselect	C	derive_or_segment_preserving_original	critical	GOV-001;R003-001;R003-002	unhandled	not_applicable	T09/T13	not_recorded_pending_rights_review	initial_audit_complete_with_findings	pending_independent_adjudication	blocked_not_validated	src/data/mocks/toefl-set-9.ts	Codex_initial_editorial_audit	2026-08-09
item:t9-l-cr1	object:t9-l-cr1	set-9	5	R-005	Listen and Choose a Response	mcq	B	repair_before_pilot	high	GOV-001;ED-002;L001-001;L001-002;AUD-001	handled	pending_T06_T07_T08	T09/T14	not_recorded_pending_rights_review	initial_audit_complete_with_findings	pending_independent_adjudication	blocked_not_validated	src/data/mocks/toefl-set-9.ts	Codex_initial_editorial_audit	2026-08-09
item:t9-l-cr2	object:t9-l-cr2	set-9	5	R-005	Listen and Choose a Response	mcq	B	repair_before_pilot	high	GOV-001;ED-002;L001-001;L001-002;AUD-001	handled	pending_T06_T07_T08	T09/T14	not_recorded_pending_rights_review	initial_audit_complete_with_findings	pending_independent_adjudication	blocked_not_validated	src/data/mocks/toefl-set-9.ts	Codex_initial_editorial_audit	2026-08-09
item:t9-l-cr3	object:t9-l-cr3	set-9	5	R-005	Listen and Choose a Response	mcq	B	repair_before_pilot	high	GOV-001;ED-002;L001-001;L001-002;AUD-001	handled	pending_T06_T07_T08	T09/T14	not_recorded_pending_rights_review	initial_audit_complete_with_findings	pending_independent_adjudication	blocked_not_validated	src/data/mocks/toefl-set-9.ts	Codex_initial_editorial_audit	2026-08-09
item:t9-l-cr4	object:t9-l-cr4	set-9	5	R-005	Listen and Choose a Response	mcq	B	repair_before_pilot	high	GOV-001;ED-002;L001-001;L001-002;AUD-001	handled	pending_T06_T07_T08	T09/T14	not_recorded_pending_rights_review	initial_audit_complete_with_findings	pending_independent_adjudication	blocked_not_validated	src/data/mocks/toefl-set-9.ts	Codex_initial_editorial_audit	2026-08-09
item:t9-l-cr5	object:t9-l-cr5	set-9	5	R-005	Listen and Choose a Response	mcq	B	repair_before_pilot	high	GOV-001;ED-002;L001-001;L001-002;AUD-001	handled	pending_T06_T07_T08	T09/T14	not_recorded_pending_rights_review	initial_audit_complete_with_findings	pending_independent_adjudication	blocked_not_validated	src/data/mocks/toefl-set-9.ts	Codex_initial_editorial_audit	2026-08-09
item:t9-l-cv1	object:t9-l-cv1	set-9	6	R-006	Listen to a Conversation	mcq	B	repair_before_pilot	high	GOV-001;ED-002;AUD-001	handled	pending_T06_T07_T08	T09/T15	not_recorded_pending_rights_review	initial_audit_complete_with_findings	pending_independent_adjudication	blocked_not_validated	src/data/mocks/toefl-set-9.ts	Codex_initial_editorial_audit	2026-08-09
item:t9-l-cv2	object:t9-l-cv2	set-9	6	R-006	Listen to a Conversation	mcq	B	repair_before_pilot	high	GOV-001;ED-002;AUD-001	handled	pending_T06_T07_T08	T09/T15	not_recorded_pending_rights_review	initial_audit_complete_with_findings	pending_independent_adjudication	blocked_not_validated	src/data/mocks/toefl-set-9.ts	Codex_initial_editorial_audit	2026-08-09
item:t9-l-cv3	object:t9-l-cv3	set-9	6	R-006	Listen to a Conversation	mcq	B	repair_before_pilot	high	GOV-001;ED-002;AUD-001	handled	pending_T06_T07_T08	T09/T15	not_recorded_pending_rights_review	initial_audit_complete_with_findings	pending_independent_adjudication	blocked_not_validated	src/data/mocks/toefl-set-9.ts	Codex_initial_editorial_audit	2026-08-09
item:t9-l-cv4	object:t9-l-cv4	set-9	6	R-006	Listen to a Conversation	mcq	B	repair_before_pilot	high	GOV-001;ED-002;AUD-001	handled	pending_T06_T07_T08	T09/T15	not_recorded_pending_rights_review	initial_audit_complete_with_findings	pending_independent_adjudication	blocked_not_validated	src/data/mocks/toefl-set-9.ts	Codex_initial_editorial_audit	2026-08-09
item:t9-l-an1	object:t9-l-an1	set-9	7	R-007	Listen to an Announcement	mcq	A	conserve_editorial_candidate	none	GOV-001;AUD-001	handled	pending_T06_T07_T08	T09/T15	not_recorded_pending_rights_review	initial_audit_complete_with_findings	pending_independent_adjudication	blocked_not_validated	src/data/mocks/toefl-set-9.ts	Codex_initial_editorial_audit	2026-08-09
item:t9-l-an2	object:t9-l-an2	set-9	7	R-007	Listen to an Announcement	mcq	B	repair_before_pilot	high	GOV-001;ED-002;AUD-001	handled	pending_T06_T07_T08	T09/T15	not_recorded_pending_rights_review	initial_audit_complete_with_findings	pending_independent_adjudication	blocked_not_validated	src/data/mocks/toefl-set-9.ts	Codex_initial_editorial_audit	2026-08-09
item:t9-l-an3	object:t9-l-an3	set-9	7	R-007	Listen to an Announcement	mcq	B	repair_before_pilot	high	GOV-001;ED-002;AUD-001	handled	pending_T06_T07_T08	T09/T15	not_recorded_pending_rights_review	initial_audit_complete_with_findings	pending_independent_adjudication	blocked_not_validated	src/data/mocks/toefl-set-9.ts	Codex_initial_editorial_audit	2026-08-09
item:t9-l-at1	object:t9-l-at1	set-9	8	R-008	Listen to an Academic Talk	mcq	C	derive_or_segment_preserving_original	high	GOV-001;ED-002;AUD-001;L004-001	handled	pending_T06_T07_T08	T09/T15	not_recorded_pending_rights_review	initial_audit_complete_with_findings	pending_independent_adjudication	blocked_not_validated	src/data/mocks/toefl-set-9.ts	Codex_initial_editorial_audit	2026-08-09
item:t9-l-at2	object:t9-l-at2	set-9	8	R-008	Listen to an Academic Talk	mcq	C	derive_or_segment_preserving_original	high	GOV-001;ED-002;AUD-001;L004-001	handled	pending_T06_T07_T08	T09/T15	not_recorded_pending_rights_review	initial_audit_complete_with_findings	pending_independent_adjudication	blocked_not_validated	src/data/mocks/toefl-set-9.ts	Codex_initial_editorial_audit	2026-08-09
item:t9-l-at3	object:t9-l-at3	set-9	8	R-008	Listen to an Academic Talk	mcq	C	derive_or_segment_preserving_original	high	GOV-001;ED-002;AUD-001;L004-001	handled	pending_T06_T07_T08	T09/T15	not_recorded_pending_rights_review	initial_audit_complete_with_findings	pending_independent_adjudication	blocked_not_validated	src/data/mocks/toefl-set-9.ts	Codex_initial_editorial_audit	2026-08-09
item:t9-l-at4	object:t9-l-at4	set-9	8	R-008	Listen to an Academic Talk	mcq	C	derive_or_segment_preserving_original	high	GOV-001;ED-002;AUD-001;L004-001	handled	pending_T06_T07_T08	T09/T15	not_recorded_pending_rights_review	initial_audit_complete_with_findings	pending_independent_adjudication	blocked_not_validated	src/data/mocks/toefl-set-9.ts	Codex_initial_editorial_audit	2026-08-09
item:t9-l-at5	object:t9-l-at5	set-9	8	R-008	Listen to an Academic Talk	mcq	C	derive_or_segment_preserving_original	high	GOV-001;ED-002;AUD-001;L004-001	handled	pending_T06_T07_T08	T09/T15	not_recorded_pending_rights_review	initial_audit_complete_with_findings	pending_independent_adjudication	blocked_not_validated	src/data/mocks/toefl-set-9.ts	Codex_initial_editorial_audit	2026-08-09
item:t9-w-bs1	object:t9-w-bs1	set-9	9	R-009	Build a Sentence	sentencebuild	B	repair_before_pilot	high	GOV-001;W001-001;W001-002;W001-003	handled	not_applicable	T09/T16	not_recorded_pending_rights_review	initial_audit_complete_with_findings	pending_independent_adjudication	blocked_not_validated	src/data/mocks/toefl-set-9.ts	Codex_initial_editorial_audit	2026-08-09
item:t9-w-bs2	object:t9-w-bs2	set-9	9	R-009	Build a Sentence	sentencebuild	B	repair_before_pilot	high	GOV-001;W001-001;W001-002	handled	not_applicable	T09/T16	not_recorded_pending_rights_review	initial_audit_complete_with_findings	pending_independent_adjudication	blocked_not_validated	src/data/mocks/toefl-set-9.ts	Codex_initial_editorial_audit	2026-08-09
item:t9-w-bs3	object:t9-w-bs3	set-9	9	R-009	Build a Sentence	sentencebuild	B	repair_before_pilot	high	GOV-001;W001-001;W001-002	handled	not_applicable	T09/T16	not_recorded_pending_rights_review	initial_audit_complete_with_findings	pending_independent_adjudication	blocked_not_validated	src/data/mocks/toefl-set-9.ts	Codex_initial_editorial_audit	2026-08-09
item:t9-w-bs4	object:t9-w-bs4	set-9	9	R-009	Build a Sentence	sentencebuild	B	repair_before_pilot	high	GOV-001;W001-001;W001-002	handled	not_applicable	T09/T16	not_recorded_pending_rights_review	initial_audit_complete_with_findings	pending_independent_adjudication	blocked_not_validated	src/data/mocks/toefl-set-9.ts	Codex_initial_editorial_audit	2026-08-09
item:t9-w-bs5	object:t9-w-bs5	set-9	9	R-009	Build a Sentence	sentencebuild	B	repair_before_pilot	high	GOV-001;W001-001;W001-002	handled	not_applicable	T09/T16	not_recorded_pending_rights_review	initial_audit_complete_with_findings	pending_independent_adjudication	blocked_not_validated	src/data/mocks/toefl-set-9.ts	Codex_initial_editorial_audit	2026-08-09
item:t9-w-bs6	object:t9-w-bs6	set-9	9	R-009	Build a Sentence	sentencebuild	B	repair_before_pilot	high	GOV-001;W001-001;W001-002	handled	not_applicable	T09/T16	not_recorded_pending_rights_review	initial_audit_complete_with_findings	pending_independent_adjudication	blocked_not_validated	src/data/mocks/toefl-set-9.ts	Codex_initial_editorial_audit	2026-08-09
item:t9-w-email	object:t9-w-email	set-9	10	R-010	Write an Email	write	B	repair_before_pilot	high	GOV-001;W002-001	handled	not_applicable	T10/T11/T17	not_recorded_pending_rights_review	initial_audit_complete_with_findings	pending_independent_adjudication	blocked_not_validated	src/data/mocks/toefl-set-9.ts	Codex_initial_editorial_audit	2026-08-09
item:t9-w-disc	object:t9-w-disc	set-9	11	R-011	Write for an Academic Discussion	write	B	repair_before_pilot	high	GOV-001;W003-001	handled	not_applicable	T10/T11/T17	not_recorded_pending_rights_review	initial_audit_complete_with_findings	pending_independent_adjudication	blocked_not_validated	src/data/mocks/toefl-set-9.ts	Codex_initial_editorial_audit	2026-08-09
item:t9-s-rp1	object:t9-s-rp1	set-9	12	R-012	Listen and Repeat	repeat	B	repair_before_pilot	critical	GOV-001;AUD-001;S001-001	handled	pending_T06_T07_T08	T10/T11/T18	not_recorded_pending_rights_review	initial_audit_complete_with_findings	pending_independent_adjudication	blocked_not_validated	src/data/mocks/toefl-set-9.ts	Codex_initial_editorial_audit	2026-08-09
item:t9-s-rp2	object:t9-s-rp2	set-9	12	R-012	Listen and Repeat	repeat	B	repair_before_pilot	critical	GOV-001;AUD-001;S001-001	handled	pending_T06_T07_T08	T10/T11/T18	not_recorded_pending_rights_review	initial_audit_complete_with_findings	pending_independent_adjudication	blocked_not_validated	src/data/mocks/toefl-set-9.ts	Codex_initial_editorial_audit	2026-08-09
item:t9-s-rp3	object:t9-s-rp3	set-9	12	R-012	Listen and Repeat	repeat	B	repair_before_pilot	critical	GOV-001;AUD-001;S001-001	handled	pending_T06_T07_T08	T10/T11/T18	not_recorded_pending_rights_review	initial_audit_complete_with_findings	pending_independent_adjudication	blocked_not_validated	src/data/mocks/toefl-set-9.ts	Codex_initial_editorial_audit	2026-08-09
item:t9-s-rp4	object:t9-s-rp4	set-9	12	R-012	Listen and Repeat	repeat	B	repair_before_pilot	critical	GOV-001;AUD-001;S001-001	handled	pending_T06_T07_T08	T10/T11/T18	not_recorded_pending_rights_review	initial_audit_complete_with_findings	pending_independent_adjudication	blocked_not_validated	src/data/mocks/toefl-set-9.ts	Codex_initial_editorial_audit	2026-08-09
item:t9-s-rp5	object:t9-s-rp5	set-9	12	R-012	Listen and Repeat	repeat	B	repair_before_pilot	critical	GOV-001;AUD-001;S001-001	handled	pending_T06_T07_T08	T10/T11/T18	not_recorded_pending_rights_review	initial_audit_complete_with_findings	pending_independent_adjudication	blocked_not_validated	src/data/mocks/toefl-set-9.ts	Codex_initial_editorial_audit	2026-08-09
item:t9-s-iv1	object:t9-s-iv1	set-9	13	R-013	Take an Interview	speak	B	repair_before_pilot	high	GOV-001;S002-001;S002-002	handled	not_applicable	T10/T11/T19	not_recorded_pending_rights_review	initial_audit_complete_with_findings	pending_independent_adjudication	blocked_not_validated	src/data/mocks/toefl-set-9.ts	Codex_initial_editorial_audit	2026-08-09
item:t9-s-iv2	object:t9-s-iv2	set-9	13	R-013	Take an Interview	speak	B	repair_before_pilot	high	GOV-001;S002-001;S002-002	handled	not_applicable	T10/T11/T19	not_recorded_pending_rights_review	initial_audit_complete_with_findings	pending_independent_adjudication	blocked_not_validated	src/data/mocks/toefl-set-9.ts	Codex_initial_editorial_audit	2026-08-09
item:t9-s-iv3	object:t9-s-iv3	set-9	13	R-013	Take an Interview	speak	B	repair_before_pilot	high	GOV-001;S002-001;S002-002	handled	not_applicable	T10/T11/T19	not_recorded_pending_rights_review	initial_audit_complete_with_findings	pending_independent_adjudication	blocked_not_validated	src/data/mocks/toefl-set-9.ts	Codex_initial_editorial_audit	2026-08-09
item:t9-s-iv4	object:t9-s-iv4	set-9	13	R-013	Take an Interview	speak	B	repair_before_pilot	high	GOV-001;S002-001;S002-002;REP-001	handled	not_applicable	T10/T11/T19	not_recorded_pending_rights_review	initial_audit_complete_with_findings	pending_independent_adjudication	blocked_not_validated	src/data/mocks/toefl-set-9.ts	Codex_initial_editorial_audit	2026-08-09
item:t10-r-cw1:blank-1	object:t10-r-cw1	set-10	1	R-001	Complete the Words	wordcomplete_blank	B	repair_before_pilot	high	GOV-001;R001-001	handled	not_applicable	T09/T12	not_recorded_pending_rights_review	initial_audit_complete_with_findings	pending_independent_adjudication	blocked_not_validated	src/data/mocks/toefl-set-10.ts	Codex_initial_editorial_audit	2026-08-09
item:t10-r-cw1:blank-2	object:t10-r-cw1	set-10	1	R-001	Complete the Words	wordcomplete_blank	B	repair_before_pilot	high	GOV-001;R001-001	handled	not_applicable	T09/T12	not_recorded_pending_rights_review	initial_audit_complete_with_findings	pending_independent_adjudication	blocked_not_validated	src/data/mocks/toefl-set-10.ts	Codex_initial_editorial_audit	2026-08-09
item:t10-r-cw1:blank-3	object:t10-r-cw1	set-10	1	R-001	Complete the Words	wordcomplete_blank	B	repair_before_pilot	high	GOV-001;R001-001	handled	not_applicable	T09/T12	not_recorded_pending_rights_review	initial_audit_complete_with_findings	pending_independent_adjudication	blocked_not_validated	src/data/mocks/toefl-set-10.ts	Codex_initial_editorial_audit	2026-08-09
item:t10-r-cw1:blank-4	object:t10-r-cw1	set-10	1	R-001	Complete the Words	wordcomplete_blank	B	repair_before_pilot	high	GOV-001;R001-001	handled	not_applicable	T09/T12	not_recorded_pending_rights_review	initial_audit_complete_with_findings	pending_independent_adjudication	blocked_not_validated	src/data/mocks/toefl-set-10.ts	Codex_initial_editorial_audit	2026-08-09
item:t10-r-cw1:blank-5	object:t10-r-cw1	set-10	1	R-001	Complete the Words	wordcomplete_blank	B	repair_before_pilot	high	GOV-001;R001-001	handled	not_applicable	T09/T12	not_recorded_pending_rights_review	initial_audit_complete_with_findings	pending_independent_adjudication	blocked_not_validated	src/data/mocks/toefl-set-10.ts	Codex_initial_editorial_audit	2026-08-09
item:t10-r-cw1:blank-6	object:t10-r-cw1	set-10	1	R-001	Complete the Words	wordcomplete_blank	B	repair_before_pilot	high	GOV-001;R001-001	handled	not_applicable	T09/T12	not_recorded_pending_rights_review	initial_audit_complete_with_findings	pending_independent_adjudication	blocked_not_validated	src/data/mocks/toefl-set-10.ts	Codex_initial_editorial_audit	2026-08-09
item:t10-r-cw2:blank-1	object:t10-r-cw2	set-10	1	R-001	Complete the Words	wordcomplete_blank	B	repair_before_pilot	high	GOV-001;R001-001	handled	not_applicable	T09/T12	not_recorded_pending_rights_review	initial_audit_complete_with_findings	pending_independent_adjudication	blocked_not_validated	src/data/mocks/toefl-set-10.ts	Codex_initial_editorial_audit	2026-08-09
item:t10-r-cw2:blank-2	object:t10-r-cw2	set-10	1	R-001	Complete the Words	wordcomplete_blank	B	repair_before_pilot	high	GOV-001;R001-001	handled	not_applicable	T09/T12	not_recorded_pending_rights_review	initial_audit_complete_with_findings	pending_independent_adjudication	blocked_not_validated	src/data/mocks/toefl-set-10.ts	Codex_initial_editorial_audit	2026-08-09
item:t10-r-cw2:blank-3	object:t10-r-cw2	set-10	1	R-001	Complete the Words	wordcomplete_blank	B	repair_before_pilot	high	GOV-001;R001-001	handled	not_applicable	T09/T12	not_recorded_pending_rights_review	initial_audit_complete_with_findings	pending_independent_adjudication	blocked_not_validated	src/data/mocks/toefl-set-10.ts	Codex_initial_editorial_audit	2026-08-09
item:t10-r-cw2:blank-4	object:t10-r-cw2	set-10	1	R-001	Complete the Words	wordcomplete_blank	B	repair_before_pilot	high	GOV-001;R001-001	handled	not_applicable	T09/T12	not_recorded_pending_rights_review	initial_audit_complete_with_findings	pending_independent_adjudication	blocked_not_validated	src/data/mocks/toefl-set-10.ts	Codex_initial_editorial_audit	2026-08-09
item:t10-r-cw2:blank-5	object:t10-r-cw2	set-10	1	R-001	Complete the Words	wordcomplete_blank	B	repair_before_pilot	high	GOV-001;R001-001	handled	not_applicable	T09/T12	not_recorded_pending_rights_review	initial_audit_complete_with_findings	pending_independent_adjudication	blocked_not_validated	src/data/mocks/toefl-set-10.ts	Codex_initial_editorial_audit	2026-08-09
item:t10-r-cw2:blank-6	object:t10-r-cw2	set-10	1	R-001	Complete the Words	wordcomplete_blank	B	repair_before_pilot	high	GOV-001;R001-001	handled	not_applicable	T09/T12	not_recorded_pending_rights_review	initial_audit_complete_with_findings	pending_independent_adjudication	blocked_not_validated	src/data/mocks/toefl-set-10.ts	Codex_initial_editorial_audit	2026-08-09
item:t10-r-dl1	object:t10-r-dl1	set-10	2	R-002	Read in Daily Life	mcq	B	repair_before_pilot	high	GOV-001;ED-002	handled	not_applicable	T09/T13	not_recorded_pending_rights_review	initial_audit_complete_with_findings	pending_independent_adjudication	blocked_not_validated	src/data/mocks/toefl-set-10.ts	Codex_initial_editorial_audit	2026-08-09
item:t10-r-dl2	object:t10-r-dl2	set-10	2	R-002	Read in Daily Life	mcq	A	conserve_editorial_candidate	none	GOV-001	handled	not_applicable	T09/T13	not_recorded_pending_rights_review	initial_audit_complete_with_findings	pending_independent_adjudication	blocked_not_validated	src/data/mocks/toefl-set-10.ts	Codex_initial_editorial_audit	2026-08-09
item:t10-r-dl3	object:t10-r-dl3	set-10	2	R-002	Read in Daily Life	mcq	B	repair_before_pilot	high	GOV-001;ED-002	handled	not_applicable	T09/T13	not_recorded_pending_rights_review	initial_audit_complete_with_findings	pending_independent_adjudication	blocked_not_validated	src/data/mocks/toefl-set-10.ts	Codex_initial_editorial_audit	2026-08-09
item:t10-r-dl4	object:t10-r-dl4	set-10	3	R-003	Read in Daily Life	mcq	B	repair_before_pilot	high	GOV-001;ED-002	handled	not_applicable	T09/T13	not_recorded_pending_rights_review	initial_audit_complete_with_findings	pending_independent_adjudication	blocked_not_validated	src/data/mocks/toefl-set-10.ts	Codex_initial_editorial_audit	2026-08-09
item:t10-r-dl5	object:t10-r-dl5	set-10	3	R-003	Read in Daily Life	mcq	A	conserve_editorial_candidate	none	GOV-001	handled	not_applicable	T09/T13	not_recorded_pending_rights_review	initial_audit_complete_with_findings	pending_independent_adjudication	blocked_not_validated	src/data/mocks/toefl-set-10.ts	Codex_initial_editorial_audit	2026-08-09
item:t10-r-ap1	object:t10-r-ap1	set-10	4	R-004	Read an Academic Passage	mcq	C	derive_or_segment_preserving_original	high	GOV-001;ED-002;R003-001	handled	not_applicable	T09/T13	not_recorded_pending_rights_review	initial_audit_complete_with_findings	pending_independent_adjudication	blocked_not_validated	src/data/mocks/toefl-set-10.ts	Codex_initial_editorial_audit	2026-08-09
item:t10-r-ap2	object:t10-r-ap2	set-10	4	R-004	Read an Academic Passage	mcq	C	derive_or_segment_preserving_original	high	GOV-001;ED-002;R003-001	handled	not_applicable	T09/T13	not_recorded_pending_rights_review	initial_audit_complete_with_findings	pending_independent_adjudication	blocked_not_validated	src/data/mocks/toefl-set-10.ts	Codex_initial_editorial_audit	2026-08-09
item:t10-r-ap3	object:t10-r-ap3	set-10	4	R-004	Read an Academic Passage	mcq	C	derive_or_segment_preserving_original	high	GOV-001;ED-002;R003-001	handled	not_applicable	T09/T13	not_recorded_pending_rights_review	initial_audit_complete_with_findings	pending_independent_adjudication	blocked_not_validated	src/data/mocks/toefl-set-10.ts	Codex_initial_editorial_audit	2026-08-09
item:t10-r-ap4	object:t10-r-ap4	set-10	4	R-004	Read an Academic Passage	mcq	C	derive_or_segment_preserving_original	high	GOV-001;ED-002;R003-001	handled	not_applicable	T09/T13	not_recorded_pending_rights_review	initial_audit_complete_with_findings	pending_independent_adjudication	blocked_not_validated	src/data/mocks/toefl-set-10.ts	Codex_initial_editorial_audit	2026-08-09
item:t10-r-ap5	object:t10-r-ap5	set-10	4	R-004	Read an Academic Passage	mcq	C	derive_or_segment_preserving_original	high	GOV-001;ED-002;R003-001	handled	not_applicable	T09/T13	not_recorded_pending_rights_review	initial_audit_complete_with_findings	pending_independent_adjudication	blocked_not_validated	src/data/mocks/toefl-set-10.ts	Codex_initial_editorial_audit	2026-08-09
item:t10-r-ap6	object:t10-r-ap6	set-10	4	R-004	Read an Academic Passage	multiselect	C	derive_or_segment_preserving_original	critical	GOV-001;R003-001;R003-002	unhandled	not_applicable	T09/T13	not_recorded_pending_rights_review	initial_audit_complete_with_findings	pending_independent_adjudication	blocked_not_validated	src/data/mocks/toefl-set-10.ts	Codex_initial_editorial_audit	2026-08-09
item:t10-l-cr1	object:t10-l-cr1	set-10	5	R-005	Listen and Choose a Response	mcq	B	repair_before_pilot	high	GOV-001;ED-002;L001-001;L001-002;AUD-001	handled	pending_T06_T07_T08	T09/T14	not_recorded_pending_rights_review	initial_audit_complete_with_findings	pending_independent_adjudication	blocked_not_validated	src/data/mocks/toefl-set-10.ts	Codex_initial_editorial_audit	2026-08-09
item:t10-l-cr2	object:t10-l-cr2	set-10	5	R-005	Listen and Choose a Response	mcq	B	repair_before_pilot	high	GOV-001;ED-002;L001-001;L001-002;AUD-001	handled	pending_T06_T07_T08	T09/T14	not_recorded_pending_rights_review	initial_audit_complete_with_findings	pending_independent_adjudication	blocked_not_validated	src/data/mocks/toefl-set-10.ts	Codex_initial_editorial_audit	2026-08-09
item:t10-l-cr3	object:t10-l-cr3	set-10	5	R-005	Listen and Choose a Response	mcq	B	repair_before_pilot	high	GOV-001;ED-002;L001-001;L001-002;AUD-001	handled	pending_T06_T07_T08	T09/T14	not_recorded_pending_rights_review	initial_audit_complete_with_findings	pending_independent_adjudication	blocked_not_validated	src/data/mocks/toefl-set-10.ts	Codex_initial_editorial_audit	2026-08-09
item:t10-l-cr4	object:t10-l-cr4	set-10	5	R-005	Listen and Choose a Response	mcq	B	repair_before_pilot	high	GOV-001;ED-002;L001-001;L001-002;AUD-001	handled	pending_T06_T07_T08	T09/T14	not_recorded_pending_rights_review	initial_audit_complete_with_findings	pending_independent_adjudication	blocked_not_validated	src/data/mocks/toefl-set-10.ts	Codex_initial_editorial_audit	2026-08-09
item:t10-l-cr5	object:t10-l-cr5	set-10	5	R-005	Listen and Choose a Response	mcq	B	repair_before_pilot	high	GOV-001;ED-002;L001-001;L001-002;AUD-001	handled	pending_T06_T07_T08	T09/T14	not_recorded_pending_rights_review	initial_audit_complete_with_findings	pending_independent_adjudication	blocked_not_validated	src/data/mocks/toefl-set-10.ts	Codex_initial_editorial_audit	2026-08-09
item:t10-l-cv1	object:t10-l-cv1	set-10	6	R-006	Listen to a Conversation	mcq	B	repair_before_pilot	high	GOV-001;ED-002;AUD-001	handled	pending_T06_T07_T08	T09/T15	not_recorded_pending_rights_review	initial_audit_complete_with_findings	pending_independent_adjudication	blocked_not_validated	src/data/mocks/toefl-set-10.ts	Codex_initial_editorial_audit	2026-08-09
item:t10-l-cv2	object:t10-l-cv2	set-10	6	R-006	Listen to a Conversation	mcq	B	repair_before_pilot	high	GOV-001;ED-002;AUD-001	handled	pending_T06_T07_T08	T09/T15	not_recorded_pending_rights_review	initial_audit_complete_with_findings	pending_independent_adjudication	blocked_not_validated	src/data/mocks/toefl-set-10.ts	Codex_initial_editorial_audit	2026-08-09
item:t10-l-cv3	object:t10-l-cv3	set-10	6	R-006	Listen to a Conversation	mcq	B	repair_before_pilot	high	GOV-001;ED-002;AUD-001	handled	pending_T06_T07_T08	T09/T15	not_recorded_pending_rights_review	initial_audit_complete_with_findings	pending_independent_adjudication	blocked_not_validated	src/data/mocks/toefl-set-10.ts	Codex_initial_editorial_audit	2026-08-09
item:t10-l-cv4	object:t10-l-cv4	set-10	6	R-006	Listen to a Conversation	mcq	B	repair_before_pilot	high	GOV-001;ED-002;AUD-001	handled	pending_T06_T07_T08	T09/T15	not_recorded_pending_rights_review	initial_audit_complete_with_findings	pending_independent_adjudication	blocked_not_validated	src/data/mocks/toefl-set-10.ts	Codex_initial_editorial_audit	2026-08-09
item:t10-l-an1	object:t10-l-an1	set-10	7	R-007	Listen to an Announcement	mcq	B	repair_before_pilot	high	GOV-001;ED-002;AUD-001	handled	pending_T06_T07_T08	T09/T15	not_recorded_pending_rights_review	initial_audit_complete_with_findings	pending_independent_adjudication	blocked_not_validated	src/data/mocks/toefl-set-10.ts	Codex_initial_editorial_audit	2026-08-09
item:t10-l-an2	object:t10-l-an2	set-10	7	R-007	Listen to an Announcement	mcq	B	repair_before_pilot	high	GOV-001;ED-002;AUD-001	handled	pending_T06_T07_T08	T09/T15	not_recorded_pending_rights_review	initial_audit_complete_with_findings	pending_independent_adjudication	blocked_not_validated	src/data/mocks/toefl-set-10.ts	Codex_initial_editorial_audit	2026-08-09
item:t10-l-an3	object:t10-l-an3	set-10	7	R-007	Listen to an Announcement	mcq	B	repair_before_pilot	high	GOV-001;ED-002;AUD-001	handled	pending_T06_T07_T08	T09/T15	not_recorded_pending_rights_review	initial_audit_complete_with_findings	pending_independent_adjudication	blocked_not_validated	src/data/mocks/toefl-set-10.ts	Codex_initial_editorial_audit	2026-08-09
item:t10-l-at1	object:t10-l-at1	set-10	8	R-008	Listen to an Academic Talk	mcq	C	derive_or_segment_preserving_original	high	GOV-001;ED-002;AUD-001;L004-001	handled	pending_T06_T07_T08	T09/T15	not_recorded_pending_rights_review	initial_audit_complete_with_findings	pending_independent_adjudication	blocked_not_validated	src/data/mocks/toefl-set-10.ts	Codex_initial_editorial_audit	2026-08-09
item:t10-l-at2	object:t10-l-at2	set-10	8	R-008	Listen to an Academic Talk	mcq	C	derive_or_segment_preserving_original	high	GOV-001;ED-002;AUD-001;L004-001	handled	pending_T06_T07_T08	T09/T15	not_recorded_pending_rights_review	initial_audit_complete_with_findings	pending_independent_adjudication	blocked_not_validated	src/data/mocks/toefl-set-10.ts	Codex_initial_editorial_audit	2026-08-09
item:t10-l-at3	object:t10-l-at3	set-10	8	R-008	Listen to an Academic Talk	mcq	C	derive_or_segment_preserving_original	high	GOV-001;ED-002;AUD-001;L004-001	handled	pending_T06_T07_T08	T09/T15	not_recorded_pending_rights_review	initial_audit_complete_with_findings	pending_independent_adjudication	blocked_not_validated	src/data/mocks/toefl-set-10.ts	Codex_initial_editorial_audit	2026-08-09
item:t10-l-at4	object:t10-l-at4	set-10	8	R-008	Listen to an Academic Talk	mcq	C	derive_or_segment_preserving_original	high	GOV-001;ED-002;AUD-001;L004-001	handled	pending_T06_T07_T08	T09/T15	not_recorded_pending_rights_review	initial_audit_complete_with_findings	pending_independent_adjudication	blocked_not_validated	src/data/mocks/toefl-set-10.ts	Codex_initial_editorial_audit	2026-08-09
item:t10-l-at5	object:t10-l-at5	set-10	8	R-008	Listen to an Academic Talk	mcq	C	derive_or_segment_preserving_original	high	GOV-001;ED-002;AUD-001;L004-001	handled	pending_T06_T07_T08	T09/T15	not_recorded_pending_rights_review	initial_audit_complete_with_findings	pending_independent_adjudication	blocked_not_validated	src/data/mocks/toefl-set-10.ts	Codex_initial_editorial_audit	2026-08-09
item:t10-w-bs1	object:t10-w-bs1	set-10	9	R-009	Build a Sentence	sentencebuild	B	repair_before_pilot	high	GOV-001;W001-001;W001-002;W001-003	handled	not_applicable	T09/T16	not_recorded_pending_rights_review	initial_audit_complete_with_findings	pending_independent_adjudication	blocked_not_validated	src/data/mocks/toefl-set-10.ts	Codex_initial_editorial_audit	2026-08-09
item:t10-w-bs2	object:t10-w-bs2	set-10	9	R-009	Build a Sentence	sentencebuild	B	repair_before_pilot	high	GOV-001;W001-001;W001-002	handled	not_applicable	T09/T16	not_recorded_pending_rights_review	initial_audit_complete_with_findings	pending_independent_adjudication	blocked_not_validated	src/data/mocks/toefl-set-10.ts	Codex_initial_editorial_audit	2026-08-09
item:t10-w-bs3	object:t10-w-bs3	set-10	9	R-009	Build a Sentence	sentencebuild	B	repair_before_pilot	high	GOV-001;W001-001;W001-002	handled	not_applicable	T09/T16	not_recorded_pending_rights_review	initial_audit_complete_with_findings	pending_independent_adjudication	blocked_not_validated	src/data/mocks/toefl-set-10.ts	Codex_initial_editorial_audit	2026-08-09
item:t10-w-bs4	object:t10-w-bs4	set-10	9	R-009	Build a Sentence	sentencebuild	B	repair_before_pilot	high	GOV-001;W001-001;W001-002	handled	not_applicable	T09/T16	not_recorded_pending_rights_review	initial_audit_complete_with_findings	pending_independent_adjudication	blocked_not_validated	src/data/mocks/toefl-set-10.ts	Codex_initial_editorial_audit	2026-08-09
item:t10-w-bs5	object:t10-w-bs5	set-10	9	R-009	Build a Sentence	sentencebuild	B	repair_before_pilot	high	GOV-001;W001-001;W001-002	handled	not_applicable	T09/T16	not_recorded_pending_rights_review	initial_audit_complete_with_findings	pending_independent_adjudication	blocked_not_validated	src/data/mocks/toefl-set-10.ts	Codex_initial_editorial_audit	2026-08-09
item:t10-w-bs6	object:t10-w-bs6	set-10	9	R-009	Build a Sentence	sentencebuild	D	replace_item_preserving_history	critical	GOV-001;W001-001;W001-002;W001-004	handled	not_applicable	T09/T16	not_recorded_pending_rights_review	initial_audit_complete_with_findings	pending_independent_adjudication	blocked_not_validated	src/data/mocks/toefl-set-10.ts	Codex_initial_editorial_audit	2026-08-09
item:t10-w-email	object:t10-w-email	set-10	10	R-010	Write an Email	write	B	repair_before_pilot	high	GOV-001;W002-001	handled	not_applicable	T10/T11/T17	not_recorded_pending_rights_review	initial_audit_complete_with_findings	pending_independent_adjudication	blocked_not_validated	src/data/mocks/toefl-set-10.ts	Codex_initial_editorial_audit	2026-08-09
item:t10-w-disc	object:t10-w-disc	set-10	11	R-011	Write for an Academic Discussion	write	B	repair_before_pilot	high	GOV-001;W003-001	handled	not_applicable	T10/T11/T17	not_recorded_pending_rights_review	initial_audit_complete_with_findings	pending_independent_adjudication	blocked_not_validated	src/data/mocks/toefl-set-10.ts	Codex_initial_editorial_audit	2026-08-09
item:t10-s-rp1	object:t10-s-rp1	set-10	12	R-012	Listen and Repeat	repeat	B	repair_before_pilot	critical	GOV-001;AUD-001;S001-001	handled	pending_T06_T07_T08	T10/T11/T18	not_recorded_pending_rights_review	initial_audit_complete_with_findings	pending_independent_adjudication	blocked_not_validated	src/data/mocks/toefl-set-10.ts	Codex_initial_editorial_audit	2026-08-09
item:t10-s-rp2	object:t10-s-rp2	set-10	12	R-012	Listen and Repeat	repeat	B	repair_before_pilot	critical	GOV-001;AUD-001;S001-001	handled	pending_T06_T07_T08	T10/T11/T18	not_recorded_pending_rights_review	initial_audit_complete_with_findings	pending_independent_adjudication	blocked_not_validated	src/data/mocks/toefl-set-10.ts	Codex_initial_editorial_audit	2026-08-09
item:t10-s-rp3	object:t10-s-rp3	set-10	12	R-012	Listen and Repeat	repeat	B	repair_before_pilot	critical	GOV-001;AUD-001;S001-001	handled	pending_T06_T07_T08	T10/T11/T18	not_recorded_pending_rights_review	initial_audit_complete_with_findings	pending_independent_adjudication	blocked_not_validated	src/data/mocks/toefl-set-10.ts	Codex_initial_editorial_audit	2026-08-09
item:t10-s-rp4	object:t10-s-rp4	set-10	12	R-012	Listen and Repeat	repeat	B	repair_before_pilot	critical	GOV-001;AUD-001;S001-001	handled	pending_T06_T07_T08	T10/T11/T18	not_recorded_pending_rights_review	initial_audit_complete_with_findings	pending_independent_adjudication	blocked_not_validated	src/data/mocks/toefl-set-10.ts	Codex_initial_editorial_audit	2026-08-09
item:t10-s-rp5	object:t10-s-rp5	set-10	12	R-012	Listen and Repeat	repeat	B	repair_before_pilot	critical	GOV-001;AUD-001;S001-001	handled	pending_T06_T07_T08	T10/T11/T18	not_recorded_pending_rights_review	initial_audit_complete_with_findings	pending_independent_adjudication	blocked_not_validated	src/data/mocks/toefl-set-10.ts	Codex_initial_editorial_audit	2026-08-09
item:t10-s-iv1	object:t10-s-iv1	set-10	13	R-013	Take an Interview	speak	B	repair_before_pilot	high	GOV-001;S002-001;S002-002	handled	not_applicable	T10/T11/T19	not_recorded_pending_rights_review	initial_audit_complete_with_findings	pending_independent_adjudication	blocked_not_validated	src/data/mocks/toefl-set-10.ts	Codex_initial_editorial_audit	2026-08-09
item:t10-s-iv2	object:t10-s-iv2	set-10	13	R-013	Take an Interview	speak	B	repair_before_pilot	high	GOV-001;S002-001;S002-002	handled	not_applicable	T10/T11/T19	not_recorded_pending_rights_review	initial_audit_complete_with_findings	pending_independent_adjudication	blocked_not_validated	src/data/mocks/toefl-set-10.ts	Codex_initial_editorial_audit	2026-08-09
item:t10-s-iv3	object:t10-s-iv3	set-10	13	R-013	Take an Interview	speak	B	repair_before_pilot	high	GOV-001;S002-001;S002-002	handled	not_applicable	T10/T11/T19	not_recorded_pending_rights_review	initial_audit_complete_with_findings	pending_independent_adjudication	blocked_not_validated	src/data/mocks/toefl-set-10.ts	Codex_initial_editorial_audit	2026-08-09
item:t10-s-iv4	object:t10-s-iv4	set-10	13	R-013	Take an Interview	speak	B	repair_before_pilot	high	GOV-001;S002-001;S002-002;REP-001	handled	not_applicable	T10/T11/T19	not_recorded_pending_rights_review	initial_audit_complete_with_findings	pending_independent_adjudication	blocked_not_validated	src/data/mocks/toefl-set-10.ts	Codex_initial_editorial_audit	2026-08-09
item:t11-r-cw1:blank-1	object:t11-r-cw1	set-11	1	R-001	Complete the Words	wordcomplete_blank	B	repair_before_pilot	high	GOV-001;R001-001	handled	not_applicable	T09/T12	not_recorded_pending_rights_review	initial_audit_complete_with_findings	pending_independent_adjudication	blocked_not_validated	src/data/mocks/toefl-set-11.ts	Codex_initial_editorial_audit	2026-08-09
item:t11-r-cw1:blank-2	object:t11-r-cw1	set-11	1	R-001	Complete the Words	wordcomplete_blank	B	repair_before_pilot	high	GOV-001;R001-001	handled	not_applicable	T09/T12	not_recorded_pending_rights_review	initial_audit_complete_with_findings	pending_independent_adjudication	blocked_not_validated	src/data/mocks/toefl-set-11.ts	Codex_initial_editorial_audit	2026-08-09
item:t11-r-cw1:blank-3	object:t11-r-cw1	set-11	1	R-001	Complete the Words	wordcomplete_blank	B	repair_before_pilot	high	GOV-001;R001-001	handled	not_applicable	T09/T12	not_recorded_pending_rights_review	initial_audit_complete_with_findings	pending_independent_adjudication	blocked_not_validated	src/data/mocks/toefl-set-11.ts	Codex_initial_editorial_audit	2026-08-09
item:t11-r-cw1:blank-4	object:t11-r-cw1	set-11	1	R-001	Complete the Words	wordcomplete_blank	B	repair_before_pilot	high	GOV-001;R001-001	handled	not_applicable	T09/T12	not_recorded_pending_rights_review	initial_audit_complete_with_findings	pending_independent_adjudication	blocked_not_validated	src/data/mocks/toefl-set-11.ts	Codex_initial_editorial_audit	2026-08-09
item:t11-r-cw1:blank-5	object:t11-r-cw1	set-11	1	R-001	Complete the Words	wordcomplete_blank	B	repair_before_pilot	high	GOV-001;R001-001	handled	not_applicable	T09/T12	not_recorded_pending_rights_review	initial_audit_complete_with_findings	pending_independent_adjudication	blocked_not_validated	src/data/mocks/toefl-set-11.ts	Codex_initial_editorial_audit	2026-08-09
item:t11-r-cw1:blank-6	object:t11-r-cw1	set-11	1	R-001	Complete the Words	wordcomplete_blank	B	repair_before_pilot	high	GOV-001;R001-001	handled	not_applicable	T09/T12	not_recorded_pending_rights_review	initial_audit_complete_with_findings	pending_independent_adjudication	blocked_not_validated	src/data/mocks/toefl-set-11.ts	Codex_initial_editorial_audit	2026-08-09
item:t11-r-cw2:blank-1	object:t11-r-cw2	set-11	1	R-001	Complete the Words	wordcomplete_blank	B	repair_before_pilot	high	GOV-001;R001-001	handled	not_applicable	T09/T12	not_recorded_pending_rights_review	initial_audit_complete_with_findings	pending_independent_adjudication	blocked_not_validated	src/data/mocks/toefl-set-11.ts	Codex_initial_editorial_audit	2026-08-09
item:t11-r-cw2:blank-2	object:t11-r-cw2	set-11	1	R-001	Complete the Words	wordcomplete_blank	B	repair_before_pilot	high	GOV-001;R001-001	handled	not_applicable	T09/T12	not_recorded_pending_rights_review	initial_audit_complete_with_findings	pending_independent_adjudication	blocked_not_validated	src/data/mocks/toefl-set-11.ts	Codex_initial_editorial_audit	2026-08-09
item:t11-r-cw2:blank-3	object:t11-r-cw2	set-11	1	R-001	Complete the Words	wordcomplete_blank	B	repair_before_pilot	high	GOV-001;R001-001	handled	not_applicable	T09/T12	not_recorded_pending_rights_review	initial_audit_complete_with_findings	pending_independent_adjudication	blocked_not_validated	src/data/mocks/toefl-set-11.ts	Codex_initial_editorial_audit	2026-08-09
item:t11-r-cw2:blank-4	object:t11-r-cw2	set-11	1	R-001	Complete the Words	wordcomplete_blank	B	repair_before_pilot	high	GOV-001;R001-001	handled	not_applicable	T09/T12	not_recorded_pending_rights_review	initial_audit_complete_with_findings	pending_independent_adjudication	blocked_not_validated	src/data/mocks/toefl-set-11.ts	Codex_initial_editorial_audit	2026-08-09
item:t11-r-cw2:blank-5	object:t11-r-cw2	set-11	1	R-001	Complete the Words	wordcomplete_blank	B	repair_before_pilot	high	GOV-001;R001-001	handled	not_applicable	T09/T12	not_recorded_pending_rights_review	initial_audit_complete_with_findings	pending_independent_adjudication	blocked_not_validated	src/data/mocks/toefl-set-11.ts	Codex_initial_editorial_audit	2026-08-09
item:t11-r-cw2:blank-6	object:t11-r-cw2	set-11	1	R-001	Complete the Words	wordcomplete_blank	B	repair_before_pilot	high	GOV-001;R001-001	handled	not_applicable	T09/T12	not_recorded_pending_rights_review	initial_audit_complete_with_findings	pending_independent_adjudication	blocked_not_validated	src/data/mocks/toefl-set-11.ts	Codex_initial_editorial_audit	2026-08-09
item:t11-r-dl1	object:t11-r-dl1	set-11	2	R-002	Read in Daily Life	mcq	A	conserve_editorial_candidate	none	GOV-001	handled	not_applicable	T09/T13	not_recorded_pending_rights_review	initial_audit_complete_with_findings	pending_independent_adjudication	blocked_not_validated	src/data/mocks/toefl-set-11.ts	Codex_initial_editorial_audit	2026-08-09
item:t11-r-dl2	object:t11-r-dl2	set-11	2	R-002	Read in Daily Life	mcq	B	repair_before_pilot	high	GOV-001;ED-002	handled	not_applicable	T09/T13	not_recorded_pending_rights_review	initial_audit_complete_with_findings	pending_independent_adjudication	blocked_not_validated	src/data/mocks/toefl-set-11.ts	Codex_initial_editorial_audit	2026-08-09
item:t11-r-dl3	object:t11-r-dl3	set-11	2	R-002	Read in Daily Life	mcq	A	conserve_editorial_candidate	none	GOV-001	handled	not_applicable	T09/T13	not_recorded_pending_rights_review	initial_audit_complete_with_findings	pending_independent_adjudication	blocked_not_validated	src/data/mocks/toefl-set-11.ts	Codex_initial_editorial_audit	2026-08-09
item:t11-r-dl4	object:t11-r-dl4	set-11	3	R-003	Read in Daily Life	mcq	A	conserve_editorial_candidate	none	GOV-001	handled	not_applicable	T09/T13	not_recorded_pending_rights_review	initial_audit_complete_with_findings	pending_independent_adjudication	blocked_not_validated	src/data/mocks/toefl-set-11.ts	Codex_initial_editorial_audit	2026-08-09
item:t11-r-dl5	object:t11-r-dl5	set-11	3	R-003	Read in Daily Life	mcq	B	repair_before_pilot	high	GOV-001;ED-002	handled	not_applicable	T09/T13	not_recorded_pending_rights_review	initial_audit_complete_with_findings	pending_independent_adjudication	blocked_not_validated	src/data/mocks/toefl-set-11.ts	Codex_initial_editorial_audit	2026-08-09
item:t11-r-ap1	object:t11-r-ap1	set-11	4	R-004	Read an Academic Passage	mcq	C	derive_or_segment_preserving_original	high	GOV-001;ED-002;R003-001	handled	not_applicable	T09/T13	not_recorded_pending_rights_review	initial_audit_complete_with_findings	pending_independent_adjudication	blocked_not_validated	src/data/mocks/toefl-set-11.ts	Codex_initial_editorial_audit	2026-08-09
item:t11-r-ap2	object:t11-r-ap2	set-11	4	R-004	Read an Academic Passage	mcq	C	derive_or_segment_preserving_original	high	GOV-001;ED-002;R003-001	handled	not_applicable	T09/T13	not_recorded_pending_rights_review	initial_audit_complete_with_findings	pending_independent_adjudication	blocked_not_validated	src/data/mocks/toefl-set-11.ts	Codex_initial_editorial_audit	2026-08-09
item:t11-r-ap3	object:t11-r-ap3	set-11	4	R-004	Read an Academic Passage	mcq	C	derive_or_segment_preserving_original	high	GOV-001;ED-002;R003-001	handled	not_applicable	T09/T13	not_recorded_pending_rights_review	initial_audit_complete_with_findings	pending_independent_adjudication	blocked_not_validated	src/data/mocks/toefl-set-11.ts	Codex_initial_editorial_audit	2026-08-09
item:t11-r-ap4	object:t11-r-ap4	set-11	4	R-004	Read an Academic Passage	mcq	C	derive_or_segment_preserving_original	high	GOV-001;ED-002;R003-001	handled	not_applicable	T09/T13	not_recorded_pending_rights_review	initial_audit_complete_with_findings	pending_independent_adjudication	blocked_not_validated	src/data/mocks/toefl-set-11.ts	Codex_initial_editorial_audit	2026-08-09
item:t11-r-ap5	object:t11-r-ap5	set-11	4	R-004	Read an Academic Passage	mcq	C	derive_or_segment_preserving_original	high	GOV-001;ED-002;R003-001	handled	not_applicable	T09/T13	not_recorded_pending_rights_review	initial_audit_complete_with_findings	pending_independent_adjudication	blocked_not_validated	src/data/mocks/toefl-set-11.ts	Codex_initial_editorial_audit	2026-08-09
item:t11-r-ap6	object:t11-r-ap6	set-11	4	R-004	Read an Academic Passage	multiselect	C	derive_or_segment_preserving_original	critical	GOV-001;R003-001;R003-002	unhandled	not_applicable	T09/T13	not_recorded_pending_rights_review	initial_audit_complete_with_findings	pending_independent_adjudication	blocked_not_validated	src/data/mocks/toefl-set-11.ts	Codex_initial_editorial_audit	2026-08-09
item:t11-l-cr1	object:t11-l-cr1	set-11	5	R-005	Listen and Choose a Response	mcq	B	repair_before_pilot	high	GOV-001;ED-002;L001-001;L001-002;AUD-001	handled	pending_T06_T07_T08	T09/T14	not_recorded_pending_rights_review	initial_audit_complete_with_findings	pending_independent_adjudication	blocked_not_validated	src/data/mocks/toefl-set-11.ts	Codex_initial_editorial_audit	2026-08-09
item:t11-l-cr2	object:t11-l-cr2	set-11	5	R-005	Listen and Choose a Response	mcq	B	repair_before_pilot	high	GOV-001;ED-002;L001-001;L001-002;AUD-001	handled	pending_T06_T07_T08	T09/T14	not_recorded_pending_rights_review	initial_audit_complete_with_findings	pending_independent_adjudication	blocked_not_validated	src/data/mocks/toefl-set-11.ts	Codex_initial_editorial_audit	2026-08-09
item:t11-l-cr3	object:t11-l-cr3	set-11	5	R-005	Listen and Choose a Response	mcq	B	repair_before_pilot	high	GOV-001;ED-002;L001-001;L001-002;AUD-001	handled	pending_T06_T07_T08	T09/T14	not_recorded_pending_rights_review	initial_audit_complete_with_findings	pending_independent_adjudication	blocked_not_validated	src/data/mocks/toefl-set-11.ts	Codex_initial_editorial_audit	2026-08-09
item:t11-l-cr4	object:t11-l-cr4	set-11	5	R-005	Listen and Choose a Response	mcq	B	repair_before_pilot	high	GOV-001;ED-002;L001-001;L001-002;AUD-001	handled	pending_T06_T07_T08	T09/T14	not_recorded_pending_rights_review	initial_audit_complete_with_findings	pending_independent_adjudication	blocked_not_validated	src/data/mocks/toefl-set-11.ts	Codex_initial_editorial_audit	2026-08-09
item:t11-l-cr5	object:t11-l-cr5	set-11	5	R-005	Listen and Choose a Response	mcq	B	repair_before_pilot	high	GOV-001;ED-002;L001-001;L001-002;AUD-001	handled	pending_T06_T07_T08	T09/T14	not_recorded_pending_rights_review	initial_audit_complete_with_findings	pending_independent_adjudication	blocked_not_validated	src/data/mocks/toefl-set-11.ts	Codex_initial_editorial_audit	2026-08-09
item:t11-l-cv1	object:t11-l-cv1	set-11	6	R-006	Listen to a Conversation	mcq	B	repair_before_pilot	high	GOV-001;ED-002;AUD-001	handled	pending_T06_T07_T08	T09/T15	not_recorded_pending_rights_review	initial_audit_complete_with_findings	pending_independent_adjudication	blocked_not_validated	src/data/mocks/toefl-set-11.ts	Codex_initial_editorial_audit	2026-08-09
item:t11-l-cv2	object:t11-l-cv2	set-11	6	R-006	Listen to a Conversation	mcq	B	repair_before_pilot	high	GOV-001;ED-002;AUD-001	handled	pending_T06_T07_T08	T09/T15	not_recorded_pending_rights_review	initial_audit_complete_with_findings	pending_independent_adjudication	blocked_not_validated	src/data/mocks/toefl-set-11.ts	Codex_initial_editorial_audit	2026-08-09
item:t11-l-cv3	object:t11-l-cv3	set-11	6	R-006	Listen to a Conversation	mcq	B	repair_before_pilot	high	GOV-001;ED-002;AUD-001	handled	pending_T06_T07_T08	T09/T15	not_recorded_pending_rights_review	initial_audit_complete_with_findings	pending_independent_adjudication	blocked_not_validated	src/data/mocks/toefl-set-11.ts	Codex_initial_editorial_audit	2026-08-09
item:t11-l-cv4	object:t11-l-cv4	set-11	6	R-006	Listen to a Conversation	mcq	B	repair_before_pilot	high	GOV-001;ED-002;AUD-001	handled	pending_T06_T07_T08	T09/T15	not_recorded_pending_rights_review	initial_audit_complete_with_findings	pending_independent_adjudication	blocked_not_validated	src/data/mocks/toefl-set-11.ts	Codex_initial_editorial_audit	2026-08-09
item:t11-l-an1	object:t11-l-an1	set-11	7	R-007	Listen to an Announcement	mcq	B	repair_before_pilot	high	GOV-001;ED-002;AUD-001	handled	pending_T06_T07_T08	T09/T15	not_recorded_pending_rights_review	initial_audit_complete_with_findings	pending_independent_adjudication	blocked_not_validated	src/data/mocks/toefl-set-11.ts	Codex_initial_editorial_audit	2026-08-09
item:t11-l-an2	object:t11-l-an2	set-11	7	R-007	Listen to an Announcement	mcq	B	repair_before_pilot	high	GOV-001;ED-002;AUD-001	handled	pending_T06_T07_T08	T09/T15	not_recorded_pending_rights_review	initial_audit_complete_with_findings	pending_independent_adjudication	blocked_not_validated	src/data/mocks/toefl-set-11.ts	Codex_initial_editorial_audit	2026-08-09
item:t11-l-an3	object:t11-l-an3	set-11	7	R-007	Listen to an Announcement	mcq	B	repair_before_pilot	high	GOV-001;ED-002;AUD-001	handled	pending_T06_T07_T08	T09/T15	not_recorded_pending_rights_review	initial_audit_complete_with_findings	pending_independent_adjudication	blocked_not_validated	src/data/mocks/toefl-set-11.ts	Codex_initial_editorial_audit	2026-08-09
item:t11-l-at1	object:t11-l-at1	set-11	8	R-008	Listen to an Academic Talk	mcq	C	derive_or_segment_preserving_original	high	GOV-001;ED-002;AUD-001;L004-001	handled	pending_T06_T07_T08	T09/T15	not_recorded_pending_rights_review	initial_audit_complete_with_findings	pending_independent_adjudication	blocked_not_validated	src/data/mocks/toefl-set-11.ts	Codex_initial_editorial_audit	2026-08-09
item:t11-l-at2	object:t11-l-at2	set-11	8	R-008	Listen to an Academic Talk	mcq	C	derive_or_segment_preserving_original	high	GOV-001;ED-002;AUD-001;L004-001	handled	pending_T06_T07_T08	T09/T15	not_recorded_pending_rights_review	initial_audit_complete_with_findings	pending_independent_adjudication	blocked_not_validated	src/data/mocks/toefl-set-11.ts	Codex_initial_editorial_audit	2026-08-09
item:t11-l-at3	object:t11-l-at3	set-11	8	R-008	Listen to an Academic Talk	mcq	C	derive_or_segment_preserving_original	high	GOV-001;ED-002;AUD-001;L004-001	handled	pending_T06_T07_T08	T09/T15	not_recorded_pending_rights_review	initial_audit_complete_with_findings	pending_independent_adjudication	blocked_not_validated	src/data/mocks/toefl-set-11.ts	Codex_initial_editorial_audit	2026-08-09
item:t11-l-at4	object:t11-l-at4	set-11	8	R-008	Listen to an Academic Talk	mcq	C	derive_or_segment_preserving_original	high	GOV-001;ED-002;AUD-001;L004-001	handled	pending_T06_T07_T08	T09/T15	not_recorded_pending_rights_review	initial_audit_complete_with_findings	pending_independent_adjudication	blocked_not_validated	src/data/mocks/toefl-set-11.ts	Codex_initial_editorial_audit	2026-08-09
item:t11-l-at5	object:t11-l-at5	set-11	8	R-008	Listen to an Academic Talk	mcq	C	derive_or_segment_preserving_original	high	GOV-001;ED-002;AUD-001;L004-001	handled	pending_T06_T07_T08	T09/T15	not_recorded_pending_rights_review	initial_audit_complete_with_findings	pending_independent_adjudication	blocked_not_validated	src/data/mocks/toefl-set-11.ts	Codex_initial_editorial_audit	2026-08-09
item:t11-w-bs1	object:t11-w-bs1	set-11	9	R-009	Build a Sentence	sentencebuild	B	repair_before_pilot	high	GOV-001;W001-001;W001-002;W001-003	handled	not_applicable	T09/T16	not_recorded_pending_rights_review	initial_audit_complete_with_findings	pending_independent_adjudication	blocked_not_validated	src/data/mocks/toefl-set-11.ts	Codex_initial_editorial_audit	2026-08-09
item:t11-w-bs2	object:t11-w-bs2	set-11	9	R-009	Build a Sentence	sentencebuild	B	repair_before_pilot	high	GOV-001;W001-001;W001-002	handled	not_applicable	T09/T16	not_recorded_pending_rights_review	initial_audit_complete_with_findings	pending_independent_adjudication	blocked_not_validated	src/data/mocks/toefl-set-11.ts	Codex_initial_editorial_audit	2026-08-09
item:t11-w-bs3	object:t11-w-bs3	set-11	9	R-009	Build a Sentence	sentencebuild	B	repair_before_pilot	high	GOV-001;W001-001;W001-002	handled	not_applicable	T09/T16	not_recorded_pending_rights_review	initial_audit_complete_with_findings	pending_independent_adjudication	blocked_not_validated	src/data/mocks/toefl-set-11.ts	Codex_initial_editorial_audit	2026-08-09
item:t11-w-bs4	object:t11-w-bs4	set-11	9	R-009	Build a Sentence	sentencebuild	B	repair_before_pilot	high	GOV-001;W001-001;W001-002	handled	not_applicable	T09/T16	not_recorded_pending_rights_review	initial_audit_complete_with_findings	pending_independent_adjudication	blocked_not_validated	src/data/mocks/toefl-set-11.ts	Codex_initial_editorial_audit	2026-08-09
item:t11-w-bs5	object:t11-w-bs5	set-11	9	R-009	Build a Sentence	sentencebuild	B	repair_before_pilot	high	GOV-001;W001-001;W001-002	handled	not_applicable	T09/T16	not_recorded_pending_rights_review	initial_audit_complete_with_findings	pending_independent_adjudication	blocked_not_validated	src/data/mocks/toefl-set-11.ts	Codex_initial_editorial_audit	2026-08-09
item:t11-w-bs6	object:t11-w-bs6	set-11	9	R-009	Build a Sentence	sentencebuild	B	repair_before_pilot	high	GOV-001;W001-001;W001-002	handled	not_applicable	T09/T16	not_recorded_pending_rights_review	initial_audit_complete_with_findings	pending_independent_adjudication	blocked_not_validated	src/data/mocks/toefl-set-11.ts	Codex_initial_editorial_audit	2026-08-09
item:t11-w-email	object:t11-w-email	set-11	10	R-010	Write an Email	write	B	repair_before_pilot	high	GOV-001;W002-001	handled	not_applicable	T10/T11/T17	not_recorded_pending_rights_review	initial_audit_complete_with_findings	pending_independent_adjudication	blocked_not_validated	src/data/mocks/toefl-set-11.ts	Codex_initial_editorial_audit	2026-08-09
item:t11-w-disc	object:t11-w-disc	set-11	11	R-011	Write for an Academic Discussion	write	B	repair_before_pilot	high	GOV-001;W003-001	handled	not_applicable	T10/T11/T17	not_recorded_pending_rights_review	initial_audit_complete_with_findings	pending_independent_adjudication	blocked_not_validated	src/data/mocks/toefl-set-11.ts	Codex_initial_editorial_audit	2026-08-09
item:t11-s-rp1	object:t11-s-rp1	set-11	12	R-012	Listen and Repeat	repeat	B	repair_before_pilot	critical	GOV-001;AUD-001;S001-001	handled	pending_T06_T07_T08	T10/T11/T18	not_recorded_pending_rights_review	initial_audit_complete_with_findings	pending_independent_adjudication	blocked_not_validated	src/data/mocks/toefl-set-11.ts	Codex_initial_editorial_audit	2026-08-09
item:t11-s-rp2	object:t11-s-rp2	set-11	12	R-012	Listen and Repeat	repeat	B	repair_before_pilot	critical	GOV-001;AUD-001;S001-001	handled	pending_T06_T07_T08	T10/T11/T18	not_recorded_pending_rights_review	initial_audit_complete_with_findings	pending_independent_adjudication	blocked_not_validated	src/data/mocks/toefl-set-11.ts	Codex_initial_editorial_audit	2026-08-09
item:t11-s-rp3	object:t11-s-rp3	set-11	12	R-012	Listen and Repeat	repeat	B	repair_before_pilot	critical	GOV-001;AUD-001;S001-001	handled	pending_T06_T07_T08	T10/T11/T18	not_recorded_pending_rights_review	initial_audit_complete_with_findings	pending_independent_adjudication	blocked_not_validated	src/data/mocks/toefl-set-11.ts	Codex_initial_editorial_audit	2026-08-09
item:t11-s-rp4	object:t11-s-rp4	set-11	12	R-012	Listen and Repeat	repeat	B	repair_before_pilot	critical	GOV-001;AUD-001;S001-001	handled	pending_T06_T07_T08	T10/T11/T18	not_recorded_pending_rights_review	initial_audit_complete_with_findings	pending_independent_adjudication	blocked_not_validated	src/data/mocks/toefl-set-11.ts	Codex_initial_editorial_audit	2026-08-09
item:t11-s-rp5	object:t11-s-rp5	set-11	12	R-012	Listen and Repeat	repeat	B	repair_before_pilot	critical	GOV-001;AUD-001;S001-001	handled	pending_T06_T07_T08	T10/T11/T18	not_recorded_pending_rights_review	initial_audit_complete_with_findings	pending_independent_adjudication	blocked_not_validated	src/data/mocks/toefl-set-11.ts	Codex_initial_editorial_audit	2026-08-09
item:t11-s-iv1	object:t11-s-iv1	set-11	13	R-013	Take an Interview	speak	B	repair_before_pilot	high	GOV-001;S002-001;S002-002	handled	not_applicable	T10/T11/T19	not_recorded_pending_rights_review	initial_audit_complete_with_findings	pending_independent_adjudication	blocked_not_validated	src/data/mocks/toefl-set-11.ts	Codex_initial_editorial_audit	2026-08-09
item:t11-s-iv2	object:t11-s-iv2	set-11	13	R-013	Take an Interview	speak	B	repair_before_pilot	high	GOV-001;S002-001;S002-002	handled	not_applicable	T10/T11/T19	not_recorded_pending_rights_review	initial_audit_complete_with_findings	pending_independent_adjudication	blocked_not_validated	src/data/mocks/toefl-set-11.ts	Codex_initial_editorial_audit	2026-08-09
item:t11-s-iv3	object:t11-s-iv3	set-11	13	R-013	Take an Interview	speak	B	repair_before_pilot	high	GOV-001;S002-001;S002-002	handled	not_applicable	T10/T11/T19	not_recorded_pending_rights_review	initial_audit_complete_with_findings	pending_independent_adjudication	blocked_not_validated	src/data/mocks/toefl-set-11.ts	Codex_initial_editorial_audit	2026-08-09
item:t11-s-iv4	object:t11-s-iv4	set-11	13	R-013	Take an Interview	speak	B	repair_before_pilot	high	GOV-001;S002-001;S002-002;REP-001	handled	not_applicable	T10/T11/T19	not_recorded_pending_rights_review	initial_audit_complete_with_findings	pending_independent_adjudication	blocked_not_validated	src/data/mocks/toefl-set-11.ts	Codex_initial_editorial_audit	2026-08-09
item:t12-r-cw1:blank-1	object:t12-r-cw1	set-12	1	R-001	Complete the Words	wordcomplete_blank	B	repair_before_pilot	high	GOV-001;R001-001	handled	not_applicable	T09/T12	not_recorded_pending_rights_review	initial_audit_complete_with_findings	pending_independent_adjudication	blocked_not_validated	src/data/mocks/toefl-set-12.ts	Codex_initial_editorial_audit	2026-08-09
item:t12-r-cw1:blank-2	object:t12-r-cw1	set-12	1	R-001	Complete the Words	wordcomplete_blank	B	repair_before_pilot	high	GOV-001;R001-001	handled	not_applicable	T09/T12	not_recorded_pending_rights_review	initial_audit_complete_with_findings	pending_independent_adjudication	blocked_not_validated	src/data/mocks/toefl-set-12.ts	Codex_initial_editorial_audit	2026-08-09
item:t12-r-cw1:blank-3	object:t12-r-cw1	set-12	1	R-001	Complete the Words	wordcomplete_blank	B	repair_before_pilot	high	GOV-001;R001-001	handled	not_applicable	T09/T12	not_recorded_pending_rights_review	initial_audit_complete_with_findings	pending_independent_adjudication	blocked_not_validated	src/data/mocks/toefl-set-12.ts	Codex_initial_editorial_audit	2026-08-09
item:t12-r-cw1:blank-4	object:t12-r-cw1	set-12	1	R-001	Complete the Words	wordcomplete_blank	B	repair_before_pilot	high	GOV-001;R001-001	handled	not_applicable	T09/T12	not_recorded_pending_rights_review	initial_audit_complete_with_findings	pending_independent_adjudication	blocked_not_validated	src/data/mocks/toefl-set-12.ts	Codex_initial_editorial_audit	2026-08-09
item:t12-r-cw1:blank-5	object:t12-r-cw1	set-12	1	R-001	Complete the Words	wordcomplete_blank	B	repair_before_pilot	high	GOV-001;R001-001	handled	not_applicable	T09/T12	not_recorded_pending_rights_review	initial_audit_complete_with_findings	pending_independent_adjudication	blocked_not_validated	src/data/mocks/toefl-set-12.ts	Codex_initial_editorial_audit	2026-08-09
item:t12-r-cw1:blank-6	object:t12-r-cw1	set-12	1	R-001	Complete the Words	wordcomplete_blank	B	repair_before_pilot	high	GOV-001;R001-001	handled	not_applicable	T09/T12	not_recorded_pending_rights_review	initial_audit_complete_with_findings	pending_independent_adjudication	blocked_not_validated	src/data/mocks/toefl-set-12.ts	Codex_initial_editorial_audit	2026-08-09
item:t12-r-cw2:blank-1	object:t12-r-cw2	set-12	1	R-001	Complete the Words	wordcomplete_blank	B	repair_before_pilot	high	GOV-001;R001-001	handled	not_applicable	T09/T12	not_recorded_pending_rights_review	initial_audit_complete_with_findings	pending_independent_adjudication	blocked_not_validated	src/data/mocks/toefl-set-12.ts	Codex_initial_editorial_audit	2026-08-09
item:t12-r-cw2:blank-2	object:t12-r-cw2	set-12	1	R-001	Complete the Words	wordcomplete_blank	B	repair_before_pilot	high	GOV-001;R001-001	handled	not_applicable	T09/T12	not_recorded_pending_rights_review	initial_audit_complete_with_findings	pending_independent_adjudication	blocked_not_validated	src/data/mocks/toefl-set-12.ts	Codex_initial_editorial_audit	2026-08-09
item:t12-r-cw2:blank-3	object:t12-r-cw2	set-12	1	R-001	Complete the Words	wordcomplete_blank	B	repair_before_pilot	high	GOV-001;R001-001	handled	not_applicable	T09/T12	not_recorded_pending_rights_review	initial_audit_complete_with_findings	pending_independent_adjudication	blocked_not_validated	src/data/mocks/toefl-set-12.ts	Codex_initial_editorial_audit	2026-08-09
item:t12-r-cw2:blank-4	object:t12-r-cw2	set-12	1	R-001	Complete the Words	wordcomplete_blank	B	repair_before_pilot	high	GOV-001;R001-001	handled	not_applicable	T09/T12	not_recorded_pending_rights_review	initial_audit_complete_with_findings	pending_independent_adjudication	blocked_not_validated	src/data/mocks/toefl-set-12.ts	Codex_initial_editorial_audit	2026-08-09
item:t12-r-cw2:blank-5	object:t12-r-cw2	set-12	1	R-001	Complete the Words	wordcomplete_blank	B	repair_before_pilot	high	GOV-001;R001-001	handled	not_applicable	T09/T12	not_recorded_pending_rights_review	initial_audit_complete_with_findings	pending_independent_adjudication	blocked_not_validated	src/data/mocks/toefl-set-12.ts	Codex_initial_editorial_audit	2026-08-09
item:t12-r-cw2:blank-6	object:t12-r-cw2	set-12	1	R-001	Complete the Words	wordcomplete_blank	B	repair_before_pilot	high	GOV-001;R001-001	handled	not_applicable	T09/T12	not_recorded_pending_rights_review	initial_audit_complete_with_findings	pending_independent_adjudication	blocked_not_validated	src/data/mocks/toefl-set-12.ts	Codex_initial_editorial_audit	2026-08-09
item:t12-r-dl1	object:t12-r-dl1	set-12	2	R-002	Read in Daily Life	mcq	A	conserve_editorial_candidate	none	GOV-001	handled	not_applicable	T09/T13	not_recorded_pending_rights_review	initial_audit_complete_with_findings	pending_independent_adjudication	blocked_not_validated	src/data/mocks/toefl-set-12.ts	Codex_initial_editorial_audit	2026-08-09
item:t12-r-dl2	object:t12-r-dl2	set-12	2	R-002	Read in Daily Life	mcq	B	repair_before_pilot	high	GOV-001;ED-002	handled	not_applicable	T09/T13	not_recorded_pending_rights_review	initial_audit_complete_with_findings	pending_independent_adjudication	blocked_not_validated	src/data/mocks/toefl-set-12.ts	Codex_initial_editorial_audit	2026-08-09
item:t12-r-dl3	object:t12-r-dl3	set-12	2	R-002	Read in Daily Life	mcq	B	repair_before_pilot	high	GOV-001;ED-002	handled	not_applicable	T09/T13	not_recorded_pending_rights_review	initial_audit_complete_with_findings	pending_independent_adjudication	blocked_not_validated	src/data/mocks/toefl-set-12.ts	Codex_initial_editorial_audit	2026-08-09
item:t12-r-dl4	object:t12-r-dl4	set-12	3	R-003	Read in Daily Life	mcq	B	repair_before_pilot	high	GOV-001;ED-002	handled	not_applicable	T09/T13	not_recorded_pending_rights_review	initial_audit_complete_with_findings	pending_independent_adjudication	blocked_not_validated	src/data/mocks/toefl-set-12.ts	Codex_initial_editorial_audit	2026-08-09
item:t12-r-dl5	object:t12-r-dl5	set-12	3	R-003	Read in Daily Life	mcq	B	repair_before_pilot	high	GOV-001;ED-002	handled	not_applicable	T09/T13	not_recorded_pending_rights_review	initial_audit_complete_with_findings	pending_independent_adjudication	blocked_not_validated	src/data/mocks/toefl-set-12.ts	Codex_initial_editorial_audit	2026-08-09
item:t12-r-ap1	object:t12-r-ap1	set-12	4	R-004	Read an Academic Passage	mcq	C	derive_or_segment_preserving_original	high	GOV-001;ED-002;R003-001	handled	not_applicable	T09/T13	not_recorded_pending_rights_review	initial_audit_complete_with_findings	pending_independent_adjudication	blocked_not_validated	src/data/mocks/toefl-set-12.ts	Codex_initial_editorial_audit	2026-08-09
item:t12-r-ap2	object:t12-r-ap2	set-12	4	R-004	Read an Academic Passage	mcq	C	derive_or_segment_preserving_original	high	GOV-001;ED-002;R003-001	handled	not_applicable	T09/T13	not_recorded_pending_rights_review	initial_audit_complete_with_findings	pending_independent_adjudication	blocked_not_validated	src/data/mocks/toefl-set-12.ts	Codex_initial_editorial_audit	2026-08-09
item:t12-r-ap3	object:t12-r-ap3	set-12	4	R-004	Read an Academic Passage	mcq	C	derive_or_segment_preserving_original	high	GOV-001;ED-002;R003-001	handled	not_applicable	T09/T13	not_recorded_pending_rights_review	initial_audit_complete_with_findings	pending_independent_adjudication	blocked_not_validated	src/data/mocks/toefl-set-12.ts	Codex_initial_editorial_audit	2026-08-09
item:t12-r-ap4	object:t12-r-ap4	set-12	4	R-004	Read an Academic Passage	mcq	C	derive_or_segment_preserving_original	high	GOV-001;ED-002;R003-001	handled	not_applicable	T09/T13	not_recorded_pending_rights_review	initial_audit_complete_with_findings	pending_independent_adjudication	blocked_not_validated	src/data/mocks/toefl-set-12.ts	Codex_initial_editorial_audit	2026-08-09
item:t12-r-ap5	object:t12-r-ap5	set-12	4	R-004	Read an Academic Passage	mcq	C	derive_or_segment_preserving_original	high	GOV-001;ED-002;R003-001	handled	not_applicable	T09/T13	not_recorded_pending_rights_review	initial_audit_complete_with_findings	pending_independent_adjudication	blocked_not_validated	src/data/mocks/toefl-set-12.ts	Codex_initial_editorial_audit	2026-08-09
item:t12-r-ap6	object:t12-r-ap6	set-12	4	R-004	Read an Academic Passage	multiselect	C	derive_or_segment_preserving_original	critical	GOV-001;R003-001;R003-002	unhandled	not_applicable	T09/T13	not_recorded_pending_rights_review	initial_audit_complete_with_findings	pending_independent_adjudication	blocked_not_validated	src/data/mocks/toefl-set-12.ts	Codex_initial_editorial_audit	2026-08-09
item:t12-l-cr1	object:t12-l-cr1	set-12	5	R-005	Listen and Choose a Response	mcq	B	repair_before_pilot	high	GOV-001;ED-002;L001-001;L001-002;AUD-001	handled	pending_T06_T07_T08	T09/T14	not_recorded_pending_rights_review	initial_audit_complete_with_findings	pending_independent_adjudication	blocked_not_validated	src/data/mocks/toefl-set-12.ts	Codex_initial_editorial_audit	2026-08-09
item:t12-l-cr2	object:t12-l-cr2	set-12	5	R-005	Listen and Choose a Response	mcq	B	repair_before_pilot	high	GOV-001;ED-002;L001-001;L001-002;AUD-001	handled	pending_T06_T07_T08	T09/T14	not_recorded_pending_rights_review	initial_audit_complete_with_findings	pending_independent_adjudication	blocked_not_validated	src/data/mocks/toefl-set-12.ts	Codex_initial_editorial_audit	2026-08-09
item:t12-l-cr3	object:t12-l-cr3	set-12	5	R-005	Listen and Choose a Response	mcq	B	repair_before_pilot	high	GOV-001;ED-002;L001-001;L001-002;AUD-001	handled	pending_T06_T07_T08	T09/T14	not_recorded_pending_rights_review	initial_audit_complete_with_findings	pending_independent_adjudication	blocked_not_validated	src/data/mocks/toefl-set-12.ts	Codex_initial_editorial_audit	2026-08-09
item:t12-l-cr4	object:t12-l-cr4	set-12	5	R-005	Listen and Choose a Response	mcq	B	repair_before_pilot	high	GOV-001;ED-002;L001-001;L001-002;AUD-001	handled	pending_T06_T07_T08	T09/T14	not_recorded_pending_rights_review	initial_audit_complete_with_findings	pending_independent_adjudication	blocked_not_validated	src/data/mocks/toefl-set-12.ts	Codex_initial_editorial_audit	2026-08-09
item:t12-l-cr5	object:t12-l-cr5	set-12	5	R-005	Listen and Choose a Response	mcq	B	repair_before_pilot	high	GOV-001;ED-002;L001-001;L001-002;AUD-001	handled	pending_T06_T07_T08	T09/T14	not_recorded_pending_rights_review	initial_audit_complete_with_findings	pending_independent_adjudication	blocked_not_validated	src/data/mocks/toefl-set-12.ts	Codex_initial_editorial_audit	2026-08-09
item:t12-l-cv1	object:t12-l-cv1	set-12	6	R-006	Listen to a Conversation	mcq	B	repair_before_pilot	high	GOV-001;ED-002;AUD-001	handled	pending_T06_T07_T08	T09/T15	not_recorded_pending_rights_review	initial_audit_complete_with_findings	pending_independent_adjudication	blocked_not_validated	src/data/mocks/toefl-set-12.ts	Codex_initial_editorial_audit	2026-08-09
item:t12-l-cv2	object:t12-l-cv2	set-12	6	R-006	Listen to a Conversation	mcq	B	repair_before_pilot	high	GOV-001;ED-002;AUD-001	handled	pending_T06_T07_T08	T09/T15	not_recorded_pending_rights_review	initial_audit_complete_with_findings	pending_independent_adjudication	blocked_not_validated	src/data/mocks/toefl-set-12.ts	Codex_initial_editorial_audit	2026-08-09
item:t12-l-cv3	object:t12-l-cv3	set-12	6	R-006	Listen to a Conversation	mcq	B	repair_before_pilot	high	GOV-001;ED-002;AUD-001	handled	pending_T06_T07_T08	T09/T15	not_recorded_pending_rights_review	initial_audit_complete_with_findings	pending_independent_adjudication	blocked_not_validated	src/data/mocks/toefl-set-12.ts	Codex_initial_editorial_audit	2026-08-09
item:t12-l-cv4	object:t12-l-cv4	set-12	6	R-006	Listen to a Conversation	mcq	B	repair_before_pilot	high	GOV-001;ED-002;AUD-001	handled	pending_T06_T07_T08	T09/T15	not_recorded_pending_rights_review	initial_audit_complete_with_findings	pending_independent_adjudication	blocked_not_validated	src/data/mocks/toefl-set-12.ts	Codex_initial_editorial_audit	2026-08-09
item:t12-l-an1	object:t12-l-an1	set-12	7	R-007	Listen to an Announcement	mcq	B	repair_before_pilot	high	GOV-001;ED-002;AUD-001	handled	pending_T06_T07_T08	T09/T15	not_recorded_pending_rights_review	initial_audit_complete_with_findings	pending_independent_adjudication	blocked_not_validated	src/data/mocks/toefl-set-12.ts	Codex_initial_editorial_audit	2026-08-09
item:t12-l-an2	object:t12-l-an2	set-12	7	R-007	Listen to an Announcement	mcq	B	repair_before_pilot	high	GOV-001;ED-002;AUD-001	handled	pending_T06_T07_T08	T09/T15	not_recorded_pending_rights_review	initial_audit_complete_with_findings	pending_independent_adjudication	blocked_not_validated	src/data/mocks/toefl-set-12.ts	Codex_initial_editorial_audit	2026-08-09
item:t12-l-an3	object:t12-l-an3	set-12	7	R-007	Listen to an Announcement	mcq	B	repair_before_pilot	high	GOV-001;ED-002;AUD-001	handled	pending_T06_T07_T08	T09/T15	not_recorded_pending_rights_review	initial_audit_complete_with_findings	pending_independent_adjudication	blocked_not_validated	src/data/mocks/toefl-set-12.ts	Codex_initial_editorial_audit	2026-08-09
item:t12-l-at1	object:t12-l-at1	set-12	8	R-008	Listen to an Academic Talk	mcq	C	derive_or_segment_preserving_original	high	GOV-001;ED-002;AUD-001;L004-001	handled	pending_T06_T07_T08	T09/T15	not_recorded_pending_rights_review	initial_audit_complete_with_findings	pending_independent_adjudication	blocked_not_validated	src/data/mocks/toefl-set-12.ts	Codex_initial_editorial_audit	2026-08-09
item:t12-l-at2	object:t12-l-at2	set-12	8	R-008	Listen to an Academic Talk	mcq	C	derive_or_segment_preserving_original	high	GOV-001;AUD-001;L004-001	handled	pending_T06_T07_T08	T09/T15	not_recorded_pending_rights_review	initial_audit_complete_with_findings	pending_independent_adjudication	blocked_not_validated	src/data/mocks/toefl-set-12.ts	Codex_initial_editorial_audit	2026-08-09
item:t12-l-at3	object:t12-l-at3	set-12	8	R-008	Listen to an Academic Talk	mcq	C	derive_or_segment_preserving_original	high	GOV-001;ED-002;AUD-001;L004-001	handled	pending_T06_T07_T08	T09/T15	not_recorded_pending_rights_review	initial_audit_complete_with_findings	pending_independent_adjudication	blocked_not_validated	src/data/mocks/toefl-set-12.ts	Codex_initial_editorial_audit	2026-08-09
item:t12-l-at4	object:t12-l-at4	set-12	8	R-008	Listen to an Academic Talk	mcq	C	derive_or_segment_preserving_original	high	GOV-001;ED-002;AUD-001;L004-001	handled	pending_T06_T07_T08	T09/T15	not_recorded_pending_rights_review	initial_audit_complete_with_findings	pending_independent_adjudication	blocked_not_validated	src/data/mocks/toefl-set-12.ts	Codex_initial_editorial_audit	2026-08-09
item:t12-l-at5	object:t12-l-at5	set-12	8	R-008	Listen to an Academic Talk	mcq	C	derive_or_segment_preserving_original	high	GOV-001;ED-002;AUD-001;L004-001	handled	pending_T06_T07_T08	T09/T15	not_recorded_pending_rights_review	initial_audit_complete_with_findings	pending_independent_adjudication	blocked_not_validated	src/data/mocks/toefl-set-12.ts	Codex_initial_editorial_audit	2026-08-09
item:t12-w-bs1	object:t12-w-bs1	set-12	9	R-009	Build a Sentence	sentencebuild	B	repair_before_pilot	high	GOV-001;W001-001;W001-002;W001-003	handled	not_applicable	T09/T16	not_recorded_pending_rights_review	initial_audit_complete_with_findings	pending_independent_adjudication	blocked_not_validated	src/data/mocks/toefl-set-12.ts	Codex_initial_editorial_audit	2026-08-09
item:t12-w-bs2	object:t12-w-bs2	set-12	9	R-009	Build a Sentence	sentencebuild	B	repair_before_pilot	high	GOV-001;W001-001;W001-002	handled	not_applicable	T09/T16	not_recorded_pending_rights_review	initial_audit_complete_with_findings	pending_independent_adjudication	blocked_not_validated	src/data/mocks/toefl-set-12.ts	Codex_initial_editorial_audit	2026-08-09
item:t12-w-bs3	object:t12-w-bs3	set-12	9	R-009	Build a Sentence	sentencebuild	B	repair_before_pilot	high	GOV-001;W001-001;W001-002	handled	not_applicable	T09/T16	not_recorded_pending_rights_review	initial_audit_complete_with_findings	pending_independent_adjudication	blocked_not_validated	src/data/mocks/toefl-set-12.ts	Codex_initial_editorial_audit	2026-08-09
item:t12-w-bs4	object:t12-w-bs4	set-12	9	R-009	Build a Sentence	sentencebuild	B	repair_before_pilot	high	GOV-001;W001-001;W001-002	handled	not_applicable	T09/T16	not_recorded_pending_rights_review	initial_audit_complete_with_findings	pending_independent_adjudication	blocked_not_validated	src/data/mocks/toefl-set-12.ts	Codex_initial_editorial_audit	2026-08-09
item:t12-w-bs5	object:t12-w-bs5	set-12	9	R-009	Build a Sentence	sentencebuild	B	repair_before_pilot	high	GOV-001;W001-001;W001-002	handled	not_applicable	T09/T16	not_recorded_pending_rights_review	initial_audit_complete_with_findings	pending_independent_adjudication	blocked_not_validated	src/data/mocks/toefl-set-12.ts	Codex_initial_editorial_audit	2026-08-09
item:t12-w-bs6	object:t12-w-bs6	set-12	9	R-009	Build a Sentence	sentencebuild	B	repair_before_pilot	high	GOV-001;W001-001;W001-002	handled	not_applicable	T09/T16	not_recorded_pending_rights_review	initial_audit_complete_with_findings	pending_independent_adjudication	blocked_not_validated	src/data/mocks/toefl-set-12.ts	Codex_initial_editorial_audit	2026-08-09
item:t12-w-email	object:t12-w-email	set-12	10	R-010	Write an Email	write	B	repair_before_pilot	high	GOV-001;W002-001	handled	not_applicable	T10/T11/T17	not_recorded_pending_rights_review	initial_audit_complete_with_findings	pending_independent_adjudication	blocked_not_validated	src/data/mocks/toefl-set-12.ts	Codex_initial_editorial_audit	2026-08-09
item:t12-w-disc	object:t12-w-disc	set-12	11	R-011	Write for an Academic Discussion	write	B	repair_before_pilot	high	GOV-001;W003-001	handled	not_applicable	T10/T11/T17	not_recorded_pending_rights_review	initial_audit_complete_with_findings	pending_independent_adjudication	blocked_not_validated	src/data/mocks/toefl-set-12.ts	Codex_initial_editorial_audit	2026-08-09
item:t12-s-rp1	object:t12-s-rp1	set-12	12	R-012	Listen and Repeat	repeat	B	repair_before_pilot	critical	GOV-001;AUD-001;S001-001	handled	pending_T06_T07_T08	T10/T11/T18	not_recorded_pending_rights_review	initial_audit_complete_with_findings	pending_independent_adjudication	blocked_not_validated	src/data/mocks/toefl-set-12.ts	Codex_initial_editorial_audit	2026-08-09
item:t12-s-rp2	object:t12-s-rp2	set-12	12	R-012	Listen and Repeat	repeat	B	repair_before_pilot	critical	GOV-001;AUD-001;S001-001	handled	pending_T06_T07_T08	T10/T11/T18	not_recorded_pending_rights_review	initial_audit_complete_with_findings	pending_independent_adjudication	blocked_not_validated	src/data/mocks/toefl-set-12.ts	Codex_initial_editorial_audit	2026-08-09
item:t12-s-rp3	object:t12-s-rp3	set-12	12	R-012	Listen and Repeat	repeat	B	repair_before_pilot	critical	GOV-001;AUD-001;S001-001	handled	pending_T06_T07_T08	T10/T11/T18	not_recorded_pending_rights_review	initial_audit_complete_with_findings	pending_independent_adjudication	blocked_not_validated	src/data/mocks/toefl-set-12.ts	Codex_initial_editorial_audit	2026-08-09
item:t12-s-rp4	object:t12-s-rp4	set-12	12	R-012	Listen and Repeat	repeat	B	repair_before_pilot	critical	GOV-001;AUD-001;S001-001	handled	pending_T06_T07_T08	T10/T11/T18	not_recorded_pending_rights_review	initial_audit_complete_with_findings	pending_independent_adjudication	blocked_not_validated	src/data/mocks/toefl-set-12.ts	Codex_initial_editorial_audit	2026-08-09
item:t12-s-rp5	object:t12-s-rp5	set-12	12	R-012	Listen and Repeat	repeat	B	repair_before_pilot	critical	GOV-001;AUD-001;S001-001	handled	pending_T06_T07_T08	T10/T11/T18	not_recorded_pending_rights_review	initial_audit_complete_with_findings	pending_independent_adjudication	blocked_not_validated	src/data/mocks/toefl-set-12.ts	Codex_initial_editorial_audit	2026-08-09
item:t12-s-iv1	object:t12-s-iv1	set-12	13	R-013	Take an Interview	speak	B	repair_before_pilot	high	GOV-001;S002-001;S002-002	handled	not_applicable	T10/T11/T19	not_recorded_pending_rights_review	initial_audit_complete_with_findings	pending_independent_adjudication	blocked_not_validated	src/data/mocks/toefl-set-12.ts	Codex_initial_editorial_audit	2026-08-09
item:t12-s-iv2	object:t12-s-iv2	set-12	13	R-013	Take an Interview	speak	B	repair_before_pilot	high	GOV-001;S002-001;S002-002	handled	not_applicable	T10/T11/T19	not_recorded_pending_rights_review	initial_audit_complete_with_findings	pending_independent_adjudication	blocked_not_validated	src/data/mocks/toefl-set-12.ts	Codex_initial_editorial_audit	2026-08-09
item:t12-s-iv3	object:t12-s-iv3	set-12	13	R-013	Take an Interview	speak	B	repair_before_pilot	high	GOV-001;S002-001;S002-002	handled	not_applicable	T10/T11/T19	not_recorded_pending_rights_review	initial_audit_complete_with_findings	pending_independent_adjudication	blocked_not_validated	src/data/mocks/toefl-set-12.ts	Codex_initial_editorial_audit	2026-08-09
item:t12-s-iv4	object:t12-s-iv4	set-12	13	R-013	Take an Interview	speak	B	repair_before_pilot	high	GOV-001;S002-001;S002-002;REP-001	handled	not_applicable	T10/T11/T19	not_recorded_pending_rights_review	initial_audit_complete_with_findings	pending_independent_adjudication	blocked_not_validated	src/data/mocks/toefl-set-12.ts	Codex_initial_editorial_audit	2026-08-09
item:t13-r-cw1:blank-1	object:t13-r-cw1	set-13	1	R-001	Complete the Words	wordcomplete_blank	B	repair_before_pilot	high	GOV-001;R001-001	handled	not_applicable	T09/T12	not_recorded_pending_rights_review	initial_audit_complete_with_findings	pending_independent_adjudication	blocked_not_validated	src/data/mocks/toefl-set-13.ts	Codex_initial_editorial_audit	2026-08-09
item:t13-r-cw1:blank-2	object:t13-r-cw1	set-13	1	R-001	Complete the Words	wordcomplete_blank	B	repair_before_pilot	high	GOV-001;R001-001	handled	not_applicable	T09/T12	not_recorded_pending_rights_review	initial_audit_complete_with_findings	pending_independent_adjudication	blocked_not_validated	src/data/mocks/toefl-set-13.ts	Codex_initial_editorial_audit	2026-08-09
item:t13-r-cw1:blank-3	object:t13-r-cw1	set-13	1	R-001	Complete the Words	wordcomplete_blank	B	repair_before_pilot	high	GOV-001;R001-001	handled	not_applicable	T09/T12	not_recorded_pending_rights_review	initial_audit_complete_with_findings	pending_independent_adjudication	blocked_not_validated	src/data/mocks/toefl-set-13.ts	Codex_initial_editorial_audit	2026-08-09
item:t13-r-cw1:blank-4	object:t13-r-cw1	set-13	1	R-001	Complete the Words	wordcomplete_blank	B	repair_before_pilot	high	GOV-001;R001-001	handled	not_applicable	T09/T12	not_recorded_pending_rights_review	initial_audit_complete_with_findings	pending_independent_adjudication	blocked_not_validated	src/data/mocks/toefl-set-13.ts	Codex_initial_editorial_audit	2026-08-09
item:t13-r-cw1:blank-5	object:t13-r-cw1	set-13	1	R-001	Complete the Words	wordcomplete_blank	B	repair_before_pilot	high	GOV-001;R001-001	handled	not_applicable	T09/T12	not_recorded_pending_rights_review	initial_audit_complete_with_findings	pending_independent_adjudication	blocked_not_validated	src/data/mocks/toefl-set-13.ts	Codex_initial_editorial_audit	2026-08-09
item:t13-r-cw1:blank-6	object:t13-r-cw1	set-13	1	R-001	Complete the Words	wordcomplete_blank	B	repair_before_pilot	high	GOV-001;R001-001	handled	not_applicable	T09/T12	not_recorded_pending_rights_review	initial_audit_complete_with_findings	pending_independent_adjudication	blocked_not_validated	src/data/mocks/toefl-set-13.ts	Codex_initial_editorial_audit	2026-08-09
item:t13-r-cw2:blank-1	object:t13-r-cw2	set-13	1	R-001	Complete the Words	wordcomplete_blank	B	repair_before_pilot	high	GOV-001;R001-001	handled	not_applicable	T09/T12	not_recorded_pending_rights_review	initial_audit_complete_with_findings	pending_independent_adjudication	blocked_not_validated	src/data/mocks/toefl-set-13.ts	Codex_initial_editorial_audit	2026-08-09
item:t13-r-cw2:blank-2	object:t13-r-cw2	set-13	1	R-001	Complete the Words	wordcomplete_blank	B	repair_before_pilot	high	GOV-001;R001-001	handled	not_applicable	T09/T12	not_recorded_pending_rights_review	initial_audit_complete_with_findings	pending_independent_adjudication	blocked_not_validated	src/data/mocks/toefl-set-13.ts	Codex_initial_editorial_audit	2026-08-09
item:t13-r-cw2:blank-3	object:t13-r-cw2	set-13	1	R-001	Complete the Words	wordcomplete_blank	B	repair_before_pilot	high	GOV-001;R001-001	handled	not_applicable	T09/T12	not_recorded_pending_rights_review	initial_audit_complete_with_findings	pending_independent_adjudication	blocked_not_validated	src/data/mocks/toefl-set-13.ts	Codex_initial_editorial_audit	2026-08-09
item:t13-r-cw2:blank-4	object:t13-r-cw2	set-13	1	R-001	Complete the Words	wordcomplete_blank	B	repair_before_pilot	high	GOV-001;R001-001	handled	not_applicable	T09/T12	not_recorded_pending_rights_review	initial_audit_complete_with_findings	pending_independent_adjudication	blocked_not_validated	src/data/mocks/toefl-set-13.ts	Codex_initial_editorial_audit	2026-08-09
item:t13-r-cw2:blank-5	object:t13-r-cw2	set-13	1	R-001	Complete the Words	wordcomplete_blank	B	repair_before_pilot	high	GOV-001;R001-001	handled	not_applicable	T09/T12	not_recorded_pending_rights_review	initial_audit_complete_with_findings	pending_independent_adjudication	blocked_not_validated	src/data/mocks/toefl-set-13.ts	Codex_initial_editorial_audit	2026-08-09
item:t13-r-cw2:blank-6	object:t13-r-cw2	set-13	1	R-001	Complete the Words	wordcomplete_blank	B	repair_before_pilot	high	GOV-001;R001-001	handled	not_applicable	T09/T12	not_recorded_pending_rights_review	initial_audit_complete_with_findings	pending_independent_adjudication	blocked_not_validated	src/data/mocks/toefl-set-13.ts	Codex_initial_editorial_audit	2026-08-09
item:t13-r-dl1	object:t13-r-dl1	set-13	2	R-002	Read in Daily Life	mcq	A	conserve_editorial_candidate	none	GOV-001	handled	not_applicable	T09/T13	not_recorded_pending_rights_review	initial_audit_complete_with_findings	pending_independent_adjudication	blocked_not_validated	src/data/mocks/toefl-set-13.ts	Codex_initial_editorial_audit	2026-08-09
item:t13-r-dl2	object:t13-r-dl2	set-13	2	R-002	Read in Daily Life	mcq	A	conserve_editorial_candidate	none	GOV-001	handled	not_applicable	T09/T13	not_recorded_pending_rights_review	initial_audit_complete_with_findings	pending_independent_adjudication	blocked_not_validated	src/data/mocks/toefl-set-13.ts	Codex_initial_editorial_audit	2026-08-09
item:t13-r-dl3	object:t13-r-dl3	set-13	2	R-002	Read in Daily Life	mcq	B	repair_before_pilot	high	GOV-001;ED-002	handled	not_applicable	T09/T13	not_recorded_pending_rights_review	initial_audit_complete_with_findings	pending_independent_adjudication	blocked_not_validated	src/data/mocks/toefl-set-13.ts	Codex_initial_editorial_audit	2026-08-09
item:t13-r-dl4	object:t13-r-dl4	set-13	3	R-003	Read in Daily Life	mcq	A	conserve_editorial_candidate	none	GOV-001	handled	not_applicable	T09/T13	not_recorded_pending_rights_review	initial_audit_complete_with_findings	pending_independent_adjudication	blocked_not_validated	src/data/mocks/toefl-set-13.ts	Codex_initial_editorial_audit	2026-08-09
item:t13-r-dl5	object:t13-r-dl5	set-13	3	R-003	Read in Daily Life	mcq	B	repair_before_pilot	high	GOV-001;ED-002	handled	not_applicable	T09/T13	not_recorded_pending_rights_review	initial_audit_complete_with_findings	pending_independent_adjudication	blocked_not_validated	src/data/mocks/toefl-set-13.ts	Codex_initial_editorial_audit	2026-08-09
item:t13-r-ap1	object:t13-r-ap1	set-13	4	R-004	Read an Academic Passage	mcq	C	derive_or_segment_preserving_original	high	GOV-001;ED-002;R003-001	handled	not_applicable	T09/T13	not_recorded_pending_rights_review	initial_audit_complete_with_findings	pending_independent_adjudication	blocked_not_validated	src/data/mocks/toefl-set-13.ts	Codex_initial_editorial_audit	2026-08-09
item:t13-r-ap2	object:t13-r-ap2	set-13	4	R-004	Read an Academic Passage	mcq	C	derive_or_segment_preserving_original	high	GOV-001;ED-002;R003-001	handled	not_applicable	T09/T13	not_recorded_pending_rights_review	initial_audit_complete_with_findings	pending_independent_adjudication	blocked_not_validated	src/data/mocks/toefl-set-13.ts	Codex_initial_editorial_audit	2026-08-09
item:t13-r-ap3	object:t13-r-ap3	set-13	4	R-004	Read an Academic Passage	mcq	C	derive_or_segment_preserving_original	high	GOV-001;ED-002;R003-001	handled	not_applicable	T09/T13	not_recorded_pending_rights_review	initial_audit_complete_with_findings	pending_independent_adjudication	blocked_not_validated	src/data/mocks/toefl-set-13.ts	Codex_initial_editorial_audit	2026-08-09
item:t13-r-ap4	object:t13-r-ap4	set-13	4	R-004	Read an Academic Passage	mcq	C	derive_or_segment_preserving_original	high	GOV-001;ED-002;R003-001	handled	not_applicable	T09/T13	not_recorded_pending_rights_review	initial_audit_complete_with_findings	pending_independent_adjudication	blocked_not_validated	src/data/mocks/toefl-set-13.ts	Codex_initial_editorial_audit	2026-08-09
item:t13-r-ap5	object:t13-r-ap5	set-13	4	R-004	Read an Academic Passage	mcq	C	derive_or_segment_preserving_original	high	GOV-001;ED-002;R003-001	handled	not_applicable	T09/T13	not_recorded_pending_rights_review	initial_audit_complete_with_findings	pending_independent_adjudication	blocked_not_validated	src/data/mocks/toefl-set-13.ts	Codex_initial_editorial_audit	2026-08-09
item:t13-r-ap6	object:t13-r-ap6	set-13	4	R-004	Read an Academic Passage	multiselect	C	derive_or_segment_preserving_original	critical	GOV-001;R003-001;R003-002	unhandled	not_applicable	T09/T13	not_recorded_pending_rights_review	initial_audit_complete_with_findings	pending_independent_adjudication	blocked_not_validated	src/data/mocks/toefl-set-13.ts	Codex_initial_editorial_audit	2026-08-09
item:t13-l-cr1	object:t13-l-cr1	set-13	5	R-005	Listen and Choose a Response	mcq	B	repair_before_pilot	high	GOV-001;ED-002;L001-001;L001-002;AUD-001	handled	pending_T06_T07_T08	T09/T14	not_recorded_pending_rights_review	initial_audit_complete_with_findings	pending_independent_adjudication	blocked_not_validated	src/data/mocks/toefl-set-13.ts	Codex_initial_editorial_audit	2026-08-09
item:t13-l-cr2	object:t13-l-cr2	set-13	5	R-005	Listen and Choose a Response	mcq	B	repair_before_pilot	high	GOV-001;ED-002;L001-001;L001-002;AUD-001	handled	pending_T06_T07_T08	T09/T14	not_recorded_pending_rights_review	initial_audit_complete_with_findings	pending_independent_adjudication	blocked_not_validated	src/data/mocks/toefl-set-13.ts	Codex_initial_editorial_audit	2026-08-09
item:t13-l-cr3	object:t13-l-cr3	set-13	5	R-005	Listen and Choose a Response	mcq	B	repair_before_pilot	high	GOV-001;ED-002;L001-001;L001-002;AUD-001	handled	pending_T06_T07_T08	T09/T14	not_recorded_pending_rights_review	initial_audit_complete_with_findings	pending_independent_adjudication	blocked_not_validated	src/data/mocks/toefl-set-13.ts	Codex_initial_editorial_audit	2026-08-09
item:t13-l-cr4	object:t13-l-cr4	set-13	5	R-005	Listen and Choose a Response	mcq	B	repair_before_pilot	high	GOV-001;ED-002;L001-001;L001-002;AUD-001	handled	pending_T06_T07_T08	T09/T14	not_recorded_pending_rights_review	initial_audit_complete_with_findings	pending_independent_adjudication	blocked_not_validated	src/data/mocks/toefl-set-13.ts	Codex_initial_editorial_audit	2026-08-09
item:t13-l-cr5	object:t13-l-cr5	set-13	5	R-005	Listen and Choose a Response	mcq	B	repair_before_pilot	high	GOV-001;ED-002;L001-001;L001-002;AUD-001	handled	pending_T06_T07_T08	T09/T14	not_recorded_pending_rights_review	initial_audit_complete_with_findings	pending_independent_adjudication	blocked_not_validated	src/data/mocks/toefl-set-13.ts	Codex_initial_editorial_audit	2026-08-09
item:t13-l-cv1	object:t13-l-cv1	set-13	6	R-006	Listen to a Conversation	mcq	B	repair_before_pilot	high	GOV-001;ED-002;AUD-001	handled	pending_T06_T07_T08	T09/T15	not_recorded_pending_rights_review	initial_audit_complete_with_findings	pending_independent_adjudication	blocked_not_validated	src/data/mocks/toefl-set-13.ts	Codex_initial_editorial_audit	2026-08-09
item:t13-l-cv2	object:t13-l-cv2	set-13	6	R-006	Listen to a Conversation	mcq	B	repair_before_pilot	high	GOV-001;ED-002;AUD-001	handled	pending_T06_T07_T08	T09/T15	not_recorded_pending_rights_review	initial_audit_complete_with_findings	pending_independent_adjudication	blocked_not_validated	src/data/mocks/toefl-set-13.ts	Codex_initial_editorial_audit	2026-08-09
item:t13-l-cv3	object:t13-l-cv3	set-13	6	R-006	Listen to a Conversation	mcq	B	repair_before_pilot	high	GOV-001;ED-002;AUD-001	handled	pending_T06_T07_T08	T09/T15	not_recorded_pending_rights_review	initial_audit_complete_with_findings	pending_independent_adjudication	blocked_not_validated	src/data/mocks/toefl-set-13.ts	Codex_initial_editorial_audit	2026-08-09
item:t13-l-cv4	object:t13-l-cv4	set-13	6	R-006	Listen to a Conversation	mcq	B	repair_before_pilot	high	GOV-001;ED-002;AUD-001	handled	pending_T06_T07_T08	T09/T15	not_recorded_pending_rights_review	initial_audit_complete_with_findings	pending_independent_adjudication	blocked_not_validated	src/data/mocks/toefl-set-13.ts	Codex_initial_editorial_audit	2026-08-09
item:t13-l-an1	object:t13-l-an1	set-13	7	R-007	Listen to an Announcement	mcq	B	repair_before_pilot	high	GOV-001;ED-002;AUD-001	handled	pending_T06_T07_T08	T09/T15	not_recorded_pending_rights_review	initial_audit_complete_with_findings	pending_independent_adjudication	blocked_not_validated	src/data/mocks/toefl-set-13.ts	Codex_initial_editorial_audit	2026-08-09
item:t13-l-an2	object:t13-l-an2	set-13	7	R-007	Listen to an Announcement	mcq	B	repair_before_pilot	high	GOV-001;ED-002;AUD-001	handled	pending_T06_T07_T08	T09/T15	not_recorded_pending_rights_review	initial_audit_complete_with_findings	pending_independent_adjudication	blocked_not_validated	src/data/mocks/toefl-set-13.ts	Codex_initial_editorial_audit	2026-08-09
item:t13-l-an3	object:t13-l-an3	set-13	7	R-007	Listen to an Announcement	mcq	B	repair_before_pilot	high	GOV-001;ED-002;AUD-001	handled	pending_T06_T07_T08	T09/T15	not_recorded_pending_rights_review	initial_audit_complete_with_findings	pending_independent_adjudication	blocked_not_validated	src/data/mocks/toefl-set-13.ts	Codex_initial_editorial_audit	2026-08-09
item:t13-l-at1	object:t13-l-at1	set-13	8	R-008	Listen to an Academic Talk	mcq	C	derive_or_segment_preserving_original	high	GOV-001;AUD-001;L004-001	handled	pending_T06_T07_T08	T09/T15	not_recorded_pending_rights_review	initial_audit_complete_with_findings	pending_independent_adjudication	blocked_not_validated	src/data/mocks/toefl-set-13.ts	Codex_initial_editorial_audit	2026-08-09
item:t13-l-at2	object:t13-l-at2	set-13	8	R-008	Listen to an Academic Talk	mcq	C	derive_or_segment_preserving_original	high	GOV-001;ED-002;AUD-001;L004-001	handled	pending_T06_T07_T08	T09/T15	not_recorded_pending_rights_review	initial_audit_complete_with_findings	pending_independent_adjudication	blocked_not_validated	src/data/mocks/toefl-set-13.ts	Codex_initial_editorial_audit	2026-08-09
item:t13-l-at3	object:t13-l-at3	set-13	8	R-008	Listen to an Academic Talk	mcq	C	derive_or_segment_preserving_original	high	GOV-001;ED-002;AUD-001;L004-001	handled	pending_T06_T07_T08	T09/T15	not_recorded_pending_rights_review	initial_audit_complete_with_findings	pending_independent_adjudication	blocked_not_validated	src/data/mocks/toefl-set-13.ts	Codex_initial_editorial_audit	2026-08-09
item:t13-l-at4	object:t13-l-at4	set-13	8	R-008	Listen to an Academic Talk	mcq	C	derive_or_segment_preserving_original	high	GOV-001;ED-002;AUD-001;L004-001	handled	pending_T06_T07_T08	T09/T15	not_recorded_pending_rights_review	initial_audit_complete_with_findings	pending_independent_adjudication	blocked_not_validated	src/data/mocks/toefl-set-13.ts	Codex_initial_editorial_audit	2026-08-09
item:t13-l-at5	object:t13-l-at5	set-13	8	R-008	Listen to an Academic Talk	mcq	C	derive_or_segment_preserving_original	high	GOV-001;ED-002;AUD-001;L004-001	handled	pending_T06_T07_T08	T09/T15	not_recorded_pending_rights_review	initial_audit_complete_with_findings	pending_independent_adjudication	blocked_not_validated	src/data/mocks/toefl-set-13.ts	Codex_initial_editorial_audit	2026-08-09
item:t13-w-bs1	object:t13-w-bs1	set-13	9	R-009	Build a Sentence	sentencebuild	B	repair_before_pilot	high	GOV-001;W001-001;W001-002;W001-003	handled	not_applicable	T09/T16	not_recorded_pending_rights_review	initial_audit_complete_with_findings	pending_independent_adjudication	blocked_not_validated	src/data/mocks/toefl-set-13.ts	Codex_initial_editorial_audit	2026-08-09
item:t13-w-bs2	object:t13-w-bs2	set-13	9	R-009	Build a Sentence	sentencebuild	B	repair_before_pilot	high	GOV-001;W001-001;W001-002	handled	not_applicable	T09/T16	not_recorded_pending_rights_review	initial_audit_complete_with_findings	pending_independent_adjudication	blocked_not_validated	src/data/mocks/toefl-set-13.ts	Codex_initial_editorial_audit	2026-08-09
item:t13-w-bs3	object:t13-w-bs3	set-13	9	R-009	Build a Sentence	sentencebuild	B	repair_before_pilot	high	GOV-001;W001-001;W001-002	handled	not_applicable	T09/T16	not_recorded_pending_rights_review	initial_audit_complete_with_findings	pending_independent_adjudication	blocked_not_validated	src/data/mocks/toefl-set-13.ts	Codex_initial_editorial_audit	2026-08-09
item:t13-w-bs4	object:t13-w-bs4	set-13	9	R-009	Build a Sentence	sentencebuild	B	repair_before_pilot	high	GOV-001;W001-001;W001-002	handled	not_applicable	T09/T16	not_recorded_pending_rights_review	initial_audit_complete_with_findings	pending_independent_adjudication	blocked_not_validated	src/data/mocks/toefl-set-13.ts	Codex_initial_editorial_audit	2026-08-09
item:t13-w-bs5	object:t13-w-bs5	set-13	9	R-009	Build a Sentence	sentencebuild	B	repair_before_pilot	high	GOV-001;W001-001;W001-002	handled	not_applicable	T09/T16	not_recorded_pending_rights_review	initial_audit_complete_with_findings	pending_independent_adjudication	blocked_not_validated	src/data/mocks/toefl-set-13.ts	Codex_initial_editorial_audit	2026-08-09
item:t13-w-bs6	object:t13-w-bs6	set-13	9	R-009	Build a Sentence	sentencebuild	B	repair_before_pilot	high	GOV-001;W001-001;W001-002	handled	not_applicable	T09/T16	not_recorded_pending_rights_review	initial_audit_complete_with_findings	pending_independent_adjudication	blocked_not_validated	src/data/mocks/toefl-set-13.ts	Codex_initial_editorial_audit	2026-08-09
item:t13-w-email	object:t13-w-email	set-13	10	R-010	Write an Email	write	B	repair_before_pilot	high	GOV-001;W002-001	handled	not_applicable	T10/T11/T17	not_recorded_pending_rights_review	initial_audit_complete_with_findings	pending_independent_adjudication	blocked_not_validated	src/data/mocks/toefl-set-13.ts	Codex_initial_editorial_audit	2026-08-09
item:t13-w-disc	object:t13-w-disc	set-13	11	R-011	Write for an Academic Discussion	write	B	repair_before_pilot	high	GOV-001;W003-001	handled	not_applicable	T10/T11/T17	not_recorded_pending_rights_review	initial_audit_complete_with_findings	pending_independent_adjudication	blocked_not_validated	src/data/mocks/toefl-set-13.ts	Codex_initial_editorial_audit	2026-08-09
item:t13-s-rp1	object:t13-s-rp1	set-13	12	R-012	Listen and Repeat	repeat	B	repair_before_pilot	critical	GOV-001;AUD-001;S001-001	handled	pending_T06_T07_T08	T10/T11/T18	not_recorded_pending_rights_review	initial_audit_complete_with_findings	pending_independent_adjudication	blocked_not_validated	src/data/mocks/toefl-set-13.ts	Codex_initial_editorial_audit	2026-08-09
item:t13-s-rp2	object:t13-s-rp2	set-13	12	R-012	Listen and Repeat	repeat	B	repair_before_pilot	critical	GOV-001;AUD-001;S001-001	handled	pending_T06_T07_T08	T10/T11/T18	not_recorded_pending_rights_review	initial_audit_complete_with_findings	pending_independent_adjudication	blocked_not_validated	src/data/mocks/toefl-set-13.ts	Codex_initial_editorial_audit	2026-08-09
item:t13-s-rp3	object:t13-s-rp3	set-13	12	R-012	Listen and Repeat	repeat	B	repair_before_pilot	critical	GOV-001;AUD-001;S001-001	handled	pending_T06_T07_T08	T10/T11/T18	not_recorded_pending_rights_review	initial_audit_complete_with_findings	pending_independent_adjudication	blocked_not_validated	src/data/mocks/toefl-set-13.ts	Codex_initial_editorial_audit	2026-08-09
item:t13-s-rp4	object:t13-s-rp4	set-13	12	R-012	Listen and Repeat	repeat	B	repair_before_pilot	critical	GOV-001;AUD-001;S001-001	handled	pending_T06_T07_T08	T10/T11/T18	not_recorded_pending_rights_review	initial_audit_complete_with_findings	pending_independent_adjudication	blocked_not_validated	src/data/mocks/toefl-set-13.ts	Codex_initial_editorial_audit	2026-08-09
item:t13-s-rp5	object:t13-s-rp5	set-13	12	R-012	Listen and Repeat	repeat	B	repair_before_pilot	critical	GOV-001;AUD-001;S001-001	handled	pending_T06_T07_T08	T10/T11/T18	not_recorded_pending_rights_review	initial_audit_complete_with_findings	pending_independent_adjudication	blocked_not_validated	src/data/mocks/toefl-set-13.ts	Codex_initial_editorial_audit	2026-08-09
item:t13-s-iv1	object:t13-s-iv1	set-13	13	R-013	Take an Interview	speak	B	repair_before_pilot	high	GOV-001;S002-001;S002-002	handled	not_applicable	T10/T11/T19	not_recorded_pending_rights_review	initial_audit_complete_with_findings	pending_independent_adjudication	blocked_not_validated	src/data/mocks/toefl-set-13.ts	Codex_initial_editorial_audit	2026-08-09
item:t13-s-iv2	object:t13-s-iv2	set-13	13	R-013	Take an Interview	speak	B	repair_before_pilot	high	GOV-001;S002-001;S002-002	handled	not_applicable	T10/T11/T19	not_recorded_pending_rights_review	initial_audit_complete_with_findings	pending_independent_adjudication	blocked_not_validated	src/data/mocks/toefl-set-13.ts	Codex_initial_editorial_audit	2026-08-09
item:t13-s-iv3	object:t13-s-iv3	set-13	13	R-013	Take an Interview	speak	B	repair_before_pilot	high	GOV-001;S002-001;S002-002	handled	not_applicable	T10/T11/T19	not_recorded_pending_rights_review	initial_audit_complete_with_findings	pending_independent_adjudication	blocked_not_validated	src/data/mocks/toefl-set-13.ts	Codex_initial_editorial_audit	2026-08-09
item:t13-s-iv4	object:t13-s-iv4	set-13	13	R-013	Take an Interview	speak	B	repair_before_pilot	high	GOV-001;S002-001;S002-002;REP-001	handled	not_applicable	T10/T11/T19	not_recorded_pending_rights_review	initial_audit_complete_with_findings	pending_independent_adjudication	blocked_not_validated	src/data/mocks/toefl-set-13.ts	Codex_initial_editorial_audit	2026-08-09
item:t14-r-cw1:blank-1	object:t14-r-cw1	set-14	1	R-001	Complete the Words	wordcomplete_blank	B	repair_before_pilot	high	GOV-001;R001-001	handled	not_applicable	T09/T12	not_recorded_pending_rights_review	initial_audit_complete_with_findings	pending_independent_adjudication	blocked_not_validated	src/data/mocks/toefl-set-14.ts	Codex_initial_editorial_audit	2026-08-09
item:t14-r-cw1:blank-2	object:t14-r-cw1	set-14	1	R-001	Complete the Words	wordcomplete_blank	B	repair_before_pilot	high	GOV-001;R001-001	handled	not_applicable	T09/T12	not_recorded_pending_rights_review	initial_audit_complete_with_findings	pending_independent_adjudication	blocked_not_validated	src/data/mocks/toefl-set-14.ts	Codex_initial_editorial_audit	2026-08-09
item:t14-r-cw1:blank-3	object:t14-r-cw1	set-14	1	R-001	Complete the Words	wordcomplete_blank	B	repair_before_pilot	high	GOV-001;R001-001	handled	not_applicable	T09/T12	not_recorded_pending_rights_review	initial_audit_complete_with_findings	pending_independent_adjudication	blocked_not_validated	src/data/mocks/toefl-set-14.ts	Codex_initial_editorial_audit	2026-08-09
item:t14-r-cw1:blank-4	object:t14-r-cw1	set-14	1	R-001	Complete the Words	wordcomplete_blank	B	repair_before_pilot	high	GOV-001;R001-001	handled	not_applicable	T09/T12	not_recorded_pending_rights_review	initial_audit_complete_with_findings	pending_independent_adjudication	blocked_not_validated	src/data/mocks/toefl-set-14.ts	Codex_initial_editorial_audit	2026-08-09
item:t14-r-cw1:blank-5	object:t14-r-cw1	set-14	1	R-001	Complete the Words	wordcomplete_blank	B	repair_before_pilot	high	GOV-001;R001-001	handled	not_applicable	T09/T12	not_recorded_pending_rights_review	initial_audit_complete_with_findings	pending_independent_adjudication	blocked_not_validated	src/data/mocks/toefl-set-14.ts	Codex_initial_editorial_audit	2026-08-09
item:t14-r-cw1:blank-6	object:t14-r-cw1	set-14	1	R-001	Complete the Words	wordcomplete_blank	B	repair_before_pilot	high	GOV-001;R001-001	handled	not_applicable	T09/T12	not_recorded_pending_rights_review	initial_audit_complete_with_findings	pending_independent_adjudication	blocked_not_validated	src/data/mocks/toefl-set-14.ts	Codex_initial_editorial_audit	2026-08-09
item:t14-r-cw2:blank-1	object:t14-r-cw2	set-14	1	R-001	Complete the Words	wordcomplete_blank	B	repair_before_pilot	high	GOV-001;R001-001	handled	not_applicable	T09/T12	not_recorded_pending_rights_review	initial_audit_complete_with_findings	pending_independent_adjudication	blocked_not_validated	src/data/mocks/toefl-set-14.ts	Codex_initial_editorial_audit	2026-08-09
item:t14-r-cw2:blank-2	object:t14-r-cw2	set-14	1	R-001	Complete the Words	wordcomplete_blank	B	repair_before_pilot	high	GOV-001;R001-001	handled	not_applicable	T09/T12	not_recorded_pending_rights_review	initial_audit_complete_with_findings	pending_independent_adjudication	blocked_not_validated	src/data/mocks/toefl-set-14.ts	Codex_initial_editorial_audit	2026-08-09
item:t14-r-cw2:blank-3	object:t14-r-cw2	set-14	1	R-001	Complete the Words	wordcomplete_blank	B	repair_before_pilot	high	GOV-001;R001-001	handled	not_applicable	T09/T12	not_recorded_pending_rights_review	initial_audit_complete_with_findings	pending_independent_adjudication	blocked_not_validated	src/data/mocks/toefl-set-14.ts	Codex_initial_editorial_audit	2026-08-09
item:t14-r-cw2:blank-4	object:t14-r-cw2	set-14	1	R-001	Complete the Words	wordcomplete_blank	B	repair_before_pilot	high	GOV-001;R001-001	handled	not_applicable	T09/T12	not_recorded_pending_rights_review	initial_audit_complete_with_findings	pending_independent_adjudication	blocked_not_validated	src/data/mocks/toefl-set-14.ts	Codex_initial_editorial_audit	2026-08-09
item:t14-r-cw2:blank-5	object:t14-r-cw2	set-14	1	R-001	Complete the Words	wordcomplete_blank	B	repair_before_pilot	high	GOV-001;R001-001	handled	not_applicable	T09/T12	not_recorded_pending_rights_review	initial_audit_complete_with_findings	pending_independent_adjudication	blocked_not_validated	src/data/mocks/toefl-set-14.ts	Codex_initial_editorial_audit	2026-08-09
item:t14-r-cw2:blank-6	object:t14-r-cw2	set-14	1	R-001	Complete the Words	wordcomplete_blank	B	repair_before_pilot	high	GOV-001;R001-001	handled	not_applicable	T09/T12	not_recorded_pending_rights_review	initial_audit_complete_with_findings	pending_independent_adjudication	blocked_not_validated	src/data/mocks/toefl-set-14.ts	Codex_initial_editorial_audit	2026-08-09
item:t14-r-dl1	object:t14-r-dl1	set-14	2	R-002	Read in Daily Life	mcq	A	conserve_editorial_candidate	none	GOV-001	handled	not_applicable	T09/T13	not_recorded_pending_rights_review	initial_audit_complete_with_findings	pending_independent_adjudication	blocked_not_validated	src/data/mocks/toefl-set-14.ts	Codex_initial_editorial_audit	2026-08-09
item:t14-r-dl2	object:t14-r-dl2	set-14	2	R-002	Read in Daily Life	mcq	A	conserve_editorial_candidate	none	GOV-001	handled	not_applicable	T09/T13	not_recorded_pending_rights_review	initial_audit_complete_with_findings	pending_independent_adjudication	blocked_not_validated	src/data/mocks/toefl-set-14.ts	Codex_initial_editorial_audit	2026-08-09
item:t14-r-dl3	object:t14-r-dl3	set-14	2	R-002	Read in Daily Life	mcq	B	repair_before_pilot	high	GOV-001;ED-002	handled	not_applicable	T09/T13	not_recorded_pending_rights_review	initial_audit_complete_with_findings	pending_independent_adjudication	blocked_not_validated	src/data/mocks/toefl-set-14.ts	Codex_initial_editorial_audit	2026-08-09
item:t14-r-dl4	object:t14-r-dl4	set-14	3	R-003	Read in Daily Life	mcq	B	repair_before_pilot	high	GOV-001;ED-002	handled	not_applicable	T09/T13	not_recorded_pending_rights_review	initial_audit_complete_with_findings	pending_independent_adjudication	blocked_not_validated	src/data/mocks/toefl-set-14.ts	Codex_initial_editorial_audit	2026-08-09
item:t14-r-dl5	object:t14-r-dl5	set-14	3	R-003	Read in Daily Life	mcq	B	repair_before_pilot	high	GOV-001;ED-002	handled	not_applicable	T09/T13	not_recorded_pending_rights_review	initial_audit_complete_with_findings	pending_independent_adjudication	blocked_not_validated	src/data/mocks/toefl-set-14.ts	Codex_initial_editorial_audit	2026-08-09
item:t14-r-ap1	object:t14-r-ap1	set-14	4	R-004	Read an Academic Passage	mcq	C	derive_or_segment_preserving_original	high	GOV-001;ED-002;R003-001	handled	not_applicable	T09/T13	not_recorded_pending_rights_review	initial_audit_complete_with_findings	pending_independent_adjudication	blocked_not_validated	src/data/mocks/toefl-set-14.ts	Codex_initial_editorial_audit	2026-08-09
item:t14-r-ap2	object:t14-r-ap2	set-14	4	R-004	Read an Academic Passage	mcq	C	derive_or_segment_preserving_original	high	GOV-001;ED-002;R003-001	handled	not_applicable	T09/T13	not_recorded_pending_rights_review	initial_audit_complete_with_findings	pending_independent_adjudication	blocked_not_validated	src/data/mocks/toefl-set-14.ts	Codex_initial_editorial_audit	2026-08-09
item:t14-r-ap3	object:t14-r-ap3	set-14	4	R-004	Read an Academic Passage	mcq	C	derive_or_segment_preserving_original	high	GOV-001;ED-002;R003-001	handled	not_applicable	T09/T13	not_recorded_pending_rights_review	initial_audit_complete_with_findings	pending_independent_adjudication	blocked_not_validated	src/data/mocks/toefl-set-14.ts	Codex_initial_editorial_audit	2026-08-09
item:t14-r-ap4	object:t14-r-ap4	set-14	4	R-004	Read an Academic Passage	mcq	C	derive_or_segment_preserving_original	high	GOV-001;ED-002;R003-001	handled	not_applicable	T09/T13	not_recorded_pending_rights_review	initial_audit_complete_with_findings	pending_independent_adjudication	blocked_not_validated	src/data/mocks/toefl-set-14.ts	Codex_initial_editorial_audit	2026-08-09
item:t14-r-ap5	object:t14-r-ap5	set-14	4	R-004	Read an Academic Passage	mcq	C	derive_or_segment_preserving_original	high	GOV-001;ED-002;R003-001	handled	not_applicable	T09/T13	not_recorded_pending_rights_review	initial_audit_complete_with_findings	pending_independent_adjudication	blocked_not_validated	src/data/mocks/toefl-set-14.ts	Codex_initial_editorial_audit	2026-08-09
item:t14-r-ap6	object:t14-r-ap6	set-14	4	R-004	Read an Academic Passage	multiselect	C	derive_or_segment_preserving_original	critical	GOV-001;R003-001;R003-002	unhandled	not_applicable	T09/T13	not_recorded_pending_rights_review	initial_audit_complete_with_findings	pending_independent_adjudication	blocked_not_validated	src/data/mocks/toefl-set-14.ts	Codex_initial_editorial_audit	2026-08-09
item:t14-l-cr1	object:t14-l-cr1	set-14	5	R-005	Listen and Choose a Response	mcq	B	repair_before_pilot	high	GOV-001;ED-002;L001-001;L001-002;AUD-001	handled	pending_T06_T07_T08	T09/T14	not_recorded_pending_rights_review	initial_audit_complete_with_findings	pending_independent_adjudication	blocked_not_validated	src/data/mocks/toefl-set-14.ts	Codex_initial_editorial_audit	2026-08-09
item:t14-l-cr2	object:t14-l-cr2	set-14	5	R-005	Listen and Choose a Response	mcq	B	repair_before_pilot	high	GOV-001;ED-002;L001-001;L001-002;AUD-001	handled	pending_T06_T07_T08	T09/T14	not_recorded_pending_rights_review	initial_audit_complete_with_findings	pending_independent_adjudication	blocked_not_validated	src/data/mocks/toefl-set-14.ts	Codex_initial_editorial_audit	2026-08-09
item:t14-l-cr3	object:t14-l-cr3	set-14	5	R-005	Listen and Choose a Response	mcq	B	repair_before_pilot	high	GOV-001;ED-002;L001-001;L001-002;AUD-001	handled	pending_T06_T07_T08	T09/T14	not_recorded_pending_rights_review	initial_audit_complete_with_findings	pending_independent_adjudication	blocked_not_validated	src/data/mocks/toefl-set-14.ts	Codex_initial_editorial_audit	2026-08-09
item:t14-l-cr4	object:t14-l-cr4	set-14	5	R-005	Listen and Choose a Response	mcq	B	repair_before_pilot	high	GOV-001;ED-002;L001-001;L001-002;AUD-001	handled	pending_T06_T07_T08	T09/T14	not_recorded_pending_rights_review	initial_audit_complete_with_findings	pending_independent_adjudication	blocked_not_validated	src/data/mocks/toefl-set-14.ts	Codex_initial_editorial_audit	2026-08-09
item:t14-l-cr5	object:t14-l-cr5	set-14	5	R-005	Listen and Choose a Response	mcq	B	repair_before_pilot	high	GOV-001;ED-002;L001-001;L001-002;AUD-001	handled	pending_T06_T07_T08	T09/T14	not_recorded_pending_rights_review	initial_audit_complete_with_findings	pending_independent_adjudication	blocked_not_validated	src/data/mocks/toefl-set-14.ts	Codex_initial_editorial_audit	2026-08-09
item:t14-l-cv1	object:t14-l-cv1	set-14	6	R-006	Listen to a Conversation	mcq	A	conserve_editorial_candidate	none	GOV-001;AUD-001	handled	pending_T06_T07_T08	T09/T15	not_recorded_pending_rights_review	initial_audit_complete_with_findings	pending_independent_adjudication	blocked_not_validated	src/data/mocks/toefl-set-14.ts	Codex_initial_editorial_audit	2026-08-09
item:t14-l-cv2	object:t14-l-cv2	set-14	6	R-006	Listen to a Conversation	mcq	B	repair_before_pilot	high	GOV-001;ED-002;AUD-001	handled	pending_T06_T07_T08	T09/T15	not_recorded_pending_rights_review	initial_audit_complete_with_findings	pending_independent_adjudication	blocked_not_validated	src/data/mocks/toefl-set-14.ts	Codex_initial_editorial_audit	2026-08-09
item:t14-l-cv3	object:t14-l-cv3	set-14	6	R-006	Listen to a Conversation	mcq	B	repair_before_pilot	high	GOV-001;ED-002;AUD-001	handled	pending_T06_T07_T08	T09/T15	not_recorded_pending_rights_review	initial_audit_complete_with_findings	pending_independent_adjudication	blocked_not_validated	src/data/mocks/toefl-set-14.ts	Codex_initial_editorial_audit	2026-08-09
item:t14-l-cv4	object:t14-l-cv4	set-14	6	R-006	Listen to a Conversation	mcq	B	repair_before_pilot	high	GOV-001;ED-002;AUD-001	handled	pending_T06_T07_T08	T09/T15	not_recorded_pending_rights_review	initial_audit_complete_with_findings	pending_independent_adjudication	blocked_not_validated	src/data/mocks/toefl-set-14.ts	Codex_initial_editorial_audit	2026-08-09
item:t14-l-an1	object:t14-l-an1	set-14	7	R-007	Listen to an Announcement	mcq	B	repair_before_pilot	high	GOV-001;ED-002;AUD-001	handled	pending_T06_T07_T08	T09/T15	not_recorded_pending_rights_review	initial_audit_complete_with_findings	pending_independent_adjudication	blocked_not_validated	src/data/mocks/toefl-set-14.ts	Codex_initial_editorial_audit	2026-08-09
item:t14-l-an2	object:t14-l-an2	set-14	7	R-007	Listen to an Announcement	mcq	B	repair_before_pilot	high	GOV-001;ED-002;AUD-001	handled	pending_T06_T07_T08	T09/T15	not_recorded_pending_rights_review	initial_audit_complete_with_findings	pending_independent_adjudication	blocked_not_validated	src/data/mocks/toefl-set-14.ts	Codex_initial_editorial_audit	2026-08-09
item:t14-l-an3	object:t14-l-an3	set-14	7	R-007	Listen to an Announcement	mcq	B	repair_before_pilot	high	GOV-001;ED-002;AUD-001	handled	pending_T06_T07_T08	T09/T15	not_recorded_pending_rights_review	initial_audit_complete_with_findings	pending_independent_adjudication	blocked_not_validated	src/data/mocks/toefl-set-14.ts	Codex_initial_editorial_audit	2026-08-09
item:t14-l-at1	object:t14-l-at1	set-14	8	R-008	Listen to an Academic Talk	mcq	C	derive_or_segment_preserving_original	high	GOV-001;ED-002;AUD-001;L004-001	handled	pending_T06_T07_T08	T09/T15	not_recorded_pending_rights_review	initial_audit_complete_with_findings	pending_independent_adjudication	blocked_not_validated	src/data/mocks/toefl-set-14.ts	Codex_initial_editorial_audit	2026-08-09
item:t14-l-at2	object:t14-l-at2	set-14	8	R-008	Listen to an Academic Talk	mcq	C	derive_or_segment_preserving_original	high	GOV-001;ED-002;AUD-001;L004-001	handled	pending_T06_T07_T08	T09/T15	not_recorded_pending_rights_review	initial_audit_complete_with_findings	pending_independent_adjudication	blocked_not_validated	src/data/mocks/toefl-set-14.ts	Codex_initial_editorial_audit	2026-08-09
item:t14-l-at3	object:t14-l-at3	set-14	8	R-008	Listen to an Academic Talk	mcq	C	derive_or_segment_preserving_original	high	GOV-001;ED-002;AUD-001;L004-001	handled	pending_T06_T07_T08	T09/T15	not_recorded_pending_rights_review	initial_audit_complete_with_findings	pending_independent_adjudication	blocked_not_validated	src/data/mocks/toefl-set-14.ts	Codex_initial_editorial_audit	2026-08-09
item:t14-l-at4	object:t14-l-at4	set-14	8	R-008	Listen to an Academic Talk	mcq	C	derive_or_segment_preserving_original	high	GOV-001;ED-002;AUD-001;L004-001	handled	pending_T06_T07_T08	T09/T15	not_recorded_pending_rights_review	initial_audit_complete_with_findings	pending_independent_adjudication	blocked_not_validated	src/data/mocks/toefl-set-14.ts	Codex_initial_editorial_audit	2026-08-09
item:t14-l-at5	object:t14-l-at5	set-14	8	R-008	Listen to an Academic Talk	mcq	C	derive_or_segment_preserving_original	high	GOV-001;ED-002;AUD-001;L004-001	handled	pending_T06_T07_T08	T09/T15	not_recorded_pending_rights_review	initial_audit_complete_with_findings	pending_independent_adjudication	blocked_not_validated	src/data/mocks/toefl-set-14.ts	Codex_initial_editorial_audit	2026-08-09
item:t14-w-bs1	object:t14-w-bs1	set-14	9	R-009	Build a Sentence	sentencebuild	B	repair_before_pilot	high	GOV-001;W001-001;W001-002;W001-003	handled	not_applicable	T09/T16	not_recorded_pending_rights_review	initial_audit_complete_with_findings	pending_independent_adjudication	blocked_not_validated	src/data/mocks/toefl-set-14.ts	Codex_initial_editorial_audit	2026-08-09
item:t14-w-bs2	object:t14-w-bs2	set-14	9	R-009	Build a Sentence	sentencebuild	B	repair_before_pilot	high	GOV-001;W001-001;W001-002	handled	not_applicable	T09/T16	not_recorded_pending_rights_review	initial_audit_complete_with_findings	pending_independent_adjudication	blocked_not_validated	src/data/mocks/toefl-set-14.ts	Codex_initial_editorial_audit	2026-08-09
item:t14-w-bs3	object:t14-w-bs3	set-14	9	R-009	Build a Sentence	sentencebuild	B	repair_before_pilot	high	GOV-001;W001-001;W001-002	handled	not_applicable	T09/T16	not_recorded_pending_rights_review	initial_audit_complete_with_findings	pending_independent_adjudication	blocked_not_validated	src/data/mocks/toefl-set-14.ts	Codex_initial_editorial_audit	2026-08-09
item:t14-w-bs4	object:t14-w-bs4	set-14	9	R-009	Build a Sentence	sentencebuild	B	repair_before_pilot	high	GOV-001;W001-001;W001-002	handled	not_applicable	T09/T16	not_recorded_pending_rights_review	initial_audit_complete_with_findings	pending_independent_adjudication	blocked_not_validated	src/data/mocks/toefl-set-14.ts	Codex_initial_editorial_audit	2026-08-09
item:t14-w-bs5	object:t14-w-bs5	set-14	9	R-009	Build a Sentence	sentencebuild	B	repair_before_pilot	high	GOV-001;W001-001;W001-002	handled	not_applicable	T09/T16	not_recorded_pending_rights_review	initial_audit_complete_with_findings	pending_independent_adjudication	blocked_not_validated	src/data/mocks/toefl-set-14.ts	Codex_initial_editorial_audit	2026-08-09
item:t14-w-bs6	object:t14-w-bs6	set-14	9	R-009	Build a Sentence	sentencebuild	B	repair_before_pilot	high	GOV-001;W001-001;W001-002	handled	not_applicable	T09/T16	not_recorded_pending_rights_review	initial_audit_complete_with_findings	pending_independent_adjudication	blocked_not_validated	src/data/mocks/toefl-set-14.ts	Codex_initial_editorial_audit	2026-08-09
item:t14-w-email	object:t14-w-email	set-14	10	R-010	Write an Email	write	B	repair_before_pilot	high	GOV-001;W002-001	handled	not_applicable	T10/T11/T17	not_recorded_pending_rights_review	initial_audit_complete_with_findings	pending_independent_adjudication	blocked_not_validated	src/data/mocks/toefl-set-14.ts	Codex_initial_editorial_audit	2026-08-09
item:t14-w-disc	object:t14-w-disc	set-14	11	R-011	Write for an Academic Discussion	write	B	repair_before_pilot	high	GOV-001;W003-001	handled	not_applicable	T10/T11/T17	not_recorded_pending_rights_review	initial_audit_complete_with_findings	pending_independent_adjudication	blocked_not_validated	src/data/mocks/toefl-set-14.ts	Codex_initial_editorial_audit	2026-08-09
item:t14-s-rp1	object:t14-s-rp1	set-14	12	R-012	Listen and Repeat	repeat	B	repair_before_pilot	critical	GOV-001;AUD-001;S001-001	handled	pending_T06_T07_T08	T10/T11/T18	not_recorded_pending_rights_review	initial_audit_complete_with_findings	pending_independent_adjudication	blocked_not_validated	src/data/mocks/toefl-set-14.ts	Codex_initial_editorial_audit	2026-08-09
item:t14-s-rp2	object:t14-s-rp2	set-14	12	R-012	Listen and Repeat	repeat	B	repair_before_pilot	critical	GOV-001;AUD-001;S001-001	handled	pending_T06_T07_T08	T10/T11/T18	not_recorded_pending_rights_review	initial_audit_complete_with_findings	pending_independent_adjudication	blocked_not_validated	src/data/mocks/toefl-set-14.ts	Codex_initial_editorial_audit	2026-08-09
item:t14-s-rp3	object:t14-s-rp3	set-14	12	R-012	Listen and Repeat	repeat	B	repair_before_pilot	critical	GOV-001;AUD-001;S001-001	handled	pending_T06_T07_T08	T10/T11/T18	not_recorded_pending_rights_review	initial_audit_complete_with_findings	pending_independent_adjudication	blocked_not_validated	src/data/mocks/toefl-set-14.ts	Codex_initial_editorial_audit	2026-08-09
item:t14-s-rp4	object:t14-s-rp4	set-14	12	R-012	Listen and Repeat	repeat	B	repair_before_pilot	critical	GOV-001;AUD-001;S001-001	handled	pending_T06_T07_T08	T10/T11/T18	not_recorded_pending_rights_review	initial_audit_complete_with_findings	pending_independent_adjudication	blocked_not_validated	src/data/mocks/toefl-set-14.ts	Codex_initial_editorial_audit	2026-08-09
item:t14-s-rp5	object:t14-s-rp5	set-14	12	R-012	Listen and Repeat	repeat	B	repair_before_pilot	critical	GOV-001;AUD-001;S001-001	handled	pending_T06_T07_T08	T10/T11/T18	not_recorded_pending_rights_review	initial_audit_complete_with_findings	pending_independent_adjudication	blocked_not_validated	src/data/mocks/toefl-set-14.ts	Codex_initial_editorial_audit	2026-08-09
item:t14-s-iv1	object:t14-s-iv1	set-14	13	R-013	Take an Interview	speak	B	repair_before_pilot	high	GOV-001;S002-001;S002-002	handled	not_applicable	T10/T11/T19	not_recorded_pending_rights_review	initial_audit_complete_with_findings	pending_independent_adjudication	blocked_not_validated	src/data/mocks/toefl-set-14.ts	Codex_initial_editorial_audit	2026-08-09
item:t14-s-iv2	object:t14-s-iv2	set-14	13	R-013	Take an Interview	speak	B	repair_before_pilot	high	GOV-001;S002-001;S002-002	handled	not_applicable	T10/T11/T19	not_recorded_pending_rights_review	initial_audit_complete_with_findings	pending_independent_adjudication	blocked_not_validated	src/data/mocks/toefl-set-14.ts	Codex_initial_editorial_audit	2026-08-09
item:t14-s-iv3	object:t14-s-iv3	set-14	13	R-013	Take an Interview	speak	B	repair_before_pilot	high	GOV-001;S002-001;S002-002	handled	not_applicable	T10/T11/T19	not_recorded_pending_rights_review	initial_audit_complete_with_findings	pending_independent_adjudication	blocked_not_validated	src/data/mocks/toefl-set-14.ts	Codex_initial_editorial_audit	2026-08-09
item:t14-s-iv4	object:t14-s-iv4	set-14	13	R-013	Take an Interview	speak	B	repair_before_pilot	high	GOV-001;S002-001;S002-002;REP-001	handled	not_applicable	T10/T11/T19	not_recorded_pending_rights_review	initial_audit_complete_with_findings	pending_independent_adjudication	blocked_not_validated	src/data/mocks/toefl-set-14.ts	Codex_initial_editorial_audit	2026-08-09
item:t15-r-cw1:blank-1	object:t15-r-cw1	set-15	1	R-001	Complete the Words	wordcomplete_blank	B	repair_before_pilot	high	GOV-001;R001-001	handled	not_applicable	T09/T12	not_recorded_pending_rights_review	initial_audit_complete_with_findings	pending_independent_adjudication	blocked_not_validated	src/data/mocks/toefl-set-15.ts	Codex_initial_editorial_audit	2026-08-09
item:t15-r-cw1:blank-2	object:t15-r-cw1	set-15	1	R-001	Complete the Words	wordcomplete_blank	B	repair_before_pilot	high	GOV-001;R001-001	handled	not_applicable	T09/T12	not_recorded_pending_rights_review	initial_audit_complete_with_findings	pending_independent_adjudication	blocked_not_validated	src/data/mocks/toefl-set-15.ts	Codex_initial_editorial_audit	2026-08-09
item:t15-r-cw1:blank-3	object:t15-r-cw1	set-15	1	R-001	Complete the Words	wordcomplete_blank	B	repair_before_pilot	high	GOV-001;R001-001	handled	not_applicable	T09/T12	not_recorded_pending_rights_review	initial_audit_complete_with_findings	pending_independent_adjudication	blocked_not_validated	src/data/mocks/toefl-set-15.ts	Codex_initial_editorial_audit	2026-08-09
item:t15-r-cw1:blank-4	object:t15-r-cw1	set-15	1	R-001	Complete the Words	wordcomplete_blank	B	repair_before_pilot	high	GOV-001;R001-001	handled	not_applicable	T09/T12	not_recorded_pending_rights_review	initial_audit_complete_with_findings	pending_independent_adjudication	blocked_not_validated	src/data/mocks/toefl-set-15.ts	Codex_initial_editorial_audit	2026-08-09
item:t15-r-cw1:blank-5	object:t15-r-cw1	set-15	1	R-001	Complete the Words	wordcomplete_blank	B	repair_before_pilot	high	GOV-001;R001-001	handled	not_applicable	T09/T12	not_recorded_pending_rights_review	initial_audit_complete_with_findings	pending_independent_adjudication	blocked_not_validated	src/data/mocks/toefl-set-15.ts	Codex_initial_editorial_audit	2026-08-09
item:t15-r-cw1:blank-6	object:t15-r-cw1	set-15	1	R-001	Complete the Words	wordcomplete_blank	B	repair_before_pilot	high	GOV-001;R001-001	handled	not_applicable	T09/T12	not_recorded_pending_rights_review	initial_audit_complete_with_findings	pending_independent_adjudication	blocked_not_validated	src/data/mocks/toefl-set-15.ts	Codex_initial_editorial_audit	2026-08-09
item:t15-r-cw2:blank-1	object:t15-r-cw2	set-15	1	R-001	Complete the Words	wordcomplete_blank	B	repair_before_pilot	high	GOV-001;R001-001	handled	not_applicable	T09/T12	not_recorded_pending_rights_review	initial_audit_complete_with_findings	pending_independent_adjudication	blocked_not_validated	src/data/mocks/toefl-set-15.ts	Codex_initial_editorial_audit	2026-08-09
item:t15-r-cw2:blank-2	object:t15-r-cw2	set-15	1	R-001	Complete the Words	wordcomplete_blank	B	repair_before_pilot	high	GOV-001;R001-001	handled	not_applicable	T09/T12	not_recorded_pending_rights_review	initial_audit_complete_with_findings	pending_independent_adjudication	blocked_not_validated	src/data/mocks/toefl-set-15.ts	Codex_initial_editorial_audit	2026-08-09
item:t15-r-cw2:blank-3	object:t15-r-cw2	set-15	1	R-001	Complete the Words	wordcomplete_blank	B	repair_before_pilot	high	GOV-001;R001-001	handled	not_applicable	T09/T12	not_recorded_pending_rights_review	initial_audit_complete_with_findings	pending_independent_adjudication	blocked_not_validated	src/data/mocks/toefl-set-15.ts	Codex_initial_editorial_audit	2026-08-09
item:t15-r-cw2:blank-4	object:t15-r-cw2	set-15	1	R-001	Complete the Words	wordcomplete_blank	B	repair_before_pilot	high	GOV-001;R001-001	handled	not_applicable	T09/T12	not_recorded_pending_rights_review	initial_audit_complete_with_findings	pending_independent_adjudication	blocked_not_validated	src/data/mocks/toefl-set-15.ts	Codex_initial_editorial_audit	2026-08-09
item:t15-r-cw2:blank-5	object:t15-r-cw2	set-15	1	R-001	Complete the Words	wordcomplete_blank	B	repair_before_pilot	high	GOV-001;R001-001	handled	not_applicable	T09/T12	not_recorded_pending_rights_review	initial_audit_complete_with_findings	pending_independent_adjudication	blocked_not_validated	src/data/mocks/toefl-set-15.ts	Codex_initial_editorial_audit	2026-08-09
item:t15-r-cw2:blank-6	object:t15-r-cw2	set-15	1	R-001	Complete the Words	wordcomplete_blank	B	repair_before_pilot	high	GOV-001;R001-001	handled	not_applicable	T09/T12	not_recorded_pending_rights_review	initial_audit_complete_with_findings	pending_independent_adjudication	blocked_not_validated	src/data/mocks/toefl-set-15.ts	Codex_initial_editorial_audit	2026-08-09
item:t15-r-dl1	object:t15-r-dl1	set-15	2	R-002	Read in Daily Life	mcq	B	repair_before_pilot	high	GOV-001;ED-002	handled	not_applicable	T09/T13	not_recorded_pending_rights_review	initial_audit_complete_with_findings	pending_independent_adjudication	blocked_not_validated	src/data/mocks/toefl-set-15.ts	Codex_initial_editorial_audit	2026-08-09
item:t15-r-dl2	object:t15-r-dl2	set-15	2	R-002	Read in Daily Life	mcq	A	conserve_editorial_candidate	none	GOV-001	handled	not_applicable	T09/T13	not_recorded_pending_rights_review	initial_audit_complete_with_findings	pending_independent_adjudication	blocked_not_validated	src/data/mocks/toefl-set-15.ts	Codex_initial_editorial_audit	2026-08-09
item:t15-r-dl3	object:t15-r-dl3	set-15	2	R-002	Read in Daily Life	mcq	B	repair_before_pilot	high	GOV-001;ED-002	handled	not_applicable	T09/T13	not_recorded_pending_rights_review	initial_audit_complete_with_findings	pending_independent_adjudication	blocked_not_validated	src/data/mocks/toefl-set-15.ts	Codex_initial_editorial_audit	2026-08-09
item:t15-r-dl4	object:t15-r-dl4	set-15	3	R-003	Read in Daily Life	mcq	B	repair_before_pilot	high	GOV-001;ED-002	handled	not_applicable	T09/T13	not_recorded_pending_rights_review	initial_audit_complete_with_findings	pending_independent_adjudication	blocked_not_validated	src/data/mocks/toefl-set-15.ts	Codex_initial_editorial_audit	2026-08-09
item:t15-r-dl5	object:t15-r-dl5	set-15	3	R-003	Read in Daily Life	mcq	B	repair_before_pilot	high	GOV-001;ED-002	handled	not_applicable	T09/T13	not_recorded_pending_rights_review	initial_audit_complete_with_findings	pending_independent_adjudication	blocked_not_validated	src/data/mocks/toefl-set-15.ts	Codex_initial_editorial_audit	2026-08-09
item:t15-r-ap1	object:t15-r-ap1	set-15	4	R-004	Read an Academic Passage	mcq	C	derive_or_segment_preserving_original	high	GOV-001;ED-002;R003-001	handled	not_applicable	T09/T13	not_recorded_pending_rights_review	initial_audit_complete_with_findings	pending_independent_adjudication	blocked_not_validated	src/data/mocks/toefl-set-15.ts	Codex_initial_editorial_audit	2026-08-09
item:t15-r-ap2	object:t15-r-ap2	set-15	4	R-004	Read an Academic Passage	mcq	C	derive_or_segment_preserving_original	high	GOV-001;ED-002;R003-001	handled	not_applicable	T09/T13	not_recorded_pending_rights_review	initial_audit_complete_with_findings	pending_independent_adjudication	blocked_not_validated	src/data/mocks/toefl-set-15.ts	Codex_initial_editorial_audit	2026-08-09
item:t15-r-ap3	object:t15-r-ap3	set-15	4	R-004	Read an Academic Passage	mcq	C	derive_or_segment_preserving_original	high	GOV-001;ED-002;R003-001	handled	not_applicable	T09/T13	not_recorded_pending_rights_review	initial_audit_complete_with_findings	pending_independent_adjudication	blocked_not_validated	src/data/mocks/toefl-set-15.ts	Codex_initial_editorial_audit	2026-08-09
item:t15-r-ap4	object:t15-r-ap4	set-15	4	R-004	Read an Academic Passage	mcq	C	derive_or_segment_preserving_original	high	GOV-001;ED-002;R003-001	handled	not_applicable	T09/T13	not_recorded_pending_rights_review	initial_audit_complete_with_findings	pending_independent_adjudication	blocked_not_validated	src/data/mocks/toefl-set-15.ts	Codex_initial_editorial_audit	2026-08-09
item:t15-r-ap5	object:t15-r-ap5	set-15	4	R-004	Read an Academic Passage	mcq	C	derive_or_segment_preserving_original	high	GOV-001;ED-002;R003-001	handled	not_applicable	T09/T13	not_recorded_pending_rights_review	initial_audit_complete_with_findings	pending_independent_adjudication	blocked_not_validated	src/data/mocks/toefl-set-15.ts	Codex_initial_editorial_audit	2026-08-09
item:t15-r-ap6	object:t15-r-ap6	set-15	4	R-004	Read an Academic Passage	multiselect	C	derive_or_segment_preserving_original	critical	GOV-001;R003-001;R003-002	unhandled	not_applicable	T09/T13	not_recorded_pending_rights_review	initial_audit_complete_with_findings	pending_independent_adjudication	blocked_not_validated	src/data/mocks/toefl-set-15.ts	Codex_initial_editorial_audit	2026-08-09
item:t15-l-cr1	object:t15-l-cr1	set-15	5	R-005	Listen and Choose a Response	mcq	B	repair_before_pilot	high	GOV-001;ED-002;L001-001;L001-002;AUD-001	handled	pending_T06_T07_T08	T09/T14	not_recorded_pending_rights_review	initial_audit_complete_with_findings	pending_independent_adjudication	blocked_not_validated	src/data/mocks/toefl-set-15.ts	Codex_initial_editorial_audit	2026-08-09
item:t15-l-cr2	object:t15-l-cr2	set-15	5	R-005	Listen and Choose a Response	mcq	B	repair_before_pilot	high	GOV-001;ED-002;L001-001;L001-002;AUD-001	handled	pending_T06_T07_T08	T09/T14	not_recorded_pending_rights_review	initial_audit_complete_with_findings	pending_independent_adjudication	blocked_not_validated	src/data/mocks/toefl-set-15.ts	Codex_initial_editorial_audit	2026-08-09
item:t15-l-cr3	object:t15-l-cr3	set-15	5	R-005	Listen and Choose a Response	mcq	B	repair_before_pilot	high	GOV-001;ED-002;L001-001;L001-002;AUD-001	handled	pending_T06_T07_T08	T09/T14	not_recorded_pending_rights_review	initial_audit_complete_with_findings	pending_independent_adjudication	blocked_not_validated	src/data/mocks/toefl-set-15.ts	Codex_initial_editorial_audit	2026-08-09
item:t15-l-cr4	object:t15-l-cr4	set-15	5	R-005	Listen and Choose a Response	mcq	B	repair_before_pilot	high	GOV-001;ED-002;L001-001;L001-002;AUD-001	handled	pending_T06_T07_T08	T09/T14	not_recorded_pending_rights_review	initial_audit_complete_with_findings	pending_independent_adjudication	blocked_not_validated	src/data/mocks/toefl-set-15.ts	Codex_initial_editorial_audit	2026-08-09
item:t15-l-cr5	object:t15-l-cr5	set-15	5	R-005	Listen and Choose a Response	mcq	B	repair_before_pilot	high	GOV-001;ED-002;L001-001;L001-002;AUD-001	handled	pending_T06_T07_T08	T09/T14	not_recorded_pending_rights_review	initial_audit_complete_with_findings	pending_independent_adjudication	blocked_not_validated	src/data/mocks/toefl-set-15.ts	Codex_initial_editorial_audit	2026-08-09
item:t15-l-cv1	object:t15-l-cv1	set-15	6	R-006	Listen to a Conversation	mcq	B	repair_before_pilot	high	GOV-001;ED-002;AUD-001	handled	pending_T06_T07_T08	T09/T15	not_recorded_pending_rights_review	initial_audit_complete_with_findings	pending_independent_adjudication	blocked_not_validated	src/data/mocks/toefl-set-15.ts	Codex_initial_editorial_audit	2026-08-09
item:t15-l-cv2	object:t15-l-cv2	set-15	6	R-006	Listen to a Conversation	mcq	B	repair_before_pilot	high	GOV-001;ED-002;AUD-001	handled	pending_T06_T07_T08	T09/T15	not_recorded_pending_rights_review	initial_audit_complete_with_findings	pending_independent_adjudication	blocked_not_validated	src/data/mocks/toefl-set-15.ts	Codex_initial_editorial_audit	2026-08-09
item:t15-l-cv3	object:t15-l-cv3	set-15	6	R-006	Listen to a Conversation	mcq	B	repair_before_pilot	high	GOV-001;ED-002;AUD-001	handled	pending_T06_T07_T08	T09/T15	not_recorded_pending_rights_review	initial_audit_complete_with_findings	pending_independent_adjudication	blocked_not_validated	src/data/mocks/toefl-set-15.ts	Codex_initial_editorial_audit	2026-08-09
item:t15-l-cv4	object:t15-l-cv4	set-15	6	R-006	Listen to a Conversation	mcq	B	repair_before_pilot	high	GOV-001;ED-002;AUD-001	handled	pending_T06_T07_T08	T09/T15	not_recorded_pending_rights_review	initial_audit_complete_with_findings	pending_independent_adjudication	blocked_not_validated	src/data/mocks/toefl-set-15.ts	Codex_initial_editorial_audit	2026-08-09
item:t15-l-an1	object:t15-l-an1	set-15	7	R-007	Listen to an Announcement	mcq	A	conserve_editorial_candidate	none	GOV-001;AUD-001	handled	pending_T06_T07_T08	T09/T15	not_recorded_pending_rights_review	initial_audit_complete_with_findings	pending_independent_adjudication	blocked_not_validated	src/data/mocks/toefl-set-15.ts	Codex_initial_editorial_audit	2026-08-09
item:t15-l-an2	object:t15-l-an2	set-15	7	R-007	Listen to an Announcement	mcq	B	repair_before_pilot	high	GOV-001;ED-002;AUD-001	handled	pending_T06_T07_T08	T09/T15	not_recorded_pending_rights_review	initial_audit_complete_with_findings	pending_independent_adjudication	blocked_not_validated	src/data/mocks/toefl-set-15.ts	Codex_initial_editorial_audit	2026-08-09
item:t15-l-an3	object:t15-l-an3	set-15	7	R-007	Listen to an Announcement	mcq	B	repair_before_pilot	high	GOV-001;ED-002;AUD-001	handled	pending_T06_T07_T08	T09/T15	not_recorded_pending_rights_review	initial_audit_complete_with_findings	pending_independent_adjudication	blocked_not_validated	src/data/mocks/toefl-set-15.ts	Codex_initial_editorial_audit	2026-08-09
item:t15-l-at1	object:t15-l-at1	set-15	8	R-008	Listen to an Academic Talk	mcq	C	derive_or_segment_preserving_original	high	GOV-001;ED-002;AUD-001;L004-001	handled	pending_T06_T07_T08	T09/T15	not_recorded_pending_rights_review	initial_audit_complete_with_findings	pending_independent_adjudication	blocked_not_validated	src/data/mocks/toefl-set-15.ts	Codex_initial_editorial_audit	2026-08-09
item:t15-l-at2	object:t15-l-at2	set-15	8	R-008	Listen to an Academic Talk	mcq	C	derive_or_segment_preserving_original	high	GOV-001;ED-002;AUD-001;L004-001	handled	pending_T06_T07_T08	T09/T15	not_recorded_pending_rights_review	initial_audit_complete_with_findings	pending_independent_adjudication	blocked_not_validated	src/data/mocks/toefl-set-15.ts	Codex_initial_editorial_audit	2026-08-09
item:t15-l-at3	object:t15-l-at3	set-15	8	R-008	Listen to an Academic Talk	mcq	C	derive_or_segment_preserving_original	high	GOV-001;ED-002;AUD-001;L004-001	handled	pending_T06_T07_T08	T09/T15	not_recorded_pending_rights_review	initial_audit_complete_with_findings	pending_independent_adjudication	blocked_not_validated	src/data/mocks/toefl-set-15.ts	Codex_initial_editorial_audit	2026-08-09
item:t15-l-at4	object:t15-l-at4	set-15	8	R-008	Listen to an Academic Talk	mcq	C	derive_or_segment_preserving_original	high	GOV-001;AUD-001;L004-001	handled	pending_T06_T07_T08	T09/T15	not_recorded_pending_rights_review	initial_audit_complete_with_findings	pending_independent_adjudication	blocked_not_validated	src/data/mocks/toefl-set-15.ts	Codex_initial_editorial_audit	2026-08-09
item:t15-l-at5	object:t15-l-at5	set-15	8	R-008	Listen to an Academic Talk	mcq	C	derive_or_segment_preserving_original	high	GOV-001;ED-002;AUD-001;L004-001	handled	pending_T06_T07_T08	T09/T15	not_recorded_pending_rights_review	initial_audit_complete_with_findings	pending_independent_adjudication	blocked_not_validated	src/data/mocks/toefl-set-15.ts	Codex_initial_editorial_audit	2026-08-09
item:t15-w-bs1	object:t15-w-bs1	set-15	9	R-009	Build a Sentence	sentencebuild	B	repair_before_pilot	high	GOV-001;W001-001;W001-002;W001-003	handled	not_applicable	T09/T16	not_recorded_pending_rights_review	initial_audit_complete_with_findings	pending_independent_adjudication	blocked_not_validated	src/data/mocks/toefl-set-15.ts	Codex_initial_editorial_audit	2026-08-09
item:t15-w-bs2	object:t15-w-bs2	set-15	9	R-009	Build a Sentence	sentencebuild	B	repair_before_pilot	high	GOV-001;W001-001;W001-002	handled	not_applicable	T09/T16	not_recorded_pending_rights_review	initial_audit_complete_with_findings	pending_independent_adjudication	blocked_not_validated	src/data/mocks/toefl-set-15.ts	Codex_initial_editorial_audit	2026-08-09
item:t15-w-bs3	object:t15-w-bs3	set-15	9	R-009	Build a Sentence	sentencebuild	B	repair_before_pilot	high	GOV-001;W001-001;W001-002	handled	not_applicable	T09/T16	not_recorded_pending_rights_review	initial_audit_complete_with_findings	pending_independent_adjudication	blocked_not_validated	src/data/mocks/toefl-set-15.ts	Codex_initial_editorial_audit	2026-08-09
item:t15-w-bs4	object:t15-w-bs4	set-15	9	R-009	Build a Sentence	sentencebuild	B	repair_before_pilot	high	GOV-001;W001-001;W001-002	handled	not_applicable	T09/T16	not_recorded_pending_rights_review	initial_audit_complete_with_findings	pending_independent_adjudication	blocked_not_validated	src/data/mocks/toefl-set-15.ts	Codex_initial_editorial_audit	2026-08-09
item:t15-w-bs5	object:t15-w-bs5	set-15	9	R-009	Build a Sentence	sentencebuild	B	repair_before_pilot	high	GOV-001;W001-001;W001-002	handled	not_applicable	T09/T16	not_recorded_pending_rights_review	initial_audit_complete_with_findings	pending_independent_adjudication	blocked_not_validated	src/data/mocks/toefl-set-15.ts	Codex_initial_editorial_audit	2026-08-09
item:t15-w-bs6	object:t15-w-bs6	set-15	9	R-009	Build a Sentence	sentencebuild	B	repair_before_pilot	high	GOV-001;W001-001;W001-002	handled	not_applicable	T09/T16	not_recorded_pending_rights_review	initial_audit_complete_with_findings	pending_independent_adjudication	blocked_not_validated	src/data/mocks/toefl-set-15.ts	Codex_initial_editorial_audit	2026-08-09
item:t15-w-email	object:t15-w-email	set-15	10	R-010	Write an Email	write	B	repair_before_pilot	high	GOV-001;W002-001	handled	not_applicable	T10/T11/T17	not_recorded_pending_rights_review	initial_audit_complete_with_findings	pending_independent_adjudication	blocked_not_validated	src/data/mocks/toefl-set-15.ts	Codex_initial_editorial_audit	2026-08-09
item:t15-w-disc	object:t15-w-disc	set-15	11	R-011	Write for an Academic Discussion	write	B	repair_before_pilot	high	GOV-001;W003-001	handled	not_applicable	T10/T11/T17	not_recorded_pending_rights_review	initial_audit_complete_with_findings	pending_independent_adjudication	blocked_not_validated	src/data/mocks/toefl-set-15.ts	Codex_initial_editorial_audit	2026-08-09
item:t15-s-rp1	object:t15-s-rp1	set-15	12	R-012	Listen and Repeat	repeat	B	repair_before_pilot	critical	GOV-001;AUD-001;S001-001	handled	pending_T06_T07_T08	T10/T11/T18	not_recorded_pending_rights_review	initial_audit_complete_with_findings	pending_independent_adjudication	blocked_not_validated	src/data/mocks/toefl-set-15.ts	Codex_initial_editorial_audit	2026-08-09
item:t15-s-rp2	object:t15-s-rp2	set-15	12	R-012	Listen and Repeat	repeat	B	repair_before_pilot	critical	GOV-001;AUD-001;S001-001	handled	pending_T06_T07_T08	T10/T11/T18	not_recorded_pending_rights_review	initial_audit_complete_with_findings	pending_independent_adjudication	blocked_not_validated	src/data/mocks/toefl-set-15.ts	Codex_initial_editorial_audit	2026-08-09
item:t15-s-rp3	object:t15-s-rp3	set-15	12	R-012	Listen and Repeat	repeat	B	repair_before_pilot	critical	GOV-001;AUD-001;S001-001	handled	pending_T06_T07_T08	T10/T11/T18	not_recorded_pending_rights_review	initial_audit_complete_with_findings	pending_independent_adjudication	blocked_not_validated	src/data/mocks/toefl-set-15.ts	Codex_initial_editorial_audit	2026-08-09
item:t15-s-rp4	object:t15-s-rp4	set-15	12	R-012	Listen and Repeat	repeat	B	repair_before_pilot	critical	GOV-001;AUD-001;S001-001	handled	pending_T06_T07_T08	T10/T11/T18	not_recorded_pending_rights_review	initial_audit_complete_with_findings	pending_independent_adjudication	blocked_not_validated	src/data/mocks/toefl-set-15.ts	Codex_initial_editorial_audit	2026-08-09
item:t15-s-rp5	object:t15-s-rp5	set-15	12	R-012	Listen and Repeat	repeat	B	repair_before_pilot	critical	GOV-001;AUD-001;S001-001	handled	pending_T06_T07_T08	T10/T11/T18	not_recorded_pending_rights_review	initial_audit_complete_with_findings	pending_independent_adjudication	blocked_not_validated	src/data/mocks/toefl-set-15.ts	Codex_initial_editorial_audit	2026-08-09
item:t15-s-iv1	object:t15-s-iv1	set-15	13	R-013	Take an Interview	speak	B	repair_before_pilot	high	GOV-001;S002-001;S002-002	handled	not_applicable	T10/T11/T19	not_recorded_pending_rights_review	initial_audit_complete_with_findings	pending_independent_adjudication	blocked_not_validated	src/data/mocks/toefl-set-15.ts	Codex_initial_editorial_audit	2026-08-09
item:t15-s-iv2	object:t15-s-iv2	set-15	13	R-013	Take an Interview	speak	B	repair_before_pilot	high	GOV-001;S002-001;S002-002	handled	not_applicable	T10/T11/T19	not_recorded_pending_rights_review	initial_audit_complete_with_findings	pending_independent_adjudication	blocked_not_validated	src/data/mocks/toefl-set-15.ts	Codex_initial_editorial_audit	2026-08-09
item:t15-s-iv3	object:t15-s-iv3	set-15	13	R-013	Take an Interview	speak	B	repair_before_pilot	high	GOV-001;S002-001;S002-002	handled	not_applicable	T10/T11/T19	not_recorded_pending_rights_review	initial_audit_complete_with_findings	pending_independent_adjudication	blocked_not_validated	src/data/mocks/toefl-set-15.ts	Codex_initial_editorial_audit	2026-08-09
item:t15-s-iv4	object:t15-s-iv4	set-15	13	R-013	Take an Interview	speak	B	repair_before_pilot	high	GOV-001;S002-001;S002-002;REP-001	handled	not_applicable	T10/T11/T19	not_recorded_pending_rights_review	initial_audit_complete_with_findings	pending_independent_adjudication	blocked_not_validated	src/data/mocks/toefl-set-15.ts	Codex_initial_editorial_audit	2026-08-09
item:t16-r-cw1:blank-1	object:t16-r-cw1	set-16	1	R-001	Complete the Words	wordcomplete_blank	B	repair_before_pilot	high	GOV-001;R001-001	handled	not_applicable	T09/T12	not_recorded_pending_rights_review	initial_audit_complete_with_findings	pending_independent_adjudication	blocked_not_validated	src/data/mocks/toefl-set-16.ts	Codex_initial_editorial_audit	2026-08-09
item:t16-r-cw1:blank-2	object:t16-r-cw1	set-16	1	R-001	Complete the Words	wordcomplete_blank	B	repair_before_pilot	high	GOV-001;R001-001	handled	not_applicable	T09/T12	not_recorded_pending_rights_review	initial_audit_complete_with_findings	pending_independent_adjudication	blocked_not_validated	src/data/mocks/toefl-set-16.ts	Codex_initial_editorial_audit	2026-08-09
item:t16-r-cw1:blank-3	object:t16-r-cw1	set-16	1	R-001	Complete the Words	wordcomplete_blank	B	repair_before_pilot	high	GOV-001;R001-001	handled	not_applicable	T09/T12	not_recorded_pending_rights_review	initial_audit_complete_with_findings	pending_independent_adjudication	blocked_not_validated	src/data/mocks/toefl-set-16.ts	Codex_initial_editorial_audit	2026-08-09
item:t16-r-cw1:blank-4	object:t16-r-cw1	set-16	1	R-001	Complete the Words	wordcomplete_blank	B	repair_before_pilot	high	GOV-001;R001-001	handled	not_applicable	T09/T12	not_recorded_pending_rights_review	initial_audit_complete_with_findings	pending_independent_adjudication	blocked_not_validated	src/data/mocks/toefl-set-16.ts	Codex_initial_editorial_audit	2026-08-09
item:t16-r-cw1:blank-5	object:t16-r-cw1	set-16	1	R-001	Complete the Words	wordcomplete_blank	B	repair_before_pilot	high	GOV-001;R001-001	handled	not_applicable	T09/T12	not_recorded_pending_rights_review	initial_audit_complete_with_findings	pending_independent_adjudication	blocked_not_validated	src/data/mocks/toefl-set-16.ts	Codex_initial_editorial_audit	2026-08-09
item:t16-r-cw1:blank-6	object:t16-r-cw1	set-16	1	R-001	Complete the Words	wordcomplete_blank	B	repair_before_pilot	high	GOV-001;R001-001	handled	not_applicable	T09/T12	not_recorded_pending_rights_review	initial_audit_complete_with_findings	pending_independent_adjudication	blocked_not_validated	src/data/mocks/toefl-set-16.ts	Codex_initial_editorial_audit	2026-08-09
item:t16-r-cw2:blank-1	object:t16-r-cw2	set-16	1	R-001	Complete the Words	wordcomplete_blank	B	repair_before_pilot	high	GOV-001;R001-001	handled	not_applicable	T09/T12	not_recorded_pending_rights_review	initial_audit_complete_with_findings	pending_independent_adjudication	blocked_not_validated	src/data/mocks/toefl-set-16.ts	Codex_initial_editorial_audit	2026-08-09
item:t16-r-cw2:blank-2	object:t16-r-cw2	set-16	1	R-001	Complete the Words	wordcomplete_blank	B	repair_before_pilot	high	GOV-001;R001-001	handled	not_applicable	T09/T12	not_recorded_pending_rights_review	initial_audit_complete_with_findings	pending_independent_adjudication	blocked_not_validated	src/data/mocks/toefl-set-16.ts	Codex_initial_editorial_audit	2026-08-09
item:t16-r-cw2:blank-3	object:t16-r-cw2	set-16	1	R-001	Complete the Words	wordcomplete_blank	B	repair_before_pilot	high	GOV-001;R001-001	handled	not_applicable	T09/T12	not_recorded_pending_rights_review	initial_audit_complete_with_findings	pending_independent_adjudication	blocked_not_validated	src/data/mocks/toefl-set-16.ts	Codex_initial_editorial_audit	2026-08-09
item:t16-r-cw2:blank-4	object:t16-r-cw2	set-16	1	R-001	Complete the Words	wordcomplete_blank	B	repair_before_pilot	high	GOV-001;R001-001	handled	not_applicable	T09/T12	not_recorded_pending_rights_review	initial_audit_complete_with_findings	pending_independent_adjudication	blocked_not_validated	src/data/mocks/toefl-set-16.ts	Codex_initial_editorial_audit	2026-08-09
item:t16-r-cw2:blank-5	object:t16-r-cw2	set-16	1	R-001	Complete the Words	wordcomplete_blank	B	repair_before_pilot	high	GOV-001;R001-001	handled	not_applicable	T09/T12	not_recorded_pending_rights_review	initial_audit_complete_with_findings	pending_independent_adjudication	blocked_not_validated	src/data/mocks/toefl-set-16.ts	Codex_initial_editorial_audit	2026-08-09
item:t16-r-cw2:blank-6	object:t16-r-cw2	set-16	1	R-001	Complete the Words	wordcomplete_blank	B	repair_before_pilot	high	GOV-001;R001-001	handled	not_applicable	T09/T12	not_recorded_pending_rights_review	initial_audit_complete_with_findings	pending_independent_adjudication	blocked_not_validated	src/data/mocks/toefl-set-16.ts	Codex_initial_editorial_audit	2026-08-09
item:t16-r-dl1	object:t16-r-dl1	set-16	2	R-002	Read in Daily Life	mcq	A	conserve_editorial_candidate	none	GOV-001	handled	not_applicable	T09/T13	not_recorded_pending_rights_review	initial_audit_complete_with_findings	pending_independent_adjudication	blocked_not_validated	src/data/mocks/toefl-set-16.ts	Codex_initial_editorial_audit	2026-08-09
item:t16-r-dl2	object:t16-r-dl2	set-16	2	R-002	Read in Daily Life	mcq	B	repair_before_pilot	high	GOV-001;ED-002	handled	not_applicable	T09/T13	not_recorded_pending_rights_review	initial_audit_complete_with_findings	pending_independent_adjudication	blocked_not_validated	src/data/mocks/toefl-set-16.ts	Codex_initial_editorial_audit	2026-08-09
item:t16-r-dl3	object:t16-r-dl3	set-16	2	R-002	Read in Daily Life	mcq	B	repair_before_pilot	high	GOV-001;ED-002	handled	not_applicable	T09/T13	not_recorded_pending_rights_review	initial_audit_complete_with_findings	pending_independent_adjudication	blocked_not_validated	src/data/mocks/toefl-set-16.ts	Codex_initial_editorial_audit	2026-08-09
item:t16-r-dl4	object:t16-r-dl4	set-16	3	R-003	Read in Daily Life	mcq	A	conserve_editorial_candidate	none	GOV-001	handled	not_applicable	T09/T13	not_recorded_pending_rights_review	initial_audit_complete_with_findings	pending_independent_adjudication	blocked_not_validated	src/data/mocks/toefl-set-16.ts	Codex_initial_editorial_audit	2026-08-09
item:t16-r-dl5	object:t16-r-dl5	set-16	3	R-003	Read in Daily Life	mcq	A	conserve_editorial_candidate	none	GOV-001	handled	not_applicable	T09/T13	not_recorded_pending_rights_review	initial_audit_complete_with_findings	pending_independent_adjudication	blocked_not_validated	src/data/mocks/toefl-set-16.ts	Codex_initial_editorial_audit	2026-08-09
item:t16-r-ap1	object:t16-r-ap1	set-16	4	R-004	Read an Academic Passage	mcq	C	derive_or_segment_preserving_original	high	GOV-001;ED-002;R003-001	handled	not_applicable	T09/T13	not_recorded_pending_rights_review	initial_audit_complete_with_findings	pending_independent_adjudication	blocked_not_validated	src/data/mocks/toefl-set-16.ts	Codex_initial_editorial_audit	2026-08-09
item:t16-r-ap2	object:t16-r-ap2	set-16	4	R-004	Read an Academic Passage	mcq	C	derive_or_segment_preserving_original	high	GOV-001;ED-002;R003-001	handled	not_applicable	T09/T13	not_recorded_pending_rights_review	initial_audit_complete_with_findings	pending_independent_adjudication	blocked_not_validated	src/data/mocks/toefl-set-16.ts	Codex_initial_editorial_audit	2026-08-09
item:t16-r-ap3	object:t16-r-ap3	set-16	4	R-004	Read an Academic Passage	mcq	C	derive_or_segment_preserving_original	high	GOV-001;ED-002;R003-001	handled	not_applicable	T09/T13	not_recorded_pending_rights_review	initial_audit_complete_with_findings	pending_independent_adjudication	blocked_not_validated	src/data/mocks/toefl-set-16.ts	Codex_initial_editorial_audit	2026-08-09
item:t16-r-ap4	object:t16-r-ap4	set-16	4	R-004	Read an Academic Passage	mcq	C	derive_or_segment_preserving_original	high	GOV-001;ED-002;R003-001	handled	not_applicable	T09/T13	not_recorded_pending_rights_review	initial_audit_complete_with_findings	pending_independent_adjudication	blocked_not_validated	src/data/mocks/toefl-set-16.ts	Codex_initial_editorial_audit	2026-08-09
item:t16-r-ap5	object:t16-r-ap5	set-16	4	R-004	Read an Academic Passage	mcq	C	derive_or_segment_preserving_original	high	GOV-001;ED-002;R003-001	handled	not_applicable	T09/T13	not_recorded_pending_rights_review	initial_audit_complete_with_findings	pending_independent_adjudication	blocked_not_validated	src/data/mocks/toefl-set-16.ts	Codex_initial_editorial_audit	2026-08-09
item:t16-r-ap6	object:t16-r-ap6	set-16	4	R-004	Read an Academic Passage	multiselect	C	derive_or_segment_preserving_original	critical	GOV-001;R003-001;R003-002	unhandled	not_applicable	T09/T13	not_recorded_pending_rights_review	initial_audit_complete_with_findings	pending_independent_adjudication	blocked_not_validated	src/data/mocks/toefl-set-16.ts	Codex_initial_editorial_audit	2026-08-09
item:t16-l-cr1	object:t16-l-cr1	set-16	5	R-005	Listen and Choose a Response	mcq	B	repair_before_pilot	high	GOV-001;ED-002;L001-001;L001-002;AUD-001	handled	pending_T06_T07_T08	T09/T14	not_recorded_pending_rights_review	initial_audit_complete_with_findings	pending_independent_adjudication	blocked_not_validated	src/data/mocks/toefl-set-16.ts	Codex_initial_editorial_audit	2026-08-09
item:t16-l-cr2	object:t16-l-cr2	set-16	5	R-005	Listen and Choose a Response	mcq	B	repair_before_pilot	high	GOV-001;ED-002;L001-001;L001-002;AUD-001	handled	pending_T06_T07_T08	T09/T14	not_recorded_pending_rights_review	initial_audit_complete_with_findings	pending_independent_adjudication	blocked_not_validated	src/data/mocks/toefl-set-16.ts	Codex_initial_editorial_audit	2026-08-09
item:t16-l-cr3	object:t16-l-cr3	set-16	5	R-005	Listen and Choose a Response	mcq	B	repair_before_pilot	high	GOV-001;ED-002;L001-001;L001-002;AUD-001	handled	pending_T06_T07_T08	T09/T14	not_recorded_pending_rights_review	initial_audit_complete_with_findings	pending_independent_adjudication	blocked_not_validated	src/data/mocks/toefl-set-16.ts	Codex_initial_editorial_audit	2026-08-09
item:t16-l-cr4	object:t16-l-cr4	set-16	5	R-005	Listen and Choose a Response	mcq	B	repair_before_pilot	high	GOV-001;ED-002;L001-001;L001-002;AUD-001	handled	pending_T06_T07_T08	T09/T14	not_recorded_pending_rights_review	initial_audit_complete_with_findings	pending_independent_adjudication	blocked_not_validated	src/data/mocks/toefl-set-16.ts	Codex_initial_editorial_audit	2026-08-09
item:t16-l-cr5	object:t16-l-cr5	set-16	5	R-005	Listen and Choose a Response	mcq	B	repair_before_pilot	high	GOV-001;ED-002;L001-001;L001-002;AUD-001	handled	pending_T06_T07_T08	T09/T14	not_recorded_pending_rights_review	initial_audit_complete_with_findings	pending_independent_adjudication	blocked_not_validated	src/data/mocks/toefl-set-16.ts	Codex_initial_editorial_audit	2026-08-09
item:t16-l-cv1	object:t16-l-cv1	set-16	6	R-006	Listen to a Conversation	mcq	B	repair_before_pilot	high	GOV-001;ED-002;AUD-001	handled	pending_T06_T07_T08	T09/T15	not_recorded_pending_rights_review	initial_audit_complete_with_findings	pending_independent_adjudication	blocked_not_validated	src/data/mocks/toefl-set-16.ts	Codex_initial_editorial_audit	2026-08-09
item:t16-l-cv2	object:t16-l-cv2	set-16	6	R-006	Listen to a Conversation	mcq	B	repair_before_pilot	high	GOV-001;ED-002;AUD-001	handled	pending_T06_T07_T08	T09/T15	not_recorded_pending_rights_review	initial_audit_complete_with_findings	pending_independent_adjudication	blocked_not_validated	src/data/mocks/toefl-set-16.ts	Codex_initial_editorial_audit	2026-08-09
item:t16-l-cv3	object:t16-l-cv3	set-16	6	R-006	Listen to a Conversation	mcq	B	repair_before_pilot	high	GOV-001;ED-002;AUD-001	handled	pending_T06_T07_T08	T09/T15	not_recorded_pending_rights_review	initial_audit_complete_with_findings	pending_independent_adjudication	blocked_not_validated	src/data/mocks/toefl-set-16.ts	Codex_initial_editorial_audit	2026-08-09
item:t16-l-cv4	object:t16-l-cv4	set-16	6	R-006	Listen to a Conversation	mcq	B	repair_before_pilot	high	GOV-001;ED-002;AUD-001	handled	pending_T06_T07_T08	T09/T15	not_recorded_pending_rights_review	initial_audit_complete_with_findings	pending_independent_adjudication	blocked_not_validated	src/data/mocks/toefl-set-16.ts	Codex_initial_editorial_audit	2026-08-09
item:t16-l-an1	object:t16-l-an1	set-16	7	R-007	Listen to an Announcement	mcq	B	repair_before_pilot	high	GOV-001;ED-002;AUD-001	handled	pending_T06_T07_T08	T09/T15	not_recorded_pending_rights_review	initial_audit_complete_with_findings	pending_independent_adjudication	blocked_not_validated	src/data/mocks/toefl-set-16.ts	Codex_initial_editorial_audit	2026-08-09
item:t16-l-an2	object:t16-l-an2	set-16	7	R-007	Listen to an Announcement	mcq	B	repair_before_pilot	high	GOV-001;ED-002;AUD-001	handled	pending_T06_T07_T08	T09/T15	not_recorded_pending_rights_review	initial_audit_complete_with_findings	pending_independent_adjudication	blocked_not_validated	src/data/mocks/toefl-set-16.ts	Codex_initial_editorial_audit	2026-08-09
item:t16-l-an3	object:t16-l-an3	set-16	7	R-007	Listen to an Announcement	mcq	B	repair_before_pilot	high	GOV-001;ED-002;AUD-001	handled	pending_T06_T07_T08	T09/T15	not_recorded_pending_rights_review	initial_audit_complete_with_findings	pending_independent_adjudication	blocked_not_validated	src/data/mocks/toefl-set-16.ts	Codex_initial_editorial_audit	2026-08-09
item:t16-l-at1	object:t16-l-at1	set-16	8	R-008	Listen to an Academic Talk	mcq	C	derive_or_segment_preserving_original	high	GOV-001;ED-002;AUD-001;L004-001	handled	pending_T06_T07_T08	T09/T15	not_recorded_pending_rights_review	initial_audit_complete_with_findings	pending_independent_adjudication	blocked_not_validated	src/data/mocks/toefl-set-16.ts	Codex_initial_editorial_audit	2026-08-09
item:t16-l-at2	object:t16-l-at2	set-16	8	R-008	Listen to an Academic Talk	mcq	C	derive_or_segment_preserving_original	high	GOV-001;ED-002;AUD-001;L004-001	handled	pending_T06_T07_T08	T09/T15	not_recorded_pending_rights_review	initial_audit_complete_with_findings	pending_independent_adjudication	blocked_not_validated	src/data/mocks/toefl-set-16.ts	Codex_initial_editorial_audit	2026-08-09
item:t16-l-at3	object:t16-l-at3	set-16	8	R-008	Listen to an Academic Talk	mcq	C	derive_or_segment_preserving_original	high	GOV-001;AUD-001;L004-001	handled	pending_T06_T07_T08	T09/T15	not_recorded_pending_rights_review	initial_audit_complete_with_findings	pending_independent_adjudication	blocked_not_validated	src/data/mocks/toefl-set-16.ts	Codex_initial_editorial_audit	2026-08-09
item:t16-l-at4	object:t16-l-at4	set-16	8	R-008	Listen to an Academic Talk	mcq	C	derive_or_segment_preserving_original	high	GOV-001;ED-002;AUD-001;L004-001	handled	pending_T06_T07_T08	T09/T15	not_recorded_pending_rights_review	initial_audit_complete_with_findings	pending_independent_adjudication	blocked_not_validated	src/data/mocks/toefl-set-16.ts	Codex_initial_editorial_audit	2026-08-09
item:t16-l-at5	object:t16-l-at5	set-16	8	R-008	Listen to an Academic Talk	mcq	C	derive_or_segment_preserving_original	high	GOV-001;ED-002;AUD-001;L004-001	handled	pending_T06_T07_T08	T09/T15	not_recorded_pending_rights_review	initial_audit_complete_with_findings	pending_independent_adjudication	blocked_not_validated	src/data/mocks/toefl-set-16.ts	Codex_initial_editorial_audit	2026-08-09
item:t16-w-bs1	object:t16-w-bs1	set-16	9	R-009	Build a Sentence	sentencebuild	B	repair_before_pilot	high	GOV-001;W001-001;W001-002;W001-003	handled	not_applicable	T09/T16	not_recorded_pending_rights_review	initial_audit_complete_with_findings	pending_independent_adjudication	blocked_not_validated	src/data/mocks/toefl-set-16.ts	Codex_initial_editorial_audit	2026-08-09
item:t16-w-bs2	object:t16-w-bs2	set-16	9	R-009	Build a Sentence	sentencebuild	B	repair_before_pilot	high	GOV-001;W001-001;W001-002	handled	not_applicable	T09/T16	not_recorded_pending_rights_review	initial_audit_complete_with_findings	pending_independent_adjudication	blocked_not_validated	src/data/mocks/toefl-set-16.ts	Codex_initial_editorial_audit	2026-08-09
item:t16-w-bs3	object:t16-w-bs3	set-16	9	R-009	Build a Sentence	sentencebuild	B	repair_before_pilot	high	GOV-001;W001-001;W001-002	handled	not_applicable	T09/T16	not_recorded_pending_rights_review	initial_audit_complete_with_findings	pending_independent_adjudication	blocked_not_validated	src/data/mocks/toefl-set-16.ts	Codex_initial_editorial_audit	2026-08-09
item:t16-w-bs4	object:t16-w-bs4	set-16	9	R-009	Build a Sentence	sentencebuild	B	repair_before_pilot	high	GOV-001;W001-001;W001-002	handled	not_applicable	T09/T16	not_recorded_pending_rights_review	initial_audit_complete_with_findings	pending_independent_adjudication	blocked_not_validated	src/data/mocks/toefl-set-16.ts	Codex_initial_editorial_audit	2026-08-09
item:t16-w-bs5	object:t16-w-bs5	set-16	9	R-009	Build a Sentence	sentencebuild	B	repair_before_pilot	high	GOV-001;W001-001;W001-002	handled	not_applicable	T09/T16	not_recorded_pending_rights_review	initial_audit_complete_with_findings	pending_independent_adjudication	blocked_not_validated	src/data/mocks/toefl-set-16.ts	Codex_initial_editorial_audit	2026-08-09
item:t16-w-bs6	object:t16-w-bs6	set-16	9	R-009	Build a Sentence	sentencebuild	B	repair_before_pilot	high	GOV-001;W001-001;W001-002	handled	not_applicable	T09/T16	not_recorded_pending_rights_review	initial_audit_complete_with_findings	pending_independent_adjudication	blocked_not_validated	src/data/mocks/toefl-set-16.ts	Codex_initial_editorial_audit	2026-08-09
item:t16-w-email	object:t16-w-email	set-16	10	R-010	Write an Email	write	B	repair_before_pilot	high	GOV-001;W002-001	handled	not_applicable	T10/T11/T17	not_recorded_pending_rights_review	initial_audit_complete_with_findings	pending_independent_adjudication	blocked_not_validated	src/data/mocks/toefl-set-16.ts	Codex_initial_editorial_audit	2026-08-09
item:t16-w-disc	object:t16-w-disc	set-16	11	R-011	Write for an Academic Discussion	write	B	repair_before_pilot	high	GOV-001;W003-001	handled	not_applicable	T10/T11/T17	not_recorded_pending_rights_review	initial_audit_complete_with_findings	pending_independent_adjudication	blocked_not_validated	src/data/mocks/toefl-set-16.ts	Codex_initial_editorial_audit	2026-08-09
item:t16-s-rp1	object:t16-s-rp1	set-16	12	R-012	Listen and Repeat	repeat	B	repair_before_pilot	critical	GOV-001;AUD-001;S001-001	handled	pending_T06_T07_T08	T10/T11/T18	not_recorded_pending_rights_review	initial_audit_complete_with_findings	pending_independent_adjudication	blocked_not_validated	src/data/mocks/toefl-set-16.ts	Codex_initial_editorial_audit	2026-08-09
item:t16-s-rp2	object:t16-s-rp2	set-16	12	R-012	Listen and Repeat	repeat	B	repair_before_pilot	critical	GOV-001;AUD-001;S001-001	handled	pending_T06_T07_T08	T10/T11/T18	not_recorded_pending_rights_review	initial_audit_complete_with_findings	pending_independent_adjudication	blocked_not_validated	src/data/mocks/toefl-set-16.ts	Codex_initial_editorial_audit	2026-08-09
item:t16-s-rp3	object:t16-s-rp3	set-16	12	R-012	Listen and Repeat	repeat	B	repair_before_pilot	critical	GOV-001;AUD-001;S001-001	handled	pending_T06_T07_T08	T10/T11/T18	not_recorded_pending_rights_review	initial_audit_complete_with_findings	pending_independent_adjudication	blocked_not_validated	src/data/mocks/toefl-set-16.ts	Codex_initial_editorial_audit	2026-08-09
item:t16-s-rp4	object:t16-s-rp4	set-16	12	R-012	Listen and Repeat	repeat	B	repair_before_pilot	critical	GOV-001;AUD-001;S001-001	handled	pending_T06_T07_T08	T10/T11/T18	not_recorded_pending_rights_review	initial_audit_complete_with_findings	pending_independent_adjudication	blocked_not_validated	src/data/mocks/toefl-set-16.ts	Codex_initial_editorial_audit	2026-08-09
item:t16-s-rp5	object:t16-s-rp5	set-16	12	R-012	Listen and Repeat	repeat	B	repair_before_pilot	critical	GOV-001;AUD-001;S001-001	handled	pending_T06_T07_T08	T10/T11/T18	not_recorded_pending_rights_review	initial_audit_complete_with_findings	pending_independent_adjudication	blocked_not_validated	src/data/mocks/toefl-set-16.ts	Codex_initial_editorial_audit	2026-08-09
item:t16-s-iv1	object:t16-s-iv1	set-16	13	R-013	Take an Interview	speak	B	repair_before_pilot	high	GOV-001;S002-001;S002-002	handled	not_applicable	T10/T11/T19	not_recorded_pending_rights_review	initial_audit_complete_with_findings	pending_independent_adjudication	blocked_not_validated	src/data/mocks/toefl-set-16.ts	Codex_initial_editorial_audit	2026-08-09
item:t16-s-iv2	object:t16-s-iv2	set-16	13	R-013	Take an Interview	speak	B	repair_before_pilot	high	GOV-001;S002-001;S002-002	handled	not_applicable	T10/T11/T19	not_recorded_pending_rights_review	initial_audit_complete_with_findings	pending_independent_adjudication	blocked_not_validated	src/data/mocks/toefl-set-16.ts	Codex_initial_editorial_audit	2026-08-09
item:t16-s-iv3	object:t16-s-iv3	set-16	13	R-013	Take an Interview	speak	B	repair_before_pilot	high	GOV-001;S002-001;S002-002	handled	not_applicable	T10/T11/T19	not_recorded_pending_rights_review	initial_audit_complete_with_findings	pending_independent_adjudication	blocked_not_validated	src/data/mocks/toefl-set-16.ts	Codex_initial_editorial_audit	2026-08-09
item:t16-s-iv4	object:t16-s-iv4	set-16	13	R-013	Take an Interview	speak	B	repair_before_pilot	high	GOV-001;S002-001;S002-002;REP-001	handled	not_applicable	T10/T11/T19	not_recorded_pending_rights_review	initial_audit_complete_with_findings	pending_independent_adjudication	blocked_not_validated	src/data/mocks/toefl-set-16.ts	Codex_initial_editorial_audit	2026-08-09
item:t17-r-cw1:blank-1	object:t17-r-cw1	set-17	1	R-001	Complete the Words	wordcomplete_blank	B	repair_before_pilot	high	GOV-001;R001-001	handled	not_applicable	T09/T12	not_recorded_pending_rights_review	initial_audit_complete_with_findings	pending_independent_adjudication	blocked_not_validated	src/data/mocks/toefl-set-17.ts	Codex_initial_editorial_audit	2026-08-09
item:t17-r-cw1:blank-2	object:t17-r-cw1	set-17	1	R-001	Complete the Words	wordcomplete_blank	B	repair_before_pilot	high	GOV-001;R001-001	handled	not_applicable	T09/T12	not_recorded_pending_rights_review	initial_audit_complete_with_findings	pending_independent_adjudication	blocked_not_validated	src/data/mocks/toefl-set-17.ts	Codex_initial_editorial_audit	2026-08-09
item:t17-r-cw1:blank-3	object:t17-r-cw1	set-17	1	R-001	Complete the Words	wordcomplete_blank	B	repair_before_pilot	high	GOV-001;R001-001	handled	not_applicable	T09/T12	not_recorded_pending_rights_review	initial_audit_complete_with_findings	pending_independent_adjudication	blocked_not_validated	src/data/mocks/toefl-set-17.ts	Codex_initial_editorial_audit	2026-08-09
item:t17-r-cw1:blank-4	object:t17-r-cw1	set-17	1	R-001	Complete the Words	wordcomplete_blank	B	repair_before_pilot	high	GOV-001;R001-001	handled	not_applicable	T09/T12	not_recorded_pending_rights_review	initial_audit_complete_with_findings	pending_independent_adjudication	blocked_not_validated	src/data/mocks/toefl-set-17.ts	Codex_initial_editorial_audit	2026-08-09
item:t17-r-cw1:blank-5	object:t17-r-cw1	set-17	1	R-001	Complete the Words	wordcomplete_blank	B	repair_before_pilot	high	GOV-001;R001-001	handled	not_applicable	T09/T12	not_recorded_pending_rights_review	initial_audit_complete_with_findings	pending_independent_adjudication	blocked_not_validated	src/data/mocks/toefl-set-17.ts	Codex_initial_editorial_audit	2026-08-09
item:t17-r-cw1:blank-6	object:t17-r-cw1	set-17	1	R-001	Complete the Words	wordcomplete_blank	B	repair_before_pilot	high	GOV-001;R001-001	handled	not_applicable	T09/T12	not_recorded_pending_rights_review	initial_audit_complete_with_findings	pending_independent_adjudication	blocked_not_validated	src/data/mocks/toefl-set-17.ts	Codex_initial_editorial_audit	2026-08-09
item:t17-r-cw2:blank-1	object:t17-r-cw2	set-17	1	R-001	Complete the Words	wordcomplete_blank	B	repair_before_pilot	high	GOV-001;R001-001	handled	not_applicable	T09/T12	not_recorded_pending_rights_review	initial_audit_complete_with_findings	pending_independent_adjudication	blocked_not_validated	src/data/mocks/toefl-set-17.ts	Codex_initial_editorial_audit	2026-08-09
item:t17-r-cw2:blank-2	object:t17-r-cw2	set-17	1	R-001	Complete the Words	wordcomplete_blank	B	repair_before_pilot	high	GOV-001;R001-001	handled	not_applicable	T09/T12	not_recorded_pending_rights_review	initial_audit_complete_with_findings	pending_independent_adjudication	blocked_not_validated	src/data/mocks/toefl-set-17.ts	Codex_initial_editorial_audit	2026-08-09
item:t17-r-cw2:blank-3	object:t17-r-cw2	set-17	1	R-001	Complete the Words	wordcomplete_blank	B	repair_before_pilot	high	GOV-001;R001-001	handled	not_applicable	T09/T12	not_recorded_pending_rights_review	initial_audit_complete_with_findings	pending_independent_adjudication	blocked_not_validated	src/data/mocks/toefl-set-17.ts	Codex_initial_editorial_audit	2026-08-09
item:t17-r-cw2:blank-4	object:t17-r-cw2	set-17	1	R-001	Complete the Words	wordcomplete_blank	B	repair_before_pilot	high	GOV-001;R001-001	handled	not_applicable	T09/T12	not_recorded_pending_rights_review	initial_audit_complete_with_findings	pending_independent_adjudication	blocked_not_validated	src/data/mocks/toefl-set-17.ts	Codex_initial_editorial_audit	2026-08-09
item:t17-r-cw2:blank-5	object:t17-r-cw2	set-17	1	R-001	Complete the Words	wordcomplete_blank	B	repair_before_pilot	high	GOV-001;R001-001	handled	not_applicable	T09/T12	not_recorded_pending_rights_review	initial_audit_complete_with_findings	pending_independent_adjudication	blocked_not_validated	src/data/mocks/toefl-set-17.ts	Codex_initial_editorial_audit	2026-08-09
item:t17-r-cw2:blank-6	object:t17-r-cw2	set-17	1	R-001	Complete the Words	wordcomplete_blank	B	repair_before_pilot	high	GOV-001;R001-001	handled	not_applicable	T09/T12	not_recorded_pending_rights_review	initial_audit_complete_with_findings	pending_independent_adjudication	blocked_not_validated	src/data/mocks/toefl-set-17.ts	Codex_initial_editorial_audit	2026-08-09
item:t17-r-dl1	object:t17-r-dl1	set-17	2	R-002	Read in Daily Life	mcq	B	repair_before_pilot	high	GOV-001;ED-002	handled	not_applicable	T09/T13	not_recorded_pending_rights_review	initial_audit_complete_with_findings	pending_independent_adjudication	blocked_not_validated	src/data/mocks/toefl-set-17.ts	Codex_initial_editorial_audit	2026-08-09
item:t17-r-dl2	object:t17-r-dl2	set-17	2	R-002	Read in Daily Life	mcq	B	repair_before_pilot	high	GOV-001;ED-002	handled	not_applicable	T09/T13	not_recorded_pending_rights_review	initial_audit_complete_with_findings	pending_independent_adjudication	blocked_not_validated	src/data/mocks/toefl-set-17.ts	Codex_initial_editorial_audit	2026-08-09
item:t17-r-dl3	object:t17-r-dl3	set-17	2	R-002	Read in Daily Life	mcq	B	repair_before_pilot	high	GOV-001;ED-002	handled	not_applicable	T09/T13	not_recorded_pending_rights_review	initial_audit_complete_with_findings	pending_independent_adjudication	blocked_not_validated	src/data/mocks/toefl-set-17.ts	Codex_initial_editorial_audit	2026-08-09
item:t17-r-dl4	object:t17-r-dl4	set-17	3	R-003	Read in Daily Life	mcq	B	repair_before_pilot	high	GOV-001;ED-002	handled	not_applicable	T09/T13	not_recorded_pending_rights_review	initial_audit_complete_with_findings	pending_independent_adjudication	blocked_not_validated	src/data/mocks/toefl-set-17.ts	Codex_initial_editorial_audit	2026-08-09
item:t17-r-dl5	object:t17-r-dl5	set-17	3	R-003	Read in Daily Life	mcq	B	repair_before_pilot	high	GOV-001;ED-002	handled	not_applicable	T09/T13	not_recorded_pending_rights_review	initial_audit_complete_with_findings	pending_independent_adjudication	blocked_not_validated	src/data/mocks/toefl-set-17.ts	Codex_initial_editorial_audit	2026-08-09
item:t17-r-ap1	object:t17-r-ap1	set-17	4	R-004	Read an Academic Passage	mcq	C	derive_or_segment_preserving_original	high	GOV-001;ED-002;R003-001	handled	not_applicable	T09/T13	not_recorded_pending_rights_review	initial_audit_complete_with_findings	pending_independent_adjudication	blocked_not_validated	src/data/mocks/toefl-set-17.ts	Codex_initial_editorial_audit	2026-08-09
item:t17-r-ap2	object:t17-r-ap2	set-17	4	R-004	Read an Academic Passage	mcq	C	derive_or_segment_preserving_original	high	GOV-001;ED-002;R003-001	handled	not_applicable	T09/T13	not_recorded_pending_rights_review	initial_audit_complete_with_findings	pending_independent_adjudication	blocked_not_validated	src/data/mocks/toefl-set-17.ts	Codex_initial_editorial_audit	2026-08-09
item:t17-r-ap3	object:t17-r-ap3	set-17	4	R-004	Read an Academic Passage	mcq	C	derive_or_segment_preserving_original	high	GOV-001;ED-002;R003-001	handled	not_applicable	T09/T13	not_recorded_pending_rights_review	initial_audit_complete_with_findings	pending_independent_adjudication	blocked_not_validated	src/data/mocks/toefl-set-17.ts	Codex_initial_editorial_audit	2026-08-09
item:t17-r-ap4	object:t17-r-ap4	set-17	4	R-004	Read an Academic Passage	mcq	C	derive_or_segment_preserving_original	high	GOV-001;R003-001	handled	not_applicable	T09/T13	not_recorded_pending_rights_review	initial_audit_complete_with_findings	pending_independent_adjudication	blocked_not_validated	src/data/mocks/toefl-set-17.ts	Codex_initial_editorial_audit	2026-08-09
item:t17-r-ap5	object:t17-r-ap5	set-17	4	R-004	Read an Academic Passage	mcq	C	derive_or_segment_preserving_original	high	GOV-001;ED-002;R003-001	handled	not_applicable	T09/T13	not_recorded_pending_rights_review	initial_audit_complete_with_findings	pending_independent_adjudication	blocked_not_validated	src/data/mocks/toefl-set-17.ts	Codex_initial_editorial_audit	2026-08-09
item:t17-r-ap6	object:t17-r-ap6	set-17	4	R-004	Read an Academic Passage	multiselect	C	derive_or_segment_preserving_original	critical	GOV-001;R003-001;R003-002	unhandled	not_applicable	T09/T13	not_recorded_pending_rights_review	initial_audit_complete_with_findings	pending_independent_adjudication	blocked_not_validated	src/data/mocks/toefl-set-17.ts	Codex_initial_editorial_audit	2026-08-09
item:t17-l-cr1	object:t17-l-cr1	set-17	5	R-005	Listen and Choose a Response	mcq	B	repair_before_pilot	high	GOV-001;ED-002;L001-001;L001-002;AUD-001	handled	pending_T06_T07_T08	T09/T14	not_recorded_pending_rights_review	initial_audit_complete_with_findings	pending_independent_adjudication	blocked_not_validated	src/data/mocks/toefl-set-17.ts	Codex_initial_editorial_audit	2026-08-09
item:t17-l-cr2	object:t17-l-cr2	set-17	5	R-005	Listen and Choose a Response	mcq	B	repair_before_pilot	high	GOV-001;ED-002;L001-001;L001-002;AUD-001	handled	pending_T06_T07_T08	T09/T14	not_recorded_pending_rights_review	initial_audit_complete_with_findings	pending_independent_adjudication	blocked_not_validated	src/data/mocks/toefl-set-17.ts	Codex_initial_editorial_audit	2026-08-09
item:t17-l-cr3	object:t17-l-cr3	set-17	5	R-005	Listen and Choose a Response	mcq	B	repair_before_pilot	high	GOV-001;ED-002;L001-001;L001-002;AUD-001	handled	pending_T06_T07_T08	T09/T14	not_recorded_pending_rights_review	initial_audit_complete_with_findings	pending_independent_adjudication	blocked_not_validated	src/data/mocks/toefl-set-17.ts	Codex_initial_editorial_audit	2026-08-09
item:t17-l-cr4	object:t17-l-cr4	set-17	5	R-005	Listen and Choose a Response	mcq	B	repair_before_pilot	high	GOV-001;ED-002;L001-001;L001-002;AUD-001	handled	pending_T06_T07_T08	T09/T14	not_recorded_pending_rights_review	initial_audit_complete_with_findings	pending_independent_adjudication	blocked_not_validated	src/data/mocks/toefl-set-17.ts	Codex_initial_editorial_audit	2026-08-09
item:t17-l-cr5	object:t17-l-cr5	set-17	5	R-005	Listen and Choose a Response	mcq	B	repair_before_pilot	high	GOV-001;ED-002;L001-001;L001-002;AUD-001	handled	pending_T06_T07_T08	T09/T14	not_recorded_pending_rights_review	initial_audit_complete_with_findings	pending_independent_adjudication	blocked_not_validated	src/data/mocks/toefl-set-17.ts	Codex_initial_editorial_audit	2026-08-09
item:t17-l-cv1	object:t17-l-cv1	set-17	6	R-006	Listen to a Conversation	mcq	B	repair_before_pilot	high	GOV-001;ED-002;AUD-001	handled	pending_T06_T07_T08	T09/T15	not_recorded_pending_rights_review	initial_audit_complete_with_findings	pending_independent_adjudication	blocked_not_validated	src/data/mocks/toefl-set-17.ts	Codex_initial_editorial_audit	2026-08-09
item:t17-l-cv2	object:t17-l-cv2	set-17	6	R-006	Listen to a Conversation	mcq	B	repair_before_pilot	high	GOV-001;ED-002;AUD-001	handled	pending_T06_T07_T08	T09/T15	not_recorded_pending_rights_review	initial_audit_complete_with_findings	pending_independent_adjudication	blocked_not_validated	src/data/mocks/toefl-set-17.ts	Codex_initial_editorial_audit	2026-08-09
item:t17-l-cv3	object:t17-l-cv3	set-17	6	R-006	Listen to a Conversation	mcq	A	conserve_editorial_candidate	none	GOV-001;AUD-001	handled	pending_T06_T07_T08	T09/T15	not_recorded_pending_rights_review	initial_audit_complete_with_findings	pending_independent_adjudication	blocked_not_validated	src/data/mocks/toefl-set-17.ts	Codex_initial_editorial_audit	2026-08-09
item:t17-l-cv4	object:t17-l-cv4	set-17	6	R-006	Listen to a Conversation	mcq	B	repair_before_pilot	high	GOV-001;ED-002;AUD-001	handled	pending_T06_T07_T08	T09/T15	not_recorded_pending_rights_review	initial_audit_complete_with_findings	pending_independent_adjudication	blocked_not_validated	src/data/mocks/toefl-set-17.ts	Codex_initial_editorial_audit	2026-08-09
item:t17-l-an1	object:t17-l-an1	set-17	7	R-007	Listen to an Announcement	mcq	B	repair_before_pilot	high	GOV-001;ED-002;AUD-001	handled	pending_T06_T07_T08	T09/T15	not_recorded_pending_rights_review	initial_audit_complete_with_findings	pending_independent_adjudication	blocked_not_validated	src/data/mocks/toefl-set-17.ts	Codex_initial_editorial_audit	2026-08-09
item:t17-l-an2	object:t17-l-an2	set-17	7	R-007	Listen to an Announcement	mcq	B	repair_before_pilot	high	GOV-001;ED-002;AUD-001	handled	pending_T06_T07_T08	T09/T15	not_recorded_pending_rights_review	initial_audit_complete_with_findings	pending_independent_adjudication	blocked_not_validated	src/data/mocks/toefl-set-17.ts	Codex_initial_editorial_audit	2026-08-09
item:t17-l-an3	object:t17-l-an3	set-17	7	R-007	Listen to an Announcement	mcq	A	conserve_editorial_candidate	none	GOV-001;AUD-001	handled	pending_T06_T07_T08	T09/T15	not_recorded_pending_rights_review	initial_audit_complete_with_findings	pending_independent_adjudication	blocked_not_validated	src/data/mocks/toefl-set-17.ts	Codex_initial_editorial_audit	2026-08-09
item:t17-l-at1	object:t17-l-at1	set-17	8	R-008	Listen to an Academic Talk	mcq	C	derive_or_segment_preserving_original	high	GOV-001;ED-002;AUD-001;L004-001;L004-002	handled	pending_T06_T07_T08	T09/T15	not_recorded_pending_rights_review	initial_audit_complete_with_findings	pending_independent_adjudication	blocked_not_validated	src/data/mocks/toefl-set-17.ts	Codex_initial_editorial_audit	2026-08-09
item:t17-l-at2	object:t17-l-at2	set-17	8	R-008	Listen to an Academic Talk	mcq	C	derive_or_segment_preserving_original	high	GOV-001;ED-002;AUD-001;L004-001;L004-002	handled	pending_T06_T07_T08	T09/T15	not_recorded_pending_rights_review	initial_audit_complete_with_findings	pending_independent_adjudication	blocked_not_validated	src/data/mocks/toefl-set-17.ts	Codex_initial_editorial_audit	2026-08-09
item:t17-l-at3	object:t17-l-at3	set-17	8	R-008	Listen to an Academic Talk	mcq	C	derive_or_segment_preserving_original	high	GOV-001;ED-002;AUD-001;L004-001;L004-002	handled	pending_T06_T07_T08	T09/T15	not_recorded_pending_rights_review	initial_audit_complete_with_findings	pending_independent_adjudication	blocked_not_validated	src/data/mocks/toefl-set-17.ts	Codex_initial_editorial_audit	2026-08-09
item:t17-l-at4	object:t17-l-at4	set-17	8	R-008	Listen to an Academic Talk	mcq	C	derive_or_segment_preserving_original	high	GOV-001;ED-002;AUD-001;L004-001;L004-002	handled	pending_T06_T07_T08	T09/T15	not_recorded_pending_rights_review	initial_audit_complete_with_findings	pending_independent_adjudication	blocked_not_validated	src/data/mocks/toefl-set-17.ts	Codex_initial_editorial_audit	2026-08-09
item:t17-l-at5	object:t17-l-at5	set-17	8	R-008	Listen to an Academic Talk	mcq	C	derive_or_segment_preserving_original	high	GOV-001;ED-002;AUD-001;L004-001;L004-002	handled	pending_T06_T07_T08	T09/T15	not_recorded_pending_rights_review	initial_audit_complete_with_findings	pending_independent_adjudication	blocked_not_validated	src/data/mocks/toefl-set-17.ts	Codex_initial_editorial_audit	2026-08-09
item:t17-w-bs1	object:t17-w-bs1	set-17	9	R-009	Build a Sentence	sentencebuild	B	repair_before_pilot	high	GOV-001;W001-001;W001-002;W001-003	handled	not_applicable	T09/T16	not_recorded_pending_rights_review	initial_audit_complete_with_findings	pending_independent_adjudication	blocked_not_validated	src/data/mocks/toefl-set-17.ts	Codex_initial_editorial_audit	2026-08-09
item:t17-w-bs2	object:t17-w-bs2	set-17	9	R-009	Build a Sentence	sentencebuild	B	repair_before_pilot	high	GOV-001;W001-001;W001-002	handled	not_applicable	T09/T16	not_recorded_pending_rights_review	initial_audit_complete_with_findings	pending_independent_adjudication	blocked_not_validated	src/data/mocks/toefl-set-17.ts	Codex_initial_editorial_audit	2026-08-09
item:t17-w-bs3	object:t17-w-bs3	set-17	9	R-009	Build a Sentence	sentencebuild	B	repair_before_pilot	high	GOV-001;W001-001;W001-002	handled	not_applicable	T09/T16	not_recorded_pending_rights_review	initial_audit_complete_with_findings	pending_independent_adjudication	blocked_not_validated	src/data/mocks/toefl-set-17.ts	Codex_initial_editorial_audit	2026-08-09
item:t17-w-bs4	object:t17-w-bs4	set-17	9	R-009	Build a Sentence	sentencebuild	B	repair_before_pilot	high	GOV-001;W001-001;W001-002	handled	not_applicable	T09/T16	not_recorded_pending_rights_review	initial_audit_complete_with_findings	pending_independent_adjudication	blocked_not_validated	src/data/mocks/toefl-set-17.ts	Codex_initial_editorial_audit	2026-08-09
item:t17-w-bs5	object:t17-w-bs5	set-17	9	R-009	Build a Sentence	sentencebuild	B	repair_before_pilot	high	GOV-001;W001-001;W001-002	handled	not_applicable	T09/T16	not_recorded_pending_rights_review	initial_audit_complete_with_findings	pending_independent_adjudication	blocked_not_validated	src/data/mocks/toefl-set-17.ts	Codex_initial_editorial_audit	2026-08-09
item:t17-w-bs6	object:t17-w-bs6	set-17	9	R-009	Build a Sentence	sentencebuild	B	repair_before_pilot	high	GOV-001;W001-001;W001-002	handled	not_applicable	T09/T16	not_recorded_pending_rights_review	initial_audit_complete_with_findings	pending_independent_adjudication	blocked_not_validated	src/data/mocks/toefl-set-17.ts	Codex_initial_editorial_audit	2026-08-09
item:t17-w-email	object:t17-w-email	set-17	10	R-010	Write an Email	write	B	repair_before_pilot	high	GOV-001;W002-001	handled	not_applicable	T10/T11/T17	not_recorded_pending_rights_review	initial_audit_complete_with_findings	pending_independent_adjudication	blocked_not_validated	src/data/mocks/toefl-set-17.ts	Codex_initial_editorial_audit	2026-08-09
item:t17-w-disc	object:t17-w-disc	set-17	11	R-011	Write for an Academic Discussion	write	B	repair_before_pilot	high	GOV-001;W003-001	handled	not_applicable	T10/T11/T17	not_recorded_pending_rights_review	initial_audit_complete_with_findings	pending_independent_adjudication	blocked_not_validated	src/data/mocks/toefl-set-17.ts	Codex_initial_editorial_audit	2026-08-09
item:t17-s-rp1	object:t17-s-rp1	set-17	12	R-012	Listen and Repeat	repeat	B	repair_before_pilot	critical	GOV-001;AUD-001;S001-001	handled	pending_T06_T07_T08	T10/T11/T18	not_recorded_pending_rights_review	initial_audit_complete_with_findings	pending_independent_adjudication	blocked_not_validated	src/data/mocks/toefl-set-17.ts	Codex_initial_editorial_audit	2026-08-09
item:t17-s-rp2	object:t17-s-rp2	set-17	12	R-012	Listen and Repeat	repeat	B	repair_before_pilot	critical	GOV-001;AUD-001;S001-001	handled	pending_T06_T07_T08	T10/T11/T18	not_recorded_pending_rights_review	initial_audit_complete_with_findings	pending_independent_adjudication	blocked_not_validated	src/data/mocks/toefl-set-17.ts	Codex_initial_editorial_audit	2026-08-09
item:t17-s-rp3	object:t17-s-rp3	set-17	12	R-012	Listen and Repeat	repeat	B	repair_before_pilot	critical	GOV-001;AUD-001;S001-001	handled	pending_T06_T07_T08	T10/T11/T18	not_recorded_pending_rights_review	initial_audit_complete_with_findings	pending_independent_adjudication	blocked_not_validated	src/data/mocks/toefl-set-17.ts	Codex_initial_editorial_audit	2026-08-09
item:t17-s-rp4	object:t17-s-rp4	set-17	12	R-012	Listen and Repeat	repeat	B	repair_before_pilot	critical	GOV-001;AUD-001;S001-001	handled	pending_T06_T07_T08	T10/T11/T18	not_recorded_pending_rights_review	initial_audit_complete_with_findings	pending_independent_adjudication	blocked_not_validated	src/data/mocks/toefl-set-17.ts	Codex_initial_editorial_audit	2026-08-09
item:t17-s-rp5	object:t17-s-rp5	set-17	12	R-012	Listen and Repeat	repeat	B	repair_before_pilot	critical	GOV-001;AUD-001;S001-001	handled	pending_T06_T07_T08	T10/T11/T18	not_recorded_pending_rights_review	initial_audit_complete_with_findings	pending_independent_adjudication	blocked_not_validated	src/data/mocks/toefl-set-17.ts	Codex_initial_editorial_audit	2026-08-09
item:t17-s-iv1	object:t17-s-iv1	set-17	13	R-013	Take an Interview	speak	B	repair_before_pilot	high	GOV-001;S002-001;S002-002	handled	not_applicable	T10/T11/T19	not_recorded_pending_rights_review	initial_audit_complete_with_findings	pending_independent_adjudication	blocked_not_validated	src/data/mocks/toefl-set-17.ts	Codex_initial_editorial_audit	2026-08-09
item:t17-s-iv2	object:t17-s-iv2	set-17	13	R-013	Take an Interview	speak	B	repair_before_pilot	high	GOV-001;S002-001;S002-002	handled	not_applicable	T10/T11/T19	not_recorded_pending_rights_review	initial_audit_complete_with_findings	pending_independent_adjudication	blocked_not_validated	src/data/mocks/toefl-set-17.ts	Codex_initial_editorial_audit	2026-08-09
item:t17-s-iv3	object:t17-s-iv3	set-17	13	R-013	Take an Interview	speak	B	repair_before_pilot	high	GOV-001;S002-001;S002-002	handled	not_applicable	T10/T11/T19	not_recorded_pending_rights_review	initial_audit_complete_with_findings	pending_independent_adjudication	blocked_not_validated	src/data/mocks/toefl-set-17.ts	Codex_initial_editorial_audit	2026-08-09
item:t17-s-iv4	object:t17-s-iv4	set-17	13	R-013	Take an Interview	speak	B	repair_before_pilot	high	GOV-001;S002-001;S002-002;REP-001	handled	not_applicable	T10/T11/T19	not_recorded_pending_rights_review	initial_audit_complete_with_findings	pending_independent_adjudication	blocked_not_validated	src/data/mocks/toefl-set-17.ts	Codex_initial_editorial_audit	2026-08-09
item:t18-r-cw1:blank-1	object:t18-r-cw1	set-18	1	R-001	Complete the Words	wordcomplete_blank	B	repair_before_pilot	high	GOV-001;R001-001	handled	not_applicable	T09/T12	not_recorded_pending_rights_review	initial_audit_complete_with_findings	pending_independent_adjudication	blocked_not_validated	src/data/mocks/toefl-set-18.ts	Codex_initial_editorial_audit	2026-08-09
item:t18-r-cw1:blank-2	object:t18-r-cw1	set-18	1	R-001	Complete the Words	wordcomplete_blank	B	repair_before_pilot	high	GOV-001;R001-001	handled	not_applicable	T09/T12	not_recorded_pending_rights_review	initial_audit_complete_with_findings	pending_independent_adjudication	blocked_not_validated	src/data/mocks/toefl-set-18.ts	Codex_initial_editorial_audit	2026-08-09
item:t18-r-cw1:blank-3	object:t18-r-cw1	set-18	1	R-001	Complete the Words	wordcomplete_blank	B	repair_before_pilot	high	GOV-001;R001-001	handled	not_applicable	T09/T12	not_recorded_pending_rights_review	initial_audit_complete_with_findings	pending_independent_adjudication	blocked_not_validated	src/data/mocks/toefl-set-18.ts	Codex_initial_editorial_audit	2026-08-09
item:t18-r-cw1:blank-4	object:t18-r-cw1	set-18	1	R-001	Complete the Words	wordcomplete_blank	B	repair_before_pilot	high	GOV-001;R001-001	handled	not_applicable	T09/T12	not_recorded_pending_rights_review	initial_audit_complete_with_findings	pending_independent_adjudication	blocked_not_validated	src/data/mocks/toefl-set-18.ts	Codex_initial_editorial_audit	2026-08-09
item:t18-r-cw1:blank-5	object:t18-r-cw1	set-18	1	R-001	Complete the Words	wordcomplete_blank	B	repair_before_pilot	high	GOV-001;R001-001	handled	not_applicable	T09/T12	not_recorded_pending_rights_review	initial_audit_complete_with_findings	pending_independent_adjudication	blocked_not_validated	src/data/mocks/toefl-set-18.ts	Codex_initial_editorial_audit	2026-08-09
item:t18-r-cw1:blank-6	object:t18-r-cw1	set-18	1	R-001	Complete the Words	wordcomplete_blank	B	repair_before_pilot	high	GOV-001;R001-001	handled	not_applicable	T09/T12	not_recorded_pending_rights_review	initial_audit_complete_with_findings	pending_independent_adjudication	blocked_not_validated	src/data/mocks/toefl-set-18.ts	Codex_initial_editorial_audit	2026-08-09
item:t18-r-cw2:blank-1	object:t18-r-cw2	set-18	1	R-001	Complete the Words	wordcomplete_blank	B	repair_before_pilot	high	GOV-001;R001-001	handled	not_applicable	T09/T12	not_recorded_pending_rights_review	initial_audit_complete_with_findings	pending_independent_adjudication	blocked_not_validated	src/data/mocks/toefl-set-18.ts	Codex_initial_editorial_audit	2026-08-09
item:t18-r-cw2:blank-2	object:t18-r-cw2	set-18	1	R-001	Complete the Words	wordcomplete_blank	B	repair_before_pilot	high	GOV-001;R001-001	handled	not_applicable	T09/T12	not_recorded_pending_rights_review	initial_audit_complete_with_findings	pending_independent_adjudication	blocked_not_validated	src/data/mocks/toefl-set-18.ts	Codex_initial_editorial_audit	2026-08-09
item:t18-r-cw2:blank-3	object:t18-r-cw2	set-18	1	R-001	Complete the Words	wordcomplete_blank	B	repair_before_pilot	high	GOV-001;R001-001	handled	not_applicable	T09/T12	not_recorded_pending_rights_review	initial_audit_complete_with_findings	pending_independent_adjudication	blocked_not_validated	src/data/mocks/toefl-set-18.ts	Codex_initial_editorial_audit	2026-08-09
item:t18-r-cw2:blank-4	object:t18-r-cw2	set-18	1	R-001	Complete the Words	wordcomplete_blank	B	repair_before_pilot	high	GOV-001;R001-001	handled	not_applicable	T09/T12	not_recorded_pending_rights_review	initial_audit_complete_with_findings	pending_independent_adjudication	blocked_not_validated	src/data/mocks/toefl-set-18.ts	Codex_initial_editorial_audit	2026-08-09
item:t18-r-cw2:blank-5	object:t18-r-cw2	set-18	1	R-001	Complete the Words	wordcomplete_blank	B	repair_before_pilot	high	GOV-001;R001-001	handled	not_applicable	T09/T12	not_recorded_pending_rights_review	initial_audit_complete_with_findings	pending_independent_adjudication	blocked_not_validated	src/data/mocks/toefl-set-18.ts	Codex_initial_editorial_audit	2026-08-09
item:t18-r-cw2:blank-6	object:t18-r-cw2	set-18	1	R-001	Complete the Words	wordcomplete_blank	B	repair_before_pilot	high	GOV-001;R001-001	handled	not_applicable	T09/T12	not_recorded_pending_rights_review	initial_audit_complete_with_findings	pending_independent_adjudication	blocked_not_validated	src/data/mocks/toefl-set-18.ts	Codex_initial_editorial_audit	2026-08-09
item:t18-r-dl1	object:t18-r-dl1	set-18	2	R-002	Read in Daily Life	mcq	A	conserve_editorial_candidate	none	GOV-001	handled	not_applicable	T09/T13	not_recorded_pending_rights_review	initial_audit_complete_with_findings	pending_independent_adjudication	blocked_not_validated	src/data/mocks/toefl-set-18.ts	Codex_initial_editorial_audit	2026-08-09
item:t18-r-dl2	object:t18-r-dl2	set-18	2	R-002	Read in Daily Life	mcq	A	conserve_editorial_candidate	none	GOV-001	handled	not_applicable	T09/T13	not_recorded_pending_rights_review	initial_audit_complete_with_findings	pending_independent_adjudication	blocked_not_validated	src/data/mocks/toefl-set-18.ts	Codex_initial_editorial_audit	2026-08-09
item:t18-r-dl3	object:t18-r-dl3	set-18	2	R-002	Read in Daily Life	mcq	B	repair_before_pilot	high	GOV-001;ED-002	handled	not_applicable	T09/T13	not_recorded_pending_rights_review	initial_audit_complete_with_findings	pending_independent_adjudication	blocked_not_validated	src/data/mocks/toefl-set-18.ts	Codex_initial_editorial_audit	2026-08-09
item:t18-r-dl4	object:t18-r-dl4	set-18	3	R-003	Read in Daily Life	mcq	B	repair_before_pilot	high	GOV-001;ED-002	handled	not_applicable	T09/T13	not_recorded_pending_rights_review	initial_audit_complete_with_findings	pending_independent_adjudication	blocked_not_validated	src/data/mocks/toefl-set-18.ts	Codex_initial_editorial_audit	2026-08-09
item:t18-r-dl5	object:t18-r-dl5	set-18	3	R-003	Read in Daily Life	mcq	B	repair_before_pilot	high	GOV-001;ED-002	handled	not_applicable	T09/T13	not_recorded_pending_rights_review	initial_audit_complete_with_findings	pending_independent_adjudication	blocked_not_validated	src/data/mocks/toefl-set-18.ts	Codex_initial_editorial_audit	2026-08-09
item:t18-r-ap1	object:t18-r-ap1	set-18	4	R-004	Read an Academic Passage	mcq	C	derive_or_segment_preserving_original	high	GOV-001;ED-002;R003-001	handled	not_applicable	T09/T13	not_recorded_pending_rights_review	initial_audit_complete_with_findings	pending_independent_adjudication	blocked_not_validated	src/data/mocks/toefl-set-18.ts	Codex_initial_editorial_audit	2026-08-09
item:t18-r-ap2	object:t18-r-ap2	set-18	4	R-004	Read an Academic Passage	mcq	C	derive_or_segment_preserving_original	high	GOV-001;ED-002;R003-001	handled	not_applicable	T09/T13	not_recorded_pending_rights_review	initial_audit_complete_with_findings	pending_independent_adjudication	blocked_not_validated	src/data/mocks/toefl-set-18.ts	Codex_initial_editorial_audit	2026-08-09
item:t18-r-ap3	object:t18-r-ap3	set-18	4	R-004	Read an Academic Passage	mcq	C	derive_or_segment_preserving_original	high	GOV-001;ED-002;R003-001	handled	not_applicable	T09/T13	not_recorded_pending_rights_review	initial_audit_complete_with_findings	pending_independent_adjudication	blocked_not_validated	src/data/mocks/toefl-set-18.ts	Codex_initial_editorial_audit	2026-08-09
item:t18-r-ap4	object:t18-r-ap4	set-18	4	R-004	Read an Academic Passage	mcq	C	derive_or_segment_preserving_original	high	GOV-001;ED-002;R003-001	handled	not_applicable	T09/T13	not_recorded_pending_rights_review	initial_audit_complete_with_findings	pending_independent_adjudication	blocked_not_validated	src/data/mocks/toefl-set-18.ts	Codex_initial_editorial_audit	2026-08-09
item:t18-r-ap5	object:t18-r-ap5	set-18	4	R-004	Read an Academic Passage	mcq	C	derive_or_segment_preserving_original	high	GOV-001;ED-002;R003-001	handled	not_applicable	T09/T13	not_recorded_pending_rights_review	initial_audit_complete_with_findings	pending_independent_adjudication	blocked_not_validated	src/data/mocks/toefl-set-18.ts	Codex_initial_editorial_audit	2026-08-09
item:t18-r-ap6	object:t18-r-ap6	set-18	4	R-004	Read an Academic Passage	multiselect	C	derive_or_segment_preserving_original	critical	GOV-001;R003-001;R003-002	unhandled	not_applicable	T09/T13	not_recorded_pending_rights_review	initial_audit_complete_with_findings	pending_independent_adjudication	blocked_not_validated	src/data/mocks/toefl-set-18.ts	Codex_initial_editorial_audit	2026-08-09
item:t18-l-cr1	object:t18-l-cr1	set-18	5	R-005	Listen and Choose a Response	mcq	B	repair_before_pilot	high	GOV-001;ED-002;L001-001;L001-002;AUD-001	handled	pending_T06_T07_T08	T09/T14	not_recorded_pending_rights_review	initial_audit_complete_with_findings	pending_independent_adjudication	blocked_not_validated	src/data/mocks/toefl-set-18.ts	Codex_initial_editorial_audit	2026-08-09
item:t18-l-cr2	object:t18-l-cr2	set-18	5	R-005	Listen and Choose a Response	mcq	B	repair_before_pilot	high	GOV-001;ED-002;L001-001;L001-002;AUD-001	handled	pending_T06_T07_T08	T09/T14	not_recorded_pending_rights_review	initial_audit_complete_with_findings	pending_independent_adjudication	blocked_not_validated	src/data/mocks/toefl-set-18.ts	Codex_initial_editorial_audit	2026-08-09
item:t18-l-cr3	object:t18-l-cr3	set-18	5	R-005	Listen and Choose a Response	mcq	B	repair_before_pilot	high	GOV-001;ED-002;L001-001;L001-002;AUD-001	handled	pending_T06_T07_T08	T09/T14	not_recorded_pending_rights_review	initial_audit_complete_with_findings	pending_independent_adjudication	blocked_not_validated	src/data/mocks/toefl-set-18.ts	Codex_initial_editorial_audit	2026-08-09
item:t18-l-cr4	object:t18-l-cr4	set-18	5	R-005	Listen and Choose a Response	mcq	B	repair_before_pilot	high	GOV-001;ED-002;L001-001;L001-002;AUD-001	handled	pending_T06_T07_T08	T09/T14	not_recorded_pending_rights_review	initial_audit_complete_with_findings	pending_independent_adjudication	blocked_not_validated	src/data/mocks/toefl-set-18.ts	Codex_initial_editorial_audit	2026-08-09
item:t18-l-cr5	object:t18-l-cr5	set-18	5	R-005	Listen and Choose a Response	mcq	B	repair_before_pilot	high	GOV-001;ED-002;L001-001;L001-002;AUD-001	handled	pending_T06_T07_T08	T09/T14	not_recorded_pending_rights_review	initial_audit_complete_with_findings	pending_independent_adjudication	blocked_not_validated	src/data/mocks/toefl-set-18.ts	Codex_initial_editorial_audit	2026-08-09
item:t18-l-cv1	object:t18-l-cv1	set-18	6	R-006	Listen to a Conversation	mcq	C	derive_or_segment_preserving_original	high	GOV-001;ED-002;L002-001;AUD-001	handled	pending_T06_T07_T08	T09/T15	not_recorded_pending_rights_review	initial_audit_complete_with_findings	pending_independent_adjudication	blocked_not_validated	src/data/mocks/toefl-set-18.ts	Codex_initial_editorial_audit	2026-08-09
item:t18-l-cv2	object:t18-l-cv2	set-18	6	R-006	Listen to a Conversation	mcq	C	derive_or_segment_preserving_original	high	GOV-001;ED-002;L002-001;AUD-001	handled	pending_T06_T07_T08	T09/T15	not_recorded_pending_rights_review	initial_audit_complete_with_findings	pending_independent_adjudication	blocked_not_validated	src/data/mocks/toefl-set-18.ts	Codex_initial_editorial_audit	2026-08-09
item:t18-l-cv3	object:t18-l-cv3	set-18	6	R-006	Listen to a Conversation	mcq	C	derive_or_segment_preserving_original	high	GOV-001;ED-002;L002-001;AUD-001	handled	pending_T06_T07_T08	T09/T15	not_recorded_pending_rights_review	initial_audit_complete_with_findings	pending_independent_adjudication	blocked_not_validated	src/data/mocks/toefl-set-18.ts	Codex_initial_editorial_audit	2026-08-09
item:t18-l-cv4	object:t18-l-cv4	set-18	6	R-006	Listen to a Conversation	mcq	C	derive_or_segment_preserving_original	high	GOV-001;ED-002;L002-001;AUD-001	handled	pending_T06_T07_T08	T09/T15	not_recorded_pending_rights_review	initial_audit_complete_with_findings	pending_independent_adjudication	blocked_not_validated	src/data/mocks/toefl-set-18.ts	Codex_initial_editorial_audit	2026-08-09
item:t18-l-an1	object:t18-l-an1	set-18	7	R-007	Listen to an Announcement	mcq	B	repair_before_pilot	high	GOV-001;ED-002;AUD-001	handled	pending_T06_T07_T08	T09/T15	not_recorded_pending_rights_review	initial_audit_complete_with_findings	pending_independent_adjudication	blocked_not_validated	src/data/mocks/toefl-set-18.ts	Codex_initial_editorial_audit	2026-08-09
item:t18-l-an2	object:t18-l-an2	set-18	7	R-007	Listen to an Announcement	mcq	B	repair_before_pilot	high	GOV-001;ED-002;AUD-001	handled	pending_T06_T07_T08	T09/T15	not_recorded_pending_rights_review	initial_audit_complete_with_findings	pending_independent_adjudication	blocked_not_validated	src/data/mocks/toefl-set-18.ts	Codex_initial_editorial_audit	2026-08-09
item:t18-l-an3	object:t18-l-an3	set-18	7	R-007	Listen to an Announcement	mcq	B	repair_before_pilot	high	GOV-001;ED-002;AUD-001	handled	pending_T06_T07_T08	T09/T15	not_recorded_pending_rights_review	initial_audit_complete_with_findings	pending_independent_adjudication	blocked_not_validated	src/data/mocks/toefl-set-18.ts	Codex_initial_editorial_audit	2026-08-09
item:t18-l-at1	object:t18-l-at1	set-18	8	R-008	Listen to an Academic Talk	mcq	C	derive_or_segment_preserving_original	high	GOV-001;ED-002;AUD-001;L004-001	handled	pending_T06_T07_T08	T09/T15	not_recorded_pending_rights_review	initial_audit_complete_with_findings	pending_independent_adjudication	blocked_not_validated	src/data/mocks/toefl-set-18.ts	Codex_initial_editorial_audit	2026-08-09
item:t18-l-at2	object:t18-l-at2	set-18	8	R-008	Listen to an Academic Talk	mcq	C	derive_or_segment_preserving_original	high	GOV-001;ED-002;AUD-001;L004-001	handled	pending_T06_T07_T08	T09/T15	not_recorded_pending_rights_review	initial_audit_complete_with_findings	pending_independent_adjudication	blocked_not_validated	src/data/mocks/toefl-set-18.ts	Codex_initial_editorial_audit	2026-08-09
item:t18-l-at3	object:t18-l-at3	set-18	8	R-008	Listen to an Academic Talk	mcq	C	derive_or_segment_preserving_original	high	GOV-001;ED-002;AUD-001;L004-001	handled	pending_T06_T07_T08	T09/T15	not_recorded_pending_rights_review	initial_audit_complete_with_findings	pending_independent_adjudication	blocked_not_validated	src/data/mocks/toefl-set-18.ts	Codex_initial_editorial_audit	2026-08-09
item:t18-l-at4	object:t18-l-at4	set-18	8	R-008	Listen to an Academic Talk	mcq	C	derive_or_segment_preserving_original	high	GOV-001;ED-002;AUD-001;L004-001	handled	pending_T06_T07_T08	T09/T15	not_recorded_pending_rights_review	initial_audit_complete_with_findings	pending_independent_adjudication	blocked_not_validated	src/data/mocks/toefl-set-18.ts	Codex_initial_editorial_audit	2026-08-09
item:t18-l-at5	object:t18-l-at5	set-18	8	R-008	Listen to an Academic Talk	mcq	C	derive_or_segment_preserving_original	high	GOV-001;ED-002;AUD-001;L004-001	handled	pending_T06_T07_T08	T09/T15	not_recorded_pending_rights_review	initial_audit_complete_with_findings	pending_independent_adjudication	blocked_not_validated	src/data/mocks/toefl-set-18.ts	Codex_initial_editorial_audit	2026-08-09
item:t18-w-bs1	object:t18-w-bs1	set-18	9	R-009	Build a Sentence	sentencebuild	B	repair_before_pilot	high	GOV-001;W001-001;W001-002;W001-003	handled	not_applicable	T09/T16	not_recorded_pending_rights_review	initial_audit_complete_with_findings	pending_independent_adjudication	blocked_not_validated	src/data/mocks/toefl-set-18.ts	Codex_initial_editorial_audit	2026-08-09
item:t18-w-bs2	object:t18-w-bs2	set-18	9	R-009	Build a Sentence	sentencebuild	B	repair_before_pilot	high	GOV-001;W001-001;W001-002	handled	not_applicable	T09/T16	not_recorded_pending_rights_review	initial_audit_complete_with_findings	pending_independent_adjudication	blocked_not_validated	src/data/mocks/toefl-set-18.ts	Codex_initial_editorial_audit	2026-08-09
item:t18-w-bs3	object:t18-w-bs3	set-18	9	R-009	Build a Sentence	sentencebuild	B	repair_before_pilot	high	GOV-001;W001-001;W001-002	handled	not_applicable	T09/T16	not_recorded_pending_rights_review	initial_audit_complete_with_findings	pending_independent_adjudication	blocked_not_validated	src/data/mocks/toefl-set-18.ts	Codex_initial_editorial_audit	2026-08-09
item:t18-w-bs4	object:t18-w-bs4	set-18	9	R-009	Build a Sentence	sentencebuild	B	repair_before_pilot	high	GOV-001;W001-001;W001-002	handled	not_applicable	T09/T16	not_recorded_pending_rights_review	initial_audit_complete_with_findings	pending_independent_adjudication	blocked_not_validated	src/data/mocks/toefl-set-18.ts	Codex_initial_editorial_audit	2026-08-09
item:t18-w-bs5	object:t18-w-bs5	set-18	9	R-009	Build a Sentence	sentencebuild	B	repair_before_pilot	high	GOV-001;W001-001;W001-002	handled	not_applicable	T09/T16	not_recorded_pending_rights_review	initial_audit_complete_with_findings	pending_independent_adjudication	blocked_not_validated	src/data/mocks/toefl-set-18.ts	Codex_initial_editorial_audit	2026-08-09
item:t18-w-bs6	object:t18-w-bs6	set-18	9	R-009	Build a Sentence	sentencebuild	B	repair_before_pilot	high	GOV-001;W001-001;W001-002	handled	not_applicable	T09/T16	not_recorded_pending_rights_review	initial_audit_complete_with_findings	pending_independent_adjudication	blocked_not_validated	src/data/mocks/toefl-set-18.ts	Codex_initial_editorial_audit	2026-08-09
item:t18-w-email	object:t18-w-email	set-18	10	R-010	Write an Email	write	B	repair_before_pilot	high	GOV-001;W002-001	handled	not_applicable	T10/T11/T17	not_recorded_pending_rights_review	initial_audit_complete_with_findings	pending_independent_adjudication	blocked_not_validated	src/data/mocks/toefl-set-18.ts	Codex_initial_editorial_audit	2026-08-09
item:t18-w-disc	object:t18-w-disc	set-18	11	R-011	Write for an Academic Discussion	write	B	repair_before_pilot	high	GOV-001;W003-001	handled	not_applicable	T10/T11/T17	not_recorded_pending_rights_review	initial_audit_complete_with_findings	pending_independent_adjudication	blocked_not_validated	src/data/mocks/toefl-set-18.ts	Codex_initial_editorial_audit	2026-08-09
item:t18-s-rp1	object:t18-s-rp1	set-18	12	R-012	Listen and Repeat	repeat	B	repair_before_pilot	critical	GOV-001;AUD-001;S001-001	handled	pending_T06_T07_T08	T10/T11/T18	not_recorded_pending_rights_review	initial_audit_complete_with_findings	pending_independent_adjudication	blocked_not_validated	src/data/mocks/toefl-set-18.ts	Codex_initial_editorial_audit	2026-08-09
item:t18-s-rp2	object:t18-s-rp2	set-18	12	R-012	Listen and Repeat	repeat	B	repair_before_pilot	critical	GOV-001;AUD-001;S001-001	handled	pending_T06_T07_T08	T10/T11/T18	not_recorded_pending_rights_review	initial_audit_complete_with_findings	pending_independent_adjudication	blocked_not_validated	src/data/mocks/toefl-set-18.ts	Codex_initial_editorial_audit	2026-08-09
item:t18-s-rp3	object:t18-s-rp3	set-18	12	R-012	Listen and Repeat	repeat	B	repair_before_pilot	critical	GOV-001;AUD-001;S001-001	handled	pending_T06_T07_T08	T10/T11/T18	not_recorded_pending_rights_review	initial_audit_complete_with_findings	pending_independent_adjudication	blocked_not_validated	src/data/mocks/toefl-set-18.ts	Codex_initial_editorial_audit	2026-08-09
item:t18-s-rp4	object:t18-s-rp4	set-18	12	R-012	Listen and Repeat	repeat	B	repair_before_pilot	critical	GOV-001;AUD-001;S001-001	handled	pending_T06_T07_T08	T10/T11/T18	not_recorded_pending_rights_review	initial_audit_complete_with_findings	pending_independent_adjudication	blocked_not_validated	src/data/mocks/toefl-set-18.ts	Codex_initial_editorial_audit	2026-08-09
item:t18-s-rp5	object:t18-s-rp5	set-18	12	R-012	Listen and Repeat	repeat	B	repair_before_pilot	critical	GOV-001;AUD-001;S001-001	handled	pending_T06_T07_T08	T10/T11/T18	not_recorded_pending_rights_review	initial_audit_complete_with_findings	pending_independent_adjudication	blocked_not_validated	src/data/mocks/toefl-set-18.ts	Codex_initial_editorial_audit	2026-08-09
item:t18-s-iv1	object:t18-s-iv1	set-18	13	R-013	Take an Interview	speak	B	repair_before_pilot	high	GOV-001;S002-001;S002-002	handled	not_applicable	T10/T11/T19	not_recorded_pending_rights_review	initial_audit_complete_with_findings	pending_independent_adjudication	blocked_not_validated	src/data/mocks/toefl-set-18.ts	Codex_initial_editorial_audit	2026-08-09
item:t18-s-iv2	object:t18-s-iv2	set-18	13	R-013	Take an Interview	speak	B	repair_before_pilot	high	GOV-001;S002-001;S002-002	handled	not_applicable	T10/T11/T19	not_recorded_pending_rights_review	initial_audit_complete_with_findings	pending_independent_adjudication	blocked_not_validated	src/data/mocks/toefl-set-18.ts	Codex_initial_editorial_audit	2026-08-09
item:t18-s-iv3	object:t18-s-iv3	set-18	13	R-013	Take an Interview	speak	B	repair_before_pilot	high	GOV-001;S002-001;S002-002	handled	not_applicable	T10/T11/T19	not_recorded_pending_rights_review	initial_audit_complete_with_findings	pending_independent_adjudication	blocked_not_validated	src/data/mocks/toefl-set-18.ts	Codex_initial_editorial_audit	2026-08-09
item:t18-s-iv4	object:t18-s-iv4	set-18	13	R-013	Take an Interview	speak	B	repair_before_pilot	high	GOV-001;S002-001;S002-002;REP-001	handled	not_applicable	T10/T11/T19	not_recorded_pending_rights_review	initial_audit_complete_with_findings	pending_independent_adjudication	blocked_not_validated	src/data/mocks/toefl-set-18.ts	Codex_initial_editorial_audit	2026-08-09
item:t19-r-cw1:blank-1	object:t19-r-cw1	set-19	1	R-001	Complete the Words	wordcomplete_blank	B	repair_before_pilot	high	GOV-001;R001-001	handled	not_applicable	T09/T12	not_recorded_pending_rights_review	initial_audit_complete_with_findings	pending_independent_adjudication	blocked_not_validated	src/data/mocks/toefl-set-19.ts	Codex_initial_editorial_audit	2026-08-09
item:t19-r-cw1:blank-2	object:t19-r-cw1	set-19	1	R-001	Complete the Words	wordcomplete_blank	B	repair_before_pilot	high	GOV-001;R001-001	handled	not_applicable	T09/T12	not_recorded_pending_rights_review	initial_audit_complete_with_findings	pending_independent_adjudication	blocked_not_validated	src/data/mocks/toefl-set-19.ts	Codex_initial_editorial_audit	2026-08-09
item:t19-r-cw1:blank-3	object:t19-r-cw1	set-19	1	R-001	Complete the Words	wordcomplete_blank	B	repair_before_pilot	high	GOV-001;R001-001	handled	not_applicable	T09/T12	not_recorded_pending_rights_review	initial_audit_complete_with_findings	pending_independent_adjudication	blocked_not_validated	src/data/mocks/toefl-set-19.ts	Codex_initial_editorial_audit	2026-08-09
item:t19-r-cw1:blank-4	object:t19-r-cw1	set-19	1	R-001	Complete the Words	wordcomplete_blank	B	repair_before_pilot	high	GOV-001;R001-001	handled	not_applicable	T09/T12	not_recorded_pending_rights_review	initial_audit_complete_with_findings	pending_independent_adjudication	blocked_not_validated	src/data/mocks/toefl-set-19.ts	Codex_initial_editorial_audit	2026-08-09
item:t19-r-cw1:blank-5	object:t19-r-cw1	set-19	1	R-001	Complete the Words	wordcomplete_blank	B	repair_before_pilot	high	GOV-001;R001-001	handled	not_applicable	T09/T12	not_recorded_pending_rights_review	initial_audit_complete_with_findings	pending_independent_adjudication	blocked_not_validated	src/data/mocks/toefl-set-19.ts	Codex_initial_editorial_audit	2026-08-09
item:t19-r-cw1:blank-6	object:t19-r-cw1	set-19	1	R-001	Complete the Words	wordcomplete_blank	B	repair_before_pilot	high	GOV-001;R001-001	handled	not_applicable	T09/T12	not_recorded_pending_rights_review	initial_audit_complete_with_findings	pending_independent_adjudication	blocked_not_validated	src/data/mocks/toefl-set-19.ts	Codex_initial_editorial_audit	2026-08-09
item:t19-r-cw2:blank-1	object:t19-r-cw2	set-19	1	R-001	Complete the Words	wordcomplete_blank	B	repair_before_pilot	high	GOV-001;R001-001	handled	not_applicable	T09/T12	not_recorded_pending_rights_review	initial_audit_complete_with_findings	pending_independent_adjudication	blocked_not_validated	src/data/mocks/toefl-set-19.ts	Codex_initial_editorial_audit	2026-08-09
item:t19-r-cw2:blank-2	object:t19-r-cw2	set-19	1	R-001	Complete the Words	wordcomplete_blank	B	repair_before_pilot	high	GOV-001;R001-001	handled	not_applicable	T09/T12	not_recorded_pending_rights_review	initial_audit_complete_with_findings	pending_independent_adjudication	blocked_not_validated	src/data/mocks/toefl-set-19.ts	Codex_initial_editorial_audit	2026-08-09
item:t19-r-cw2:blank-3	object:t19-r-cw2	set-19	1	R-001	Complete the Words	wordcomplete_blank	B	repair_before_pilot	high	GOV-001;R001-001	handled	not_applicable	T09/T12	not_recorded_pending_rights_review	initial_audit_complete_with_findings	pending_independent_adjudication	blocked_not_validated	src/data/mocks/toefl-set-19.ts	Codex_initial_editorial_audit	2026-08-09
item:t19-r-cw2:blank-4	object:t19-r-cw2	set-19	1	R-001	Complete the Words	wordcomplete_blank	B	repair_before_pilot	high	GOV-001;R001-001	handled	not_applicable	T09/T12	not_recorded_pending_rights_review	initial_audit_complete_with_findings	pending_independent_adjudication	blocked_not_validated	src/data/mocks/toefl-set-19.ts	Codex_initial_editorial_audit	2026-08-09
item:t19-r-cw2:blank-5	object:t19-r-cw2	set-19	1	R-001	Complete the Words	wordcomplete_blank	B	repair_before_pilot	high	GOV-001;R001-001	handled	not_applicable	T09/T12	not_recorded_pending_rights_review	initial_audit_complete_with_findings	pending_independent_adjudication	blocked_not_validated	src/data/mocks/toefl-set-19.ts	Codex_initial_editorial_audit	2026-08-09
item:t19-r-cw2:blank-6	object:t19-r-cw2	set-19	1	R-001	Complete the Words	wordcomplete_blank	B	repair_before_pilot	high	GOV-001;R001-001	handled	not_applicable	T09/T12	not_recorded_pending_rights_review	initial_audit_complete_with_findings	pending_independent_adjudication	blocked_not_validated	src/data/mocks/toefl-set-19.ts	Codex_initial_editorial_audit	2026-08-09
item:t19-r-dl1	object:t19-r-dl1	set-19	2	R-002	Read in Daily Life	mcq	A	conserve_editorial_candidate	none	GOV-001	handled	not_applicable	T09/T13	not_recorded_pending_rights_review	initial_audit_complete_with_findings	pending_independent_adjudication	blocked_not_validated	src/data/mocks/toefl-set-19.ts	Codex_initial_editorial_audit	2026-08-09
item:t19-r-dl2	object:t19-r-dl2	set-19	2	R-002	Read in Daily Life	mcq	B	repair_before_pilot	high	GOV-001;ED-002	handled	not_applicable	T09/T13	not_recorded_pending_rights_review	initial_audit_complete_with_findings	pending_independent_adjudication	blocked_not_validated	src/data/mocks/toefl-set-19.ts	Codex_initial_editorial_audit	2026-08-09
item:t19-r-dl3	object:t19-r-dl3	set-19	2	R-002	Read in Daily Life	mcq	B	repair_before_pilot	high	GOV-001;ED-002	handled	not_applicable	T09/T13	not_recorded_pending_rights_review	initial_audit_complete_with_findings	pending_independent_adjudication	blocked_not_validated	src/data/mocks/toefl-set-19.ts	Codex_initial_editorial_audit	2026-08-09
item:t19-r-dl4	object:t19-r-dl4	set-19	3	R-003	Read in Daily Life	mcq	B	repair_before_pilot	high	GOV-001;ED-002	handled	not_applicable	T09/T13	not_recorded_pending_rights_review	initial_audit_complete_with_findings	pending_independent_adjudication	blocked_not_validated	src/data/mocks/toefl-set-19.ts	Codex_initial_editorial_audit	2026-08-09
item:t19-r-dl5	object:t19-r-dl5	set-19	3	R-003	Read in Daily Life	mcq	B	repair_before_pilot	high	GOV-001;ED-002	handled	not_applicable	T09/T13	not_recorded_pending_rights_review	initial_audit_complete_with_findings	pending_independent_adjudication	blocked_not_validated	src/data/mocks/toefl-set-19.ts	Codex_initial_editorial_audit	2026-08-09
item:t19-r-ap1	object:t19-r-ap1	set-19	4	R-004	Read an Academic Passage	mcq	C	derive_or_segment_preserving_original	high	GOV-001;ED-002;R003-001	handled	not_applicable	T09/T13	not_recorded_pending_rights_review	initial_audit_complete_with_findings	pending_independent_adjudication	blocked_not_validated	src/data/mocks/toefl-set-19.ts	Codex_initial_editorial_audit	2026-08-09
item:t19-r-ap2	object:t19-r-ap2	set-19	4	R-004	Read an Academic Passage	mcq	C	derive_or_segment_preserving_original	high	GOV-001;ED-002;R003-001	handled	not_applicable	T09/T13	not_recorded_pending_rights_review	initial_audit_complete_with_findings	pending_independent_adjudication	blocked_not_validated	src/data/mocks/toefl-set-19.ts	Codex_initial_editorial_audit	2026-08-09
item:t19-r-ap3	object:t19-r-ap3	set-19	4	R-004	Read an Academic Passage	mcq	C	derive_or_segment_preserving_original	high	GOV-001;ED-002;R003-001	handled	not_applicable	T09/T13	not_recorded_pending_rights_review	initial_audit_complete_with_findings	pending_independent_adjudication	blocked_not_validated	src/data/mocks/toefl-set-19.ts	Codex_initial_editorial_audit	2026-08-09
item:t19-r-ap4	object:t19-r-ap4	set-19	4	R-004	Read an Academic Passage	mcq	C	derive_or_segment_preserving_original	high	GOV-001;ED-002;R003-001	handled	not_applicable	T09/T13	not_recorded_pending_rights_review	initial_audit_complete_with_findings	pending_independent_adjudication	blocked_not_validated	src/data/mocks/toefl-set-19.ts	Codex_initial_editorial_audit	2026-08-09
item:t19-r-ap5	object:t19-r-ap5	set-19	4	R-004	Read an Academic Passage	mcq	C	derive_or_segment_preserving_original	high	GOV-001;ED-002;R003-001	handled	not_applicable	T09/T13	not_recorded_pending_rights_review	initial_audit_complete_with_findings	pending_independent_adjudication	blocked_not_validated	src/data/mocks/toefl-set-19.ts	Codex_initial_editorial_audit	2026-08-09
item:t19-r-ap6	object:t19-r-ap6	set-19	4	R-004	Read an Academic Passage	multiselect	C	derive_or_segment_preserving_original	critical	GOV-001;R003-001;R003-002	unhandled	not_applicable	T09/T13	not_recorded_pending_rights_review	initial_audit_complete_with_findings	pending_independent_adjudication	blocked_not_validated	src/data/mocks/toefl-set-19.ts	Codex_initial_editorial_audit	2026-08-09
item:t19-l-cr1	object:t19-l-cr1	set-19	5	R-005	Listen and Choose a Response	mcq	B	repair_before_pilot	high	GOV-001;ED-002;L001-001;L001-002;AUD-001	handled	pending_T06_T07_T08	T09/T14	not_recorded_pending_rights_review	initial_audit_complete_with_findings	pending_independent_adjudication	blocked_not_validated	src/data/mocks/toefl-set-19.ts	Codex_initial_editorial_audit	2026-08-09
item:t19-l-cr2	object:t19-l-cr2	set-19	5	R-005	Listen and Choose a Response	mcq	B	repair_before_pilot	high	GOV-001;ED-002;L001-001;L001-002;AUD-001	handled	pending_T06_T07_T08	T09/T14	not_recorded_pending_rights_review	initial_audit_complete_with_findings	pending_independent_adjudication	blocked_not_validated	src/data/mocks/toefl-set-19.ts	Codex_initial_editorial_audit	2026-08-09
item:t19-l-cr3	object:t19-l-cr3	set-19	5	R-005	Listen and Choose a Response	mcq	B	repair_before_pilot	high	GOV-001;ED-002;L001-001;L001-002;AUD-001	handled	pending_T06_T07_T08	T09/T14	not_recorded_pending_rights_review	initial_audit_complete_with_findings	pending_independent_adjudication	blocked_not_validated	src/data/mocks/toefl-set-19.ts	Codex_initial_editorial_audit	2026-08-09
item:t19-l-cr4	object:t19-l-cr4	set-19	5	R-005	Listen and Choose a Response	mcq	B	repair_before_pilot	high	GOV-001;ED-002;L001-001;L001-002;AUD-001	handled	pending_T06_T07_T08	T09/T14	not_recorded_pending_rights_review	initial_audit_complete_with_findings	pending_independent_adjudication	blocked_not_validated	src/data/mocks/toefl-set-19.ts	Codex_initial_editorial_audit	2026-08-09
item:t19-l-cr5	object:t19-l-cr5	set-19	5	R-005	Listen and Choose a Response	mcq	B	repair_before_pilot	high	GOV-001;ED-002;L001-001;L001-002;AUD-001	handled	pending_T06_T07_T08	T09/T14	not_recorded_pending_rights_review	initial_audit_complete_with_findings	pending_independent_adjudication	blocked_not_validated	src/data/mocks/toefl-set-19.ts	Codex_initial_editorial_audit	2026-08-09
item:t19-l-cv1	object:t19-l-cv1	set-19	6	R-006	Listen to a Conversation	mcq	B	repair_before_pilot	high	GOV-001;ED-002;AUD-001	handled	pending_T06_T07_T08	T09/T15	not_recorded_pending_rights_review	initial_audit_complete_with_findings	pending_independent_adjudication	blocked_not_validated	src/data/mocks/toefl-set-19.ts	Codex_initial_editorial_audit	2026-08-09
item:t19-l-cv2	object:t19-l-cv2	set-19	6	R-006	Listen to a Conversation	mcq	B	repair_before_pilot	high	GOV-001;ED-002;AUD-001	handled	pending_T06_T07_T08	T09/T15	not_recorded_pending_rights_review	initial_audit_complete_with_findings	pending_independent_adjudication	blocked_not_validated	src/data/mocks/toefl-set-19.ts	Codex_initial_editorial_audit	2026-08-09
item:t19-l-cv3	object:t19-l-cv3	set-19	6	R-006	Listen to a Conversation	mcq	B	repair_before_pilot	high	GOV-001;ED-002;AUD-001	handled	pending_T06_T07_T08	T09/T15	not_recorded_pending_rights_review	initial_audit_complete_with_findings	pending_independent_adjudication	blocked_not_validated	src/data/mocks/toefl-set-19.ts	Codex_initial_editorial_audit	2026-08-09
item:t19-l-cv4	object:t19-l-cv4	set-19	6	R-006	Listen to a Conversation	mcq	B	repair_before_pilot	high	GOV-001;ED-002;AUD-001	handled	pending_T06_T07_T08	T09/T15	not_recorded_pending_rights_review	initial_audit_complete_with_findings	pending_independent_adjudication	blocked_not_validated	src/data/mocks/toefl-set-19.ts	Codex_initial_editorial_audit	2026-08-09
item:t19-l-an1	object:t19-l-an1	set-19	7	R-007	Listen to an Announcement	mcq	B	repair_before_pilot	high	GOV-001;ED-002;AUD-001	handled	pending_T06_T07_T08	T09/T15	not_recorded_pending_rights_review	initial_audit_complete_with_findings	pending_independent_adjudication	blocked_not_validated	src/data/mocks/toefl-set-19.ts	Codex_initial_editorial_audit	2026-08-09
item:t19-l-an2	object:t19-l-an2	set-19	7	R-007	Listen to an Announcement	mcq	B	repair_before_pilot	high	GOV-001;ED-002;AUD-001	handled	pending_T06_T07_T08	T09/T15	not_recorded_pending_rights_review	initial_audit_complete_with_findings	pending_independent_adjudication	blocked_not_validated	src/data/mocks/toefl-set-19.ts	Codex_initial_editorial_audit	2026-08-09
item:t19-l-an3	object:t19-l-an3	set-19	7	R-007	Listen to an Announcement	mcq	B	repair_before_pilot	high	GOV-001;ED-002;AUD-001	handled	pending_T06_T07_T08	T09/T15	not_recorded_pending_rights_review	initial_audit_complete_with_findings	pending_independent_adjudication	blocked_not_validated	src/data/mocks/toefl-set-19.ts	Codex_initial_editorial_audit	2026-08-09
item:t19-l-at1	object:t19-l-at1	set-19	8	R-008	Listen to an Academic Talk	mcq	C	derive_or_segment_preserving_original	high	GOV-001;ED-002;AUD-001;L004-001	handled	pending_T06_T07_T08	T09/T15	not_recorded_pending_rights_review	initial_audit_complete_with_findings	pending_independent_adjudication	blocked_not_validated	src/data/mocks/toefl-set-19.ts	Codex_initial_editorial_audit	2026-08-09
item:t19-l-at2	object:t19-l-at2	set-19	8	R-008	Listen to an Academic Talk	mcq	C	derive_or_segment_preserving_original	high	GOV-001;ED-002;AUD-001;L004-001	handled	pending_T06_T07_T08	T09/T15	not_recorded_pending_rights_review	initial_audit_complete_with_findings	pending_independent_adjudication	blocked_not_validated	src/data/mocks/toefl-set-19.ts	Codex_initial_editorial_audit	2026-08-09
item:t19-l-at3	object:t19-l-at3	set-19	8	R-008	Listen to an Academic Talk	mcq	C	derive_or_segment_preserving_original	high	GOV-001;ED-002;AUD-001;L004-001	handled	pending_T06_T07_T08	T09/T15	not_recorded_pending_rights_review	initial_audit_complete_with_findings	pending_independent_adjudication	blocked_not_validated	src/data/mocks/toefl-set-19.ts	Codex_initial_editorial_audit	2026-08-09
item:t19-l-at4	object:t19-l-at4	set-19	8	R-008	Listen to an Academic Talk	mcq	C	derive_or_segment_preserving_original	high	GOV-001;ED-002;AUD-001;L004-001	handled	pending_T06_T07_T08	T09/T15	not_recorded_pending_rights_review	initial_audit_complete_with_findings	pending_independent_adjudication	blocked_not_validated	src/data/mocks/toefl-set-19.ts	Codex_initial_editorial_audit	2026-08-09
item:t19-l-at5	object:t19-l-at5	set-19	8	R-008	Listen to an Academic Talk	mcq	C	derive_or_segment_preserving_original	high	GOV-001;ED-002;AUD-001;L004-001	handled	pending_T06_T07_T08	T09/T15	not_recorded_pending_rights_review	initial_audit_complete_with_findings	pending_independent_adjudication	blocked_not_validated	src/data/mocks/toefl-set-19.ts	Codex_initial_editorial_audit	2026-08-09
item:t19-w-bs1	object:t19-w-bs1	set-19	9	R-009	Build a Sentence	sentencebuild	B	repair_before_pilot	high	GOV-001;W001-001;W001-002;W001-003	handled	not_applicable	T09/T16	not_recorded_pending_rights_review	initial_audit_complete_with_findings	pending_independent_adjudication	blocked_not_validated	src/data/mocks/toefl-set-19.ts	Codex_initial_editorial_audit	2026-08-09
item:t19-w-bs2	object:t19-w-bs2	set-19	9	R-009	Build a Sentence	sentencebuild	B	repair_before_pilot	high	GOV-001;W001-001;W001-002	handled	not_applicable	T09/T16	not_recorded_pending_rights_review	initial_audit_complete_with_findings	pending_independent_adjudication	blocked_not_validated	src/data/mocks/toefl-set-19.ts	Codex_initial_editorial_audit	2026-08-09
item:t19-w-bs3	object:t19-w-bs3	set-19	9	R-009	Build a Sentence	sentencebuild	B	repair_before_pilot	high	GOV-001;W001-001;W001-002	handled	not_applicable	T09/T16	not_recorded_pending_rights_review	initial_audit_complete_with_findings	pending_independent_adjudication	blocked_not_validated	src/data/mocks/toefl-set-19.ts	Codex_initial_editorial_audit	2026-08-09
item:t19-w-bs4	object:t19-w-bs4	set-19	9	R-009	Build a Sentence	sentencebuild	B	repair_before_pilot	high	GOV-001;W001-001;W001-002	handled	not_applicable	T09/T16	not_recorded_pending_rights_review	initial_audit_complete_with_findings	pending_independent_adjudication	blocked_not_validated	src/data/mocks/toefl-set-19.ts	Codex_initial_editorial_audit	2026-08-09
item:t19-w-bs5	object:t19-w-bs5	set-19	9	R-009	Build a Sentence	sentencebuild	B	repair_before_pilot	high	GOV-001;W001-001;W001-002	handled	not_applicable	T09/T16	not_recorded_pending_rights_review	initial_audit_complete_with_findings	pending_independent_adjudication	blocked_not_validated	src/data/mocks/toefl-set-19.ts	Codex_initial_editorial_audit	2026-08-09
item:t19-w-bs6	object:t19-w-bs6	set-19	9	R-009	Build a Sentence	sentencebuild	B	repair_before_pilot	high	GOV-001;W001-001;W001-002	handled	not_applicable	T09/T16	not_recorded_pending_rights_review	initial_audit_complete_with_findings	pending_independent_adjudication	blocked_not_validated	src/data/mocks/toefl-set-19.ts	Codex_initial_editorial_audit	2026-08-09
item:t19-w-email	object:t19-w-email	set-19	10	R-010	Write an Email	write	B	repair_before_pilot	high	GOV-001;W002-001	handled	not_applicable	T10/T11/T17	not_recorded_pending_rights_review	initial_audit_complete_with_findings	pending_independent_adjudication	blocked_not_validated	src/data/mocks/toefl-set-19.ts	Codex_initial_editorial_audit	2026-08-09
item:t19-w-disc	object:t19-w-disc	set-19	11	R-011	Write for an Academic Discussion	write	B	repair_before_pilot	high	GOV-001;W003-001	handled	not_applicable	T10/T11/T17	not_recorded_pending_rights_review	initial_audit_complete_with_findings	pending_independent_adjudication	blocked_not_validated	src/data/mocks/toefl-set-19.ts	Codex_initial_editorial_audit	2026-08-09
item:t19-s-rp1	object:t19-s-rp1	set-19	12	R-012	Listen and Repeat	repeat	B	repair_before_pilot	critical	GOV-001;AUD-001;S001-001	handled	pending_T06_T07_T08	T10/T11/T18	not_recorded_pending_rights_review	initial_audit_complete_with_findings	pending_independent_adjudication	blocked_not_validated	src/data/mocks/toefl-set-19.ts	Codex_initial_editorial_audit	2026-08-09
item:t19-s-rp2	object:t19-s-rp2	set-19	12	R-012	Listen and Repeat	repeat	B	repair_before_pilot	critical	GOV-001;AUD-001;S001-001	handled	pending_T06_T07_T08	T10/T11/T18	not_recorded_pending_rights_review	initial_audit_complete_with_findings	pending_independent_adjudication	blocked_not_validated	src/data/mocks/toefl-set-19.ts	Codex_initial_editorial_audit	2026-08-09
item:t19-s-rp3	object:t19-s-rp3	set-19	12	R-012	Listen and Repeat	repeat	B	repair_before_pilot	critical	GOV-001;AUD-001;S001-001	handled	pending_T06_T07_T08	T10/T11/T18	not_recorded_pending_rights_review	initial_audit_complete_with_findings	pending_independent_adjudication	blocked_not_validated	src/data/mocks/toefl-set-19.ts	Codex_initial_editorial_audit	2026-08-09
item:t19-s-rp4	object:t19-s-rp4	set-19	12	R-012	Listen and Repeat	repeat	B	repair_before_pilot	critical	GOV-001;AUD-001;S001-001	handled	pending_T06_T07_T08	T10/T11/T18	not_recorded_pending_rights_review	initial_audit_complete_with_findings	pending_independent_adjudication	blocked_not_validated	src/data/mocks/toefl-set-19.ts	Codex_initial_editorial_audit	2026-08-09
item:t19-s-rp5	object:t19-s-rp5	set-19	12	R-012	Listen and Repeat	repeat	B	repair_before_pilot	critical	GOV-001;AUD-001;S001-001	handled	pending_T06_T07_T08	T10/T11/T18	not_recorded_pending_rights_review	initial_audit_complete_with_findings	pending_independent_adjudication	blocked_not_validated	src/data/mocks/toefl-set-19.ts	Codex_initial_editorial_audit	2026-08-09
item:t19-s-iv1	object:t19-s-iv1	set-19	13	R-013	Take an Interview	speak	B	repair_before_pilot	high	GOV-001;S002-001;S002-002	handled	not_applicable	T10/T11/T19	not_recorded_pending_rights_review	initial_audit_complete_with_findings	pending_independent_adjudication	blocked_not_validated	src/data/mocks/toefl-set-19.ts	Codex_initial_editorial_audit	2026-08-09
item:t19-s-iv2	object:t19-s-iv2	set-19	13	R-013	Take an Interview	speak	B	repair_before_pilot	high	GOV-001;S002-001;S002-002	handled	not_applicable	T10/T11/T19	not_recorded_pending_rights_review	initial_audit_complete_with_findings	pending_independent_adjudication	blocked_not_validated	src/data/mocks/toefl-set-19.ts	Codex_initial_editorial_audit	2026-08-09
item:t19-s-iv3	object:t19-s-iv3	set-19	13	R-013	Take an Interview	speak	B	repair_before_pilot	high	GOV-001;S002-001;S002-002	handled	not_applicable	T10/T11/T19	not_recorded_pending_rights_review	initial_audit_complete_with_findings	pending_independent_adjudication	blocked_not_validated	src/data/mocks/toefl-set-19.ts	Codex_initial_editorial_audit	2026-08-09
item:t19-s-iv4	object:t19-s-iv4	set-19	13	R-013	Take an Interview	speak	B	repair_before_pilot	high	GOV-001;S002-001;S002-002;REP-001	handled	not_applicable	T10/T11/T19	not_recorded_pending_rights_review	initial_audit_complete_with_findings	pending_independent_adjudication	blocked_not_validated	src/data/mocks/toefl-set-19.ts	Codex_initial_editorial_audit	2026-08-09
item:t20-r-cw1:blank-1	object:t20-r-cw1	set-20	1	R-001	Complete the Words	wordcomplete_blank	B	repair_before_pilot	high	GOV-001;R001-001;R001-002	handled	not_applicable	T09/T12	not_recorded_pending_rights_review	initial_audit_complete_with_findings	pending_independent_adjudication	blocked_not_validated	src/data/mocks/toefl-set-20.ts	Codex_initial_editorial_audit	2026-08-09
item:t20-r-cw1:blank-2	object:t20-r-cw1	set-20	1	R-001	Complete the Words	wordcomplete_blank	B	repair_before_pilot	high	GOV-001;R001-001	handled	not_applicable	T09/T12	not_recorded_pending_rights_review	initial_audit_complete_with_findings	pending_independent_adjudication	blocked_not_validated	src/data/mocks/toefl-set-20.ts	Codex_initial_editorial_audit	2026-08-09
item:t20-r-cw1:blank-3	object:t20-r-cw1	set-20	1	R-001	Complete the Words	wordcomplete_blank	B	repair_before_pilot	high	GOV-001;R001-001	handled	not_applicable	T09/T12	not_recorded_pending_rights_review	initial_audit_complete_with_findings	pending_independent_adjudication	blocked_not_validated	src/data/mocks/toefl-set-20.ts	Codex_initial_editorial_audit	2026-08-09
item:t20-r-cw1:blank-4	object:t20-r-cw1	set-20	1	R-001	Complete the Words	wordcomplete_blank	B	repair_before_pilot	high	GOV-001;R001-001	handled	not_applicable	T09/T12	not_recorded_pending_rights_review	initial_audit_complete_with_findings	pending_independent_adjudication	blocked_not_validated	src/data/mocks/toefl-set-20.ts	Codex_initial_editorial_audit	2026-08-09
item:t20-r-cw1:blank-5	object:t20-r-cw1	set-20	1	R-001	Complete the Words	wordcomplete_blank	B	repair_before_pilot	high	GOV-001;R001-001	handled	not_applicable	T09/T12	not_recorded_pending_rights_review	initial_audit_complete_with_findings	pending_independent_adjudication	blocked_not_validated	src/data/mocks/toefl-set-20.ts	Codex_initial_editorial_audit	2026-08-09
item:t20-r-cw1:blank-6	object:t20-r-cw1	set-20	1	R-001	Complete the Words	wordcomplete_blank	B	repair_before_pilot	high	GOV-001;R001-001	handled	not_applicable	T09/T12	not_recorded_pending_rights_review	initial_audit_complete_with_findings	pending_independent_adjudication	blocked_not_validated	src/data/mocks/toefl-set-20.ts	Codex_initial_editorial_audit	2026-08-09
item:t20-r-cw2:blank-1	object:t20-r-cw2	set-20	1	R-001	Complete the Words	wordcomplete_blank	B	repair_before_pilot	high	GOV-001;R001-001	handled	not_applicable	T09/T12	not_recorded_pending_rights_review	initial_audit_complete_with_findings	pending_independent_adjudication	blocked_not_validated	src/data/mocks/toefl-set-20.ts	Codex_initial_editorial_audit	2026-08-09
item:t20-r-cw2:blank-2	object:t20-r-cw2	set-20	1	R-001	Complete the Words	wordcomplete_blank	B	repair_before_pilot	high	GOV-001;R001-001	handled	not_applicable	T09/T12	not_recorded_pending_rights_review	initial_audit_complete_with_findings	pending_independent_adjudication	blocked_not_validated	src/data/mocks/toefl-set-20.ts	Codex_initial_editorial_audit	2026-08-09
item:t20-r-cw2:blank-3	object:t20-r-cw2	set-20	1	R-001	Complete the Words	wordcomplete_blank	B	repair_before_pilot	high	GOV-001;R001-001	handled	not_applicable	T09/T12	not_recorded_pending_rights_review	initial_audit_complete_with_findings	pending_independent_adjudication	blocked_not_validated	src/data/mocks/toefl-set-20.ts	Codex_initial_editorial_audit	2026-08-09
item:t20-r-cw2:blank-4	object:t20-r-cw2	set-20	1	R-001	Complete the Words	wordcomplete_blank	B	repair_before_pilot	high	GOV-001;R001-001	handled	not_applicable	T09/T12	not_recorded_pending_rights_review	initial_audit_complete_with_findings	pending_independent_adjudication	blocked_not_validated	src/data/mocks/toefl-set-20.ts	Codex_initial_editorial_audit	2026-08-09
item:t20-r-cw2:blank-5	object:t20-r-cw2	set-20	1	R-001	Complete the Words	wordcomplete_blank	B	repair_before_pilot	high	GOV-001;R001-001	handled	not_applicable	T09/T12	not_recorded_pending_rights_review	initial_audit_complete_with_findings	pending_independent_adjudication	blocked_not_validated	src/data/mocks/toefl-set-20.ts	Codex_initial_editorial_audit	2026-08-09
item:t20-r-cw2:blank-6	object:t20-r-cw2	set-20	1	R-001	Complete the Words	wordcomplete_blank	B	repair_before_pilot	high	GOV-001;R001-001	handled	not_applicable	T09/T12	not_recorded_pending_rights_review	initial_audit_complete_with_findings	pending_independent_adjudication	blocked_not_validated	src/data/mocks/toefl-set-20.ts	Codex_initial_editorial_audit	2026-08-09
item:t20-r-dl1	object:t20-r-dl1	set-20	2	R-002	Read in Daily Life	mcq	B	repair_before_pilot	high	GOV-001;ED-002	handled	not_applicable	T09/T13	not_recorded_pending_rights_review	initial_audit_complete_with_findings	pending_independent_adjudication	blocked_not_validated	src/data/mocks/toefl-set-20.ts	Codex_initial_editorial_audit	2026-08-09
item:t20-r-dl2	object:t20-r-dl2	set-20	2	R-002	Read in Daily Life	mcq	B	repair_before_pilot	high	GOV-001;ED-002	handled	not_applicable	T09/T13	not_recorded_pending_rights_review	initial_audit_complete_with_findings	pending_independent_adjudication	blocked_not_validated	src/data/mocks/toefl-set-20.ts	Codex_initial_editorial_audit	2026-08-09
item:t20-r-dl3	object:t20-r-dl3	set-20	2	R-002	Read in Daily Life	mcq	B	repair_before_pilot	high	GOV-001;ED-002	handled	not_applicable	T09/T13	not_recorded_pending_rights_review	initial_audit_complete_with_findings	pending_independent_adjudication	blocked_not_validated	src/data/mocks/toefl-set-20.ts	Codex_initial_editorial_audit	2026-08-09
item:t20-r-dl4	object:t20-r-dl4	set-20	3	R-003	Read in Daily Life	mcq	B	repair_before_pilot	high	GOV-001;ED-002	handled	not_applicable	T09/T13	not_recorded_pending_rights_review	initial_audit_complete_with_findings	pending_independent_adjudication	blocked_not_validated	src/data/mocks/toefl-set-20.ts	Codex_initial_editorial_audit	2026-08-09
item:t20-r-dl5	object:t20-r-dl5	set-20	3	R-003	Read in Daily Life	mcq	B	repair_before_pilot	high	GOV-001;ED-002	handled	not_applicable	T09/T13	not_recorded_pending_rights_review	initial_audit_complete_with_findings	pending_independent_adjudication	blocked_not_validated	src/data/mocks/toefl-set-20.ts	Codex_initial_editorial_audit	2026-08-09
item:t20-r-ap1	object:t20-r-ap1	set-20	4	R-004	Read an Academic Passage	mcq	C	derive_or_segment_preserving_original	high	GOV-001;R003-001	handled	not_applicable	T09/T13	not_recorded_pending_rights_review	initial_audit_complete_with_findings	pending_independent_adjudication	blocked_not_validated	src/data/mocks/toefl-set-20.ts	Codex_initial_editorial_audit	2026-08-09
item:t20-r-ap2	object:t20-r-ap2	set-20	4	R-004	Read an Academic Passage	mcq	C	derive_or_segment_preserving_original	high	GOV-001;ED-002;R003-001	handled	not_applicable	T09/T13	not_recorded_pending_rights_review	initial_audit_complete_with_findings	pending_independent_adjudication	blocked_not_validated	src/data/mocks/toefl-set-20.ts	Codex_initial_editorial_audit	2026-08-09
item:t20-r-ap3	object:t20-r-ap3	set-20	4	R-004	Read an Academic Passage	mcq	C	derive_or_segment_preserving_original	high	GOV-001;ED-002;R003-001	handled	not_applicable	T09/T13	not_recorded_pending_rights_review	initial_audit_complete_with_findings	pending_independent_adjudication	blocked_not_validated	src/data/mocks/toefl-set-20.ts	Codex_initial_editorial_audit	2026-08-09
item:t20-r-ap4	object:t20-r-ap4	set-20	4	R-004	Read an Academic Passage	mcq	C	derive_or_segment_preserving_original	high	GOV-001;ED-002;R003-001	handled	not_applicable	T09/T13	not_recorded_pending_rights_review	initial_audit_complete_with_findings	pending_independent_adjudication	blocked_not_validated	src/data/mocks/toefl-set-20.ts	Codex_initial_editorial_audit	2026-08-09
item:t20-r-ap5	object:t20-r-ap5	set-20	4	R-004	Read an Academic Passage	mcq	C	derive_or_segment_preserving_original	high	GOV-001;ED-002;R003-001	handled	not_applicable	T09/T13	not_recorded_pending_rights_review	initial_audit_complete_with_findings	pending_independent_adjudication	blocked_not_validated	src/data/mocks/toefl-set-20.ts	Codex_initial_editorial_audit	2026-08-09
item:t20-r-ap6	object:t20-r-ap6	set-20	4	R-004	Read an Academic Passage	multiselect	C	derive_or_segment_preserving_original	critical	GOV-001;R003-001;R003-002	unhandled	not_applicable	T09/T13	not_recorded_pending_rights_review	initial_audit_complete_with_findings	pending_independent_adjudication	blocked_not_validated	src/data/mocks/toefl-set-20.ts	Codex_initial_editorial_audit	2026-08-09
item:t20-l-cr1	object:t20-l-cr1	set-20	5	R-005	Listen and Choose a Response	mcq	B	repair_before_pilot	high	GOV-001;ED-002;L001-001;L001-002;AUD-001	handled	pending_T06_T07_T08	T09/T14	not_recorded_pending_rights_review	initial_audit_complete_with_findings	pending_independent_adjudication	blocked_not_validated	src/data/mocks/toefl-set-20.ts	Codex_initial_editorial_audit	2026-08-09
item:t20-l-cr2	object:t20-l-cr2	set-20	5	R-005	Listen and Choose a Response	mcq	B	repair_before_pilot	high	GOV-001;ED-002;L001-001;L001-002;AUD-001	handled	pending_T06_T07_T08	T09/T14	not_recorded_pending_rights_review	initial_audit_complete_with_findings	pending_independent_adjudication	blocked_not_validated	src/data/mocks/toefl-set-20.ts	Codex_initial_editorial_audit	2026-08-09
item:t20-l-cr3	object:t20-l-cr3	set-20	5	R-005	Listen and Choose a Response	mcq	B	repair_before_pilot	high	GOV-001;ED-002;L001-001;L001-002;AUD-001	handled	pending_T06_T07_T08	T09/T14	not_recorded_pending_rights_review	initial_audit_complete_with_findings	pending_independent_adjudication	blocked_not_validated	src/data/mocks/toefl-set-20.ts	Codex_initial_editorial_audit	2026-08-09
item:t20-l-cr4	object:t20-l-cr4	set-20	5	R-005	Listen and Choose a Response	mcq	B	repair_before_pilot	high	GOV-001;ED-002;L001-001;L001-002;AUD-001	handled	pending_T06_T07_T08	T09/T14	not_recorded_pending_rights_review	initial_audit_complete_with_findings	pending_independent_adjudication	blocked_not_validated	src/data/mocks/toefl-set-20.ts	Codex_initial_editorial_audit	2026-08-09
item:t20-l-cr5	object:t20-l-cr5	set-20	5	R-005	Listen and Choose a Response	mcq	B	repair_before_pilot	high	GOV-001;ED-002;L001-001;L001-002;AUD-001	handled	pending_T06_T07_T08	T09/T14	not_recorded_pending_rights_review	initial_audit_complete_with_findings	pending_independent_adjudication	blocked_not_validated	src/data/mocks/toefl-set-20.ts	Codex_initial_editorial_audit	2026-08-09
item:t20-l-cv1	object:t20-l-cv1	set-20	6	R-006	Listen to a Conversation	mcq	C	derive_or_segment_preserving_original	high	GOV-001;ED-002;L002-001;AUD-001	handled	pending_T06_T07_T08	T09/T15	not_recorded_pending_rights_review	initial_audit_complete_with_findings	pending_independent_adjudication	blocked_not_validated	src/data/mocks/toefl-set-20.ts	Codex_initial_editorial_audit	2026-08-09
item:t20-l-cv2	object:t20-l-cv2	set-20	6	R-006	Listen to a Conversation	mcq	C	derive_or_segment_preserving_original	high	GOV-001;ED-002;L002-001;AUD-001	handled	pending_T06_T07_T08	T09/T15	not_recorded_pending_rights_review	initial_audit_complete_with_findings	pending_independent_adjudication	blocked_not_validated	src/data/mocks/toefl-set-20.ts	Codex_initial_editorial_audit	2026-08-09
item:t20-l-cv3	object:t20-l-cv3	set-20	6	R-006	Listen to a Conversation	mcq	C	derive_or_segment_preserving_original	high	GOV-001;ED-002;L002-001;AUD-001	handled	pending_T06_T07_T08	T09/T15	not_recorded_pending_rights_review	initial_audit_complete_with_findings	pending_independent_adjudication	blocked_not_validated	src/data/mocks/toefl-set-20.ts	Codex_initial_editorial_audit	2026-08-09
item:t20-l-cv4	object:t20-l-cv4	set-20	6	R-006	Listen to a Conversation	mcq	C	derive_or_segment_preserving_original	high	GOV-001;ED-002;L002-001;AUD-001	handled	pending_T06_T07_T08	T09/T15	not_recorded_pending_rights_review	initial_audit_complete_with_findings	pending_independent_adjudication	blocked_not_validated	src/data/mocks/toefl-set-20.ts	Codex_initial_editorial_audit	2026-08-09
item:t20-l-an1	object:t20-l-an1	set-20	7	R-007	Listen to an Announcement	mcq	B	repair_before_pilot	high	GOV-001;ED-002;AUD-001	handled	pending_T06_T07_T08	T09/T15	not_recorded_pending_rights_review	initial_audit_complete_with_findings	pending_independent_adjudication	blocked_not_validated	src/data/mocks/toefl-set-20.ts	Codex_initial_editorial_audit	2026-08-09
item:t20-l-an2	object:t20-l-an2	set-20	7	R-007	Listen to an Announcement	mcq	B	repair_before_pilot	high	GOV-001;ED-002;AUD-001	handled	pending_T06_T07_T08	T09/T15	not_recorded_pending_rights_review	initial_audit_complete_with_findings	pending_independent_adjudication	blocked_not_validated	src/data/mocks/toefl-set-20.ts	Codex_initial_editorial_audit	2026-08-09
item:t20-l-an3	object:t20-l-an3	set-20	7	R-007	Listen to an Announcement	mcq	B	repair_before_pilot	high	GOV-001;ED-002;AUD-001	handled	pending_T06_T07_T08	T09/T15	not_recorded_pending_rights_review	initial_audit_complete_with_findings	pending_independent_adjudication	blocked_not_validated	src/data/mocks/toefl-set-20.ts	Codex_initial_editorial_audit	2026-08-09
item:t20-l-at1	object:t20-l-at1	set-20	8	R-008	Listen to an Academic Talk	mcq	C	derive_or_segment_preserving_original	high	GOV-001;ED-002;AUD-001;L004-001	handled	pending_T06_T07_T08	T09/T15	not_recorded_pending_rights_review	initial_audit_complete_with_findings	pending_independent_adjudication	blocked_not_validated	src/data/mocks/toefl-set-20.ts	Codex_initial_editorial_audit	2026-08-09
item:t20-l-at2	object:t20-l-at2	set-20	8	R-008	Listen to an Academic Talk	mcq	C	derive_or_segment_preserving_original	high	GOV-001;ED-002;AUD-001;L004-001	handled	pending_T06_T07_T08	T09/T15	not_recorded_pending_rights_review	initial_audit_complete_with_findings	pending_independent_adjudication	blocked_not_validated	src/data/mocks/toefl-set-20.ts	Codex_initial_editorial_audit	2026-08-09
item:t20-l-at3	object:t20-l-at3	set-20	8	R-008	Listen to an Academic Talk	mcq	C	derive_or_segment_preserving_original	high	GOV-001;ED-002;AUD-001;L004-001	handled	pending_T06_T07_T08	T09/T15	not_recorded_pending_rights_review	initial_audit_complete_with_findings	pending_independent_adjudication	blocked_not_validated	src/data/mocks/toefl-set-20.ts	Codex_initial_editorial_audit	2026-08-09
item:t20-l-at4	object:t20-l-at4	set-20	8	R-008	Listen to an Academic Talk	mcq	C	derive_or_segment_preserving_original	high	GOV-001;ED-002;AUD-001;L004-001	handled	pending_T06_T07_T08	T09/T15	not_recorded_pending_rights_review	initial_audit_complete_with_findings	pending_independent_adjudication	blocked_not_validated	src/data/mocks/toefl-set-20.ts	Codex_initial_editorial_audit	2026-08-09
item:t20-l-at5	object:t20-l-at5	set-20	8	R-008	Listen to an Academic Talk	mcq	C	derive_or_segment_preserving_original	high	GOV-001;ED-002;AUD-001;L004-001	handled	pending_T06_T07_T08	T09/T15	not_recorded_pending_rights_review	initial_audit_complete_with_findings	pending_independent_adjudication	blocked_not_validated	src/data/mocks/toefl-set-20.ts	Codex_initial_editorial_audit	2026-08-09
item:t20-w-bs1	object:t20-w-bs1	set-20	9	R-009	Build a Sentence	sentencebuild	B	repair_before_pilot	high	GOV-001;W001-001;W001-002;W001-003	handled	not_applicable	T09/T16	not_recorded_pending_rights_review	initial_audit_complete_with_findings	pending_independent_adjudication	blocked_not_validated	src/data/mocks/toefl-set-20.ts	Codex_initial_editorial_audit	2026-08-09
item:t20-w-bs2	object:t20-w-bs2	set-20	9	R-009	Build a Sentence	sentencebuild	B	repair_before_pilot	high	GOV-001;W001-001;W001-002	handled	not_applicable	T09/T16	not_recorded_pending_rights_review	initial_audit_complete_with_findings	pending_independent_adjudication	blocked_not_validated	src/data/mocks/toefl-set-20.ts	Codex_initial_editorial_audit	2026-08-09
item:t20-w-bs3	object:t20-w-bs3	set-20	9	R-009	Build a Sentence	sentencebuild	B	repair_before_pilot	high	GOV-001;W001-001;W001-002	handled	not_applicable	T09/T16	not_recorded_pending_rights_review	initial_audit_complete_with_findings	pending_independent_adjudication	blocked_not_validated	src/data/mocks/toefl-set-20.ts	Codex_initial_editorial_audit	2026-08-09
item:t20-w-bs4	object:t20-w-bs4	set-20	9	R-009	Build a Sentence	sentencebuild	B	repair_before_pilot	high	GOV-001;W001-001;W001-002	handled	not_applicable	T09/T16	not_recorded_pending_rights_review	initial_audit_complete_with_findings	pending_independent_adjudication	blocked_not_validated	src/data/mocks/toefl-set-20.ts	Codex_initial_editorial_audit	2026-08-09
item:t20-w-bs5	object:t20-w-bs5	set-20	9	R-009	Build a Sentence	sentencebuild	B	repair_before_pilot	high	GOV-001;W001-001;W001-002	handled	not_applicable	T09/T16	not_recorded_pending_rights_review	initial_audit_complete_with_findings	pending_independent_adjudication	blocked_not_validated	src/data/mocks/toefl-set-20.ts	Codex_initial_editorial_audit	2026-08-09
item:t20-w-bs6	object:t20-w-bs6	set-20	9	R-009	Build a Sentence	sentencebuild	B	repair_before_pilot	high	GOV-001;W001-001;W001-002	handled	not_applicable	T09/T16	not_recorded_pending_rights_review	initial_audit_complete_with_findings	pending_independent_adjudication	blocked_not_validated	src/data/mocks/toefl-set-20.ts	Codex_initial_editorial_audit	2026-08-09
item:t20-w-email	object:t20-w-email	set-20	10	R-010	Write an Email	write	B	repair_before_pilot	high	GOV-001;W002-001	handled	not_applicable	T10/T11/T17	not_recorded_pending_rights_review	initial_audit_complete_with_findings	pending_independent_adjudication	blocked_not_validated	src/data/mocks/toefl-set-20.ts	Codex_initial_editorial_audit	2026-08-09
item:t20-w-disc	object:t20-w-disc	set-20	11	R-011	Write for an Academic Discussion	write	B	repair_before_pilot	high	GOV-001;W003-001	handled	not_applicable	T10/T11/T17	not_recorded_pending_rights_review	initial_audit_complete_with_findings	pending_independent_adjudication	blocked_not_validated	src/data/mocks/toefl-set-20.ts	Codex_initial_editorial_audit	2026-08-09
item:t20-s-rp1	object:t20-s-rp1	set-20	12	R-012	Listen and Repeat	repeat	B	repair_before_pilot	critical	GOV-001;AUD-001;S001-001	handled	pending_T06_T07_T08	T10/T11/T18	not_recorded_pending_rights_review	initial_audit_complete_with_findings	pending_independent_adjudication	blocked_not_validated	src/data/mocks/toefl-set-20.ts	Codex_initial_editorial_audit	2026-08-09
item:t20-s-rp2	object:t20-s-rp2	set-20	12	R-012	Listen and Repeat	repeat	B	repair_before_pilot	critical	GOV-001;AUD-001;S001-001	handled	pending_T06_T07_T08	T10/T11/T18	not_recorded_pending_rights_review	initial_audit_complete_with_findings	pending_independent_adjudication	blocked_not_validated	src/data/mocks/toefl-set-20.ts	Codex_initial_editorial_audit	2026-08-09
item:t20-s-rp3	object:t20-s-rp3	set-20	12	R-012	Listen and Repeat	repeat	B	repair_before_pilot	critical	GOV-001;AUD-001;S001-001	handled	pending_T06_T07_T08	T10/T11/T18	not_recorded_pending_rights_review	initial_audit_complete_with_findings	pending_independent_adjudication	blocked_not_validated	src/data/mocks/toefl-set-20.ts	Codex_initial_editorial_audit	2026-08-09
item:t20-s-rp4	object:t20-s-rp4	set-20	12	R-012	Listen and Repeat	repeat	B	repair_before_pilot	critical	GOV-001;AUD-001;S001-001	handled	pending_T06_T07_T08	T10/T11/T18	not_recorded_pending_rights_review	initial_audit_complete_with_findings	pending_independent_adjudication	blocked_not_validated	src/data/mocks/toefl-set-20.ts	Codex_initial_editorial_audit	2026-08-09
item:t20-s-rp5	object:t20-s-rp5	set-20	12	R-012	Listen and Repeat	repeat	B	repair_before_pilot	critical	GOV-001;AUD-001;S001-001	handled	pending_T06_T07_T08	T10/T11/T18	not_recorded_pending_rights_review	initial_audit_complete_with_findings	pending_independent_adjudication	blocked_not_validated	src/data/mocks/toefl-set-20.ts	Codex_initial_editorial_audit	2026-08-09
item:t20-s-iv1	object:t20-s-iv1	set-20	13	R-013	Take an Interview	speak	B	repair_before_pilot	high	GOV-001;S002-001;S002-002	handled	not_applicable	T10/T11/T19	not_recorded_pending_rights_review	initial_audit_complete_with_findings	pending_independent_adjudication	blocked_not_validated	src/data/mocks/toefl-set-20.ts	Codex_initial_editorial_audit	2026-08-09
item:t20-s-iv2	object:t20-s-iv2	set-20	13	R-013	Take an Interview	speak	B	repair_before_pilot	high	GOV-001;S002-001;S002-002	handled	not_applicable	T10/T11/T19	not_recorded_pending_rights_review	initial_audit_complete_with_findings	pending_independent_adjudication	blocked_not_validated	src/data/mocks/toefl-set-20.ts	Codex_initial_editorial_audit	2026-08-09
item:t20-s-iv3	object:t20-s-iv3	set-20	13	R-013	Take an Interview	speak	B	repair_before_pilot	high	GOV-001;S002-001;S002-002	handled	not_applicable	T10/T11/T19	not_recorded_pending_rights_review	initial_audit_complete_with_findings	pending_independent_adjudication	blocked_not_validated	src/data/mocks/toefl-set-20.ts	Codex_initial_editorial_audit	2026-08-09
item:t20-s-iv4	object:t20-s-iv4	set-20	13	R-013	Take an Interview	speak	B	repair_before_pilot	high	GOV-001;S002-001;S002-002;REP-001	handled	not_applicable	T10/T11/T19	not_recorded_pending_rights_review	initial_audit_complete_with_findings	pending_independent_adjudication	blocked_not_validated	src/data/mocks/toefl-set-20.ts	Codex_initial_editorial_audit	2026-08-09
