# manifest_id	toefl-2026-audio-manifest
# manifest_version	2026-08-09.v1
# snapshot_date	2026-08-09
# official_registry	toefl-ibt-2026@2026-08-09.v2
# source_fingerprint	50b3b8d7dd04826cf625052e7910b844c305894d43b2eae5fda01f881d3d512d
# audio_fingerprint	dab2fdb8340d2dc72df4d70923985bdfd876174a922d646a3795bb39a5619842
# editorial_inventory	toefl-2026-editorial-inventory@2026-08-09.v1
# ffprobe_version	8.1.1
# source_scope	src/data/mocks/toefl-set-{1..20}.ts + public/audio/toefl/set-{1..20}/*.mp3
# source_asset_id_policy	blank_means_original_root_asset
# transcript_policy	canonical_blank_until_T07; candidate_ref_and_hash_preserve_source
asset_id	source_asset_id	asset_version	set_id	part	task_rule	task_type	stimulus_id	section_id	item_id	linked_item_ids	source_file	source_field	public_url	path	sha256	bytes	duration_ms	codec	sample_rate_hz	channels	channel_layout	bitrate_bps	loudness_lufs	true_peak_db	canonical_transcript	canonical_transcript_status	transcript_candidate_ref	transcript_candidate_sha256	transcript_candidate_chars	transcript_candidate_words	asr_transcript	asr_status	wer_or_diff	voice_ids	voice_roles	generator	model	settings	license_and_provenance	editorial_state	validation_status	technical_status	linguistic_status	human_status	reuse_class	reuse_status	reviewed_at	reviewer
asset:toefl:set-1:part-5:listen-choose-1		legacy_unversioned	set-1	5	L-001	Listen and Choose a Response	stimulus:t1-l-cr1:audio	section:set-1:part-5	item:t1-l-cr1	item:t1-l-cr1	src/data/mocks/toefl-set-1.ts	question.audioUrl	/audio/toefl/set-1/listen-choose-1.mp3	public/audio/toefl/set-1/listen-choose-1.mp3	5c397a1458bbc2def111e50648c9e742c4a074fbbfdc742a3478faa6fd6fd076	24912	3040	mp3	44100	1	mono	64000				missing_source_pending_T07						not_run_pending_T07		not_recorded	not_recorded	not_recorded	not_recorded	not_recorded	not_recorded_pending_rights_review	draft	legacy_unverified	inventoried_pending_T06	pending_T07	not_reviewed_pending_T08		pending_T06_T07_T08		not_assigned
asset:toefl:set-1:part-5:listen-choose-2		legacy_unversioned	set-1	5	L-001	Listen and Choose a Response	stimulus:t1-l-cr2:audio	section:set-1:part-5	item:t1-l-cr2	item:t1-l-cr2	src/data/mocks/toefl-set-1.ts	question.audioUrl	/audio/toefl/set-1/listen-choose-2.mp3	public/audio/toefl/set-1/listen-choose-2.mp3	8d276425d7a469d4280462c64cface44531b009a6a8aa12035e7d81357e745ad	26166	3200	mp3	44100	1	mono	64000				missing_source_pending_T07						not_run_pending_T07		not_recorded	not_recorded	not_recorded	not_recorded	not_recorded	not_recorded_pending_rights_review	draft	legacy_unverified	inventoried_pending_T06	pending_T07	not_reviewed_pending_T08		pending_T06_T07_T08		not_assigned
asset:toefl:set-1:part-5:listen-choose-3		legacy_unversioned	set-1	5	L-001	Listen and Choose a Response	stimulus:t1-l-cr3:audio	section:set-1:part-5	item:t1-l-cr3	item:t1-l-cr3	src/data/mocks/toefl-set-1.ts	question.audioUrl	/audio/toefl/set-1/listen-choose-3.mp3	public/audio/toefl/set-1/listen-choose-3.mp3	03fcd6e06d67a8aade21f2492326d1b50fc697ba8a4e1b2e93d165a8f2f7172a	27420	3360	mp3	44100	1	mono	64000				missing_source_pending_T07						not_run_pending_T07		not_recorded	not_recorded	not_recorded	not_recorded	not_recorded	not_recorded_pending_rights_review	draft	legacy_unverified	inventoried_pending_T06	pending_T07	not_reviewed_pending_T08		pending_T06_T07_T08		not_assigned
asset:toefl:set-1:part-5:listen-choose-4		legacy_unversioned	set-1	5	L-001	Listen and Choose a Response	stimulus:t1-l-cr4:audio	section:set-1:part-5	item:t1-l-cr4	item:t1-l-cr4	src/data/mocks/toefl-set-1.ts	question.audioUrl	/audio/toefl/set-1/listen-choose-4.mp3	public/audio/toefl/set-1/listen-choose-4.mp3	11944be706b6c2165c5b11575adf8e45a556dd6b00d86d72c654107ec4979758	24285	2960	mp3	44100	1	mono	64000				missing_source_pending_T07						not_run_pending_T07		not_recorded	not_recorded	not_recorded	not_recorded	not_recorded	not_recorded_pending_rights_review	draft	legacy_unverified	inventoried_pending_T06	pending_T07	not_reviewed_pending_T08		pending_T06_T07_T08		not_assigned
asset:toefl:set-1:part-5:listen-choose-5		legacy_unversioned	set-1	5	L-001	Listen and Choose a Response	stimulus:t1-l-cr5:audio	section:set-1:part-5	item:t1-l-cr5	item:t1-l-cr5	src/data/mocks/toefl-set-1.ts	question.audioUrl	/audio/toefl/set-1/listen-choose-5.mp3	public/audio/toefl/set-1/listen-choose-5.mp3	3f2c2190bd33607ec3d0a8669b90f0e5e841e9c891585b5a0085a181439d9bee	24285	2960	mp3	44100	1	mono	64000				missing_source_pending_T07						not_run_pending_T07		not_recorded	not_recorded	not_recorded	not_recorded	not_recorded	not_recorded_pending_rights_review	draft	legacy_unverified	inventoried_pending_T06	pending_T07	not_reviewed_pending_T08		pending_T06_T07_T08		not_assigned
asset:toefl:set-1:part-6:conversation		legacy_unversioned	set-1	6	L-002	Listen to a Conversation	stimulus:set-1:part-6:audio	section:set-1:part-6		item:t1-l-cv1;item:t1-l-cv2;item:t1-l-cv3;item:t1-l-cv4	src/data/mocks/toefl-set-1.ts	section.audioUrl	/audio/toefl/set-1/conversation.mp3	public/audio/toefl/set-1/conversation.mp3	dfe47b5aacf092cdeaad940111968c1413856b9c184c529abd92ea06a21c645b	515805	64400	mp3	44100	1	mono	64000				not_adjudicated_pending_T07	section:set-1:part-6.transcript	f856c97bfb3a9eb8d959c746fabae242e75f9841f29e2fe0eeb00e145d3b422b	1128	199		not_run_pending_T07		not_recorded	not_recorded	not_recorded	not_recorded	not_recorded	not_recorded_pending_rights_review	draft	legacy_unverified	inventoried_pending_T06	pending_T07	not_reviewed_pending_T08		pending_T06_T07_T08		not_assigned
asset:toefl:set-1:part-7:announcement		legacy_unversioned	set-1	7	L-003	Listen to an Announcement	stimulus:set-1:part-7:audio	section:set-1:part-7		item:t1-l-an1;item:t1-l-an2;item:t1-l-an3	src/data/mocks/toefl-set-1.ts	section.audioUrl	/audio/toefl/set-1/announcement.mp3	public/audio/toefl/set-1/announcement.mp3	379645912b17f6a6ca37d66f0b5e5599bc435ed6775331da1150431e656448dd	423645	52880	mp3	44100	1	mono	64000				not_adjudicated_pending_T07	section:set-1:part-7.transcript	f5a46461ae99e09e3104853a18823e4970d549c77f55d87f1807e0a466ff528c	888	151		not_run_pending_T07		not_recorded	not_recorded	not_recorded	not_recorded	not_recorded	not_recorded_pending_rights_review	draft	legacy_unverified	inventoried_pending_T06	pending_T07	not_reviewed_pending_T08		pending_T06_T07_T08		not_assigned
asset:toefl:set-1:part-8:academic-talk		legacy_unversioned	set-1	8	L-004	Listen to an Academic Talk	stimulus:set-1:part-8:audio	section:set-1:part-8		item:t1-l-at1;item:t1-l-at2;item:t1-l-at3;item:t1-l-at4;item:t1-l-at5	src/data/mocks/toefl-set-1.ts	section.audioUrl	/audio/toefl/set-1/academic-talk.mp3	public/audio/toefl/set-1/academic-talk.mp3	77c55ddb0db398c3372372a401664812ae2ff2ad01505cbbd843e493690e91d9	1112860	139040	mp3	44100	1	mono	64000				not_adjudicated_pending_T07	section:set-1:part-8.transcript	4beee4c089c30e1c8a02b09ece23095e61849640b551fd30f07f0c5ac38775bd	1861	314		not_run_pending_T07		not_recorded	not_recorded	not_recorded	not_recorded	not_recorded	not_recorded_pending_rights_review	draft	legacy_unverified	inventoried_pending_T06	pending_T07	not_reviewed_pending_T08		pending_T06_T07_T08		not_assigned
asset:toefl:set-1:part-12:repeat-1		legacy_unversioned	set-1	12	S-001	Listen and Repeat	stimulus:t1-s-rp1:audio	section:set-1:part-12	item:t1-s-rp1	item:t1-s-rp1	src/data/mocks/toefl-set-1.ts	question.audioUrl	/audio/toefl/set-1/repeat-1.mp3	public/audio/toefl/set-1/repeat-1.mp3	6802849e7b9e1caa8b212bb811204d708306d9dc3caba5e743f35f2f7f48335d	12164	1440	mp3	44100	1	mono	64000				not_adjudicated_pending_T07	object:t1-s-rp1.targetSentence	57b2f27e4afb6b615e97952aa5a9572a2b3c7d5baadac3dc4b24c41a4c91453d	21	4		not_run_pending_T07		not_recorded	not_recorded	not_recorded	not_recorded	not_recorded	not_recorded_pending_rights_review	draft	legacy_unverified	inventoried_pending_T06	pending_T07	not_reviewed_pending_T08		pending_T06_T07_T08		not_assigned
asset:toefl:set-1:part-12:repeat-2		legacy_unversioned	set-1	12	S-001	Listen and Repeat	stimulus:t1-s-rp2:audio	section:set-1:part-12	item:t1-s-rp2	item:t1-s-rp2	src/data/mocks/toefl-set-1.ts	question.audioUrl	/audio/toefl/set-1/repeat-2.mp3	public/audio/toefl/set-1/repeat-2.mp3	b6293b7f3481e30af575169049d493531c9be4af51d2e6e3f9a69f3f9037bafa	20315	2480	mp3	44100	1	mono	64000				not_adjudicated_pending_T07	object:t1-s-rp2.targetSentence	bdf6b1ae56aa4a040aea12dae9726813734756319d8f7c06b8ab4cfe7c7376cf	43	8		not_run_pending_T07		not_recorded	not_recorded	not_recorded	not_recorded	not_recorded	not_recorded_pending_rights_review	draft	legacy_unverified	inventoried_pending_T06	pending_T07	not_reviewed_pending_T08		pending_T06_T07_T08		not_assigned
asset:toefl:set-1:part-12:repeat-3		legacy_unversioned	set-1	12	S-001	Listen and Repeat	stimulus:t1-s-rp3:audio	section:set-1:part-12	item:t1-s-rp3	item:t1-s-rp3	src/data/mocks/toefl-set-1.ts	question.audioUrl	/audio/toefl/set-1/repeat-3.mp3	public/audio/toefl/set-1/repeat-3.mp3	02d1281e5aa876826ad9c3ec8282bf9fc54a177aa37aed508b93d632a588a61d	28674	3520	mp3	44100	1	mono	64000				not_adjudicated_pending_T07	object:t1-s-rp3.targetSentence	fb92557b69f200e0f01626379475002902a49a238219f215861ace6f771c94e7	51	9		not_run_pending_T07		not_recorded	not_recorded	not_recorded	not_recorded	not_recorded	not_recorded_pending_rights_review	draft	legacy_unverified	inventoried_pending_T06	pending_T07	not_reviewed_pending_T08		pending_T06_T07_T08		not_assigned
asset:toefl:set-1:part-12:repeat-4		legacy_unversioned	set-1	12	S-001	Listen and Repeat	stimulus:t1-s-rp4:audio	section:set-1:part-12	item:t1-s-rp4	item:t1-s-rp4	src/data/mocks/toefl-set-1.ts	question.audioUrl	/audio/toefl/set-1/repeat-4.mp3	public/audio/toefl/set-1/repeat-4.mp3	fab7ba04db4eb61b6ae8c47238935eb509fb6cb2b7bba7109b71768c300b5954	27420	3360	mp3	44100	1	mono	64000				not_adjudicated_pending_T07	object:t1-s-rp4.targetSentence	d9ee6a24326b7e08432e772795f269bab8e7f8c8edb0f624113cb1e71cba884a	72	12		not_run_pending_T07		not_recorded	not_recorded	not_recorded	not_recorded	not_recorded	not_recorded_pending_rights_review	draft	legacy_unverified	inventoried_pending_T06	pending_T07	not_reviewed_pending_T08		pending_T06_T07_T08		not_assigned
asset:toefl:set-1:part-12:repeat-5		legacy_unversioned	set-1	12	S-001	Listen and Repeat	stimulus:t1-s-rp5:audio	section:set-1:part-12	item:t1-s-rp5	item:t1-s-rp5	src/data/mocks/toefl-set-1.ts	question.audioUrl	/audio/toefl/set-1/repeat-5.mp3	public/audio/toefl/set-1/repeat-5.mp3	528f7c97b9c2922e15a4b78bd1b78be063ec349fa615ab82ef452ced173484d0	37033	4560	mp3	44100	1	mono	64000				not_adjudicated_pending_T07	object:t1-s-rp5.targetSentence	76c801f55e37e7d167f554c51178d90f2adc2065438d15dc8b70eb07575c9f62	86	15		not_run_pending_T07		not_recorded	not_recorded	not_recorded	not_recorded	not_recorded	not_recorded_pending_rights_review	draft	legacy_unverified	inventoried_pending_T06	pending_T07	not_reviewed_pending_T08		pending_T06_T07_T08		not_assigned
asset:toefl:set-2:part-5:listen-choose-1		legacy_unversioned	set-2	5	L-001	Listen and Choose a Response	stimulus:t2-l-cr1:audio	section:set-2:part-5	item:t2-l-cr1	item:t2-l-cr1	src/data/mocks/toefl-set-2.ts	question.audioUrl	/audio/toefl/set-2/listen-choose-1.mp3	public/audio/toefl/set-2/listen-choose-1.mp3	d9fd61a586887ea4c546b12880cd9860eff1735e47eb7cddc3adf1a56053d863	23031	2820	mp3	44100	1	mono	64000				missing_source_pending_T07						not_run_pending_T07		not_recorded	not_recorded	not_recorded	not_recorded	not_recorded	not_recorded_pending_rights_review	draft	legacy_unverified	inventoried_pending_T06	pending_T07	not_reviewed_pending_T08		pending_T06_T07_T08		not_assigned
asset:toefl:set-2:part-5:listen-choose-2		legacy_unversioned	set-2	5	L-001	Listen and Choose a Response	stimulus:t2-l-cr2:audio	section:set-2:part-5	item:t2-l-cr2	item:t2-l-cr2	src/data/mocks/toefl-set-2.ts	question.audioUrl	/audio/toefl/set-2/listen-choose-2.mp3	public/audio/toefl/set-2/listen-choose-2.mp3	69cf115e4ff99383c423c7f6bb380110b9149f32a9380bf49c44f2cd604203f7	28256	3460	mp3	44100	1	mono	64000				missing_source_pending_T07						not_run_pending_T07		not_recorded	not_recorded	not_recorded	not_recorded	not_recorded	not_recorded_pending_rights_review	draft	legacy_unverified	inventoried_pending_T06	pending_T07	not_reviewed_pending_T08		pending_T06_T07_T08		not_assigned
asset:toefl:set-2:part-5:listen-choose-3		legacy_unversioned	set-2	5	L-001	Listen and Choose a Response	stimulus:t2-l-cr3:audio	section:set-2:part-5	item:t2-l-cr3	item:t2-l-cr3	src/data/mocks/toefl-set-2.ts	question.audioUrl	/audio/toefl/set-2/listen-choose-3.mp3	public/audio/toefl/set-2/listen-choose-3.mp3	c16d10b8076bfee5899154435f422d5b3dd27a5e143a548828ecc1de613b2462	18016	2180	mp3	44100	1	mono	64000				missing_source_pending_T07						not_run_pending_T07		not_recorded	not_recorded	not_recorded	not_recorded	not_recorded	not_recorded_pending_rights_review	draft	legacy_unverified	inventoried_pending_T06	pending_T07	not_reviewed_pending_T08		pending_T06_T07_T08		not_assigned
asset:toefl:set-2:part-5:listen-choose-4		legacy_unversioned	set-2	5	L-001	Listen and Choose a Response	stimulus:t2-l-cr4:audio	section:set-2:part-5	item:t2-l-cr4	item:t2-l-cr4	src/data/mocks/toefl-set-2.ts	question.audioUrl	/audio/toefl/set-2/listen-choose-4.mp3	public/audio/toefl/set-2/listen-choose-4.mp3	d219aee6ac206599216dc50bb76ffd7219070fef6c63d99a5dbcacf83ce8b652	29510	3620	mp3	44100	1	mono	64000				missing_source_pending_T07						not_run_pending_T07		not_recorded	not_recorded	not_recorded	not_recorded	not_recorded	not_recorded_pending_rights_review	draft	legacy_unverified	inventoried_pending_T06	pending_T07	not_reviewed_pending_T08		pending_T06_T07_T08		not_assigned
asset:toefl:set-2:part-5:listen-choose-5		legacy_unversioned	set-2	5	L-001	Listen and Choose a Response	stimulus:t2-l-cr5:audio	section:set-2:part-5	item:t2-l-cr5	item:t2-l-cr5	src/data/mocks/toefl-set-2.ts	question.audioUrl	/audio/toefl/set-2/listen-choose-5.mp3	public/audio/toefl/set-2/listen-choose-5.mp3	66ef7eaddff6f90b8dc91cc87272dbfb14c1fd4b7d31c22c83b54c73b7639bb3	27002	3300	mp3	44100	1	mono	64000				missing_source_pending_T07						not_run_pending_T07		not_recorded	not_recorded	not_recorded	not_recorded	not_recorded	not_recorded_pending_rights_review	draft	legacy_unverified	inventoried_pending_T06	pending_T07	not_reviewed_pending_T08		pending_T06_T07_T08		not_assigned
asset:toefl:set-2:part-6:conversation		legacy_unversioned	set-2	6	L-002	Listen to a Conversation	stimulus:set-2:part-6:audio	section:set-2:part-6		item:t2-l-cv1;item:t2-l-cv2;item:t2-l-cv3;item:t2-l-cv4	src/data/mocks/toefl-set-2.ts	section.audioUrl	/audio/toefl/set-2/conversation.mp3	public/audio/toefl/set-2/conversation.mp3	3f66fa0793a1a025aef50df37fd73f5bfaab9084966e2c2d02bf2efc43d77a20	693229	86580	mp3	44100	1	mono	64000				not_adjudicated_pending_T07	section:set-2:part-6.transcript	fd0146517c38110d0f94f300dd7d2a68f243fff1a6d25ad626481a9fd307d55d	1421	239		not_run_pending_T07		not_recorded	not_recorded	not_recorded	not_recorded	not_recorded	not_recorded_pending_rights_review	draft	legacy_unverified	inventoried_pending_T06	pending_T07	not_reviewed_pending_T08		pending_T06_T07_T08		not_assigned
asset:toefl:set-2:part-7:announcement		legacy_unversioned	set-2	7	L-003	Listen to an Announcement	stimulus:set-2:part-7:audio	section:set-2:part-7		item:t2-l-an1;item:t2-l-an2;item:t2-l-an3	src/data/mocks/toefl-set-2.ts	section.audioUrl	/audio/toefl/set-2/announcement.mp3	public/audio/toefl/set-2/announcement.mp3	33012af8b9274a7b2c31df0c699dafb0fe38e71d6b02f6a1ad450298366893e0	418003	52180	mp3	44100	1	mono	64000				not_adjudicated_pending_T07	section:set-2:part-7.transcript	bcffa5dd0215cb92e8c7dac9ce21948f099d13fe72190c4b286f2aeb8e8668a2	896	165		not_run_pending_T07		not_recorded	not_recorded	not_recorded	not_recorded	not_recorded	not_recorded_pending_rights_review	draft	legacy_unverified	inventoried_pending_T06	pending_T07	not_reviewed_pending_T08		pending_T06_T07_T08		not_assigned
asset:toefl:set-2:part-8:academic-talk		legacy_unversioned	set-2	8	L-004	Listen to an Academic Talk	stimulus:set-2:part-8:audio	section:set-2:part-8		item:t2-l-at1;item:t2-l-at2;item:t2-l-at3;item:t2-l-at4;item:t2-l-at5	src/data/mocks/toefl-set-2.ts	section.audioUrl	/audio/toefl/set-2/academic-talk.mp3	public/audio/toefl/set-2/academic-talk.mp3	2abaea77d843663493e5aad9e2fcc24d836596f6970b553380d0e60290a6492a	1150267	143701	mp3	44100	1	mono	64000				not_adjudicated_pending_T07	section:set-2:part-8.transcript	55cb0748f3335e230fbe54355027a4f1f094ca027d76018bdf393a682cd4e631	1892	314		not_run_pending_T07		not_recorded	not_recorded	not_recorded	not_recorded	not_recorded	not_recorded_pending_rights_review	draft	legacy_unverified	inventoried_pending_T06	pending_T07	not_reviewed_pending_T08		pending_T06_T07_T08		not_assigned
asset:toefl:set-2:part-12:repeat-1		legacy_unversioned	set-2	12	S-001	Listen and Repeat	stimulus:t2-s-rp1:audio	section:set-2:part-12	item:t2-s-rp1	item:t2-s-rp1	src/data/mocks/toefl-set-2.ts	question.audioUrl	/audio/toefl/set-2/repeat-1.mp3	public/audio/toefl/set-2/repeat-1.mp3	757d57e54e6d519296657ca579ee14bbb6250c425ee1bd76e491dca731b37619	16762	2020	mp3	44100	1	mono	64000				not_adjudicated_pending_T07	object:t2-s-rp1.targetSentence	366feda700e37d1a1d724ade72261dac48bca05c29e630c39036dae2dd0a3ed8	23	5		not_run_pending_T07		not_recorded	not_recorded	not_recorded	not_recorded	not_recorded	not_recorded_pending_rights_review	draft	legacy_unverified	inventoried_pending_T06	pending_T07	not_reviewed_pending_T08		pending_T06_T07_T08		not_assigned
asset:toefl:set-2:part-12:repeat-2		legacy_unversioned	set-2	12	S-001	Listen and Repeat	stimulus:t2-s-rp2:audio	section:set-2:part-12	item:t2-s-rp2	item:t2-s-rp2	src/data/mocks/toefl-set-2.ts	question.audioUrl	/audio/toefl/set-2/repeat-2.mp3	public/audio/toefl/set-2/repeat-2.mp3	6c53cef42b966dd2ba3e12001fd14b3c9ee1a112dd7aeeef02ed4729e0f24c07	23867	2901	mp3	44100	1	mono	64000				not_adjudicated_pending_T07	object:t2-s-rp2.targetSentence	fb6e335b3f36f9ad0c06071028e6ebf31570dfe84768f04d3a8dffe58aa3aeb4	43	7		not_run_pending_T07		not_recorded	not_recorded	not_recorded	not_recorded	not_recorded	not_recorded_pending_rights_review	draft	legacy_unverified	inventoried_pending_T06	pending_T07	not_reviewed_pending_T08		pending_T06_T07_T08		not_assigned
asset:toefl:set-2:part-12:repeat-3		legacy_unversioned	set-2	12	S-001	Listen and Repeat	stimulus:t2-s-rp3:audio	section:set-2:part-12	item:t2-s-rp3	item:t2-s-rp3	src/data/mocks/toefl-set-2.ts	question.audioUrl	/audio/toefl/set-2/repeat-3.mp3	public/audio/toefl/set-2/repeat-3.mp3	6d90fcd5d270277452675783843f7ef0f243abcf004f1fe03453cb994884c8ef	30764	3780	mp3	44100	1	mono	64000				not_adjudicated_pending_T07	object:t2-s-rp3.targetSentence	cc159a7e2accfb6cf90c109cc66329486b6ddfb26d68330cd7fb4e2e6ed29440	55	8		not_run_pending_T07		not_recorded	not_recorded	not_recorded	not_recorded	not_recorded	not_recorded_pending_rights_review	draft	legacy_unverified	inventoried_pending_T06	pending_T07	not_reviewed_pending_T08		pending_T06_T07_T08		not_assigned
asset:toefl:set-2:part-12:repeat-4		legacy_unversioned	set-2	12	S-001	Listen and Repeat	stimulus:t2-s-rp4:audio	section:set-2:part-12	item:t2-s-rp4	item:t2-s-rp4	src/data/mocks/toefl-set-2.ts	question.audioUrl	/audio/toefl/set-2/repeat-4.mp3	public/audio/toefl/set-2/repeat-4.mp3	6995e51b473dabba0e1ecf9d65b9d315f152d3778ab1da5299fd7699fb11f4bb	39123	4820	mp3	44100	1	mono	64000				not_adjudicated_pending_T07	object:t2-s-rp4.targetSentence	58a210fc3f344d0c8257c6630a04b2792c31f0f15abb18a9919ccf11dbfcf4e3	79	14		not_run_pending_T07		not_recorded	not_recorded	not_recorded	not_recorded	not_recorded	not_recorded_pending_rights_review	draft	legacy_unverified	inventoried_pending_T06	pending_T07	not_reviewed_pending_T08		pending_T06_T07_T08		not_assigned
asset:toefl:set-2:part-12:repeat-5		legacy_unversioned	set-2	12	S-001	Listen and Repeat	stimulus:t2-s-rp5:audio	section:set-2:part-12	item:t2-s-rp5	item:t2-s-rp5	src/data/mocks/toefl-set-2.ts	question.audioUrl	/audio/toefl/set-2/repeat-5.mp3	public/audio/toefl/set-2/repeat-5.mp3	7512f0c7100710937157c477e686e4ac728ac455d6b2d3a237f73e237b503c44	42257	5220	mp3	44100	1	mono	64000				not_adjudicated_pending_T07	object:t2-s-rp5.targetSentence	6b9477cc0ba7c66993a744493ce95bb0bcb8d843e886b68bf9bdf30142e32d21	98	16		not_run_pending_T07		not_recorded	not_recorded	not_recorded	not_recorded	not_recorded	not_recorded_pending_rights_review	draft	legacy_unverified	inventoried_pending_T06	pending_T07	not_reviewed_pending_T08		pending_T06_T07_T08		not_assigned
asset:toefl:set-3:part-5:listen-choose-1		legacy_unversioned	set-3	5	L-001	Listen and Choose a Response	stimulus:t3-l-cr1:audio	section:set-3:part-5	item:t3-l-cr1	item:t3-l-cr1	src/data/mocks/toefl-set-3.ts	question.audioUrl	/audio/toefl/set-3/listen-choose-1.mp3	public/audio/toefl/set-3/listen-choose-1.mp3	0ad66b726fc0fbe22e4121bdbcd8fc9ddef1c186dfae46af153e32e7b56469aa	26375	3220	mp3	44100	1	mono	64000				missing_source_pending_T07						not_run_pending_T07		not_recorded	not_recorded	not_recorded	not_recorded	not_recorded	not_recorded_pending_rights_review	draft	legacy_unverified	inventoried_pending_T06	pending_T07	not_reviewed_pending_T08		pending_T06_T07_T08		not_assigned
asset:toefl:set-3:part-5:listen-choose-2		legacy_unversioned	set-3	5	L-001	Listen and Choose a Response	stimulus:t3-l-cr2:audio	section:set-3:part-5	item:t3-l-cr2	item:t3-l-cr2	src/data/mocks/toefl-set-3.ts	question.audioUrl	/audio/toefl/set-3/listen-choose-2.mp3	public/audio/toefl/set-3/listen-choose-2.mp3	b3ceb9e000eb718e20cb443c9ee32aef6d711dcc4d782d0e8f5182bb5c193f0e	33271	4100	mp3	44100	1	mono	64000				missing_source_pending_T07						not_run_pending_T07		not_recorded	not_recorded	not_recorded	not_recorded	not_recorded	not_recorded_pending_rights_review	draft	legacy_unverified	inventoried_pending_T06	pending_T07	not_reviewed_pending_T08		pending_T06_T07_T08		not_assigned
asset:toefl:set-3:part-5:listen-choose-3		legacy_unversioned	set-3	5	L-001	Listen and Choose a Response	stimulus:t3-l-cr3:audio	section:set-3:part-5	item:t3-l-cr3	item:t3-l-cr3	src/data/mocks/toefl-set-3.ts	question.audioUrl	/audio/toefl/set-3/listen-choose-3.mp3	public/audio/toefl/set-3/listen-choose-3.mp3	8e4d20134fc31874a6c6fb400af9892829aa66f7499cb47fbb70166399aec9e4	24494	2980	mp3	44100	1	mono	64000				missing_source_pending_T07						not_run_pending_T07		not_recorded	not_recorded	not_recorded	not_recorded	not_recorded	not_recorded_pending_rights_review	draft	legacy_unverified	inventoried_pending_T06	pending_T07	not_reviewed_pending_T08		pending_T06_T07_T08		not_assigned
asset:toefl:set-3:part-5:listen-choose-4		legacy_unversioned	set-3	5	L-001	Listen and Choose a Response	stimulus:t3-l-cr4:audio	section:set-3:part-5	item:t3-l-cr4	item:t3-l-cr4	src/data/mocks/toefl-set-3.ts	question.audioUrl	/audio/toefl/set-3/listen-choose-4.mp3	public/audio/toefl/set-3/listen-choose-4.mp3	c53a5f618ddaeede7d23ec1032f468d611371262277ac4a08259374566449d29	29510	3620	mp3	44100	1	mono	64000				missing_source_pending_T07						not_run_pending_T07		not_recorded	not_recorded	not_recorded	not_recorded	not_recorded	not_recorded_pending_rights_review	draft	legacy_unverified	inventoried_pending_T06	pending_T07	not_reviewed_pending_T08		pending_T06_T07_T08		not_assigned
asset:toefl:set-3:part-5:listen-choose-5		legacy_unversioned	set-3	5	L-001	Listen and Choose a Response	stimulus:t3-l-cr5:audio	section:set-3:part-5	item:t3-l-cr5	item:t3-l-cr5	src/data/mocks/toefl-set-3.ts	question.audioUrl	/audio/toefl/set-3/listen-choose-5.mp3	public/audio/toefl/set-3/listen-choose-5.mp3	6e18d5c4adefc11b1d087d5455b188804a737a515964fb1b32a7cc8c14350486	25748	3140	mp3	44100	1	mono	64000				missing_source_pending_T07						not_run_pending_T07		not_recorded	not_recorded	not_recorded	not_recorded	not_recorded	not_recorded_pending_rights_review	draft	legacy_unverified	inventoried_pending_T06	pending_T07	not_reviewed_pending_T08		pending_T06_T07_T08		not_assigned
asset:toefl:set-3:part-6:conversation		legacy_unversioned	set-3	6	L-002	Listen to a Conversation	stimulus:set-3:part-6:audio	section:set-3:part-6		item:t3-l-cv1;item:t3-l-cv2;item:t3-l-cv3;item:t3-l-cv4	src/data/mocks/toefl-set-3.ts	section.audioUrl	/audio/toefl/set-3/conversation.mp3	public/audio/toefl/set-3/conversation.mp3	fe728509f5f704d94700309c4597d1de5de38848fc8a12e608d4759394c520d3	598561	74740	mp3	44100	1	mono	64000				not_adjudicated_pending_T07	section:set-3:part-6.transcript	2fb600308bde0b2bcf3dbcab59294d72f367ce5621310a00458e419bcbc33665	1313	227		not_run_pending_T07		not_recorded	not_recorded	not_recorded	not_recorded	not_recorded	not_recorded_pending_rights_review	draft	legacy_unverified	inventoried_pending_T06	pending_T07	not_reviewed_pending_T08		pending_T06_T07_T08		not_assigned
asset:toefl:set-3:part-7:announcement		legacy_unversioned	set-3	7	L-003	Listen to an Announcement	stimulus:set-3:part-7:audio	section:set-3:part-7		item:t3-l-an1;item:t3-l-an2;item:t3-l-an3	src/data/mocks/toefl-set-3.ts	section.audioUrl	/audio/toefl/set-3/announcement.mp3	public/audio/toefl/set-3/announcement.mp3	5f97055dc409da12cbbf832c21e394be67b0ac485e9e7c98d982d7e0f71f15a6	444961	55540	mp3	44100	1	mono	64000				not_adjudicated_pending_T07	section:set-3:part-7.transcript	5a7cb5851f3b5bb4c0da17da9fa69d6e9be57dc2e01e59ffdf244fc177878f53	947	164		not_run_pending_T07		not_recorded	not_recorded	not_recorded	not_recorded	not_recorded	not_recorded_pending_rights_review	draft	legacy_unverified	inventoried_pending_T06	pending_T07	not_reviewed_pending_T08		pending_T06_T07_T08		not_assigned
asset:toefl:set-3:part-8:academic-talk		legacy_unversioned	set-3	8	L-004	Listen to an Academic Talk	stimulus:set-3:part-8:audio	section:set-3:part-8		item:t3-l-at1;item:t3-l-at2;item:t3-l-at3;item:t3-l-at4;item:t3-l-at5	src/data/mocks/toefl-set-3.ts	section.audioUrl	/audio/toefl/set-3/academic-talk.mp3	public/audio/toefl/set-3/academic-talk.mp3	9517ee793d4fcb710ec4a46299c47840c1eafd54a4c33b85b650323856e15978	1015057	126820	mp3	44100	1	mono	64000				not_adjudicated_pending_T07	section:set-3:part-8.transcript	974108eeff00e5b82750dceb3f3589f882269608fb2888ebd53af085796b97e8	1926	306		not_run_pending_T07		not_recorded	not_recorded	not_recorded	not_recorded	not_recorded	not_recorded_pending_rights_review	draft	legacy_unverified	inventoried_pending_T06	pending_T07	not_reviewed_pending_T08		pending_T06_T07_T08		not_assigned
asset:toefl:set-3:part-12:repeat-1		legacy_unversioned	set-3	12	S-001	Listen and Repeat	stimulus:t3-s-rp1:audio	section:set-3:part-12	item:t3-s-rp1	item:t3-s-rp1	src/data/mocks/toefl-set-3.ts	question.audioUrl	/audio/toefl/set-3/repeat-1.mp3	public/audio/toefl/set-3/repeat-1.mp3	98c35c61be6eda2fcd7b7e2708b9ef0c56b8bf61f75574f5fadda423227c6632	18016	2180	mp3	44100	1	mono	64000				not_adjudicated_pending_T07	object:t3-s-rp1.targetSentence	626b0f31346a0b3fee825c0450a07034e4c3e059b37e6d7cd1dd590ba34802fe	24	5		not_run_pending_T07		not_recorded	not_recorded	not_recorded	not_recorded	not_recorded	not_recorded_pending_rights_review	draft	legacy_unverified	inventoried_pending_T06	pending_T07	not_reviewed_pending_T08		pending_T06_T07_T08		not_assigned
asset:toefl:set-3:part-12:repeat-2		legacy_unversioned	set-3	12	S-001	Listen and Repeat	stimulus:t3-s-rp2:audio	section:set-3:part-12	item:t3-s-rp2	item:t3-s-rp2	src/data/mocks/toefl-set-3.ts	question.audioUrl	/audio/toefl/set-3/repeat-2.mp3	public/audio/toefl/set-3/repeat-2.mp3	2ec6c4c73c8d02730c67e6396e244f834ba53ca8bc3cff7518a9dc83c96208db	23031	2820	mp3	44100	1	mono	64000				not_adjudicated_pending_T07	object:t3-s-rp2.targetSentence	ffa53d2cfeacd48b301d93fde2af0f998062ea4590ea5dd1e2ab268d2903adee	40	8		not_run_pending_T07		not_recorded	not_recorded	not_recorded	not_recorded	not_recorded	not_recorded_pending_rights_review	draft	legacy_unverified	inventoried_pending_T06	pending_T07	not_reviewed_pending_T08		pending_T06_T07_T08		not_assigned
asset:toefl:set-3:part-12:repeat-3		legacy_unversioned	set-3	12	S-001	Listen and Repeat	stimulus:t3-s-rp3:audio	section:set-3:part-12	item:t3-s-rp3	item:t3-s-rp3	src/data/mocks/toefl-set-3.ts	question.audioUrl	/audio/toefl/set-3/repeat-3.mp3	public/audio/toefl/set-3/repeat-3.mp3	65d9c8e11240b15dd03c9ec48346c3c8467c0250ecbee714103cba5b3e314a02	28256	3460	mp3	44100	1	mono	64000				not_adjudicated_pending_T07	object:t3-s-rp3.targetSentence	01bdc4ef1ea8a433a87d8cf70ac38bc8b945a22a10d17a276157947b033fef36	55	8		not_run_pending_T07		not_recorded	not_recorded	not_recorded	not_recorded	not_recorded	not_recorded_pending_rights_review	draft	legacy_unverified	inventoried_pending_T06	pending_T07	not_reviewed_pending_T08		pending_T06_T07_T08		not_assigned
asset:toefl:set-3:part-12:repeat-4		legacy_unversioned	set-3	12	S-001	Listen and Repeat	stimulus:t3-s-rp4:audio	section:set-3:part-12	item:t3-s-rp4	item:t3-s-rp4	src/data/mocks/toefl-set-3.ts	question.audioUrl	/audio/toefl/set-3/repeat-4.mp3	public/audio/toefl/set-3/repeat-4.mp3	bff9d2b109fd579bd5adf6ef6430871e315ab352f91536941ce9082678204bb4	34107	4181	mp3	44100	1	mono	64000				not_adjudicated_pending_T07	object:t3-s-rp4.targetSentence	9e9a32c91ebd4c126fbad7acfbd69050c0b897a81047ac12664586e39ad2d3e8	77	12		not_run_pending_T07		not_recorded	not_recorded	not_recorded	not_recorded	not_recorded	not_recorded_pending_rights_review	draft	legacy_unverified	inventoried_pending_T06	pending_T07	not_reviewed_pending_T08		pending_T06_T07_T08		not_assigned
asset:toefl:set-3:part-12:repeat-5		legacy_unversioned	set-3	12	S-001	Listen and Repeat	stimulus:t3-s-rp5:audio	section:set-3:part-12	item:t3-s-rp5	item:t3-s-rp5	src/data/mocks/toefl-set-3.ts	question.audioUrl	/audio/toefl/set-3/repeat-5.mp3	public/audio/toefl/set-3/repeat-5.mp3	9b5a37554057d7bb71522c333ccb48b1b10ccf447bfab5ebac7915a5168f8527	49363	6100	mp3	44100	1	mono	64000				not_adjudicated_pending_T07	object:t3-s-rp5.targetSentence	0d2eb3cff788d9e1bf93b7b6cc1ed720be0cd507c87b9f20d5f128aaafafa1f2	96	14		not_run_pending_T07		not_recorded	not_recorded	not_recorded	not_recorded	not_recorded	not_recorded_pending_rights_review	draft	legacy_unverified	inventoried_pending_T06	pending_T07	not_reviewed_pending_T08		pending_T06_T07_T08		not_assigned
asset:toefl:set-4:part-5:listen-choose-1		legacy_unversioned	set-4	5	L-001	Listen and Choose a Response	stimulus:t4-l-cr1:audio	section:set-4:part-5	item:t4-l-cr1	item:t4-l-cr1	src/data/mocks/toefl-set-4.ts	question.audioUrl	/audio/toefl/set-4/listen-choose-1.mp3	public/audio/toefl/set-4/listen-choose-1.mp3	1a667699262b99a0c0c82c6b1607a79ea939d1471a99eb0a50f32645818c14c6	26375	3220	mp3	44100	1	mono	64000				missing_source_pending_T07						not_run_pending_T07		not_recorded	not_recorded	not_recorded	not_recorded	not_recorded	not_recorded_pending_rights_review	draft	legacy_unverified	inventoried_pending_T06	pending_T07	not_reviewed_pending_T08		pending_T06_T07_T08		not_assigned
asset:toefl:set-4:part-5:listen-choose-2		legacy_unversioned	set-4	5	L-001	Listen and Choose a Response	stimulus:t4-l-cr2:audio	section:set-4:part-5	item:t4-l-cr2	item:t4-l-cr2	src/data/mocks/toefl-set-4.ts	question.audioUrl	/audio/toefl/set-4/listen-choose-2.mp3	public/audio/toefl/set-4/listen-choose-2.mp3	c2fbc7f70cfffc85f465490cded3cefef3d64e1b96968744121ac29126b869e1	24494	2980	mp3	44100	1	mono	64000				missing_source_pending_T07						not_run_pending_T07		not_recorded	not_recorded	not_recorded	not_recorded	not_recorded	not_recorded_pending_rights_review	draft	legacy_unverified	inventoried_pending_T06	pending_T07	not_reviewed_pending_T08		pending_T06_T07_T08		not_assigned
asset:toefl:set-4:part-5:listen-choose-3		legacy_unversioned	set-4	5	L-001	Listen and Choose a Response	stimulus:t4-l-cr3:audio	section:set-4:part-5	item:t4-l-cr3	item:t4-l-cr3	src/data/mocks/toefl-set-4.ts	question.audioUrl	/audio/toefl/set-4/listen-choose-3.mp3	public/audio/toefl/set-4/listen-choose-3.mp3	499003a9177ff9834c7145eed877af660de33da334c186fd917241c3203ef3cd	23031	2820	mp3	44100	1	mono	64000				missing_source_pending_T07						not_run_pending_T07		not_recorded	not_recorded	not_recorded	not_recorded	not_recorded	not_recorded_pending_rights_review	draft	legacy_unverified	inventoried_pending_T06	pending_T07	not_reviewed_pending_T08		pending_T06_T07_T08		not_assigned
asset:toefl:set-4:part-5:listen-choose-4		legacy_unversioned	set-4	5	L-001	Listen and Choose a Response	stimulus:t4-l-cr4:audio	section:set-4:part-5	item:t4-l-cr4	item:t4-l-cr4	src/data/mocks/toefl-set-4.ts	question.audioUrl	/audio/toefl/set-4/listen-choose-4.mp3	public/audio/toefl/set-4/listen-choose-4.mp3	3bd369462d339d1e2d8a3e6ad854570d4f6c17761d009522864d41a0cb42387c	35361	4340	mp3	44100	1	mono	64000				missing_source_pending_T07						not_run_pending_T07		not_recorded	not_recorded	not_recorded	not_recorded	not_recorded	not_recorded_pending_rights_review	draft	legacy_unverified	inventoried_pending_T06	pending_T07	not_reviewed_pending_T08		pending_T06_T07_T08		not_assigned
asset:toefl:set-4:part-5:listen-choose-5		legacy_unversioned	set-4	5	L-001	Listen and Choose a Response	stimulus:t4-l-cr5:audio	section:set-4:part-5	item:t4-l-cr5	item:t4-l-cr5	src/data/mocks/toefl-set-4.ts	question.audioUrl	/audio/toefl/set-4/listen-choose-5.mp3	public/audio/toefl/set-4/listen-choose-5.mp3	73cde1871f6d36bab03472b3831ac19321497ef365ac911a44d41cef52a294d6	16762	2020	mp3	44100	1	mono	64000				missing_source_pending_T07						not_run_pending_T07		not_recorded	not_recorded	not_recorded	not_recorded	not_recorded	not_recorded_pending_rights_review	draft	legacy_unverified	inventoried_pending_T06	pending_T07	not_reviewed_pending_T08		pending_T06_T07_T08		not_assigned
asset:toefl:set-4:part-6:conversation		legacy_unversioned	set-4	6	L-002	Listen to a Conversation	stimulus:set-4:part-6:audio	section:set-4:part-6		item:t4-l-cv1;item:t4-l-cv2;item:t4-l-cv3;item:t4-l-cv4	src/data/mocks/toefl-set-4.ts	section.audioUrl	/audio/toefl/set-4/conversation.mp3	public/audio/toefl/set-4/conversation.mp3	0a2c649edbd33e39ceb80e38737145ef891bf4ed3970f38eb8a2606a45d7af58	584977	73040	mp3	44100	1	mono	64000				not_adjudicated_pending_T07	section:set-4:part-6.transcript	584554958bde75ab8767db14150269b3f3c6498581591d9cfa8f19a83002bd89	1222	228		not_run_pending_T07		not_recorded	not_recorded	not_recorded	not_recorded	not_recorded	not_recorded_pending_rights_review	draft	legacy_unverified	inventoried_pending_T06	pending_T07	not_reviewed_pending_T08		pending_T06_T07_T08		not_assigned
asset:toefl:set-4:part-7:announcement		legacy_unversioned	set-4	7	L-003	Listen to an Announcement	stimulus:set-4:part-7:audio	section:set-4:part-7		item:t4-l-an1;item:t4-l-an2;item:t4-l-an3	src/data/mocks/toefl-set-4.ts	section.audioUrl	/audio/toefl/set-4/announcement.mp3	public/audio/toefl/set-4/announcement.mp3	de38d7e323773bb5f09173511fc814fbdf8333eaaa04e06118c13a4f52b657dd	409644	51140	mp3	44100	1	mono	64000				not_adjudicated_pending_T07	section:set-4:part-7.transcript	f41cad4f1a05b14773f0db52918923c337f7dd807be6ef39f157d97cd6aca71c	913	157		not_run_pending_T07		not_recorded	not_recorded	not_recorded	not_recorded	not_recorded	not_recorded_pending_rights_review	draft	legacy_unverified	inventoried_pending_T06	pending_T07	not_reviewed_pending_T08		pending_T06_T07_T08		not_assigned
asset:toefl:set-4:part-8:academic-talk		legacy_unversioned	set-4	8	L-004	Listen to an Academic Talk	stimulus:set-4:part-8:audio	section:set-4:part-8		item:t4-l-at1;item:t4-l-at2;item:t4-l-at3;item:t4-l-at4;item:t4-l-at5	src/data/mocks/toefl-set-4.ts	section.audioUrl	/audio/toefl/set-4/academic-talk.mp3	public/audio/toefl/set-4/academic-talk.mp3	0c2f7b6d4729db09a5dc8921b9ebac6c2da6a987c36ad4c9921d467ba6b36429	1065630	133140	mp3	44100	1	mono	64000				not_adjudicated_pending_T07	section:set-4:part-8.transcript	6b820218759e48cb3cd4afab7aa0b65e20860376d858ee5d43a93f9443b692c0	1959	332		not_run_pending_T07		not_recorded	not_recorded	not_recorded	not_recorded	not_recorded	not_recorded_pending_rights_review	draft	legacy_unverified	inventoried_pending_T06	pending_T07	not_reviewed_pending_T08		pending_T06_T07_T08		not_assigned
asset:toefl:set-4:part-12:repeat-1		legacy_unversioned	set-4	12	S-001	Listen and Repeat	stimulus:t4-s-rp1:audio	section:set-4:part-12	item:t4-s-rp1	item:t4-s-rp1	src/data/mocks/toefl-set-4.ts	question.audioUrl	/audio/toefl/set-4/repeat-1.mp3	public/audio/toefl/set-4/repeat-1.mp3	60c28f832378a8e114b76c017da7827367741db03201f05374aaed989f194e95	16762	2020	mp3	44100	1	mono	64000				not_adjudicated_pending_T07	object:t4-s-rp1.targetSentence	dce042ef1263e12f10acf4088b8d15b5329c4c8dabbd563c12d588ffe93c254a	26	5		not_run_pending_T07		not_recorded	not_recorded	not_recorded	not_recorded	not_recorded	not_recorded_pending_rights_review	draft	legacy_unverified	inventoried_pending_T06	pending_T07	not_reviewed_pending_T08		pending_T06_T07_T08		not_assigned
asset:toefl:set-4:part-12:repeat-2		legacy_unversioned	set-4	12	S-001	Listen and Repeat	stimulus:t4-s-rp2:audio	section:set-4:part-12	item:t4-s-rp2	item:t4-s-rp2	src/data/mocks/toefl-set-4.ts	question.audioUrl	/audio/toefl/set-4/repeat-2.mp3	public/audio/toefl/set-4/repeat-2.mp3	d6497e3bec88cec20e06b9b246561bbcb6830c83cfd4450113b90851b83b07c4	23031	2820	mp3	44100	1	mono	64000				not_adjudicated_pending_T07	object:t4-s-rp2.targetSentence	113893a483328f28a085b7f90172454cf1300be4f2b45b3951afe91c404d8fa5	42	8		not_run_pending_T07		not_recorded	not_recorded	not_recorded	not_recorded	not_recorded	not_recorded_pending_rights_review	draft	legacy_unverified	inventoried_pending_T06	pending_T07	not_reviewed_pending_T08		pending_T06_T07_T08		not_assigned
asset:toefl:set-4:part-12:repeat-3		legacy_unversioned	set-4	12	S-001	Listen and Repeat	stimulus:t4-s-rp3:audio	section:set-4:part-12	item:t4-s-rp3	item:t4-s-rp3	src/data/mocks/toefl-set-4.ts	question.audioUrl	/audio/toefl/set-4/repeat-3.mp3	public/audio/toefl/set-4/repeat-3.mp3	073c5885acb084717ca710d81ae0af35740544ad40c1a1e9cff5ad58e286acba	35988	4420	mp3	44100	1	mono	64000				not_adjudicated_pending_T07	object:t4-s-rp3.targetSentence	28ce9008584d4b40d019e01f73d181e96a82b88a0dc62d6a06cc4d4f3d70f59e	64	12		not_run_pending_T07		not_recorded	not_recorded	not_recorded	not_recorded	not_recorded	not_recorded_pending_rights_review	draft	legacy_unverified	inventoried_pending_T06	pending_T07	not_reviewed_pending_T08		pending_T06_T07_T08		not_assigned
asset:toefl:set-4:part-12:repeat-4		legacy_unversioned	set-4	12	S-001	Listen and Repeat	stimulus:t4-s-rp4:audio	section:set-4:part-12	item:t4-s-rp4	item:t4-s-rp4	src/data/mocks/toefl-set-4.ts	question.audioUrl	/audio/toefl/set-4/repeat-4.mp3	public/audio/toefl/set-4/repeat-4.mp3	2285eb04f4464811b41b9bfec4617cbee2ade72ea5b080e833c2dd901d3d406e	36615	4500	mp3	44100	1	mono	64000				not_adjudicated_pending_T07	object:t4-s-rp4.targetSentence	99294c0c0eb3193106492c865a0b4806e66f184731ba4b7cf8fd5719660e7387	83	15		not_run_pending_T07		not_recorded	not_recorded	not_recorded	not_recorded	not_recorded	not_recorded_pending_rights_review	draft	legacy_unverified	inventoried_pending_T06	pending_T07	not_reviewed_pending_T08		pending_T06_T07_T08		not_assigned
asset:toefl:set-4:part-12:repeat-5		legacy_unversioned	set-4	12	S-001	Listen and Repeat	stimulus:t4-s-rp5:audio	section:set-4:part-12	item:t4-s-rp5	item:t4-s-rp5	src/data/mocks/toefl-set-4.ts	question.audioUrl	/audio/toefl/set-4/repeat-5.mp3	public/audio/toefl/set-4/repeat-5.mp3	c17418bc679bb7885f04f012f854a65628338f1e67ef560a50bd9fa836bb55ee	51244	6340	mp3	44100	1	mono	64000				not_adjudicated_pending_T07	object:t4-s-rp5.targetSentence	f38ce60a9f8d3d2ebaeb0e3de56ed957c935dc0e2d341d835e0a83a3c5396299	97	16		not_run_pending_T07		not_recorded	not_recorded	not_recorded	not_recorded	not_recorded	not_recorded_pending_rights_review	draft	legacy_unverified	inventoried_pending_T06	pending_T07	not_reviewed_pending_T08		pending_T06_T07_T08		not_assigned
asset:toefl:set-5:part-5:listen-choose-1		legacy_unversioned	set-5	5	L-001	Listen and Choose a Response	stimulus:t5-l-cr1:audio	section:set-5:part-5	item:t5-l-cr1	item:t5-l-cr1	src/data/mocks/toefl-set-5.ts	question.audioUrl	/audio/toefl/set-5/listen-choose-1.mp3	public/audio/toefl/set-5/listen-choose-1.mp3	4da851c05e37ce6f8d0b58683d4218b25e42de0cfcf4157326c5cc83aa47bb10	27002	3300	mp3	44100	1	mono	64000				missing_source_pending_T07						not_run_pending_T07		not_recorded	not_recorded	not_recorded	not_recorded	not_recorded	not_recorded_pending_rights_review	draft	legacy_unverified	inventoried_pending_T06	pending_T07	not_reviewed_pending_T08		pending_T06_T07_T08		not_assigned
asset:toefl:set-5:part-5:listen-choose-2		legacy_unversioned	set-5	5	L-001	Listen and Choose a Response	stimulus:t5-l-cr2:audio	section:set-5:part-5	item:t5-l-cr2	item:t5-l-cr2	src/data/mocks/toefl-set-5.ts	question.audioUrl	/audio/toefl/set-5/listen-choose-2.mp3	public/audio/toefl/set-5/listen-choose-2.mp3	488cd60a5fe914712e599f91d8a08c80bb3894a419efe1b8f0690c91d0198906	23031	2820	mp3	44100	1	mono	64000				missing_source_pending_T07						not_run_pending_T07		not_recorded	not_recorded	not_recorded	not_recorded	not_recorded	not_recorded_pending_rights_review	draft	legacy_unverified	inventoried_pending_T06	pending_T07	not_reviewed_pending_T08		pending_T06_T07_T08		not_assigned
asset:toefl:set-5:part-5:listen-choose-3		legacy_unversioned	set-5	5	L-001	Listen and Choose a Response	stimulus:t5-l-cr3:audio	section:set-5:part-5	item:t5-l-cr3	item:t5-l-cr3	src/data/mocks/toefl-set-5.ts	question.audioUrl	/audio/toefl/set-5/listen-choose-3.mp3	public/audio/toefl/set-5/listen-choose-3.mp3	478faa01e9494fbc62c9faf9a596e630affc4c2675ff79c7081b7d5379baa06f	21150	2580	mp3	44100	1	mono	64000				missing_source_pending_T07						not_run_pending_T07		not_recorded	not_recorded	not_recorded	not_recorded	not_recorded	not_recorded_pending_rights_review	draft	legacy_unverified	inventoried_pending_T06	pending_T07	not_reviewed_pending_T08		pending_T06_T07_T08		not_assigned
asset:toefl:set-5:part-5:listen-choose-4		legacy_unversioned	set-5	5	L-001	Listen and Choose a Response	stimulus:t5-l-cr4:audio	section:set-5:part-5	item:t5-l-cr4	item:t5-l-cr4	src/data/mocks/toefl-set-5.ts	question.audioUrl	/audio/toefl/set-5/listen-choose-4.mp3	public/audio/toefl/set-5/listen-choose-4.mp3	2ef29bf8c59adb7e4679ad2130d246228d3b110765c6b0f8503f2bf8024cb814	30764	3780	mp3	44100	1	mono	64000				missing_source_pending_T07						not_run_pending_T07		not_recorded	not_recorded	not_recorded	not_recorded	not_recorded	not_recorded_pending_rights_review	draft	legacy_unverified	inventoried_pending_T06	pending_T07	not_reviewed_pending_T08		pending_T06_T07_T08		not_assigned
asset:toefl:set-5:part-5:listen-choose-5		legacy_unversioned	set-5	5	L-001	Listen and Choose a Response	stimulus:t5-l-cr5:audio	section:set-5:part-5	item:t5-l-cr5	item:t5-l-cr5	src/data/mocks/toefl-set-5.ts	question.audioUrl	/audio/toefl/set-5/listen-choose-5.mp3	public/audio/toefl/set-5/listen-choose-5.mp3	12c18ad69131d62e85b10e8ed613093caf1cea3efa1dd2c149b48febccd83e11	29510	3620	mp3	44100	1	mono	64000				missing_source_pending_T07						not_run_pending_T07		not_recorded	not_recorded	not_recorded	not_recorded	not_recorded	not_recorded_pending_rights_review	draft	legacy_unverified	inventoried_pending_T06	pending_T07	not_reviewed_pending_T08		pending_T06_T07_T08		not_assigned
asset:toefl:set-5:part-6:conversation		legacy_unversioned	set-5	6	L-002	Listen to a Conversation	stimulus:set-5:part-6:audio	section:set-5:part-6		item:t5-l-cv1;item:t5-l-cv2;item:t5-l-cv3;item:t5-l-cv4	src/data/mocks/toefl-set-5.ts	section.audioUrl	/audio/toefl/set-5/conversation.mp3	public/audio/toefl/set-5/conversation.mp3	83bb8e0d51787a9b3d177bb161958ff6051e3bf45c9268225a84b6cc91c6e911	468994	58560	mp3	44100	1	mono	64000				not_adjudicated_pending_T07	section:set-5:part-6.transcript	69852bfef045ae314b3019346b81f88e1244a73680dcb966beb76f008176ce76	1061	188		not_run_pending_T07		not_recorded	not_recorded	not_recorded	not_recorded	not_recorded	not_recorded_pending_rights_review	draft	legacy_unverified	inventoried_pending_T06	pending_T07	not_reviewed_pending_T08		pending_T06_T07_T08		not_assigned
asset:toefl:set-5:part-7:announcement		legacy_unversioned	set-5	7	L-003	Listen to an Announcement	stimulus:set-5:part-7:audio	section:set-5:part-7		item:t5-l-an1;item:t5-l-an2;item:t5-l-an3	src/data/mocks/toefl-set-5.ts	section.audioUrl	/audio/toefl/set-5/announcement.mp3	public/audio/toefl/set-5/announcement.mp3	ad7284770bd27b8e4b9bce6282855e822b1610388dcd697d265f27a34cfadd3e	374535	46740	mp3	44100	1	mono	64000				not_adjudicated_pending_T07	section:set-5:part-7.transcript	3829f3a1f40e22d049cd80b4c64c7d30d034ccc9344d500e04ec315b18bf1424	786	135		not_run_pending_T07		not_recorded	not_recorded	not_recorded	not_recorded	not_recorded	not_recorded_pending_rights_review	draft	legacy_unverified	inventoried_pending_T06	pending_T07	not_reviewed_pending_T08		pending_T06_T07_T08		not_assigned
asset:toefl:set-5:part-8:academic-talk		legacy_unversioned	set-5	8	L-004	Listen to an Academic Talk	stimulus:set-5:part-8:audio	section:set-5:part-8		item:t5-l-at1;item:t5-l-at2;item:t5-l-at3;item:t5-l-at4;item:t5-l-at5	src/data/mocks/toefl-set-5.ts	section.audioUrl	/audio/toefl/set-5/academic-talk.mp3	public/audio/toefl/set-5/academic-talk.mp3	0c3245f0f30f0d21307c213f915c1195743698df99c749a1a8c2872eb25a7bc7	881310	110100	mp3	44100	1	mono	64000				not_adjudicated_pending_T07	section:set-5:part-8.transcript	de67b206cf730c8624578eafe0a8f0e4c6e5d5a79ed1ecbdfaf689fecf011183	1694	277		not_run_pending_T07		not_recorded	not_recorded	not_recorded	not_recorded	not_recorded	not_recorded_pending_rights_review	draft	legacy_unverified	inventoried_pending_T06	pending_T07	not_reviewed_pending_T08		pending_T06_T07_T08		not_assigned
asset:toefl:set-5:part-12:repeat-1		legacy_unversioned	set-5	12	S-001	Listen and Repeat	stimulus:t5-s-rp1:audio	section:set-5:part-12	item:t5-s-rp1	item:t5-s-rp1	src/data/mocks/toefl-set-5.ts	question.audioUrl	/audio/toefl/set-5/repeat-1.mp3	public/audio/toefl/set-5/repeat-1.mp3	f4db6897dabcdaacac7ddcf8a1adae53e4ed6c7641c1f5ad7bc8df6d6071b7b5	15508	1860	mp3	44100	1	mono	64000				not_adjudicated_pending_T07	object:t5-s-rp1.targetSentence	e16aaa010b42d35dd365f374022c7d71a08154ce545e3325704f8a3f8c271e09	25	5		not_run_pending_T07		not_recorded	not_recorded	not_recorded	not_recorded	not_recorded	not_recorded_pending_rights_review	draft	legacy_unverified	inventoried_pending_T06	pending_T07	not_reviewed_pending_T08		pending_T06_T07_T08		not_assigned
asset:toefl:set-5:part-12:repeat-2		legacy_unversioned	set-5	12	S-001	Listen and Repeat	stimulus:t5-s-rp2:audio	section:set-5:part-12	item:t5-s-rp2	item:t5-s-rp2	src/data/mocks/toefl-set-5.ts	question.audioUrl	/audio/toefl/set-5/repeat-2.mp3	public/audio/toefl/set-5/repeat-2.mp3	16d639d13c72cdba1d90b274699da0a30f869c3027efe3f4992cb7c6d4c3c705	26375	3220	mp3	44100	1	mono	64000				not_adjudicated_pending_T07	object:t5-s-rp2.targetSentence	3d53b61169f3f50490b2caaabb60ed095f73ba7dd4cf4b794a77a00ef83a546b	49	9		not_run_pending_T07		not_recorded	not_recorded	not_recorded	not_recorded	not_recorded	not_recorded_pending_rights_review	draft	legacy_unverified	inventoried_pending_T06	pending_T07	not_reviewed_pending_T08		pending_T06_T07_T08		not_assigned
asset:toefl:set-5:part-12:repeat-3		legacy_unversioned	set-5	12	S-001	Listen and Repeat	stimulus:t5-s-rp3:audio	section:set-5:part-12	item:t5-s-rp3	item:t5-s-rp3	src/data/mocks/toefl-set-5.ts	question.audioUrl	/audio/toefl/set-5/repeat-3.mp3	public/audio/toefl/set-5/repeat-3.mp3	14c980f7264a095a6bb41643bcd503acce1214c34126671efc7bfcd8cd39fd8f	30764	3780	mp3	44100	1	mono	64000				not_adjudicated_pending_T07	object:t5-s-rp3.targetSentence	826f39878314b202100e970a53f4b0e5e4c56eeda7bb749f140632d9854cf7e8	64	11		not_run_pending_T07		not_recorded	not_recorded	not_recorded	not_recorded	not_recorded	not_recorded_pending_rights_review	draft	legacy_unverified	inventoried_pending_T06	pending_T07	not_reviewed_pending_T08		pending_T06_T07_T08		not_assigned
asset:toefl:set-5:part-12:repeat-4		legacy_unversioned	set-5	12	S-001	Listen and Repeat	stimulus:t5-s-rp4:audio	section:set-5:part-12	item:t5-s-rp4	item:t5-s-rp4	src/data/mocks/toefl-set-5.ts	question.audioUrl	/audio/toefl/set-5/repeat-4.mp3	public/audio/toefl/set-5/repeat-4.mp3	b16e6459cb2a1b12ba9da80a2e9039bdb7694ce298750cd14aeec0b61811dff0	35988	4420	mp3	44100	1	mono	64000				not_adjudicated_pending_T07	object:t5-s-rp4.targetSentence	1240cf674d6bc3cdc8fe4fe3b8eac1ad89aa2eced05e296c8221d3499cd26c8f	79	13		not_run_pending_T07		not_recorded	not_recorded	not_recorded	not_recorded	not_recorded	not_recorded_pending_rights_review	draft	legacy_unverified	inventoried_pending_T06	pending_T07	not_reviewed_pending_T08		pending_T06_T07_T08		not_assigned
asset:toefl:set-5:part-12:repeat-5		legacy_unversioned	set-5	12	S-001	Listen and Repeat	stimulus:t5-s-rp5:audio	section:set-5:part-12	item:t5-s-rp5	item:t5-s-rp5	src/data/mocks/toefl-set-5.ts	question.audioUrl	/audio/toefl/set-5/repeat-5.mp3	public/audio/toefl/set-5/repeat-5.mp3	40eb6a26ce32cecd1c61005fc1a74c6344974ea7895a055013b5f13999b26200	41630	5140	mp3	44100	1	mono	64000				not_adjudicated_pending_T07	object:t5-s-rp5.targetSentence	6f0df5f80c012b353b001cd154bdf9de21216805e93f8048c6ac6e77b7958de7	97	16		not_run_pending_T07		not_recorded	not_recorded	not_recorded	not_recorded	not_recorded	not_recorded_pending_rights_review	draft	legacy_unverified	inventoried_pending_T06	pending_T07	not_reviewed_pending_T08		pending_T06_T07_T08		not_assigned
asset:toefl:set-6:part-5:listen-choose-1		legacy_unversioned	set-6	5	L-001	Listen and Choose a Response	stimulus:t6-l-cr1:audio	section:set-6:part-5	item:t6-l-cr1	item:t6-l-cr1	src/data/mocks/toefl-set-6.ts	question.audioUrl	/audio/toefl/set-6/listen-choose-1.mp3	public/audio/toefl/set-6/listen-choose-1.mp3	e704a8e5bcd011735bf595b5f6979fe260a260c08e7daebe978a88e332c1016a	29510	3620	mp3	44100	1	mono	64000				missing_source_pending_T07						not_run_pending_T07		not_recorded	not_recorded	not_recorded	not_recorded	not_recorded	not_recorded_pending_rights_review	draft	legacy_unverified	inventoried_pending_T06	pending_T07	not_reviewed_pending_T08		pending_T06_T07_T08		not_assigned
asset:toefl:set-6:part-5:listen-choose-2		legacy_unversioned	set-6	5	L-001	Listen and Choose a Response	stimulus:t6-l-cr2:audio	section:set-6:part-5	item:t6-l-cr2	item:t6-l-cr2	src/data/mocks/toefl-set-6.ts	question.audioUrl	/audio/toefl/set-6/listen-choose-2.mp3	public/audio/toefl/set-6/listen-choose-2.mp3	d34b7121cef26b47d239217d99d89740e33b68d5114f8bae83b651376a292558	22404	2740	mp3	44100	1	mono	64000				missing_source_pending_T07						not_run_pending_T07		not_recorded	not_recorded	not_recorded	not_recorded	not_recorded	not_recorded_pending_rights_review	draft	legacy_unverified	inventoried_pending_T06	pending_T07	not_reviewed_pending_T08		pending_T06_T07_T08		not_assigned
asset:toefl:set-6:part-5:listen-choose-3		legacy_unversioned	set-6	5	L-001	Listen and Choose a Response	stimulus:t6-l-cr3:audio	section:set-6:part-5	item:t6-l-cr3	item:t6-l-cr3	src/data/mocks/toefl-set-6.ts	question.audioUrl	/audio/toefl/set-6/listen-choose-3.mp3	public/audio/toefl/set-6/listen-choose-3.mp3	8d501527ab6be76f1a6631e2aae9c71f685cc379a3c4aa846a8250d3619eb0a2	22404	2740	mp3	44100	1	mono	64000				missing_source_pending_T07						not_run_pending_T07		not_recorded	not_recorded	not_recorded	not_recorded	not_recorded	not_recorded_pending_rights_review	draft	legacy_unverified	inventoried_pending_T06	pending_T07	not_reviewed_pending_T08		pending_T06_T07_T08		not_assigned
asset:toefl:set-6:part-5:listen-choose-4		legacy_unversioned	set-6	5	L-001	Listen and Choose a Response	stimulus:t6-l-cr4:audio	section:set-6:part-5	item:t6-l-cr4	item:t6-l-cr4	src/data/mocks/toefl-set-6.ts	question.audioUrl	/audio/toefl/set-6/listen-choose-4.mp3	public/audio/toefl/set-6/listen-choose-4.mp3	b5e76030f0a34d2138230a3d2c3453de13cc8ed5de8ae1bf04b32467c2be3826	22404	2740	mp3	44100	1	mono	64000				missing_source_pending_T07						not_run_pending_T07		not_recorded	not_recorded	not_recorded	not_recorded	not_recorded	not_recorded_pending_rights_review	draft	legacy_unverified	inventoried_pending_T06	pending_T07	not_reviewed_pending_T08		pending_T06_T07_T08		not_assigned
asset:toefl:set-6:part-5:listen-choose-5		legacy_unversioned	set-6	5	L-001	Listen and Choose a Response	stimulus:t6-l-cr5:audio	section:set-6:part-5	item:t6-l-cr5	item:t6-l-cr5	src/data/mocks/toefl-set-6.ts	question.audioUrl	/audio/toefl/set-6/listen-choose-5.mp3	public/audio/toefl/set-6/listen-choose-5.mp3	4f6df4a9da59d25db06deda5c25b97c75ead26f788b01583495567e61ab35aac	18016	2180	mp3	44100	1	mono	64000				missing_source_pending_T07						not_run_pending_T07		not_recorded	not_recorded	not_recorded	not_recorded	not_recorded	not_recorded_pending_rights_review	draft	legacy_unverified	inventoried_pending_T06	pending_T07	not_reviewed_pending_T08		pending_T06_T07_T08		not_assigned
asset:toefl:set-6:part-6:conversation		legacy_unversioned	set-6	6	L-002	Listen to a Conversation	stimulus:set-6:part-6:audio	section:set-6:part-6		item:t6-l-cv1;item:t6-l-cv2;item:t6-l-cv3;item:t6-l-cv4	src/data/mocks/toefl-set-6.ts	section.audioUrl	/audio/toefl/set-6/conversation.mp3	public/audio/toefl/set-6/conversation.mp3	01a0ed0a7a5b97ea6e6ab58dd004f2e2582e10333e028174fb5f6d7b125e9038	581634	72640	mp3	44100	1	mono	64000				not_adjudicated_pending_T07	section:set-6:part-6.transcript	575c851d021828403108e5760eca59401be882d9ba4392320ca630e8e7047f69	1216	208		not_run_pending_T07		not_recorded	not_recorded	not_recorded	not_recorded	not_recorded	not_recorded_pending_rights_review	draft	legacy_unverified	inventoried_pending_T06	pending_T07	not_reviewed_pending_T08		pending_T06_T07_T08		not_assigned
asset:toefl:set-6:part-7:announcement		legacy_unversioned	set-6	7	L-003	Listen to an Announcement	stimulus:set-6:part-7:audio	section:set-6:part-7		item:t6-l-an1;item:t6-l-an2;item:t6-l-an3	src/data/mocks/toefl-set-6.ts	section.audioUrl	/audio/toefl/set-6/announcement.mp3	public/audio/toefl/set-6/announcement.mp3	6b980c483841cfe1e5b9a15bc82df4d1b346bc246d943e51a4c058576122811f	331694	41380	mp3	44100	1	mono	64000				not_adjudicated_pending_T07	section:set-6:part-7.transcript	8984773404a7158aef5588ad26ddc424236a5e35afee0bee2241b015ba3d0c80	743	133		not_run_pending_T07		not_recorded	not_recorded	not_recorded	not_recorded	not_recorded	not_recorded_pending_rights_review	draft	legacy_unverified	inventoried_pending_T06	pending_T07	not_reviewed_pending_T08		pending_T06_T07_T08		not_assigned
asset:toefl:set-6:part-8:academic-talk		legacy_unversioned	set-6	8	L-004	Listen to an Academic Talk	stimulus:set-6:part-8:audio	section:set-6:part-8		item:t6-l-at1;item:t6-l-at2;item:t6-l-at3;item:t6-l-at4;item:t6-l-at5	src/data/mocks/toefl-set-6.ts	section.audioUrl	/audio/toefl/set-6/academic-talk.mp3	public/audio/toefl/set-6/academic-talk.mp3	201d6ce28bc9dcebcbd83e753863c4512fc3aeca42fe86b3cbfcd4117cbaf203	1052883	131540	mp3	44100	1	mono	64000				not_adjudicated_pending_T07	section:set-6:part-8.transcript	657e7526efd90880be1a237744e119f7a8f0de9781e52e798042bc768a97ac99	1785	298		not_run_pending_T07		not_recorded	not_recorded	not_recorded	not_recorded	not_recorded	not_recorded_pending_rights_review	draft	legacy_unverified	inventoried_pending_T06	pending_T07	not_reviewed_pending_T08		pending_T06_T07_T08		not_assigned
asset:toefl:set-6:part-12:repeat-1		legacy_unversioned	set-6	12	S-001	Listen and Repeat	stimulus:t6-s-rp1:audio	section:set-6:part-12	item:t6-s-rp1	item:t6-s-rp1	src/data/mocks/toefl-set-6.ts	question.audioUrl	/audio/toefl/set-6/repeat-1.mp3	public/audio/toefl/set-6/repeat-1.mp3	39d848e5118fde285e8629691447293e60c5e2899ffec1d3a47b2a663370e981	16762	2020	mp3	44100	1	mono	64000				not_adjudicated_pending_T07	object:t6-s-rp1.targetSentence	9c2c5ad77eb955ab881940c886d58b42e664a66a9a562f0a9d61cf4f95c3597b	25	5		not_run_pending_T07		not_recorded	not_recorded	not_recorded	not_recorded	not_recorded	not_recorded_pending_rights_review	draft	legacy_unverified	inventoried_pending_T06	pending_T07	not_reviewed_pending_T08		pending_T06_T07_T08		not_assigned
asset:toefl:set-6:part-12:repeat-2		legacy_unversioned	set-6	12	S-001	Listen and Repeat	stimulus:t6-s-rp2:audio	section:set-6:part-12	item:t6-s-rp2	item:t6-s-rp2	src/data/mocks/toefl-set-6.ts	question.audioUrl	/audio/toefl/set-6/repeat-2.mp3	public/audio/toefl/set-6/repeat-2.mp3	9a4f465ff022b68848cb9d1b9cb856946b1b4fefe8fa30ff22aa05d7d8fab7ef	23031	2820	mp3	44100	1	mono	64000				not_adjudicated_pending_T07	object:t6-s-rp2.targetSentence	e35460be7aae46133129ac3a3fd596cc49dc3b5bf05e3c639c952a7eed29c265	41	9		not_run_pending_T07		not_recorded	not_recorded	not_recorded	not_recorded	not_recorded	not_recorded_pending_rights_review	draft	legacy_unverified	inventoried_pending_T06	pending_T07	not_reviewed_pending_T08		pending_T06_T07_T08		not_assigned
asset:toefl:set-6:part-12:repeat-3		legacy_unversioned	set-6	12	S-001	Listen and Repeat	stimulus:t6-s-rp3:audio	section:set-6:part-12	item:t6-s-rp3	item:t6-s-rp3	src/data/mocks/toefl-set-6.ts	question.audioUrl	/audio/toefl/set-6/repeat-3.mp3	public/audio/toefl/set-6/repeat-3.mp3	7f5454c21741fbafdef8267e3a35b239229c20311943d17ac7301ede4cd13e79	30764	3780	mp3	44100	1	mono	64000				not_adjudicated_pending_T07	object:t6-s-rp3.targetSentence	6e827c2f399402c3656e901526bffe922b09419dc22368d06eaf4ad638b60a34	61	8		not_run_pending_T07		not_recorded	not_recorded	not_recorded	not_recorded	not_recorded	not_recorded_pending_rights_review	draft	legacy_unverified	inventoried_pending_T06	pending_T07	not_reviewed_pending_T08		pending_T06_T07_T08		not_assigned
asset:toefl:set-6:part-12:repeat-4		legacy_unversioned	set-6	12	S-001	Listen and Repeat	stimulus:t6-s-rp4:audio	section:set-6:part-12	item:t6-s-rp4	item:t6-s-rp4	src/data/mocks/toefl-set-6.ts	question.audioUrl	/audio/toefl/set-6/repeat-4.mp3	public/audio/toefl/set-6/repeat-4.mp3	bc54c2439238b6e454b1d25bb4cf7e76e9c9a4676468218e6cc48839c39f2106	35361	4340	mp3	44100	1	mono	64000				not_adjudicated_pending_T07	object:t6-s-rp4.targetSentence	c0427e301d06a7e0f6df355e04e174bdfdd80ee596402c6e9200eeb8c1d84f41	64	11		not_run_pending_T07		not_recorded	not_recorded	not_recorded	not_recorded	not_recorded	not_recorded_pending_rights_review	draft	legacy_unverified	inventoried_pending_T06	pending_T07	not_reviewed_pending_T08		pending_T06_T07_T08		not_assigned
asset:toefl:set-6:part-12:repeat-5		legacy_unversioned	set-6	12	S-001	Listen and Repeat	stimulus:t6-s-rp5:audio	section:set-6:part-12	item:t6-s-rp5	item:t6-s-rp5	src/data/mocks/toefl-set-6.ts	question.audioUrl	/audio/toefl/set-6/repeat-5.mp3	public/audio/toefl/set-6/repeat-5.mp3	2b1642005390dcb937f1c3de76155da8f93c48890538eb6508046968c66773e6	44974	5540	mp3	44100	1	mono	64000				not_adjudicated_pending_T07	object:t6-s-rp5.targetSentence	eae322315493aa3223b4a74c1be3b1a1c97815e484607d12d4223f169a03164a	89	14		not_run_pending_T07		not_recorded	not_recorded	not_recorded	not_recorded	not_recorded	not_recorded_pending_rights_review	draft	legacy_unverified	inventoried_pending_T06	pending_T07	not_reviewed_pending_T08		pending_T06_T07_T08		not_assigned
asset:toefl:set-7:part-5:listen-choose-1		legacy_unversioned	set-7	5	L-001	Listen and Choose a Response	stimulus:t7-l-cr1:audio	section:set-7:part-5	item:t7-l-cr1	item:t7-l-cr1	src/data/mocks/toefl-set-7.ts	question.audioUrl	/audio/toefl/set-7/listen-choose-1.mp3	public/audio/toefl/set-7/listen-choose-1.mp3	e2a75b24dee975b76a2ea061a4bc3401dc73a4709ffb6702f4e4f74beacfd947	25121	3060	mp3	44100	1	mono	64000				missing_source_pending_T07						not_run_pending_T07		not_recorded	not_recorded	not_recorded	not_recorded	not_recorded	not_recorded_pending_rights_review	draft	legacy_unverified	inventoried_pending_T06	pending_T07	not_reviewed_pending_T08		pending_T06_T07_T08		not_assigned
asset:toefl:set-7:part-5:listen-choose-2		legacy_unversioned	set-7	5	L-001	Listen and Choose a Response	stimulus:t7-l-cr2:audio	section:set-7:part-5	item:t7-l-cr2	item:t7-l-cr2	src/data/mocks/toefl-set-7.ts	question.audioUrl	/audio/toefl/set-7/listen-choose-2.mp3	public/audio/toefl/set-7/listen-choose-2.mp3	8ef58010c58493fcc91c43ef28a5fdce8e4e3497cdc8cfc99c56e8e8279db7de	22404	2740	mp3	44100	1	mono	64000				missing_source_pending_T07						not_run_pending_T07		not_recorded	not_recorded	not_recorded	not_recorded	not_recorded	not_recorded_pending_rights_review	draft	legacy_unverified	inventoried_pending_T06	pending_T07	not_reviewed_pending_T08		pending_T06_T07_T08		not_assigned
asset:toefl:set-7:part-5:listen-choose-3		legacy_unversioned	set-7	5	L-001	Listen and Choose a Response	stimulus:t7-l-cr3:audio	section:set-7:part-5	item:t7-l-cr3	item:t7-l-cr3	src/data/mocks/toefl-set-7.ts	question.audioUrl	/audio/toefl/set-7/listen-choose-3.mp3	public/audio/toefl/set-7/listen-choose-3.mp3	0dff560837db146e5b7161759a8f6e42f276ef783a27f31d1e1e0f583b726e12	24494	2980	mp3	44100	1	mono	64000				missing_source_pending_T07						not_run_pending_T07		not_recorded	not_recorded	not_recorded	not_recorded	not_recorded	not_recorded_pending_rights_review	draft	legacy_unverified	inventoried_pending_T06	pending_T07	not_reviewed_pending_T08		pending_T06_T07_T08		not_assigned
asset:toefl:set-7:part-5:listen-choose-4		legacy_unversioned	set-7	5	L-001	Listen and Choose a Response	stimulus:t7-l-cr4:audio	section:set-7:part-5	item:t7-l-cr4	item:t7-l-cr4	src/data/mocks/toefl-set-7.ts	question.audioUrl	/audio/toefl/set-7/listen-choose-4.mp3	public/audio/toefl/set-7/listen-choose-4.mp3	f70dd0cf6b11476f84cb4dcd8e7b8e886ab29fcf5dce9e1b247ce51c65d51a67	27629	3380	mp3	44100	1	mono	64000				missing_source_pending_T07						not_run_pending_T07		not_recorded	not_recorded	not_recorded	not_recorded	not_recorded	not_recorded_pending_rights_review	draft	legacy_unverified	inventoried_pending_T06	pending_T07	not_reviewed_pending_T08		pending_T06_T07_T08		not_assigned
asset:toefl:set-7:part-5:listen-choose-5		legacy_unversioned	set-7	5	L-001	Listen and Choose a Response	stimulus:t7-l-cr5:audio	section:set-7:part-5	item:t7-l-cr5	item:t7-l-cr5	src/data/mocks/toefl-set-7.ts	question.audioUrl	/audio/toefl/set-7/listen-choose-5.mp3	public/audio/toefl/set-7/listen-choose-5.mp3	811420d47a2ad424aa6afed1504946dfe83ca040c55761db4fbb4f7173007eef	20524	2500	mp3	44100	1	mono	64000				missing_source_pending_T07						not_run_pending_T07		not_recorded	not_recorded	not_recorded	not_recorded	not_recorded	not_recorded_pending_rights_review	draft	legacy_unverified	inventoried_pending_T06	pending_T07	not_reviewed_pending_T08		pending_T06_T07_T08		not_assigned
asset:toefl:set-7:part-6:conversation		legacy_unversioned	set-7	6	L-002	Listen to a Conversation	stimulus:set-7:part-6:audio	section:set-7:part-6		item:t7-l-cv1;item:t7-l-cv2;item:t7-l-cv3;item:t7-l-cv4	src/data/mocks/toefl-set-7.ts	section.audioUrl	/audio/toefl/set-7/conversation.mp3	public/audio/toefl/set-7/conversation.mp3	600ce5a2769de0d9023b49f3162bcc25e6a956ca34738e44da514f838ec1bac7	453738	56640	mp3	44100	1	mono	64000				not_adjudicated_pending_T07	section:set-7:part-6.transcript	4faf80703e1aa2a01c04db2168533ffac56d789f470eca748cd5755e2ad48e23	1029	180		not_run_pending_T07		not_recorded	not_recorded	not_recorded	not_recorded	not_recorded	not_recorded_pending_rights_review	draft	legacy_unverified	inventoried_pending_T06	pending_T07	not_reviewed_pending_T08		pending_T06_T07_T08		not_assigned
asset:toefl:set-7:part-7:announcement		legacy_unversioned	set-7	7	L-003	Listen to an Announcement	stimulus:set-7:part-7:audio	section:set-7:part-7		item:t7-l-an1;item:t7-l-an2;item:t7-l-an3	src/data/mocks/toefl-set-7.ts	section.audioUrl	/audio/toefl/set-7/announcement.mp3	public/audio/toefl/set-7/announcement.mp3	71fe7fb6158921bbb43b3524fb622657952f39eb9131a8c5baa4e370e527f478	343188	42820	mp3	44100	1	mono	64000				not_adjudicated_pending_T07	section:set-7:part-7.transcript	d3fdb00ee37ddbd0732d2ce15bcf986c52279cc96f5bee0499069f4d6aeb75e0	784	131		not_run_pending_T07		not_recorded	not_recorded	not_recorded	not_recorded	not_recorded	not_recorded_pending_rights_review	draft	legacy_unverified	inventoried_pending_T06	pending_T07	not_reviewed_pending_T08		pending_T06_T07_T08		not_assigned
asset:toefl:set-7:part-8:academic-talk		legacy_unversioned	set-7	8	L-004	Listen to an Academic Talk	stimulus:set-7:part-8:audio	section:set-7:part-8		item:t7-l-at1;item:t7-l-at2;item:t7-l-at3;item:t7-l-at4;item:t7-l-at5	src/data/mocks/toefl-set-7.ts	section.audioUrl	/audio/toefl/set-7/academic-talk.mp3	public/audio/toefl/set-7/academic-talk.mp3	84d643612feecaf4dc2c04321aee24f992b03ad7e7f172c9818c5cbb4373c850	879430	109860	mp3	44100	1	mono	64000				not_adjudicated_pending_T07	section:set-7:part-8.transcript	eb23a6da3e6e7cb23400eeb6be3ea2d3b5dfe8d9a3f4e38d05ca095828e5c9db	1624	280		not_run_pending_T07		not_recorded	not_recorded	not_recorded	not_recorded	not_recorded	not_recorded_pending_rights_review	draft	legacy_unverified	inventoried_pending_T06	pending_T07	not_reviewed_pending_T08		pending_T06_T07_T08		not_assigned
asset:toefl:set-7:part-12:repeat-1		legacy_unversioned	set-7	12	S-001	Listen and Repeat	stimulus:t7-s-rp1:audio	section:set-7:part-12	item:t7-s-rp1	item:t7-s-rp1	src/data/mocks/toefl-set-7.ts	question.audioUrl	/audio/toefl/set-7/repeat-1.mp3	public/audio/toefl/set-7/repeat-1.mp3	17a709492528b11463c16120e9e8c4c54bc8944e7c0211b8715f0ecd6fbcdfae	16762	2020	mp3	44100	1	mono	64000				not_adjudicated_pending_T07	object:t7-s-rp1.targetSentence	68f3b5c507ed7e2aab659cbbb55f394e314f14fe56668ca00929e4087c29e153	24	5		not_run_pending_T07		not_recorded	not_recorded	not_recorded	not_recorded	not_recorded	not_recorded_pending_rights_review	draft	legacy_unverified	inventoried_pending_T06	pending_T07	not_reviewed_pending_T08		pending_T06_T07_T08		not_assigned
asset:toefl:set-7:part-12:repeat-2		legacy_unversioned	set-7	12	S-001	Listen and Repeat	stimulus:t7-s-rp2:audio	section:set-7:part-12	item:t7-s-rp2	item:t7-s-rp2	src/data/mocks/toefl-set-7.ts	question.audioUrl	/audio/toefl/set-7/repeat-2.mp3	public/audio/toefl/set-7/repeat-2.mp3	bc3cf69ffaa6e7641d374fc952def13acba4db2bf639795f1c59e62f66d17d7d	21150	2580	mp3	44100	1	mono	64000				not_adjudicated_pending_T07	object:t7-s-rp2.targetSentence	6e7c0c645de0e4ae8514d024a033de4d1673e68dce10209e95e8af86f6091374	38	8		not_run_pending_T07		not_recorded	not_recorded	not_recorded	not_recorded	not_recorded	not_recorded_pending_rights_review	draft	legacy_unverified	inventoried_pending_T06	pending_T07	not_reviewed_pending_T08		pending_T06_T07_T08		not_assigned
asset:toefl:set-7:part-12:repeat-3		legacy_unversioned	set-7	12	S-001	Listen and Repeat	stimulus:t7-s-rp3:audio	section:set-7:part-12	item:t7-s-rp3	item:t7-s-rp3	src/data/mocks/toefl-set-7.ts	question.audioUrl	/audio/toefl/set-7/repeat-3.mp3	public/audio/toefl/set-7/repeat-3.mp3	14bc278ba085471ac9686e71a12523baa612d2e8dac7b86761dc55c2d81415ca	27629	3380	mp3	44100	1	mono	64000				not_adjudicated_pending_T07	object:t7-s-rp3.targetSentence	8c78ff7b0a66de8e69d7a8bf914a8c126f860f990ff54d2dcafb2b2c92f2f4f8	62	10		not_run_pending_T07		not_recorded	not_recorded	not_recorded	not_recorded	not_recorded	not_recorded_pending_rights_review	draft	legacy_unverified	inventoried_pending_T06	pending_T07	not_reviewed_pending_T08		pending_T06_T07_T08		not_assigned
asset:toefl:set-7:part-12:repeat-4		legacy_unversioned	set-7	12	S-001	Listen and Repeat	stimulus:t7-s-rp4:audio	section:set-7:part-12	item:t7-s-rp4	item:t7-s-rp4	src/data/mocks/toefl-set-7.ts	question.audioUrl	/audio/toefl/set-7/repeat-4.mp3	public/audio/toefl/set-7/repeat-4.mp3	072e4c6efe3e38a424134626df4236ff9f5ea787762309835cfdee356aaa5c32	34107	4181	mp3	44100	1	mono	64000				not_adjudicated_pending_T07	object:t7-s-rp4.targetSentence	257182102840f7802361cce78b982982c523e5237a5f622808c557a4db491e50	68	13		not_run_pending_T07		not_recorded	not_recorded	not_recorded	not_recorded	not_recorded	not_recorded_pending_rights_review	draft	legacy_unverified	inventoried_pending_T06	pending_T07	not_reviewed_pending_T08		pending_T06_T07_T08		not_assigned
asset:toefl:set-7:part-12:repeat-5		legacy_unversioned	set-7	12	S-001	Listen and Repeat	stimulus:t7-s-rp5:audio	section:set-7:part-12	item:t7-s-rp5	item:t7-s-rp5	src/data/mocks/toefl-set-7.ts	question.audioUrl	/audio/toefl/set-7/repeat-5.mp3	public/audio/toefl/set-7/repeat-5.mp3	7dfd9e556b0e34dbb511b7f78aa5e345dc5d0ab053e45f51f36241f222841e05	39123	4820	mp3	44100	1	mono	64000				not_adjudicated_pending_T07	object:t7-s-rp5.targetSentence	06659295e8add72ea853c991de4cadfcd016e7e84ba0deb2e76dafac78524311	96	15		not_run_pending_T07		not_recorded	not_recorded	not_recorded	not_recorded	not_recorded	not_recorded_pending_rights_review	draft	legacy_unverified	inventoried_pending_T06	pending_T07	not_reviewed_pending_T08		pending_T06_T07_T08		not_assigned
asset:toefl:set-8:part-5:listen-choose-1		legacy_unversioned	set-8	5	L-001	Listen and Choose a Response	stimulus:t8-l-cr1:audio	section:set-8:part-5	item:t8-l-cr1	item:t8-l-cr1	src/data/mocks/toefl-set-8.ts	question.audioUrl	/audio/toefl/set-8/listen-choose-1.mp3	public/audio/toefl/set-8/listen-choose-1.mp3	438e1243008910cfc0c991e377faf1227b436cf3be3c11622b0187556c821eb0	27002	3300	mp3	44100	1	mono	64000				missing_source_pending_T07						not_run_pending_T07		not_recorded	not_recorded	not_recorded	not_recorded	not_recorded	not_recorded_pending_rights_review	draft	legacy_unverified	inventoried_pending_T06	pending_T07	not_reviewed_pending_T08		pending_T06_T07_T08		not_assigned
asset:toefl:set-8:part-5:listen-choose-2		legacy_unversioned	set-8	5	L-001	Listen and Choose a Response	stimulus:t8-l-cr2:audio	section:set-8:part-5	item:t8-l-cr2	item:t8-l-cr2	src/data/mocks/toefl-set-8.ts	question.audioUrl	/audio/toefl/set-8/listen-choose-2.mp3	public/audio/toefl/set-8/listen-choose-2.mp3	9e95271fbaa442ea4db4a9ef59f7e480b0f59cea6233fc539db2fab87d0645c9	29510	3620	mp3	44100	1	mono	64000				missing_source_pending_T07						not_run_pending_T07		not_recorded	not_recorded	not_recorded	not_recorded	not_recorded	not_recorded_pending_rights_review	draft	legacy_unverified	inventoried_pending_T06	pending_T07	not_reviewed_pending_T08		pending_T06_T07_T08		not_assigned
asset:toefl:set-8:part-5:listen-choose-3		legacy_unversioned	set-8	5	L-001	Listen and Choose a Response	stimulus:t8-l-cr3:audio	section:set-8:part-5	item:t8-l-cr3	item:t8-l-cr3	src/data/mocks/toefl-set-8.ts	question.audioUrl	/audio/toefl/set-8/listen-choose-3.mp3	public/audio/toefl/set-8/listen-choose-3.mp3	1b3426b8ccadb44deabe9db7b35f2832c65f746dbd583447fa879f3edc3f4afb	27002	3300	mp3	44100	1	mono	64000				missing_source_pending_T07						not_run_pending_T07		not_recorded	not_recorded	not_recorded	not_recorded	not_recorded	not_recorded_pending_rights_review	draft	legacy_unverified	inventoried_pending_T06	pending_T07	not_reviewed_pending_T08		pending_T06_T07_T08		not_assigned
asset:toefl:set-8:part-5:listen-choose-4		legacy_unversioned	set-8	5	L-001	Listen and Choose a Response	stimulus:t8-l-cr4:audio	section:set-8:part-5	item:t8-l-cr4	item:t8-l-cr4	src/data/mocks/toefl-set-8.ts	question.audioUrl	/audio/toefl/set-8/listen-choose-4.mp3	public/audio/toefl/set-8/listen-choose-4.mp3	0d28fb1416af725a89e13f095d41fe8364835998aa740b7810321a5235ee04ac	35361	4340	mp3	44100	1	mono	64000				missing_source_pending_T07						not_run_pending_T07		not_recorded	not_recorded	not_recorded	not_recorded	not_recorded	not_recorded_pending_rights_review	draft	legacy_unverified	inventoried_pending_T06	pending_T07	not_reviewed_pending_T08		pending_T06_T07_T08		not_assigned
asset:toefl:set-8:part-5:listen-choose-5		legacy_unversioned	set-8	5	L-001	Listen and Choose a Response	stimulus:t8-l-cr5:audio	section:set-8:part-5	item:t8-l-cr5	item:t8-l-cr5	src/data/mocks/toefl-set-8.ts	question.audioUrl	/audio/toefl/set-8/listen-choose-5.mp3	public/audio/toefl/set-8/listen-choose-5.mp3	ea5e1656e95758095461293f152dec6ffd483c8385ad96a67523d48c7cae07cc	24494	2980	mp3	44100	1	mono	64000				missing_source_pending_T07						not_run_pending_T07		not_recorded	not_recorded	not_recorded	not_recorded	not_recorded	not_recorded_pending_rights_review	draft	legacy_unverified	inventoried_pending_T06	pending_T07	not_reviewed_pending_T08		pending_T06_T07_T08		not_assigned
asset:toefl:set-8:part-6:conversation		legacy_unversioned	set-8	6	L-002	Listen to a Conversation	stimulus:set-8:part-6:audio	section:set-8:part-6		item:t8-l-cv1;item:t8-l-cv2;item:t8-l-cv3;item:t8-l-cv4	src/data/mocks/toefl-set-8.ts	section.audioUrl	/audio/toefl/set-8/conversation.mp3	public/audio/toefl/set-8/conversation.mp3	9a4cc0c22ead329118040dd396e86a4a41af184bbd0c70d6b0d6b8a27b1b5910	609428	76100	mp3	44100	1	mono	64000				not_adjudicated_pending_T07	section:set-8:part-6.transcript	18bac0413d7bfdc9f3410163e5ff90c942a2bd34986e4d9715128da09e9ff8fc	1265	223		not_run_pending_T07		not_recorded	not_recorded	not_recorded	not_recorded	not_recorded	not_recorded_pending_rights_review	draft	legacy_unverified	inventoried_pending_T06	pending_T07	not_reviewed_pending_T08		pending_T06_T07_T08		not_assigned
asset:toefl:set-8:part-7:announcement		legacy_unversioned	set-8	7	L-003	Listen to an Announcement	stimulus:set-8:part-7:audio	section:set-8:part-7		item:t8-l-an1;item:t8-l-an2;item:t8-l-an3	src/data/mocks/toefl-set-8.ts	section.audioUrl	/audio/toefl/set-8/announcement.mp3	public/audio/toefl/set-8/announcement.mp3	0b836bdadd46735c1ff8acd88d8cec8384b25601a590b9a4d895df56cdbe4622	382267	47701	mp3	44100	1	mono	64000				not_adjudicated_pending_T07	section:set-8:part-7.transcript	bf1a6d2022a3b9a0219c862e65d093a856b4068f3918421d5dcd532edf9ad0a3	782	130		not_run_pending_T07		not_recorded	not_recorded	not_recorded	not_recorded	not_recorded	not_recorded_pending_rights_review	draft	legacy_unverified	inventoried_pending_T06	pending_T07	not_reviewed_pending_T08		pending_T06_T07_T08		not_assigned
asset:toefl:set-8:part-8:academic-talk		legacy_unversioned	set-8	8	L-004	Listen to an Academic Talk	stimulus:set-8:part-8:audio	section:set-8:part-8		item:t8-l-at1;item:t8-l-at2;item:t8-l-at3;item:t8-l-at4;item:t8-l-at5	src/data/mocks/toefl-set-8.ts	section.audioUrl	/audio/toefl/set-8/academic-talk.mp3	public/audio/toefl/set-8/academic-talk.mp3	cc560276a6e1c7037b734d9148ccd501b61379a2f93961b86ef2a23836b2e3e6	903671	112900	mp3	44100	1	mono	64000				not_adjudicated_pending_T07	section:set-8:part-8.transcript	6492a86e08ae5d674057cd351ccc007169dfdd7abca0df0909f32c4034d828a2	1668	268		not_run_pending_T07		not_recorded	not_recorded	not_recorded	not_recorded	not_recorded	not_recorded_pending_rights_review	draft	legacy_unverified	inventoried_pending_T06	pending_T07	not_reviewed_pending_T08		pending_T06_T07_T08		not_assigned
asset:toefl:set-8:part-12:repeat-1		legacy_unversioned	set-8	12	S-001	Listen and Repeat	stimulus:t8-s-rp1:audio	section:set-8:part-12	item:t8-s-rp1	item:t8-s-rp1	src/data/mocks/toefl-set-8.ts	question.audioUrl	/audio/toefl/set-8/repeat-1.mp3	public/audio/toefl/set-8/repeat-1.mp3	0e9c2a89a95e368c9d2e527a1d1ca5047fbf0cb59e6a2c08ed9a6ed4ed042bb6	16135	1940	mp3	44100	1	mono	64000				not_adjudicated_pending_T07	object:t8-s-rp1.targetSentence	bfd78bc125eca61ab31dd78d2f134b33641366e9c9df621643367327c430f6fb	25	5		not_run_pending_T07		not_recorded	not_recorded	not_recorded	not_recorded	not_recorded	not_recorded_pending_rights_review	draft	legacy_unverified	inventoried_pending_T06	pending_T07	not_reviewed_pending_T08		pending_T06_T07_T08		not_assigned
asset:toefl:set-8:part-12:repeat-2		legacy_unversioned	set-8	12	S-001	Listen and Repeat	stimulus:t8-s-rp2:audio	section:set-8:part-12	item:t8-s-rp2	item:t8-s-rp2	src/data/mocks/toefl-set-8.ts	question.audioUrl	/audio/toefl/set-8/repeat-2.mp3	public/audio/toefl/set-8/repeat-2.mp3	3edb1a6373d8b43901da3307be9456ebacf84882eb8b13dcd47e49f85e345a39	24494	2980	mp3	44100	1	mono	64000				not_adjudicated_pending_T07	object:t8-s-rp2.targetSentence	6a605515fb71c3f2b0621662fd59bf1194045d2cfdab2d47875f37a9b2e9017e	41	8		not_run_pending_T07		not_recorded	not_recorded	not_recorded	not_recorded	not_recorded	not_recorded_pending_rights_review	draft	legacy_unverified	inventoried_pending_T06	pending_T07	not_reviewed_pending_T08		pending_T06_T07_T08		not_assigned
asset:toefl:set-8:part-12:repeat-3		legacy_unversioned	set-8	12	S-001	Listen and Repeat	stimulus:t8-s-rp3:audio	section:set-8:part-12	item:t8-s-rp3	item:t8-s-rp3	src/data/mocks/toefl-set-8.ts	question.audioUrl	/audio/toefl/set-8/repeat-3.mp3	public/audio/toefl/set-8/repeat-3.mp3	f6f62d1fe6db92f5b3ffd92af9891970c2cabd15ed75064de1e7934f7919364b	26375	3220	mp3	44100	1	mono	64000				not_adjudicated_pending_T07	object:t8-s-rp3.targetSentence	4ad73b28088e22502f985a552543573e110b241e39e1e1340c5ad1a79757a43e	54	9		not_run_pending_T07		not_recorded	not_recorded	not_recorded	not_recorded	not_recorded	not_recorded_pending_rights_review	draft	legacy_unverified	inventoried_pending_T06	pending_T07	not_reviewed_pending_T08		pending_T06_T07_T08		not_assigned
asset:toefl:set-8:part-12:repeat-4		legacy_unversioned	set-8	12	S-001	Listen and Repeat	stimulus:t8-s-rp4:audio	section:set-8:part-12	item:t8-s-rp4	item:t8-s-rp4	src/data/mocks/toefl-set-8.ts	question.audioUrl	/audio/toefl/set-8/repeat-4.mp3	public/audio/toefl/set-8/repeat-4.mp3	271f807b765e9a74f24f7ef4965cbcdab635fa65479bd62e41f02a40ae05fac9	36615	4500	mp3	44100	1	mono	64000				not_adjudicated_pending_T07	object:t8-s-rp4.targetSentence	6171ba9b5009069579909592f3a49ef593b6e170f4d45491658d27197eab1323	83	12		not_run_pending_T07		not_recorded	not_recorded	not_recorded	not_recorded	not_recorded	not_recorded_pending_rights_review	draft	legacy_unverified	inventoried_pending_T06	pending_T07	not_reviewed_pending_T08		pending_T06_T07_T08		not_assigned
asset:toefl:set-8:part-12:repeat-5		legacy_unversioned	set-8	12	S-001	Listen and Repeat	stimulus:t8-s-rp5:audio	section:set-8:part-12	item:t8-s-rp5	item:t8-s-rp5	src/data/mocks/toefl-set-8.ts	question.audioUrl	/audio/toefl/set-8/repeat-5.mp3	public/audio/toefl/set-8/repeat-5.mp3	9aea2d7aa9e2c539630f5f3bdef1816ad276610f1fb76044bdb0ecd64367ad7e	48736	6020	mp3	44100	1	mono	64000				not_adjudicated_pending_T07	object:t8-s-rp5.targetSentence	1055d6ef4278d07bfb730145e5934d3ce04eec6245b112383c1ccd6a730a234a	103	14		not_run_pending_T07		not_recorded	not_recorded	not_recorded	not_recorded	not_recorded	not_recorded_pending_rights_review	draft	legacy_unverified	inventoried_pending_T06	pending_T07	not_reviewed_pending_T08		pending_T06_T07_T08		not_assigned
asset:toefl:set-9:part-5:listen-choose-1		legacy_unversioned	set-9	5	L-001	Listen and Choose a Response	stimulus:t9-l-cr1:audio	section:set-9:part-5	item:t9-l-cr1	item:t9-l-cr1	src/data/mocks/toefl-set-9.ts	question.audioUrl	/audio/toefl/set-9/listen-choose-1.mp3	public/audio/toefl/set-9/listen-choose-1.mp3	f01e274a81629309c4e724924cd60eff3c1890f406ccade362040f639765d963	26375	3220	mp3	44100	1	mono	64000				missing_source_pending_T07						not_run_pending_T07		not_recorded	not_recorded	not_recorded	not_recorded	not_recorded	not_recorded_pending_rights_review	draft	legacy_unverified	inventoried_pending_T06	pending_T07	not_reviewed_pending_T08		pending_T06_T07_T08		not_assigned
asset:toefl:set-9:part-5:listen-choose-2		legacy_unversioned	set-9	5	L-001	Listen and Choose a Response	stimulus:t9-l-cr2:audio	section:set-9:part-5	item:t9-l-cr2	item:t9-l-cr2	src/data/mocks/toefl-set-9.ts	question.audioUrl	/audio/toefl/set-9/listen-choose-2.mp3	public/audio/toefl/set-9/listen-choose-2.mp3	452477bea031900b959dba5ad0572c37c689c7b8325e4310a48732811b5b0085	26375	3220	mp3	44100	1	mono	64000				missing_source_pending_T07						not_run_pending_T07		not_recorded	not_recorded	not_recorded	not_recorded	not_recorded	not_recorded_pending_rights_review	draft	legacy_unverified	inventoried_pending_T06	pending_T07	not_reviewed_pending_T08		pending_T06_T07_T08		not_assigned
asset:toefl:set-9:part-5:listen-choose-3		legacy_unversioned	set-9	5	L-001	Listen and Choose a Response	stimulus:t9-l-cr3:audio	section:set-9:part-5	item:t9-l-cr3	item:t9-l-cr3	src/data/mocks/toefl-set-9.ts	question.audioUrl	/audio/toefl/set-9/listen-choose-3.mp3	public/audio/toefl/set-9/listen-choose-3.mp3	1eefcc65d5d4740d68106b26722bddcf74d8464922db1dbe85c9df5cde36759a	27629	3380	mp3	44100	1	mono	64000				missing_source_pending_T07						not_run_pending_T07		not_recorded	not_recorded	not_recorded	not_recorded	not_recorded	not_recorded_pending_rights_review	draft	legacy_unverified	inventoried_pending_T06	pending_T07	not_reviewed_pending_T08		pending_T06_T07_T08		not_assigned
asset:toefl:set-9:part-5:listen-choose-4		legacy_unversioned	set-9	5	L-001	Listen and Choose a Response	stimulus:t9-l-cr4:audio	section:set-9:part-5	item:t9-l-cr4	item:t9-l-cr4	src/data/mocks/toefl-set-9.ts	question.audioUrl	/audio/toefl/set-9/listen-choose-4.mp3	public/audio/toefl/set-9/listen-choose-4.mp3	a621a360609b6038855829472b8c66b06f40f1a9d824acd51ecf43640b32b18d	25748	3140	mp3	44100	1	mono	64000				missing_source_pending_T07						not_run_pending_T07		not_recorded	not_recorded	not_recorded	not_recorded	not_recorded	not_recorded_pending_rights_review	draft	legacy_unverified	inventoried_pending_T06	pending_T07	not_reviewed_pending_T08		pending_T06_T07_T08		not_assigned
asset:toefl:set-9:part-5:listen-choose-5		legacy_unversioned	set-9	5	L-001	Listen and Choose a Response	stimulus:t9-l-cr5:audio	section:set-9:part-5	item:t9-l-cr5	item:t9-l-cr5	src/data/mocks/toefl-set-9.ts	question.audioUrl	/audio/toefl/set-9/listen-choose-5.mp3	public/audio/toefl/set-9/listen-choose-5.mp3	2136176874d26b6a5cbfe78c329d38b13918af79af81bb85dfcf8e1f0921cfdd	21150	2580	mp3	44100	1	mono	64000				missing_source_pending_T07						not_run_pending_T07		not_recorded	not_recorded	not_recorded	not_recorded	not_recorded	not_recorded_pending_rights_review	draft	legacy_unverified	inventoried_pending_T06	pending_T07	not_reviewed_pending_T08		pending_T06_T07_T08		not_assigned
asset:toefl:set-9:part-6:conversation		legacy_unversioned	set-9	6	L-002	Listen to a Conversation	stimulus:set-9:part-6:audio	section:set-9:part-6		item:t9-l-cv1;item:t9-l-cv2;item:t9-l-cv3;item:t9-l-cv4	src/data/mocks/toefl-set-9.ts	section.audioUrl	/audio/toefl/set-9/conversation.mp3	public/audio/toefl/set-9/conversation.mp3	f61582f211187569cead0b8568429a7102a0608e36298441f8f8c7998cd106a8	503684	62900	mp3	44100	1	mono	64000				not_adjudicated_pending_T07	section:set-9:part-6.transcript	06380fce27248ad3edc8db42aa030dbd59605a14847eaf8c99bc0342ccb8189e	1114	198		not_run_pending_T07		not_recorded	not_recorded	not_recorded	not_recorded	not_recorded	not_recorded_pending_rights_review	draft	legacy_unverified	inventoried_pending_T06	pending_T07	not_reviewed_pending_T08		pending_T06_T07_T08		not_assigned
asset:toefl:set-9:part-7:announcement		legacy_unversioned	set-9	7	L-003	Listen to an Announcement	stimulus:set-9:part-7:audio	section:set-9:part-7		item:t9-l-an1;item:t9-l-an2;item:t9-l-an3	src/data/mocks/toefl-set-9.ts	section.audioUrl	/audio/toefl/set-9/announcement.mp3	public/audio/toefl/set-9/announcement.mp3	9f6a5f01f4d97ad4b1314b1c0dc2827f8ea78625d88ea5d9a6a079cc68202426	325216	40580	mp3	44100	1	mono	64000				not_adjudicated_pending_T07	section:set-9:part-7.transcript	5e441ff641547f67e0e570cf74f167f7504cc877ea3f460ed7c83cb740dd8079	711	122		not_run_pending_T07		not_recorded	not_recorded	not_recorded	not_recorded	not_recorded	not_recorded_pending_rights_review	draft	legacy_unverified	inventoried_pending_T06	pending_T07	not_reviewed_pending_T08		pending_T06_T07_T08		not_assigned
asset:toefl:set-9:part-8:academic-talk		legacy_unversioned	set-9	8	L-004	Listen to an Academic Talk	stimulus:set-9:part-8:audio	section:set-9:part-8		item:t9-l-at1;item:t9-l-at2;item:t9-l-at3;item:t9-l-at4;item:t9-l-at5	src/data/mocks/toefl-set-9.ts	section.audioUrl	/audio/toefl/set-9/academic-talk.mp3	public/audio/toefl/set-9/academic-talk.mp3	190c48e7afd031f4200891f38777ad3a9fdea1342b0aebb693d90bd10ed76044	979949	122420	mp3	44100	1	mono	64000				not_adjudicated_pending_T07	section:set-9:part-8.transcript	e1b1808103ba6186950cd55ff5b16969d7e29c86f2731f5cdf80fb71d9f14155	1874	317		not_run_pending_T07		not_recorded	not_recorded	not_recorded	not_recorded	not_recorded	not_recorded_pending_rights_review	draft	legacy_unverified	inventoried_pending_T06	pending_T07	not_reviewed_pending_T08		pending_T06_T07_T08		not_assigned
asset:toefl:set-9:part-12:repeat-1		legacy_unversioned	set-9	12	S-001	Listen and Repeat	stimulus:t9-s-rp1:audio	section:set-9:part-12	item:t9-s-rp1	item:t9-s-rp1	src/data/mocks/toefl-set-9.ts	question.audioUrl	/audio/toefl/set-9/repeat-1.mp3	public/audio/toefl/set-9/repeat-1.mp3	a40774cef4ca0490b3d11aae4c0cd5fade3f54eead61e48abda228bb12d596fc	18016	2180	mp3	44100	1	mono	64000				not_adjudicated_pending_T07	object:t9-s-rp1.targetSentence	fe187e6d4c9f0680edf18cb5167589e46540974308683191d90bfee01e256aac	27	6		not_run_pending_T07		not_recorded	not_recorded	not_recorded	not_recorded	not_recorded	not_recorded_pending_rights_review	draft	legacy_unverified	inventoried_pending_T06	pending_T07	not_reviewed_pending_T08		pending_T06_T07_T08		not_assigned
asset:toefl:set-9:part-12:repeat-2		legacy_unversioned	set-9	12	S-001	Listen and Repeat	stimulus:t9-s-rp2:audio	section:set-9:part-12	item:t9-s-rp2	item:t9-s-rp2	src/data/mocks/toefl-set-9.ts	question.audioUrl	/audio/toefl/set-9/repeat-2.mp3	public/audio/toefl/set-9/repeat-2.mp3	2cfee74a4c6823a40840a91b79d1422a40c65a1346d91c1424f89f90b5dcdb49	21777	2660	mp3	44100	1	mono	64000				not_adjudicated_pending_T07	object:t9-s-rp2.targetSentence	e017438bdf63034f1375aff14fe7a2ece1de81feda34b80c8e9a3783c00b37ea	39	7		not_run_pending_T07		not_recorded	not_recorded	not_recorded	not_recorded	not_recorded	not_recorded_pending_rights_review	draft	legacy_unverified	inventoried_pending_T06	pending_T07	not_reviewed_pending_T08		pending_T06_T07_T08		not_assigned
asset:toefl:set-9:part-12:repeat-3		legacy_unversioned	set-9	12	S-001	Listen and Repeat	stimulus:t9-s-rp3:audio	section:set-9:part-12	item:t9-s-rp3	item:t9-s-rp3	src/data/mocks/toefl-set-9.ts	question.audioUrl	/audio/toefl/set-9/repeat-3.mp3	public/audio/toefl/set-9/repeat-3.mp3	e006ab8ddb483d06cf8be4f367e858e96c2ab0d032b47e7611bed0e9e4314ef0	27002	3300	mp3	44100	1	mono	64000				not_adjudicated_pending_T07	object:t9-s-rp3.targetSentence	80e446cd308ab95c05475ff495cd995b5bcbc0f70d24deb99475366c44bd5276	50	9		not_run_pending_T07		not_recorded	not_recorded	not_recorded	not_recorded	not_recorded	not_recorded_pending_rights_review	draft	legacy_unverified	inventoried_pending_T06	pending_T07	not_reviewed_pending_T08		pending_T06_T07_T08		not_assigned
asset:toefl:set-9:part-12:repeat-4		legacy_unversioned	set-9	12	S-001	Listen and Repeat	stimulus:t9-s-rp4:audio	section:set-9:part-12	item:t9-s-rp4	item:t9-s-rp4	src/data/mocks/toefl-set-9.ts	question.audioUrl	/audio/toefl/set-9/repeat-4.mp3	public/audio/toefl/set-9/repeat-4.mp3	b48058e9b94a69b1866cc406ae736afd7266cf0995287d2ae345d22d07513773	37869	4660	mp3	44100	1	mono	64000				not_adjudicated_pending_T07	object:t9-s-rp4.targetSentence	d71c226781ea36a752e4eaa4e56ae64c2653b18f58cdbc9fc587c0438dd2c78f	71	12		not_run_pending_T07		not_recorded	not_recorded	not_recorded	not_recorded	not_recorded	not_recorded_pending_rights_review	draft	legacy_unverified	inventoried_pending_T06	pending_T07	not_reviewed_pending_T08		pending_T06_T07_T08		not_assigned
asset:toefl:set-9:part-12:repeat-5		legacy_unversioned	set-9	12	S-001	Listen and Repeat	stimulus:t9-s-rp5:audio	section:set-9:part-12	item:t9-s-rp5	item:t9-s-rp5	src/data/mocks/toefl-set-9.ts	question.audioUrl	/audio/toefl/set-9/repeat-5.mp3	public/audio/toefl/set-9/repeat-5.mp3	e58acc97a260258543d78587ac03520d25fc334a821b3ae669fb1ec5ab0a3237	41004	5060	mp3	44100	1	mono	64000				not_adjudicated_pending_T07	object:t9-s-rp5.targetSentence	58f5375b51571baec29ca9a5eb60270efc78748151446fc658064d4f1e8e1ba9	99	15		not_run_pending_T07		not_recorded	not_recorded	not_recorded	not_recorded	not_recorded	not_recorded_pending_rights_review	draft	legacy_unverified	inventoried_pending_T06	pending_T07	not_reviewed_pending_T08		pending_T06_T07_T08		not_assigned
asset:toefl:set-10:part-5:listen-choose-1		legacy_unversioned	set-10	5	L-001	Listen and Choose a Response	stimulus:t10-l-cr1:audio	section:set-10:part-5	item:t10-l-cr1	item:t10-l-cr1	src/data/mocks/toefl-set-10.ts	question.audioUrl	/audio/toefl/set-10/listen-choose-1.mp3	public/audio/toefl/set-10/listen-choose-1.mp3	a8e0700f3dba469bee7bb09bbf87072d8d2301f5e9ada61fc1cff3c1bfa05280	27629	3380	mp3	44100	1	mono	64000				missing_source_pending_T07						not_run_pending_T07		not_recorded	not_recorded	not_recorded	not_recorded	not_recorded	not_recorded_pending_rights_review	draft	legacy_unverified	inventoried_pending_T06	pending_T07	not_reviewed_pending_T08		pending_T06_T07_T08		not_assigned
asset:toefl:set-10:part-5:listen-choose-2		legacy_unversioned	set-10	5	L-001	Listen and Choose a Response	stimulus:t10-l-cr2:audio	section:set-10:part-5	item:t10-l-cr2	item:t10-l-cr2	src/data/mocks/toefl-set-10.ts	question.audioUrl	/audio/toefl/set-10/listen-choose-2.mp3	public/audio/toefl/set-10/listen-choose-2.mp3	b958fa3eb12daafa1835560f788b323c941b892c512b7343ec41d2eb131f0bbe	27002	3300	mp3	44100	1	mono	64000				missing_source_pending_T07						not_run_pending_T07		not_recorded	not_recorded	not_recorded	not_recorded	not_recorded	not_recorded_pending_rights_review	draft	legacy_unverified	inventoried_pending_T06	pending_T07	not_reviewed_pending_T08		pending_T06_T07_T08		not_assigned
asset:toefl:set-10:part-5:listen-choose-3		legacy_unversioned	set-10	5	L-001	Listen and Choose a Response	stimulus:t10-l-cr3:audio	section:set-10:part-5	item:t10-l-cr3	item:t10-l-cr3	src/data/mocks/toefl-set-10.ts	question.audioUrl	/audio/toefl/set-10/listen-choose-3.mp3	public/audio/toefl/set-10/listen-choose-3.mp3	e2a05243f6357d61d1c36e6110f21a81ecf661faf48549b4a999d0c6827f0fcc	23031	2820	mp3	44100	1	mono	64000				missing_source_pending_T07						not_run_pending_T07		not_recorded	not_recorded	not_recorded	not_recorded	not_recorded	not_recorded_pending_rights_review	draft	legacy_unverified	inventoried_pending_T06	pending_T07	not_reviewed_pending_T08		pending_T06_T07_T08		not_assigned
asset:toefl:set-10:part-5:listen-choose-4		legacy_unversioned	set-10	5	L-001	Listen and Choose a Response	stimulus:t10-l-cr4:audio	section:set-10:part-5	item:t10-l-cr4	item:t10-l-cr4	src/data/mocks/toefl-set-10.ts	question.audioUrl	/audio/toefl/set-10/listen-choose-4.mp3	public/audio/toefl/set-10/listen-choose-4.mp3	7ec55b3e4b164f3097002ebf95f371130f1dbd6d62479b5cac5aa9d18fc4565e	36615	4500	mp3	44100	1	mono	64000				missing_source_pending_T07						not_run_pending_T07		not_recorded	not_recorded	not_recorded	not_recorded	not_recorded	not_recorded_pending_rights_review	draft	legacy_unverified	inventoried_pending_T06	pending_T07	not_reviewed_pending_T08		pending_T06_T07_T08		not_assigned
asset:toefl:set-10:part-5:listen-choose-5		legacy_unversioned	set-10	5	L-001	Listen and Choose a Response	stimulus:t10-l-cr5:audio	section:set-10:part-5	item:t10-l-cr5	item:t10-l-cr5	src/data/mocks/toefl-set-10.ts	question.audioUrl	/audio/toefl/set-10/listen-choose-5.mp3	public/audio/toefl/set-10/listen-choose-5.mp3	775bf6509a800ab50b5928fc1ffc00fb5e1f3dd341729edaf6d8713220ff3d8b	26375	3220	mp3	44100	1	mono	64000				missing_source_pending_T07						not_run_pending_T07		not_recorded	not_recorded	not_recorded	not_recorded	not_recorded	not_recorded_pending_rights_review	draft	legacy_unverified	inventoried_pending_T06	pending_T07	not_reviewed_pending_T08		pending_T06_T07_T08		not_assigned
asset:toefl:set-10:part-6:conversation		legacy_unversioned	set-10	6	L-002	Listen to a Conversation	stimulus:set-10:part-6:audio	section:set-10:part-6		item:t10-l-cv1;item:t10-l-cv2;item:t10-l-cv3;item:t10-l-cv4	src/data/mocks/toefl-set-10.ts	section.audioUrl	/audio/toefl/set-10/conversation.mp3	public/audio/toefl/set-10/conversation.mp3	757291ae8e83e27d686ec5324538208a9728e45ba35a85b22346d8de88df9e2f	603368	75360	mp3	44100	1	mono	64000				not_adjudicated_pending_T07	section:set-10:part-6.transcript	cfe93372d3b733b7a43262c019fe11307cc8e5d3b6724e4f2db33e6a9edeecfb	1297	208		not_run_pending_T07		not_recorded	not_recorded	not_recorded	not_recorded	not_recorded	not_recorded_pending_rights_review	draft	legacy_unverified	inventoried_pending_T06	pending_T07	not_reviewed_pending_T08		pending_T06_T07_T08		not_assigned
asset:toefl:set-10:part-7:announcement		legacy_unversioned	set-10	7	L-003	Listen to an Announcement	stimulus:set-10:part-7:audio	section:set-10:part-7		item:t10-l-an1;item:t10-l-an2;item:t10-l-an3	src/data/mocks/toefl-set-10.ts	section.audioUrl	/audio/toefl/set-10/announcement.mp3	public/audio/toefl/set-10/announcement.mp3	553437ca37235d3d2887df3411ebbb55ba4544eaf56a75297d2d64ec5f33ab56	354055	44180	mp3	44100	1	mono	64000				not_adjudicated_pending_T07	section:set-10:part-7.transcript	a2e0f1fc221fd2e51b556c05797853235466ea47371610b1070c1f1f7f2327dd	804	125		not_run_pending_T07		not_recorded	not_recorded	not_recorded	not_recorded	not_recorded	not_recorded_pending_rights_review	draft	legacy_unverified	inventoried_pending_T06	pending_T07	not_reviewed_pending_T08		pending_T06_T07_T08		not_assigned
asset:toefl:set-10:part-8:academic-talk		legacy_unversioned	set-10	8	L-004	Listen to an Academic Talk	stimulus:set-10:part-8:audio	section:set-10:part-8		item:t10-l-at1;item:t10-l-at2;item:t10-l-at3;item:t10-l-at4;item:t10-l-at5	src/data/mocks/toefl-set-10.ts	section.audioUrl	/audio/toefl/set-10/academic-talk.mp3	public/audio/toefl/set-10/academic-talk.mp3	9b2acec5a10eebfe0040b8db2441bef54fb69db4a2e636e6c95b5c50a8cbb07f	889670	111140	mp3	44100	1	mono	64000				not_adjudicated_pending_T07	section:set-10:part-8.transcript	078e055cd0b4d007849a536bc9725e8654f666cdd49a78a7355022b812e4c75d	1700	297		not_run_pending_T07		not_recorded	not_recorded	not_recorded	not_recorded	not_recorded	not_recorded_pending_rights_review	draft	legacy_unverified	inventoried_pending_T06	pending_T07	not_reviewed_pending_T08		pending_T06_T07_T08		not_assigned
asset:toefl:set-10:part-12:repeat-1		legacy_unversioned	set-10	12	S-001	Listen and Repeat	stimulus:t10-s-rp1:audio	section:set-10:part-12	item:t10-s-rp1	item:t10-s-rp1	src/data/mocks/toefl-set-10.ts	question.audioUrl	/audio/toefl/set-10/repeat-1.mp3	public/audio/toefl/set-10/repeat-1.mp3	66c505faeb7a284fc1a6eada8b60a4b8f57874c4e0569f1f367eec3cd4b81938	18016	2180	mp3	44100	1	mono	64000				not_adjudicated_pending_T07	object:t10-s-rp1.targetSentence	cecada23e8eef11293a32689fe5eaa99fa5cb338cb257022e538e63a1d8c2153	26	6		not_run_pending_T07		not_recorded	not_recorded	not_recorded	not_recorded	not_recorded	not_recorded_pending_rights_review	draft	legacy_unverified	inventoried_pending_T06	pending_T07	not_reviewed_pending_T08		pending_T06_T07_T08		not_assigned
asset:toefl:set-10:part-12:repeat-2		legacy_unversioned	set-10	12	S-001	Listen and Repeat	stimulus:t10-s-rp2:audio	section:set-10:part-12	item:t10-s-rp2	item:t10-s-rp2	src/data/mocks/toefl-set-10.ts	question.audioUrl	/audio/toefl/set-10/repeat-2.mp3	public/audio/toefl/set-10/repeat-2.mp3	7560c9a0884bd98bb5d6a5bdb3822ed6c8c099b2d239ca7f2f887184ad2ff287	25748	3140	mp3	44100	1	mono	64000				not_adjudicated_pending_T07	object:t10-s-rp2.targetSentence	623299ec1cc352e88b1e75109b450c0e3bec4591eef28561a3162de39a8c33e4	44	9		not_run_pending_T07		not_recorded	not_recorded	not_recorded	not_recorded	not_recorded	not_recorded_pending_rights_review	draft	legacy_unverified	inventoried_pending_T06	pending_T07	not_reviewed_pending_T08		pending_T06_T07_T08		not_assigned
asset:toefl:set-10:part-12:repeat-3		legacy_unversioned	set-10	12	S-001	Listen and Repeat	stimulus:t10-s-rp3:audio	section:set-10:part-12	item:t10-s-rp3	item:t10-s-rp3	src/data/mocks/toefl-set-10.ts	question.audioUrl	/audio/toefl/set-10/repeat-3.mp3	public/audio/toefl/set-10/repeat-3.mp3	ac5d3a34b4186b00cb3eb9930ad62447d54a0b9d47679d36afc51625af0beef3	32017	3940	mp3	44100	1	mono	64000				not_adjudicated_pending_T07	object:t10-s-rp3.targetSentence	ec1c7164fdafe9ae8fa05e85fc5db605f8de67241384fd33f3e021eec39596c0	56	8		not_run_pending_T07		not_recorded	not_recorded	not_recorded	not_recorded	not_recorded	not_recorded_pending_rights_review	draft	legacy_unverified	inventoried_pending_T06	pending_T07	not_reviewed_pending_T08		pending_T06_T07_T08		not_assigned
asset:toefl:set-10:part-12:repeat-4		legacy_unversioned	set-10	12	S-001	Listen and Repeat	stimulus:t10-s-rp4:audio	section:set-10:part-12	item:t10-s-rp4	item:t10-s-rp4	src/data/mocks/toefl-set-10.ts	question.audioUrl	/audio/toefl/set-10/repeat-4.mp3	public/audio/toefl/set-10/repeat-4.mp3	5b32a5436654e21283e8daef2ff4107a6602bad187126be9bc41e816d2947a65	42257	5220	mp3	44100	1	mono	64000				not_adjudicated_pending_T07	object:t10-s-rp4.targetSentence	d7ee57c1e3d0d52078fd105b24fffbd19852f12b758c55bb209540e0258fa8c6	79	12		not_run_pending_T07		not_recorded	not_recorded	not_recorded	not_recorded	not_recorded	not_recorded_pending_rights_review	draft	legacy_unverified	inventoried_pending_T06	pending_T07	not_reviewed_pending_T08		pending_T06_T07_T08		not_assigned
asset:toefl:set-10:part-12:repeat-5		legacy_unversioned	set-10	12	S-001	Listen and Repeat	stimulus:t10-s-rp5:audio	section:set-10:part-12	item:t10-s-rp5	item:t10-s-rp5	src/data/mocks/toefl-set-10.ts	question.audioUrl	/audio/toefl/set-10/repeat-5.mp3	public/audio/toefl/set-10/repeat-5.mp3	66549f8ff4fd605500c8f58674cabbf40f79ee58641272537d42088a41bfb4e1	46855	5780	mp3	44100	1	mono	64000				not_adjudicated_pending_T07	object:t10-s-rp5.targetSentence	1d88e5e905ee9cd290cb1012369473ed5be45fbb9662a784f4e7018d1cea7446	94	15		not_run_pending_T07		not_recorded	not_recorded	not_recorded	not_recorded	not_recorded	not_recorded_pending_rights_review	draft	legacy_unverified	inventoried_pending_T06	pending_T07	not_reviewed_pending_T08		pending_T06_T07_T08		not_assigned
asset:toefl:set-11:part-5:listen-choose-1		legacy_unversioned	set-11	5	L-001	Listen and Choose a Response	stimulus:t11-l-cr1:audio	section:set-11:part-5	item:t11-l-cr1	item:t11-l-cr1	src/data/mocks/toefl-set-11.ts	question.audioUrl	/audio/toefl/set-11/listen-choose-1.mp3	public/audio/toefl/set-11/listen-choose-1.mp3	d024b75907d7b81be0f54276541b32c307a6f5a821aa24ec7c584c5e3b8686ca	27629	3380	mp3	44100	1	mono	64000				missing_source_pending_T07						not_run_pending_T07		not_recorded	not_recorded	not_recorded	not_recorded	not_recorded	not_recorded_pending_rights_review	draft	legacy_unverified	inventoried_pending_T06	pending_T07	not_reviewed_pending_T08		pending_T06_T07_T08		not_assigned
asset:toefl:set-11:part-5:listen-choose-2		legacy_unversioned	set-11	5	L-001	Listen and Choose a Response	stimulus:t11-l-cr2:audio	section:set-11:part-5	item:t11-l-cr2	item:t11-l-cr2	src/data/mocks/toefl-set-11.ts	question.audioUrl	/audio/toefl/set-11/listen-choose-2.mp3	public/audio/toefl/set-11/listen-choose-2.mp3	431cc5e074fc2d60a63589cef89c09bcf9c1baaf62b567368e51def1d7566ad3	21150	2580	mp3	44100	1	mono	64000				missing_source_pending_T07						not_run_pending_T07		not_recorded	not_recorded	not_recorded	not_recorded	not_recorded	not_recorded_pending_rights_review	draft	legacy_unverified	inventoried_pending_T06	pending_T07	not_reviewed_pending_T08		pending_T06_T07_T08		not_assigned
asset:toefl:set-11:part-5:listen-choose-3		legacy_unversioned	set-11	5	L-001	Listen and Choose a Response	stimulus:t11-l-cr3:audio	section:set-11:part-5	item:t11-l-cr3	item:t11-l-cr3	src/data/mocks/toefl-set-11.ts	question.audioUrl	/audio/toefl/set-11/listen-choose-3.mp3	public/audio/toefl/set-11/listen-choose-3.mp3	d1af116ba6231323f73ae1185d5bd4a7084663848563029209868d155ccd5ae0	18643	2260	mp3	44100	1	mono	64000				missing_source_pending_T07						not_run_pending_T07		not_recorded	not_recorded	not_recorded	not_recorded	not_recorded	not_recorded_pending_rights_review	draft	legacy_unverified	inventoried_pending_T06	pending_T07	not_reviewed_pending_T08		pending_T06_T07_T08		not_assigned
asset:toefl:set-11:part-5:listen-choose-4		legacy_unversioned	set-11	5	L-001	Listen and Choose a Response	stimulus:t11-l-cr4:audio	section:set-11:part-5	item:t11-l-cr4	item:t11-l-cr4	src/data/mocks/toefl-set-11.ts	question.audioUrl	/audio/toefl/set-11/listen-choose-4.mp3	public/audio/toefl/set-11/listen-choose-4.mp3	49eabad19b174ce163267890130d51492412517f50a4a9edeb2a53f624ef61f5	25121	3060	mp3	44100	1	mono	64000				missing_source_pending_T07						not_run_pending_T07		not_recorded	not_recorded	not_recorded	not_recorded	not_recorded	not_recorded_pending_rights_review	draft	legacy_unverified	inventoried_pending_T06	pending_T07	not_reviewed_pending_T08		pending_T06_T07_T08		not_assigned
asset:toefl:set-11:part-5:listen-choose-5		legacy_unversioned	set-11	5	L-001	Listen and Choose a Response	stimulus:t11-l-cr5:audio	section:set-11:part-5	item:t11-l-cr5	item:t11-l-cr5	src/data/mocks/toefl-set-11.ts	question.audioUrl	/audio/toefl/set-11/listen-choose-5.mp3	public/audio/toefl/set-11/listen-choose-5.mp3	e3492c7c5da9b763d81980f650ac98b7be2d5c1f8e7e550bbd0f748ed86c9a80	18016	2180	mp3	44100	1	mono	64000				missing_source_pending_T07						not_run_pending_T07		not_recorded	not_recorded	not_recorded	not_recorded	not_recorded	not_recorded_pending_rights_review	draft	legacy_unverified	inventoried_pending_T06	pending_T07	not_reviewed_pending_T08		pending_T06_T07_T08		not_assigned
asset:toefl:set-11:part-6:conversation		legacy_unversioned	set-11	6	L-002	Listen to a Conversation	stimulus:set-11:part-6:audio	section:set-11:part-6		item:t11-l-cv1;item:t11-l-cv2;item:t11-l-cv3;item:t11-l-cv4	src/data/mocks/toefl-set-11.ts	section.audioUrl	/audio/toefl/set-11/conversation.mp3	public/audio/toefl/set-11/conversation.mp3	317b31aadf9154f869965a1aa08284af4eff7971d0ba4810ce21493b309aafe5	465232	58080	mp3	44100	1	mono	64000				not_adjudicated_pending_T07	section:set-11:part-6.transcript	90a2051a654c8befa4f5f0540143e8824831ccbe068e88f34c7196271fcc13b5	1035	179		not_run_pending_T07		not_recorded	not_recorded	not_recorded	not_recorded	not_recorded	not_recorded_pending_rights_review	draft	legacy_unverified	inventoried_pending_T06	pending_T07	not_reviewed_pending_T08		pending_T06_T07_T08		not_assigned
asset:toefl:set-11:part-7:announcement		legacy_unversioned	set-11	7	L-003	Listen to an Announcement	stimulus:set-11:part-7:audio	section:set-11:part-7		item:t11-l-an1;item:t11-l-an2;item:t11-l-an3	src/data/mocks/toefl-set-11.ts	section.audioUrl	/audio/toefl/set-11/announcement.mp3	public/audio/toefl/set-11/announcement.mp3	236eb9100fd2bbb72335b6efd2e251f9fc2ab09de0904ab4a74280bf688ed4cd	446842	55780	mp3	44100	1	mono	64000				not_adjudicated_pending_T07	section:set-11:part-7.transcript	fc484a3ddbaf8cf6f4740917ed7820cd07e62c5842a3ecdc6553a22ae007433b	907	149		not_run_pending_T07		not_recorded	not_recorded	not_recorded	not_recorded	not_recorded	not_recorded_pending_rights_review	draft	legacy_unverified	inventoried_pending_T06	pending_T07	not_reviewed_pending_T08		pending_T06_T07_T08		not_assigned
asset:toefl:set-11:part-8:academic-talk		legacy_unversioned	set-11	8	L-004	Listen to an Academic Talk	stimulus:set-11:part-8:audio	section:set-11:part-8		item:t11-l-at1;item:t11-l-at2;item:t11-l-at3;item:t11-l-at4;item:t11-l-at5	src/data/mocks/toefl-set-11.ts	section.audioUrl	/audio/toefl/set-11/academic-talk.mp3	public/audio/toefl/set-11/academic-talk.mp3	061ad8dab8e64388d86376b65b5458071d5725beb6dc185f802ff6dcf25be52a	1038254	129700	mp3	44100	1	mono	64000				not_adjudicated_pending_T07	section:set-11:part-8.transcript	3bf21c1f71a01fb11f5ecd2478fabdb4dfaf2e38a6764ea421c4dbed79ae7f02	1779	294		not_run_pending_T07		not_recorded	not_recorded	not_recorded	not_recorded	not_recorded	not_recorded_pending_rights_review	draft	legacy_unverified	inventoried_pending_T06	pending_T07	not_reviewed_pending_T08		pending_T06_T07_T08		not_assigned
asset:toefl:set-11:part-12:repeat-1		legacy_unversioned	set-11	12	S-001	Listen and Repeat	stimulus:t11-s-rp1:audio	section:set-11:part-12	item:t11-s-rp1	item:t11-s-rp1	src/data/mocks/toefl-set-11.ts	question.audioUrl	/audio/toefl/set-11/repeat-1.mp3	public/audio/toefl/set-11/repeat-1.mp3	5eb266064421294446db828706a776b2eac373fbbed0bdbc4817c003b6a4168a	16762	2020	mp3	44100	1	mono	64000				not_adjudicated_pending_T07	object:t11-s-rp1.targetSentence	362d3cc936c631eeaf1ec8bc6fe83b84a506298e137d1232d9a168a8e4e83727	25	5		not_run_pending_T07		not_recorded	not_recorded	not_recorded	not_recorded	not_recorded	not_recorded_pending_rights_review	draft	legacy_unverified	inventoried_pending_T06	pending_T07	not_reviewed_pending_T08		pending_T06_T07_T08		not_assigned
asset:toefl:set-11:part-12:repeat-2		legacy_unversioned	set-11	12	S-001	Listen and Repeat	stimulus:t11-s-rp2:audio	section:set-11:part-12	item:t11-s-rp2	item:t11-s-rp2	src/data/mocks/toefl-set-11.ts	question.audioUrl	/audio/toefl/set-11/repeat-2.mp3	public/audio/toefl/set-11/repeat-2.mp3	2da979f5d66f223bc46a61fbf81a5565e4c3fc550dd30e57e9d9ca25aaed9dfa	23867	2901	mp3	44100	1	mono	64000				not_adjudicated_pending_T07	object:t11-s-rp2.targetSentence	6b1ebdb685887721fe1693eb10c387d02654d3d072a92f16c271c047651f558d	41	7		not_run_pending_T07		not_recorded	not_recorded	not_recorded	not_recorded	not_recorded	not_recorded_pending_rights_review	draft	legacy_unverified	inventoried_pending_T06	pending_T07	not_reviewed_pending_T08		pending_T06_T07_T08		not_assigned
asset:toefl:set-11:part-12:repeat-3		legacy_unversioned	set-11	12	S-001	Listen and Repeat	stimulus:t11-s-rp3:audio	section:set-11:part-12	item:t11-s-rp3	item:t11-s-rp3	src/data/mocks/toefl-set-11.ts	question.audioUrl	/audio/toefl/set-11/repeat-3.mp3	public/audio/toefl/set-11/repeat-3.mp3	e07f91a0fe3176b58a1c3e56e6a083fb530fc7e9d03d4deb71615dbfcb8259a4	28256	3460	mp3	44100	1	mono	64000				not_adjudicated_pending_T07	object:t11-s-rp3.targetSentence	0c187c6ea47cb350639bb9462fdf4863f244a593b129ac96e4a26319d85e1682	55	10		not_run_pending_T07		not_recorded	not_recorded	not_recorded	not_recorded	not_recorded	not_recorded_pending_rights_review	draft	legacy_unverified	inventoried_pending_T06	pending_T07	not_reviewed_pending_T08		pending_T06_T07_T08		not_assigned
asset:toefl:set-11:part-12:repeat-4		legacy_unversioned	set-11	12	S-001	Listen and Repeat	stimulus:t11-s-rp4:audio	section:set-11:part-12	item:t11-s-rp4	item:t11-s-rp4	src/data/mocks/toefl-set-11.ts	question.audioUrl	/audio/toefl/set-11/repeat-4.mp3	public/audio/toefl/set-11/repeat-4.mp3	5c1a61412e3ebffb0146051b6a7667e28baa6cc529a8f2764f89d35dc7d67e39	39750	4900	mp3	44100	1	mono	64000				not_adjudicated_pending_T07	object:t11-s-rp4.targetSentence	6fd0d78c08b1cc10737714529f538247a8f7a7ae33a0dd713c1b8221fc33cbca	70	12		not_run_pending_T07		not_recorded	not_recorded	not_recorded	not_recorded	not_recorded	not_recorded_pending_rights_review	draft	legacy_unverified	inventoried_pending_T06	pending_T07	not_reviewed_pending_T08		pending_T06_T07_T08		not_assigned
asset:toefl:set-11:part-12:repeat-5		legacy_unversioned	set-11	12	S-001	Listen and Repeat	stimulus:t11-s-rp5:audio	section:set-11:part-12	item:t11-s-rp5	item:t11-s-rp5	src/data/mocks/toefl-set-11.ts	question.audioUrl	/audio/toefl/set-11/repeat-5.mp3	public/audio/toefl/set-11/repeat-5.mp3	a6fac6103513dc19a51195d4034fa5a18761157fa03066494596e5a1b2e382ed	41004	5060	mp3	44100	1	mono	64000				not_adjudicated_pending_T07	object:t11-s-rp5.targetSentence	601b9d321b10a7f9362abe3507f254abb09c128f8edc43c0fba3d61b09b5a4ed	90	15		not_run_pending_T07		not_recorded	not_recorded	not_recorded	not_recorded	not_recorded	not_recorded_pending_rights_review	draft	legacy_unverified	inventoried_pending_T06	pending_T07	not_reviewed_pending_T08		pending_T06_T07_T08		not_assigned
asset:toefl:set-12:part-5:listen-choose-1		legacy_unversioned	set-12	5	L-001	Listen and Choose a Response	stimulus:t12-l-cr1:audio	section:set-12:part-5	item:t12-l-cr1	item:t12-l-cr1	src/data/mocks/toefl-set-12.ts	question.audioUrl	/audio/toefl/set-12/listen-choose-1.mp3	public/audio/toefl/set-12/listen-choose-1.mp3	0871ca4770bb6fad0eced1adf2d2c1bef72c4614ee5376c5a09b7a279ba102ac	27002	3300	mp3	44100	1	mono	64000				missing_source_pending_T07						not_run_pending_T07		not_recorded	not_recorded	not_recorded	not_recorded	not_recorded	not_recorded_pending_rights_review	draft	legacy_unverified	inventoried_pending_T06	pending_T07	not_reviewed_pending_T08		pending_T06_T07_T08		not_assigned
asset:toefl:set-12:part-5:listen-choose-2		legacy_unversioned	set-12	5	L-001	Listen and Choose a Response	stimulus:t12-l-cr2:audio	section:set-12:part-5	item:t12-l-cr2	item:t12-l-cr2	src/data/mocks/toefl-set-12.ts	question.audioUrl	/audio/toefl/set-12/listen-choose-2.mp3	public/audio/toefl/set-12/listen-choose-2.mp3	a4dd73e28ebf84acec03cff38274735d64d2994a0d7ba490960667f3e8b02cce	28883	3540	mp3	44100	1	mono	64000				missing_source_pending_T07						not_run_pending_T07		not_recorded	not_recorded	not_recorded	not_recorded	not_recorded	not_recorded_pending_rights_review	draft	legacy_unverified	inventoried_pending_T06	pending_T07	not_reviewed_pending_T08		pending_T06_T07_T08		not_assigned
asset:toefl:set-12:part-5:listen-choose-3		legacy_unversioned	set-12	5	L-001	Listen and Choose a Response	stimulus:t12-l-cr3:audio	section:set-12:part-5	item:t12-l-cr3	item:t12-l-cr3	src/data/mocks/toefl-set-12.ts	question.audioUrl	/audio/toefl/set-12/listen-choose-3.mp3	public/audio/toefl/set-12/listen-choose-3.mp3	02b60c58d01b4d371a888f56e1e132d2bddb656b3608aacde7e57c73e8ac2782	19897	2420	mp3	44100	1	mono	64000				missing_source_pending_T07						not_run_pending_T07		not_recorded	not_recorded	not_recorded	not_recorded	not_recorded	not_recorded_pending_rights_review	draft	legacy_unverified	inventoried_pending_T06	pending_T07	not_reviewed_pending_T08		pending_T06_T07_T08		not_assigned
asset:toefl:set-12:part-5:listen-choose-4		legacy_unversioned	set-12	5	L-001	Listen and Choose a Response	stimulus:t12-l-cr4:audio	section:set-12:part-5	item:t12-l-cr4	item:t12-l-cr4	src/data/mocks/toefl-set-12.ts	question.audioUrl	/audio/toefl/set-12/listen-choose-4.mp3	public/audio/toefl/set-12/listen-choose-4.mp3	4b04e1f6bf29872a33fa36e0511e02893a956d0c779115b17046eb07128b08c1	51244	6340	mp3	44100	1	mono	64000				missing_source_pending_T07						not_run_pending_T07		not_recorded	not_recorded	not_recorded	not_recorded	not_recorded	not_recorded_pending_rights_review	draft	legacy_unverified	inventoried_pending_T06	pending_T07	not_reviewed_pending_T08		pending_T06_T07_T08		not_assigned
asset:toefl:set-12:part-5:listen-choose-5		legacy_unversioned	set-12	5	L-001	Listen and Choose a Response	stimulus:t12-l-cr5:audio	section:set-12:part-5	item:t12-l-cr5	item:t12-l-cr5	src/data/mocks/toefl-set-12.ts	question.audioUrl	/audio/toefl/set-12/listen-choose-5.mp3	public/audio/toefl/set-12/listen-choose-5.mp3	58545fb0e38b50101d9583a7f17185bdf9e6263db9a0b25631ceafa4696165bb	25121	3060	mp3	44100	1	mono	64000				missing_source_pending_T07						not_run_pending_T07		not_recorded	not_recorded	not_recorded	not_recorded	not_recorded	not_recorded_pending_rights_review	draft	legacy_unverified	inventoried_pending_T06	pending_T07	not_reviewed_pending_T08		pending_T06_T07_T08		not_assigned
asset:toefl:set-12:part-6:conversation		legacy_unversioned	set-12	6	L-002	Listen to a Conversation	stimulus:set-12:part-6:audio	section:set-12:part-6		item:t12-l-cv1;item:t12-l-cv2;item:t12-l-cv3;item:t12-l-cv4	src/data/mocks/toefl-set-12.ts	section.audioUrl	/audio/toefl/set-12/conversation.mp3	public/audio/toefl/set-12/conversation.mp3	b59a7aa8d077f0dcc48ebc3fbb3c3280e198b19ccca1e7c5c2a1638ef68802a7	582052	72680	mp3	44100	1	mono	64000				not_adjudicated_pending_T07	section:set-12:part-6.transcript	c99535285a44083fd0befac3fa175b17799e1d987effaa15a348a91962348ce9	1305	227		not_run_pending_T07		not_recorded	not_recorded	not_recorded	not_recorded	not_recorded	not_recorded_pending_rights_review	draft	legacy_unverified	inventoried_pending_T06	pending_T07	not_reviewed_pending_T08		pending_T06_T07_T08		not_assigned
asset:toefl:set-12:part-7:announcement		legacy_unversioned	set-12	7	L-003	Listen to an Announcement	stimulus:set-12:part-7:audio	section:set-12:part-7		item:t12-l-an1;item:t12-l-an2;item:t12-l-an3	src/data/mocks/toefl-set-12.ts	section.audioUrl	/audio/toefl/set-12/announcement.mp3	public/audio/toefl/set-12/announcement.mp3	83c80ea57eb026669eda1044230c29404bd5235bb2dcce28caa2edf4387298ed	392507	48981	mp3	44100	1	mono	64000				not_adjudicated_pending_T07	section:set-12:part-7.transcript	30314e6d8ba99dff2a3a85ff9117aa5d6afc8566bf22e4dde066537449364921	836	148		not_run_pending_T07		not_recorded	not_recorded	not_recorded	not_recorded	not_recorded	not_recorded_pending_rights_review	draft	legacy_unverified	inventoried_pending_T06	pending_T07	not_reviewed_pending_T08		pending_T06_T07_T08		not_assigned
asset:toefl:set-12:part-8:academic-talk		legacy_unversioned	set-12	8	L-004	Listen to an Academic Talk	stimulus:set-12:part-8:audio	section:set-12:part-8		item:t12-l-at1;item:t12-l-at2;item:t12-l-at3;item:t12-l-at4;item:t12-l-at5	src/data/mocks/toefl-set-12.ts	section.audioUrl	/audio/toefl/set-12/academic-talk.mp3	public/audio/toefl/set-12/academic-talk.mp3	b38ab72fd5d76c2245945fcb9d68f0e6320c7bea02790eccb1b41fb8da41c5db	895521	111860	mp3	44100	1	mono	64000				not_adjudicated_pending_T07	section:set-12:part-8.transcript	60b43442a74223c922d4aeab765de8b6bb8f2a3eeb3fff9020f0678396c988d2	1762	311		not_run_pending_T07		not_recorded	not_recorded	not_recorded	not_recorded	not_recorded	not_recorded_pending_rights_review	draft	legacy_unverified	inventoried_pending_T06	pending_T07	not_reviewed_pending_T08		pending_T06_T07_T08		not_assigned
asset:toefl:set-12:part-12:repeat-1		legacy_unversioned	set-12	12	S-001	Listen and Repeat	stimulus:t12-s-rp1:audio	section:set-12:part-12	item:t12-s-rp1	item:t12-s-rp1	src/data/mocks/toefl-set-12.ts	question.audioUrl	/audio/toefl/set-12/repeat-1.mp3	public/audio/toefl/set-12/repeat-1.mp3	f57c7039b87e66381bdec2c310e6a372471cfba398a43ff640a42d5c734a8a8b	14254	1700	mp3	44100	1	mono	64000				not_adjudicated_pending_T07	object:t12-s-rp1.targetSentence	5ff8f2e86be05a5895c7a3ba3d33c2a9fcfdf1050aefd4be4619cb1c03fdf253	19	4		not_run_pending_T07		not_recorded	not_recorded	not_recorded	not_recorded	not_recorded	not_recorded_pending_rights_review	draft	legacy_unverified	inventoried_pending_T06	pending_T07	not_reviewed_pending_T08		pending_T06_T07_T08		not_assigned
asset:toefl:set-12:part-12:repeat-2		legacy_unversioned	set-12	12	S-001	Listen and Repeat	stimulus:t12-s-rp2:audio	section:set-12:part-12	item:t12-s-rp2	item:t12-s-rp2	src/data/mocks/toefl-set-12.ts	question.audioUrl	/audio/toefl/set-12/repeat-2.mp3	public/audio/toefl/set-12/repeat-2.mp3	844b33a8760462ece0515d9db86f99306a2701caacfcafcd7e9bec30607ca48b	25121	3060	mp3	44100	1	mono	64000				not_adjudicated_pending_T07	object:t12-s-rp2.targetSentence	4c76f57a59d4063e39ee0226a4cc5c9260e97a1def9bce6e830674984b22a5be	45	9		not_run_pending_T07		not_recorded	not_recorded	not_recorded	not_recorded	not_recorded	not_recorded_pending_rights_review	draft	legacy_unverified	inventoried_pending_T06	pending_T07	not_reviewed_pending_T08		pending_T06_T07_T08		not_assigned
asset:toefl:set-12:part-12:repeat-3		legacy_unversioned	set-12	12	S-001	Listen and Repeat	stimulus:t12-s-rp3:audio	section:set-12:part-12	item:t12-s-rp3	item:t12-s-rp3	src/data/mocks/toefl-set-12.ts	question.audioUrl	/audio/toefl/set-12/repeat-3.mp3	public/audio/toefl/set-12/repeat-3.mp3	863b8ac50c07df4446c7a0cfca542ab802cd3ae5a29ccccac7b2c1572bfeb3dc	30137	3700	mp3	44100	1	mono	64000				not_adjudicated_pending_T07	object:t12-s-rp3.targetSentence	e4f60a47fa784039f344a3f5f6b04e9e4c08eb450e1f3aee5fb00027086ab6b7	59	11		not_run_pending_T07		not_recorded	not_recorded	not_recorded	not_recorded	not_recorded	not_recorded_pending_rights_review	draft	legacy_unverified	inventoried_pending_T06	pending_T07	not_reviewed_pending_T08		pending_T06_T07_T08		not_assigned
asset:toefl:set-12:part-12:repeat-4		legacy_unversioned	set-12	12	S-001	Listen and Repeat	stimulus:t12-s-rp4:audio	section:set-12:part-12	item:t12-s-rp4	item:t12-s-rp4	src/data/mocks/toefl-set-12.ts	question.audioUrl	/audio/toefl/set-12/repeat-4.mp3	public/audio/toefl/set-12/repeat-4.mp3	1e883ad26563517d19e08a3f56e1f42db02a5cdc9323d4b5a0bb732d8813dc30	37242	4580	mp3	44100	1	mono	64000				not_adjudicated_pending_T07	object:t12-s-rp4.targetSentence	bb88c602e6e419788da025a6c94135859ab3f64dd01a3bab38bb5841f48e130d	75	13		not_run_pending_T07		not_recorded	not_recorded	not_recorded	not_recorded	not_recorded	not_recorded_pending_rights_review	draft	legacy_unverified	inventoried_pending_T06	pending_T07	not_reviewed_pending_T08		pending_T06_T07_T08		not_assigned
asset:toefl:set-12:part-12:repeat-5		legacy_unversioned	set-12	12	S-001	Listen and Repeat	stimulus:t12-s-rp5:audio	section:set-12:part-12	item:t12-s-rp5	item:t12-s-rp5	src/data/mocks/toefl-set-12.ts	question.audioUrl	/audio/toefl/set-12/repeat-5.mp3	public/audio/toefl/set-12/repeat-5.mp3	2518bffec4312f0f50692daf44247f935cc48a71448c8c68b07ef169ca600945	45601	5620	mp3	44100	1	mono	64000				not_adjudicated_pending_T07	object:t12-s-rp5.targetSentence	8d7bbbe373d3b400cc02ab84ef0a6ff85e08a295fedc20039e63830608717dae	96	15		not_run_pending_T07		not_recorded	not_recorded	not_recorded	not_recorded	not_recorded	not_recorded_pending_rights_review	draft	legacy_unverified	inventoried_pending_T06	pending_T07	not_reviewed_pending_T08		pending_T06_T07_T08		not_assigned
asset:toefl:set-13:part-5:listen-choose-1		legacy_unversioned	set-13	5	L-001	Listen and Choose a Response	stimulus:t13-l-cr1:audio	section:set-13:part-5	item:t13-l-cr1	item:t13-l-cr1	src/data/mocks/toefl-set-13.ts	question.audioUrl	/audio/toefl/set-13/listen-choose-1.mp3	public/audio/toefl/set-13/listen-choose-1.mp3	a38e1b1dbe6bb93afc72fa9439d62cef51624bb79864d4b0cadff4b5344befe0	32644	4020	mp3	44100	1	mono	64000				missing_source_pending_T07						not_run_pending_T07		not_recorded	not_recorded	not_recorded	not_recorded	not_recorded	not_recorded_pending_rights_review	draft	legacy_unverified	inventoried_pending_T06	pending_T07	not_reviewed_pending_T08		pending_T06_T07_T08		not_assigned
asset:toefl:set-13:part-5:listen-choose-2		legacy_unversioned	set-13	5	L-001	Listen and Choose a Response	stimulus:t13-l-cr2:audio	section:set-13:part-5	item:t13-l-cr2	item:t13-l-cr2	src/data/mocks/toefl-set-13.ts	question.audioUrl	/audio/toefl/set-13/listen-choose-2.mp3	public/audio/toefl/set-13/listen-choose-2.mp3	f053d3c6f7244e6e1a4b9a2ef5c591d2952295d83fcac1f16ce9dfe4023ca920	26375	3220	mp3	44100	1	mono	64000				missing_source_pending_T07						not_run_pending_T07		not_recorded	not_recorded	not_recorded	not_recorded	not_recorded	not_recorded_pending_rights_review	draft	legacy_unverified	inventoried_pending_T06	pending_T07	not_reviewed_pending_T08		pending_T06_T07_T08		not_assigned
asset:toefl:set-13:part-5:listen-choose-3		legacy_unversioned	set-13	5	L-001	Listen and Choose a Response	stimulus:t13-l-cr3:audio	section:set-13:part-5	item:t13-l-cr3	item:t13-l-cr3	src/data/mocks/toefl-set-13.ts	question.audioUrl	/audio/toefl/set-13/listen-choose-3.mp3	public/audio/toefl/set-13/listen-choose-3.mp3	b034415f61de5bd64a4e46849b84616245b3ca23207e676a1204741b45ca7098	37242	4580	mp3	44100	1	mono	64000				missing_source_pending_T07						not_run_pending_T07		not_recorded	not_recorded	not_recorded	not_recorded	not_recorded	not_recorded_pending_rights_review	draft	legacy_unverified	inventoried_pending_T06	pending_T07	not_reviewed_pending_T08		pending_T06_T07_T08		not_assigned
asset:toefl:set-13:part-5:listen-choose-4		legacy_unversioned	set-13	5	L-001	Listen and Choose a Response	stimulus:t13-l-cr4:audio	section:set-13:part-5	item:t13-l-cr4	item:t13-l-cr4	src/data/mocks/toefl-set-13.ts	question.audioUrl	/audio/toefl/set-13/listen-choose-4.mp3	public/audio/toefl/set-13/listen-choose-4.mp3	23a2f8b7c4e34cbed44934e9d9a92a2ab21b7ff569d9e4816d1235ba5fdbdf86	23867	2901	mp3	44100	1	mono	64000				missing_source_pending_T07						not_run_pending_T07		not_recorded	not_recorded	not_recorded	not_recorded	not_recorded	not_recorded_pending_rights_review	draft	legacy_unverified	inventoried_pending_T06	pending_T07	not_reviewed_pending_T08		pending_T06_T07_T08		not_assigned
asset:toefl:set-13:part-5:listen-choose-5		legacy_unversioned	set-13	5	L-001	Listen and Choose a Response	stimulus:t13-l-cr5:audio	section:set-13:part-5	item:t13-l-cr5	item:t13-l-cr5	src/data/mocks/toefl-set-13.ts	question.audioUrl	/audio/toefl/set-13/listen-choose-5.mp3	public/audio/toefl/set-13/listen-choose-5.mp3	dc6078650a96a460c32feba79d6247e1b9ceec1e5997ff18b5c373cd79b7cce0	32017	3940	mp3	44100	1	mono	64000				missing_source_pending_T07						not_run_pending_T07		not_recorded	not_recorded	not_recorded	not_recorded	not_recorded	not_recorded_pending_rights_review	draft	legacy_unverified	inventoried_pending_T06	pending_T07	not_reviewed_pending_T08		pending_T06_T07_T08		not_assigned
asset:toefl:set-13:part-6:conversation		legacy_unversioned	set-13	6	L-002	Listen to a Conversation	stimulus:set-13:part-6:audio	section:set-13:part-6		item:t13-l-cv1;item:t13-l-cv2;item:t13-l-cv3;item:t13-l-cv4	src/data/mocks/toefl-set-13.ts	section.audioUrl	/audio/toefl/set-13/conversation.mp3	public/audio/toefl/set-13/conversation.mp3	a04242582e31a91309e976d6d270fa2e4bb7e91a1c7491b2ae205e9e1f2bb987	474845	59280	mp3	44100	1	mono	64000				not_adjudicated_pending_T07	section:set-13:part-6.transcript	f4741748602f8d61a82e1fc6d4080936202a4a9f4b1a72297099be3eef9a716b	1045	188		not_run_pending_T07		not_recorded	not_recorded	not_recorded	not_recorded	not_recorded	not_recorded_pending_rights_review	draft	legacy_unverified	inventoried_pending_T06	pending_T07	not_reviewed_pending_T08		pending_T06_T07_T08		not_assigned
asset:toefl:set-13:part-7:announcement		legacy_unversioned	set-13	7	L-003	Listen to an Announcement	stimulus:set-13:part-7:audio	section:set-13:part-7		item:t13-l-an1;item:t13-l-an2;item:t13-l-an3	src/data/mocks/toefl-set-13.ts	section.audioUrl	/audio/toefl/set-13/announcement.mp3	public/audio/toefl/set-13/announcement.mp3	adc4cfb09db0a81d1411080eb36b6214f64ed8df6814e4bad294d13089bfcb12	354055	44180	mp3	44100	1	mono	64000				not_adjudicated_pending_T07	section:set-13:part-7.transcript	fe7adb433a6f667403e654c22d426052b5aea2c0018c6f670e9f749b902d75b7	734	127		not_run_pending_T07		not_recorded	not_recorded	not_recorded	not_recorded	not_recorded	not_recorded_pending_rights_review	draft	legacy_unverified	inventoried_pending_T06	pending_T07	not_reviewed_pending_T08		pending_T06_T07_T08		not_assigned
asset:toefl:set-13:part-8:academic-talk		legacy_unversioned	set-13	8	L-004	Listen to an Academic Talk	stimulus:set-13:part-8:audio	section:set-13:part-8		item:t13-l-at1;item:t13-l-at2;item:t13-l-at3;item:t13-l-at4;item:t13-l-at5	src/data/mocks/toefl-set-13.ts	section.audioUrl	/audio/toefl/set-13/academic-talk.mp3	public/audio/toefl/set-13/academic-talk.mp3	2d09d37ffa3b70506a34bdbf3a4f932240f3a4f8ea0e5c3fd1e29a67bee83e0a	1019655	127380	mp3	44100	1	mono	64000				not_adjudicated_pending_T07	section:set-13:part-8.transcript	53ba27edb89fa1af82bddea7e04b7670b0dca4e177eb2efc8c88fd97c6c5f424	1875	302		not_run_pending_T07		not_recorded	not_recorded	not_recorded	not_recorded	not_recorded	not_recorded_pending_rights_review	draft	legacy_unverified	inventoried_pending_T06	pending_T07	not_reviewed_pending_T08		pending_T06_T07_T08		not_assigned
asset:toefl:set-13:part-12:repeat-1		legacy_unversioned	set-13	12	S-001	Listen and Repeat	stimulus:t13-s-rp1:audio	section:set-13:part-12	item:t13-s-rp1	item:t13-s-rp1	src/data/mocks/toefl-set-13.ts	question.audioUrl	/audio/toefl/set-13/repeat-1.mp3	public/audio/toefl/set-13/repeat-1.mp3	9bd9dbd14ac3fc0b10c1540bd251f709af621503b56c509c5fd51c3043e76a34	17389	2100	mp3	44100	1	mono	64000				not_adjudicated_pending_T07	object:t13-s-rp1.targetSentence	cb630013aebafe579abbcbae94edecd7804af96ca9be20369f3a4565922679f5	24	5		not_run_pending_T07		not_recorded	not_recorded	not_recorded	not_recorded	not_recorded	not_recorded_pending_rights_review	draft	legacy_unverified	inventoried_pending_T06	pending_T07	not_reviewed_pending_T08		pending_T06_T07_T08		not_assigned
asset:toefl:set-13:part-12:repeat-2		legacy_unversioned	set-13	12	S-001	Listen and Repeat	stimulus:t13-s-rp2:audio	section:set-13:part-12	item:t13-s-rp2	item:t13-s-rp2	src/data/mocks/toefl-set-13.ts	question.audioUrl	/audio/toefl/set-13/repeat-2.mp3	public/audio/toefl/set-13/repeat-2.mp3	71c84ab330927dd83efbf86a5c4c821ec12c4b12b1bbf74d84df67e6354a2a57	25748	3140	mp3	44100	1	mono	64000				not_adjudicated_pending_T07	object:t13-s-rp2.targetSentence	71a6dbb223196d2aa11338d50588790925f726e991f9f17949d814e60eb255db	43	9		not_run_pending_T07		not_recorded	not_recorded	not_recorded	not_recorded	not_recorded	not_recorded_pending_rights_review	draft	legacy_unverified	inventoried_pending_T06	pending_T07	not_reviewed_pending_T08		pending_T06_T07_T08		not_assigned
asset:toefl:set-13:part-12:repeat-3		legacy_unversioned	set-13	12	S-001	Listen and Repeat	stimulus:t13-s-rp3:audio	section:set-13:part-12	item:t13-s-rp3	item:t13-s-rp3	src/data/mocks/toefl-set-13.ts	question.audioUrl	/audio/toefl/set-13/repeat-3.mp3	public/audio/toefl/set-13/repeat-3.mp3	132fb19b9e767c88b9183cf410eb522c6251bef64bc895778f7a4528d973cecc	28256	3460	mp3	44100	1	mono	64000				not_adjudicated_pending_T07	object:t13-s-rp3.targetSentence	ad7b5a72f9eebdf9bc749811142e88cdc19fdcf78553e0d76399199858114c68	63	12		not_run_pending_T07		not_recorded	not_recorded	not_recorded	not_recorded	not_recorded	not_recorded_pending_rights_review	draft	legacy_unverified	inventoried_pending_T06	pending_T07	not_reviewed_pending_T08		pending_T06_T07_T08		not_assigned
asset:toefl:set-13:part-12:repeat-4		legacy_unversioned	set-13	12	S-001	Listen and Repeat	stimulus:t13-s-rp4:audio	section:set-13:part-12	item:t13-s-rp4	item:t13-s-rp4	src/data/mocks/toefl-set-13.ts	question.audioUrl	/audio/toefl/set-13/repeat-4.mp3	public/audio/toefl/set-13/repeat-4.mp3	254d4c52d949911ed3f0bb7550941ee1c4a3cc64b780ab1f9a2ed8f5759f031e	37242	4580	mp3	44100	1	mono	64000				not_adjudicated_pending_T07	object:t13-s-rp4.targetSentence	d1f4d55b3e85aeb10cbed2a10b08ff5c1e17cd75e5aa61e98b64f2fd66d4cf04	75	12		not_run_pending_T07		not_recorded	not_recorded	not_recorded	not_recorded	not_recorded	not_recorded_pending_rights_review	draft	legacy_unverified	inventoried_pending_T06	pending_T07	not_reviewed_pending_T08		pending_T06_T07_T08		not_assigned
asset:toefl:set-13:part-12:repeat-5		legacy_unversioned	set-13	12	S-001	Listen and Repeat	stimulus:t13-s-rp5:audio	section:set-13:part-12	item:t13-s-rp5	item:t13-s-rp5	src/data/mocks/toefl-set-13.ts	question.audioUrl	/audio/toefl/set-13/repeat-5.mp3	public/audio/toefl/set-13/repeat-5.mp3	c222cf99b2fe92201390412ff4f29e846c24b1374560e3b8ac96dc4bc29d65ab	45601	5620	mp3	44100	1	mono	64000				not_adjudicated_pending_T07	object:t13-s-rp5.targetSentence	252076c1d3c779b8aed69be23ef8a0d52f1a105cb0ac795fd3243dfd1c2a4e96	97	15		not_run_pending_T07		not_recorded	not_recorded	not_recorded	not_recorded	not_recorded	not_recorded_pending_rights_review	draft	legacy_unverified	inventoried_pending_T06	pending_T07	not_reviewed_pending_T08		pending_T06_T07_T08		not_assigned
asset:toefl:set-14:part-5:listen-choose-1		legacy_unversioned	set-14	5	L-001	Listen and Choose a Response	stimulus:t14-l-cr1:audio	section:set-14:part-5	item:t14-l-cr1	item:t14-l-cr1	src/data/mocks/toefl-set-14.ts	question.audioUrl	/audio/toefl/set-14/listen-choose-1.mp3	public/audio/toefl/set-14/listen-choose-1.mp3	da1f20aeaa25560b1c333de37490210e824ef787d60e9502b14efab2266779a2	23031	2820	mp3	44100	1	mono	64000				missing_source_pending_T07						not_run_pending_T07		not_recorded	not_recorded	not_recorded	not_recorded	not_recorded	not_recorded_pending_rights_review	draft	legacy_unverified	inventoried_pending_T06	pending_T07	not_reviewed_pending_T08		pending_T06_T07_T08		not_assigned
asset:toefl:set-14:part-5:listen-choose-2		legacy_unversioned	set-14	5	L-001	Listen and Choose a Response	stimulus:t14-l-cr2:audio	section:set-14:part-5	item:t14-l-cr2	item:t14-l-cr2	src/data/mocks/toefl-set-14.ts	question.audioUrl	/audio/toefl/set-14/listen-choose-2.mp3	public/audio/toefl/set-14/listen-choose-2.mp3	e46644f6c2e6d9f55607cd2b1da9734c2d683000f5ce0cd0d6f919cb6ef3f4d6	25748	3140	mp3	44100	1	mono	64000				missing_source_pending_T07						not_run_pending_T07		not_recorded	not_recorded	not_recorded	not_recorded	not_recorded	not_recorded_pending_rights_review	draft	legacy_unverified	inventoried_pending_T06	pending_T07	not_reviewed_pending_T08		pending_T06_T07_T08		not_assigned
asset:toefl:set-14:part-5:listen-choose-3		legacy_unversioned	set-14	5	L-001	Listen and Choose a Response	stimulus:t14-l-cr3:audio	section:set-14:part-5	item:t14-l-cr3	item:t14-l-cr3	src/data/mocks/toefl-set-14.ts	question.audioUrl	/audio/toefl/set-14/listen-choose-3.mp3	public/audio/toefl/set-14/listen-choose-3.mp3	f15307aa74ca0ce92bc57b2ba50afe1d3bf27cd60623743ab85593a6bf0eeffc	29510	3620	mp3	44100	1	mono	64000				missing_source_pending_T07						not_run_pending_T07		not_recorded	not_recorded	not_recorded	not_recorded	not_recorded	not_recorded_pending_rights_review	draft	legacy_unverified	inventoried_pending_T06	pending_T07	not_reviewed_pending_T08		pending_T06_T07_T08		not_assigned
asset:toefl:set-14:part-5:listen-choose-4		legacy_unversioned	set-14	5	L-001	Listen and Choose a Response	stimulus:t14-l-cr4:audio	section:set-14:part-5	item:t14-l-cr4	item:t14-l-cr4	src/data/mocks/toefl-set-14.ts	question.audioUrl	/audio/toefl/set-14/listen-choose-4.mp3	public/audio/toefl/set-14/listen-choose-4.mp3	f74b20a797f6da32de3cdbb6e50e1c32c039e5d293f65c067914e14b3e1e4a1c	38496	4740	mp3	44100	1	mono	64000				missing_source_pending_T07						not_run_pending_T07		not_recorded	not_recorded	not_recorded	not_recorded	not_recorded	not_recorded_pending_rights_review	draft	legacy_unverified	inventoried_pending_T06	pending_T07	not_reviewed_pending_T08		pending_T06_T07_T08		not_assigned
asset:toefl:set-14:part-5:listen-choose-5		legacy_unversioned	set-14	5	L-001	Listen and Choose a Response	stimulus:t14-l-cr5:audio	section:set-14:part-5	item:t14-l-cr5	item:t14-l-cr5	src/data/mocks/toefl-set-14.ts	question.audioUrl	/audio/toefl/set-14/listen-choose-5.mp3	public/audio/toefl/set-14/listen-choose-5.mp3	6007d8c37b895b5c33209ed649aa493978f91799d4bdc547877ad3778b2d7937	25121	3060	mp3	44100	1	mono	64000				missing_source_pending_T07						not_run_pending_T07		not_recorded	not_recorded	not_recorded	not_recorded	not_recorded	not_recorded_pending_rights_review	draft	legacy_unverified	inventoried_pending_T06	pending_T07	not_reviewed_pending_T08		pending_T06_T07_T08		not_assigned
asset:toefl:set-14:part-6:conversation		legacy_unversioned	set-14	6	L-002	Listen to a Conversation	stimulus:set-14:part-6:audio	section:set-14:part-6		item:t14-l-cv1;item:t14-l-cv2;item:t14-l-cv3;item:t14-l-cv4	src/data/mocks/toefl-set-14.ts	section.audioUrl	/audio/toefl/set-14/conversation.mp3	public/audio/toefl/set-14/conversation.mp3	781dbdeb2902a508641c31014912fb9fb2de2b78ae3c6f4350b5bd897d82c52c	647044	80800	mp3	44100	1	mono	64000				not_adjudicated_pending_T07	section:set-14:part-6.transcript	0b4d0c5009ebe51e226c6aafca9930851c5b389906602d5c50000d24ae1e6c8d	1390	226		not_run_pending_T07		not_recorded	not_recorded	not_recorded	not_recorded	not_recorded	not_recorded_pending_rights_review	draft	legacy_unverified	inventoried_pending_T06	pending_T07	not_reviewed_pending_T08		pending_T06_T07_T08		not_assigned
asset:toefl:set-14:part-7:announcement		legacy_unversioned	set-14	7	L-003	Listen to an Announcement	stimulus:set-14:part-7:audio	section:set-14:part-7		item:t14-l-an1;item:t14-l-an2;item:t14-l-an3	src/data/mocks/toefl-set-14.ts	section.audioUrl	/audio/toefl/set-14/announcement.mp3	public/audio/toefl/set-14/announcement.mp3	8b9f1d6ec5f5041f14dbbc42cac1cb15160ea96d6187799dbdf695b04bd38e6e	298884	37300	mp3	44100	1	mono	64000				not_adjudicated_pending_T07	section:set-14:part-7.transcript	e11e9182239bde73ebdfe9f1c75107b4e6eb0719ac5074832834a9cc9e0e2ba9	686	119		not_run_pending_T07		not_recorded	not_recorded	not_recorded	not_recorded	not_recorded	not_recorded_pending_rights_review	draft	legacy_unverified	inventoried_pending_T06	pending_T07	not_reviewed_pending_T08		pending_T06_T07_T08		not_assigned
asset:toefl:set-14:part-8:academic-talk		legacy_unversioned	set-14	8	L-004	Listen to an Academic Talk	stimulus:set-14:part-8:audio	section:set-14:part-8		item:t14-l-at1;item:t14-l-at2;item:t14-l-at3;item:t14-l-at4;item:t14-l-at5	src/data/mocks/toefl-set-14.ts	section.audioUrl	/audio/toefl/set-14/academic-talk.mp3	public/audio/toefl/set-14/academic-talk.mp3	8b5aafe9558e8a4c11abf56e887d930617a0317283a8af3a2e93f8746427e934	1025924	128180	mp3	44100	1	mono	64000				not_adjudicated_pending_T07	section:set-14:part-8.transcript	a85325fce097975d47be4553bee81190ec799c55be4152430e9f3cba9f46ea6e	2008	322		not_run_pending_T07		not_recorded	not_recorded	not_recorded	not_recorded	not_recorded	not_recorded_pending_rights_review	draft	legacy_unverified	inventoried_pending_T06	pending_T07	not_reviewed_pending_T08		pending_T06_T07_T08		not_assigned
asset:toefl:set-14:part-12:repeat-1		legacy_unversioned	set-14	12	S-001	Listen and Repeat	stimulus:t14-s-rp1:audio	section:set-14:part-12	item:t14-s-rp1	item:t14-s-rp1	src/data/mocks/toefl-set-14.ts	question.audioUrl	/audio/toefl/set-14/repeat-1.mp3	public/audio/toefl/set-14/repeat-1.mp3	c3b97a2fa88fec7b020b9ef6434f9c9b1e5f6db4009b33f1dade8263948fcbcc	15508	1860	mp3	44100	1	mono	64000				not_adjudicated_pending_T07	object:t14-s-rp1.targetSentence	7f6ceb55b490f4bb63bc41023b8a537cc1f4e5f267588c7e337d2ef4126e4fe5	17	4		not_run_pending_T07		not_recorded	not_recorded	not_recorded	not_recorded	not_recorded	not_recorded_pending_rights_review	draft	legacy_unverified	inventoried_pending_T06	pending_T07	not_reviewed_pending_T08		pending_T06_T07_T08		not_assigned
asset:toefl:set-14:part-12:repeat-2		legacy_unversioned	set-14	12	S-001	Listen and Repeat	stimulus:t14-s-rp2:audio	section:set-14:part-12	item:t14-s-rp2	item:t14-s-rp2	src/data/mocks/toefl-set-14.ts	question.audioUrl	/audio/toefl/set-14/repeat-2.mp3	public/audio/toefl/set-14/repeat-2.mp3	9148d65935f3863c612180db03fbc97a09969b92213ba0598b2051a282e1f59a	20524	2500	mp3	44100	1	mono	64000				not_adjudicated_pending_T07	object:t14-s-rp2.targetSentence	a641adae9130dcb0c84abeef65727f940de26d1a56cc0594729801488342ec22	39	8		not_run_pending_T07		not_recorded	not_recorded	not_recorded	not_recorded	not_recorded	not_recorded_pending_rights_review	draft	legacy_unverified	inventoried_pending_T06	pending_T07	not_reviewed_pending_T08		pending_T06_T07_T08		not_assigned
asset:toefl:set-14:part-12:repeat-3		legacy_unversioned	set-14	12	S-001	Listen and Repeat	stimulus:t14-s-rp3:audio	section:set-14:part-12	item:t14-s-rp3	item:t14-s-rp3	src/data/mocks/toefl-set-14.ts	question.audioUrl	/audio/toefl/set-14/repeat-3.mp3	public/audio/toefl/set-14/repeat-3.mp3	6358543caf2e42951187dc20d9e71140ef506d8fa9a695718b70be40c6cfa485	27002	3300	mp3	44100	1	mono	64000				not_adjudicated_pending_T07	object:t14-s-rp3.targetSentence	dca5d8f4c4bf8611c575343120c10ca03a9a9ec7986ff76743fede464af979b9	48	9		not_run_pending_T07		not_recorded	not_recorded	not_recorded	not_recorded	not_recorded	not_recorded_pending_rights_review	draft	legacy_unverified	inventoried_pending_T06	pending_T07	not_reviewed_pending_T08		pending_T06_T07_T08		not_assigned
asset:toefl:set-14:part-12:repeat-4		legacy_unversioned	set-14	12	S-001	Listen and Repeat	stimulus:t14-s-rp4:audio	section:set-14:part-12	item:t14-s-rp4	item:t14-s-rp4	src/data/mocks/toefl-set-14.ts	question.audioUrl	/audio/toefl/set-14/repeat-4.mp3	public/audio/toefl/set-14/repeat-4.mp3	36f5c86f6555581a43f2accabd9aa4d75ce7c44b1c0f634877a953fa2aa3a0f9	34734	4260	mp3	44100	1	mono	64000				not_adjudicated_pending_T07	object:t14-s-rp4.targetSentence	061826466aea6fd0b3376ab05abc2b1c37bcebe646ee2de775c674a6b3b032ca	73	11		not_run_pending_T07		not_recorded	not_recorded	not_recorded	not_recorded	not_recorded	not_recorded_pending_rights_review	draft	legacy_unverified	inventoried_pending_T06	pending_T07	not_reviewed_pending_T08		pending_T06_T07_T08		not_assigned
asset:toefl:set-14:part-12:repeat-5		legacy_unversioned	set-14	12	S-001	Listen and Repeat	stimulus:t14-s-rp5:audio	section:set-14:part-12	item:t14-s-rp5	item:t14-s-rp5	src/data/mocks/toefl-set-14.ts	question.audioUrl	/audio/toefl/set-14/repeat-5.mp3	public/audio/toefl/set-14/repeat-5.mp3	6d7069a4ee4d96dfe39d8962ff03ade8aecc787d15cb95a58bda6d37f2bc4eec	49363	6100	mp3	44100	1	mono	64000				not_adjudicated_pending_T07	object:t14-s-rp5.targetSentence	95cd63197911d88f06e5f594f5b0bacf0cbd53bbdef91ab4554c304936cad9a8	100	18		not_run_pending_T07		not_recorded	not_recorded	not_recorded	not_recorded	not_recorded	not_recorded_pending_rights_review	draft	legacy_unverified	inventoried_pending_T06	pending_T07	not_reviewed_pending_T08		pending_T06_T07_T08		not_assigned
asset:toefl:set-15:part-5:listen-choose-1		legacy_unversioned	set-15	5	L-001	Listen and Choose a Response	stimulus:t15-l-cr1:audio	section:set-15:part-5	item:t15-l-cr1	item:t15-l-cr1	src/data/mocks/toefl-set-15.ts	question.audioUrl	/audio/toefl/set-15/listen-choose-1.mp3	public/audio/toefl/set-15/listen-choose-1.mp3	f1e3c55c0ca42b16aed424c135acacdcdbc5db8c43d46214c18d0605141dda79	25121	3060	mp3	44100	1	mono	64000				missing_source_pending_T07						not_run_pending_T07		not_recorded	not_recorded	not_recorded	not_recorded	not_recorded	not_recorded_pending_rights_review	draft	legacy_unverified	inventoried_pending_T06	pending_T07	not_reviewed_pending_T08		pending_T06_T07_T08		not_assigned
asset:toefl:set-15:part-5:listen-choose-2		legacy_unversioned	set-15	5	L-001	Listen and Choose a Response	stimulus:t15-l-cr2:audio	section:set-15:part-5	item:t15-l-cr2	item:t15-l-cr2	src/data/mocks/toefl-set-15.ts	question.audioUrl	/audio/toefl/set-15/listen-choose-2.mp3	public/audio/toefl/set-15/listen-choose-2.mp3	183b389c7030d2b0c950f1d5f9bd78e8ef053c5637df5456119d76bcbe932c33	28256	3460	mp3	44100	1	mono	64000				missing_source_pending_T07						not_run_pending_T07		not_recorded	not_recorded	not_recorded	not_recorded	not_recorded	not_recorded_pending_rights_review	draft	legacy_unverified	inventoried_pending_T06	pending_T07	not_reviewed_pending_T08		pending_T06_T07_T08		not_assigned
asset:toefl:set-15:part-5:listen-choose-3		legacy_unversioned	set-15	5	L-001	Listen and Choose a Response	stimulus:t15-l-cr3:audio	section:set-15:part-5	item:t15-l-cr3	item:t15-l-cr3	src/data/mocks/toefl-set-15.ts	question.audioUrl	/audio/toefl/set-15/listen-choose-3.mp3	public/audio/toefl/set-15/listen-choose-3.mp3	7058bc48c64d0b3a0f63cb8bf61941fcb7ca483091dc3a6f3d7c2cabf27c2b17	23031	2820	mp3	44100	1	mono	64000				missing_source_pending_T07						not_run_pending_T07		not_recorded	not_recorded	not_recorded	not_recorded	not_recorded	not_recorded_pending_rights_review	draft	legacy_unverified	inventoried_pending_T06	pending_T07	not_reviewed_pending_T08		pending_T06_T07_T08		not_assigned
asset:toefl:set-15:part-5:listen-choose-4		legacy_unversioned	set-15	5	L-001	Listen and Choose a Response	stimulus:t15-l-cr4:audio	section:set-15:part-5	item:t15-l-cr4	item:t15-l-cr4	src/data/mocks/toefl-set-15.ts	question.audioUrl	/audio/toefl/set-15/listen-choose-4.mp3	public/audio/toefl/set-15/listen-choose-4.mp3	02b35ef2d4d113a447e5d1ce0e3db9bd447594f6235403198db0a33991e4c729	39750	4900	mp3	44100	1	mono	64000				missing_source_pending_T07						not_run_pending_T07		not_recorded	not_recorded	not_recorded	not_recorded	not_recorded	not_recorded_pending_rights_review	draft	legacy_unverified	inventoried_pending_T06	pending_T07	not_reviewed_pending_T08		pending_T06_T07_T08		not_assigned
asset:toefl:set-15:part-5:listen-choose-5		legacy_unversioned	set-15	5	L-001	Listen and Choose a Response	stimulus:t15-l-cr5:audio	section:set-15:part-5	item:t15-l-cr5	item:t15-l-cr5	src/data/mocks/toefl-set-15.ts	question.audioUrl	/audio/toefl/set-15/listen-choose-5.mp3	public/audio/toefl/set-15/listen-choose-5.mp3	f45c4cd6411590821376c33adde4bbfdfbc86aeb37c75ea9b7e62cbc666b9648	23031	2820	mp3	44100	1	mono	64000				missing_source_pending_T07						not_run_pending_T07		not_recorded	not_recorded	not_recorded	not_recorded	not_recorded	not_recorded_pending_rights_review	draft	legacy_unverified	inventoried_pending_T06	pending_T07	not_reviewed_pending_T08		pending_T06_T07_T08		not_assigned
asset:toefl:set-15:part-6:conversation		legacy_unversioned	set-15	6	L-002	Listen to a Conversation	stimulus:set-15:part-6:audio	section:set-15:part-6		item:t15-l-cv1;item:t15-l-cv2;item:t15-l-cv3;item:t15-l-cv4	src/data/mocks/toefl-set-15.ts	section.audioUrl	/audio/toefl/set-15/conversation.mp3	public/audio/toefl/set-15/conversation.mp3	ee5b7b5bef4eabe8c3dcb5308d813d7aad4e30c3d80368769d401871975946f6	576827	72021	mp3	44100	1	mono	64000				not_adjudicated_pending_T07	section:set-15:part-6.transcript	e0db6a9737b2681bcc75084504c41055448974d5e9405fc880b2dbafdf861db4	1245	223		not_run_pending_T07		not_recorded	not_recorded	not_recorded	not_recorded	not_recorded	not_recorded_pending_rights_review	draft	legacy_unverified	inventoried_pending_T06	pending_T07	not_reviewed_pending_T08		pending_T06_T07_T08		not_assigned
asset:toefl:set-15:part-7:announcement		legacy_unversioned	set-15	7	L-003	Listen to an Announcement	stimulus:set-15:part-7:audio	section:set-15:part-7		item:t15-l-an1;item:t15-l-an2;item:t15-l-an3	src/data/mocks/toefl-set-15.ts	section.audioUrl	/audio/toefl/set-15/announcement.mp3	public/audio/toefl/set-15/announcement.mp3	a8cb6d06d4fc7f382b166467c04c032ade02c06aa9fc37eada58b6d586e0c77f	379550	47380	mp3	44100	1	mono	64000				not_adjudicated_pending_T07	section:set-15:part-7.transcript	f7d79b5e9c6d661d405d4fa555ee753cff55527ee8591be84845ed254e4772fd	836	141		not_run_pending_T07		not_recorded	not_recorded	not_recorded	not_recorded	not_recorded	not_recorded_pending_rights_review	draft	legacy_unverified	inventoried_pending_T06	pending_T07	not_reviewed_pending_T08		pending_T06_T07_T08		not_assigned
asset:toefl:set-15:part-8:academic-talk		legacy_unversioned	set-15	8	L-004	Listen to an Academic Talk	stimulus:set-15:part-8:audio	section:set-15:part-8		item:t15-l-at1;item:t15-l-at2;item:t15-l-at3;item:t15-l-at4;item:t15-l-at5	src/data/mocks/toefl-set-15.ts	section.audioUrl	/audio/toefl/set-15/academic-talk.mp3	public/audio/toefl/set-15/academic-talk.mp3	52c0369abd38c2b0179481c6081b3afb034dcfbb407c347f16b4aec7eb0c7f73	1100321	137460	mp3	44100	1	mono	64000				not_adjudicated_pending_T07	section:set-15:part-8.transcript	9a724e111cd59dae52f57f6d0e7a2ffc338d2817d105e3518431cdafa5385529	1880	292		not_run_pending_T07		not_recorded	not_recorded	not_recorded	not_recorded	not_recorded	not_recorded_pending_rights_review	draft	legacy_unverified	inventoried_pending_T06	pending_T07	not_reviewed_pending_T08		pending_T06_T07_T08		not_assigned
asset:toefl:set-15:part-12:repeat-1		legacy_unversioned	set-15	12	S-001	Listen and Repeat	stimulus:t15-s-rp1:audio	section:set-15:part-12	item:t15-s-rp1	item:t15-s-rp1	src/data/mocks/toefl-set-15.ts	question.audioUrl	/audio/toefl/set-15/repeat-1.mp3	public/audio/toefl/set-15/repeat-1.mp3	2fc483e8629fa07e0b1bada5869a7f905571b0eff7caa449f7b8095280047a1e	16762	2020	mp3	44100	1	mono	64000				not_adjudicated_pending_T07	object:t15-s-rp1.targetSentence	73ab5ca1371240eadbcbabb47d13fc8977324ed299120f8f955fbebfd7cbde92	21	4		not_run_pending_T07		not_recorded	not_recorded	not_recorded	not_recorded	not_recorded	not_recorded_pending_rights_review	draft	legacy_unverified	inventoried_pending_T06	pending_T07	not_reviewed_pending_T08		pending_T06_T07_T08		not_assigned
asset:toefl:set-15:part-12:repeat-2		legacy_unversioned	set-15	12	S-001	Listen and Repeat	stimulus:t15-s-rp2:audio	section:set-15:part-12	item:t15-s-rp2	item:t15-s-rp2	src/data/mocks/toefl-set-15.ts	question.audioUrl	/audio/toefl/set-15/repeat-2.mp3	public/audio/toefl/set-15/repeat-2.mp3	de7df793bc60d58cf7f9f3cd865acc89a13af627da32363519fda5ddd8d3b3eb	25748	3140	mp3	44100	1	mono	64000				not_adjudicated_pending_T07	object:t15-s-rp2.targetSentence	f7f279ad321badebb28c821b7480eb74a2902578482b6e3187280e9a5468d77d	51	8		not_run_pending_T07		not_recorded	not_recorded	not_recorded	not_recorded	not_recorded	not_recorded_pending_rights_review	draft	legacy_unverified	inventoried_pending_T06	pending_T07	not_reviewed_pending_T08		pending_T06_T07_T08		not_assigned
asset:toefl:set-15:part-12:repeat-3		legacy_unversioned	set-15	12	S-001	Listen and Repeat	stimulus:t15-s-rp3:audio	section:set-15:part-12	item:t15-s-rp3	item:t15-s-rp3	src/data/mocks/toefl-set-15.ts	question.audioUrl	/audio/toefl/set-15/repeat-3.mp3	public/audio/toefl/set-15/repeat-3.mp3	a982e3f918d575e4ebfc8e59df30790d8fc46e953bc656bdb5bc5072d3e3aae3	29510	3620	mp3	44100	1	mono	64000				not_adjudicated_pending_T07	object:t15-s-rp3.targetSentence	d15b73df0641c42895bbad3d4014145450b189b59050fdd9b80d027adb911a93	61	10		not_run_pending_T07		not_recorded	not_recorded	not_recorded	not_recorded	not_recorded	not_recorded_pending_rights_review	draft	legacy_unverified	inventoried_pending_T06	pending_T07	not_reviewed_pending_T08		pending_T06_T07_T08		not_assigned
asset:toefl:set-15:part-12:repeat-4		legacy_unversioned	set-15	12	S-001	Listen and Repeat	stimulus:t15-s-rp4:audio	section:set-15:part-12	item:t15-s-rp4	item:t15-s-rp4	src/data/mocks/toefl-set-15.ts	question.audioUrl	/audio/toefl/set-15/repeat-4.mp3	public/audio/toefl/set-15/repeat-4.mp3	ae98a88c9aa8fbc12c442cef9ef168c0f393af5d0247e97e86ca27f445b81bd5	35361	4340	mp3	44100	1	mono	64000				not_adjudicated_pending_T07	object:t15-s-rp4.targetSentence	5e7016e4966a908ba44feff1716e13248e0acb4b2a611c9baf603288b02ec38d	72	11		not_run_pending_T07		not_recorded	not_recorded	not_recorded	not_recorded	not_recorded	not_recorded_pending_rights_review	draft	legacy_unverified	inventoried_pending_T06	pending_T07	not_reviewed_pending_T08		pending_T06_T07_T08		not_assigned
asset:toefl:set-15:part-12:repeat-5		legacy_unversioned	set-15	12	S-001	Listen and Repeat	stimulus:t15-s-rp5:audio	section:set-15:part-12	item:t15-s-rp5	item:t15-s-rp5	src/data/mocks/toefl-set-15.ts	question.audioUrl	/audio/toefl/set-15/repeat-5.mp3	public/audio/toefl/set-15/repeat-5.mp3	5a0cf6260375ac4d4561a300120ce1a875ad8b1ed241056b9dbd33f43a8e49d6	44974	5540	mp3	44100	1	mono	64000				not_adjudicated_pending_T07	object:t15-s-rp5.targetSentence	e55ede8b052e853dacbd7e0c04d3bf51e2cf12499742b07b5972a92a3bea0eeb	91	15		not_run_pending_T07		not_recorded	not_recorded	not_recorded	not_recorded	not_recorded	not_recorded_pending_rights_review	draft	legacy_unverified	inventoried_pending_T06	pending_T07	not_reviewed_pending_T08		pending_T06_T07_T08		not_assigned
asset:toefl:set-16:part-5:listen-choose-1		legacy_unversioned	set-16	5	L-001	Listen and Choose a Response	stimulus:t16-l-cr1:audio	section:set-16:part-5	item:t16-l-cr1	item:t16-l-cr1	src/data/mocks/toefl-set-16.ts	question.audioUrl	/audio/toefl/set-16/listen-choose-1.mp3	public/audio/toefl/set-16/listen-choose-1.mp3	f5b7b9c6236291f60c9953dbd83db530d6402a350a5d5e4476209e042fd991ad	25121	3060	mp3	44100	1	mono	64000				missing_source_pending_T07						not_run_pending_T07		not_recorded	not_recorded	not_recorded	not_recorded	not_recorded	not_recorded_pending_rights_review	draft	legacy_unverified	inventoried_pending_T06	pending_T07	not_reviewed_pending_T08		pending_T06_T07_T08		not_assigned
asset:toefl:set-16:part-5:listen-choose-2		legacy_unversioned	set-16	5	L-001	Listen and Choose a Response	stimulus:t16-l-cr2:audio	section:set-16:part-5	item:t16-l-cr2	item:t16-l-cr2	src/data/mocks/toefl-set-16.ts	question.audioUrl	/audio/toefl/set-16/listen-choose-2.mp3	public/audio/toefl/set-16/listen-choose-2.mp3	2e5e198d309f514d5d926ae2d862013ede258296ed013c1d66fc3f83d7c3e6c1	35988	4420	mp3	44100	1	mono	64000				missing_source_pending_T07						not_run_pending_T07		not_recorded	not_recorded	not_recorded	not_recorded	not_recorded	not_recorded_pending_rights_review	draft	legacy_unverified	inventoried_pending_T06	pending_T07	not_reviewed_pending_T08		pending_T06_T07_T08		not_assigned
asset:toefl:set-16:part-5:listen-choose-3		legacy_unversioned	set-16	5	L-001	Listen and Choose a Response	stimulus:t16-l-cr3:audio	section:set-16:part-5	item:t16-l-cr3	item:t16-l-cr3	src/data/mocks/toefl-set-16.ts	question.audioUrl	/audio/toefl/set-16/listen-choose-3.mp3	public/audio/toefl/set-16/listen-choose-3.mp3	6419416873275669506cef5361f5cde54651ea7416527a8ae2342cba7c53a71f	22404	2740	mp3	44100	1	mono	64000				missing_source_pending_T07						not_run_pending_T07		not_recorded	not_recorded	not_recorded	not_recorded	not_recorded	not_recorded_pending_rights_review	draft	legacy_unverified	inventoried_pending_T06	pending_T07	not_reviewed_pending_T08		pending_T06_T07_T08		not_assigned
asset:toefl:set-16:part-5:listen-choose-4		legacy_unversioned	set-16	5	L-001	Listen and Choose a Response	stimulus:t16-l-cr4:audio	section:set-16:part-5	item:t16-l-cr4	item:t16-l-cr4	src/data/mocks/toefl-set-16.ts	question.audioUrl	/audio/toefl/set-16/listen-choose-4.mp3	public/audio/toefl/set-16/listen-choose-4.mp3	9f575a5c7ca9a604e048d28486cf16d521588a1f3984f372bf7c9ee7f72704ce	27629	3380	mp3	44100	1	mono	64000				missing_source_pending_T07						not_run_pending_T07		not_recorded	not_recorded	not_recorded	not_recorded	not_recorded	not_recorded_pending_rights_review	draft	legacy_unverified	inventoried_pending_T06	pending_T07	not_reviewed_pending_T08		pending_T06_T07_T08		not_assigned
asset:toefl:set-16:part-5:listen-choose-5		legacy_unversioned	set-16	5	L-001	Listen and Choose a Response	stimulus:t16-l-cr5:audio	section:set-16:part-5	item:t16-l-cr5	item:t16-l-cr5	src/data/mocks/toefl-set-16.ts	question.audioUrl	/audio/toefl/set-16/listen-choose-5.mp3	public/audio/toefl/set-16/listen-choose-5.mp3	0f26e2e4bddc95bdd456312dc483801e3fc6fa3a6caea3fafb4c57eddc1d316e	31390	3860	mp3	44100	1	mono	64000				missing_source_pending_T07						not_run_pending_T07		not_recorded	not_recorded	not_recorded	not_recorded	not_recorded	not_recorded_pending_rights_review	draft	legacy_unverified	inventoried_pending_T06	pending_T07	not_reviewed_pending_T08		pending_T06_T07_T08		not_assigned
asset:toefl:set-16:part-6:conversation		legacy_unversioned	set-16	6	L-002	Listen to a Conversation	stimulus:set-16:part-6:audio	section:set-16:part-6		item:t16-l-cv1;item:t16-l-cv2;item:t16-l-cv3;item:t16-l-cv4	src/data/mocks/toefl-set-16.ts	section.audioUrl	/audio/toefl/set-16/conversation.mp3	public/audio/toefl/set-16/conversation.mp3	6f37977eeeb1539770f2b940df04174eedc53826b3dedb928abed06e95744d21	696573	87000	mp3	44100	1	mono	64000				not_adjudicated_pending_T07	section:set-16:part-6.transcript	230612f83ce619beb9d0fe1b43a681354c278f839f9aea17203c065e55fb82a5	1435	242		not_run_pending_T07		not_recorded	not_recorded	not_recorded	not_recorded	not_recorded	not_recorded_pending_rights_review	draft	legacy_unverified	inventoried_pending_T06	pending_T07	not_reviewed_pending_T08		pending_T06_T07_T08		not_assigned
asset:toefl:set-16:part-7:announcement		legacy_unversioned	set-16	7	L-003	Listen to an Announcement	stimulus:set-16:part-7:audio	section:set-16:part-7		item:t16-l-an1;item:t16-l-an2;item:t16-l-an3	src/data/mocks/toefl-set-16.ts	section.audioUrl	/audio/toefl/set-16/announcement.mp3	public/audio/toefl/set-16/announcement.mp3	0e129e4bd2ffacaddb51101b2a48cc9978236349442764d621072c29250cbcb6	395642	49380	mp3	44100	1	mono	64000				not_adjudicated_pending_T07	section:set-16:part-7.transcript	050c3effdaaee4baa50eec59a66a846a0a8ea358afe9f665dc0461855cf20162	837	138		not_run_pending_T07		not_recorded	not_recorded	not_recorded	not_recorded	not_recorded	not_recorded_pending_rights_review	draft	legacy_unverified	inventoried_pending_T06	pending_T07	not_reviewed_pending_T08		pending_T06_T07_T08		not_assigned
asset:toefl:set-16:part-8:academic-talk		legacy_unversioned	set-16	8	L-004	Listen to an Academic Talk	stimulus:set-16:part-8:audio	section:set-16:part-8		item:t16-l-at1;item:t16-l-at2;item:t16-l-at3;item:t16-l-at4;item:t16-l-at5	src/data/mocks/toefl-set-16.ts	section.audioUrl	/audio/toefl/set-16/academic-talk.mp3	public/audio/toefl/set-16/academic-talk.mp3	e8bdf8b1fc526f9902e7242cc0a1f4eff0a1f37637bdc2c9e43bb72db4e880df	1120174	139940	mp3	44100	1	mono	64000				not_adjudicated_pending_T07	section:set-16:part-8.transcript	03d66d2f032d34d5a63deab38e0389da5de64e1aca0e46b80ff9e5a2c3fb7ab2	2055	345		not_run_pending_T07		not_recorded	not_recorded	not_recorded	not_recorded	not_recorded	not_recorded_pending_rights_review	draft	legacy_unverified	inventoried_pending_T06	pending_T07	not_reviewed_pending_T08		pending_T06_T07_T08		not_assigned
asset:toefl:set-16:part-12:repeat-1		legacy_unversioned	set-16	12	S-001	Listen and Repeat	stimulus:t16-s-rp1:audio	section:set-16:part-12	item:t16-s-rp1	item:t16-s-rp1	src/data/mocks/toefl-set-16.ts	question.audioUrl	/audio/toefl/set-16/repeat-1.mp3	public/audio/toefl/set-16/repeat-1.mp3	e7c16eff7c29a801869e1d6a9928a28503d1b11bf854fe60fd483987c7f662cc	16135	1940	mp3	44100	1	mono	64000				not_adjudicated_pending_T07	object:t16-s-rp1.targetSentence	db84911000decc137c95bae60e9f782a8e92ac9faaf0fdcc5c8485eab1d64ca5	23	4		not_run_pending_T07		not_recorded	not_recorded	not_recorded	not_recorded	not_recorded	not_recorded_pending_rights_review	draft	legacy_unverified	inventoried_pending_T06	pending_T07	not_reviewed_pending_T08		pending_T06_T07_T08		not_assigned
asset:toefl:set-16:part-12:repeat-2		legacy_unversioned	set-16	12	S-001	Listen and Repeat	stimulus:t16-s-rp2:audio	section:set-16:part-12	item:t16-s-rp2	item:t16-s-rp2	src/data/mocks/toefl-set-16.ts	question.audioUrl	/audio/toefl/set-16/repeat-2.mp3	public/audio/toefl/set-16/repeat-2.mp3	6bd319c2d1e57085afaabda1f7b6b7c8709970e841bde9d963511d9e069696b6	23031	2820	mp3	44100	1	mono	64000				not_adjudicated_pending_T07	object:t16-s-rp2.targetSentence	8add03cb7a65e5fe70fec87489226fec22441c4077819c8d00e49adf6006167e	46	10		not_run_pending_T07		not_recorded	not_recorded	not_recorded	not_recorded	not_recorded	not_recorded_pending_rights_review	draft	legacy_unverified	inventoried_pending_T06	pending_T07	not_reviewed_pending_T08		pending_T06_T07_T08		not_assigned
asset:toefl:set-16:part-12:repeat-3		legacy_unversioned	set-16	12	S-001	Listen and Repeat	stimulus:t16-s-rp3:audio	section:set-16:part-12	item:t16-s-rp3	item:t16-s-rp3	src/data/mocks/toefl-set-16.ts	question.audioUrl	/audio/toefl/set-16/repeat-3.mp3	public/audio/toefl/set-16/repeat-3.mp3	68849bbc8bf7ecb3cdb25286de0747635ad318840f7d249e85262b22f0b20dfe	31390	3860	mp3	44100	1	mono	64000				not_adjudicated_pending_T07	object:t16-s-rp3.targetSentence	5fd1e5e05f3525e39f1e4c55f1bc7949125ec68f5cd3de20d3f52cbae631066d	56	11		not_run_pending_T07		not_recorded	not_recorded	not_recorded	not_recorded	not_recorded	not_recorded_pending_rights_review	draft	legacy_unverified	inventoried_pending_T06	pending_T07	not_reviewed_pending_T08		pending_T06_T07_T08		not_assigned
asset:toefl:set-16:part-12:repeat-4		legacy_unversioned	set-16	12	S-001	Listen and Repeat	stimulus:t16-s-rp4:audio	section:set-16:part-12	item:t16-s-rp4	item:t16-s-rp4	src/data/mocks/toefl-set-16.ts	question.audioUrl	/audio/toefl/set-16/repeat-4.mp3	public/audio/toefl/set-16/repeat-4.mp3	fadcfd6ad20906559317afaeb785abad3d02a09c3926696b549a7d1c0db065fa	35361	4340	mp3	44100	1	mono	64000				not_adjudicated_pending_T07	object:t16-s-rp4.targetSentence	832aa8b2d9e29d28a91d55879c76a42ac25b39048e4c12f8f66c8a0ee015d9c8	79	15		not_run_pending_T07		not_recorded	not_recorded	not_recorded	not_recorded	not_recorded	not_recorded_pending_rights_review	draft	legacy_unverified	inventoried_pending_T06	pending_T07	not_reviewed_pending_T08		pending_T06_T07_T08		not_assigned
asset:toefl:set-16:part-12:repeat-5		legacy_unversioned	set-16	12	S-001	Listen and Repeat	stimulus:t16-s-rp5:audio	section:set-16:part-12	item:t16-s-rp5	item:t16-s-rp5	src/data/mocks/toefl-set-16.ts	question.audioUrl	/audio/toefl/set-16/repeat-5.mp3	public/audio/toefl/set-16/repeat-5.mp3	c309007c968fd588e8414ea2f9e2b6d901f8ddaf4b8d448cb355f3c5b2353da6	42884	5300	mp3	44100	1	mono	64000				not_adjudicated_pending_T07	object:t16-s-rp5.targetSentence	14674a68187275220ca1f5d639ec102654182523349164997bcb6037b2fc5be0	90	17		not_run_pending_T07		not_recorded	not_recorded	not_recorded	not_recorded	not_recorded	not_recorded_pending_rights_review	draft	legacy_unverified	inventoried_pending_T06	pending_T07	not_reviewed_pending_T08		pending_T06_T07_T08		not_assigned
asset:toefl:set-17:part-5:listen-choose-1		legacy_unversioned	set-17	5	L-001	Listen and Choose a Response	stimulus:t17-l-cr1:audio	section:set-17:part-5	item:t17-l-cr1	item:t17-l-cr1	src/data/mocks/toefl-set-17.ts	question.audioUrl	/audio/toefl/set-17/listen-choose-1.mp3	public/audio/toefl/set-17/listen-choose-1.mp3	da66ef0f23a696862d48474b8dc1cf7a11660b36b01eb206394cac9ec608c8de	27629	3380	mp3	44100	1	mono	64000				missing_source_pending_T07						not_run_pending_T07		not_recorded	not_recorded	not_recorded	not_recorded	not_recorded	not_recorded_pending_rights_review	draft	legacy_unverified	inventoried_pending_T06	pending_T07	not_reviewed_pending_T08		pending_T06_T07_T08		not_assigned
asset:toefl:set-17:part-5:listen-choose-2		legacy_unversioned	set-17	5	L-001	Listen and Choose a Response	stimulus:t17-l-cr2:audio	section:set-17:part-5	item:t17-l-cr2	item:t17-l-cr2	src/data/mocks/toefl-set-17.ts	question.audioUrl	/audio/toefl/set-17/listen-choose-2.mp3	public/audio/toefl/set-17/listen-choose-2.mp3	30007117c6400eebad4252c097895896ac0d58adf2bf1b1b1c2cb638b1b690a4	30764	3780	mp3	44100	1	mono	64000				missing_source_pending_T07						not_run_pending_T07		not_recorded	not_recorded	not_recorded	not_recorded	not_recorded	not_recorded_pending_rights_review	draft	legacy_unverified	inventoried_pending_T06	pending_T07	not_reviewed_pending_T08		pending_T06_T07_T08		not_assigned
asset:toefl:set-17:part-5:listen-choose-3		legacy_unversioned	set-17	5	L-001	Listen and Choose a Response	stimulus:t17-l-cr3:audio	section:set-17:part-5	item:t17-l-cr3	item:t17-l-cr3	src/data/mocks/toefl-set-17.ts	question.audioUrl	/audio/toefl/set-17/listen-choose-3.mp3	public/audio/toefl/set-17/listen-choose-3.mp3	c2d828b167425a3a00f41f494ef69d6daeab30d036cfabab92540e4923813620	24494	2980	mp3	44100	1	mono	64000				missing_source_pending_T07						not_run_pending_T07		not_recorded	not_recorded	not_recorded	not_recorded	not_recorded	not_recorded_pending_rights_review	draft	legacy_unverified	inventoried_pending_T06	pending_T07	not_reviewed_pending_T08		pending_T06_T07_T08		not_assigned
asset:toefl:set-17:part-5:listen-choose-4		legacy_unversioned	set-17	5	L-001	Listen and Choose a Response	stimulus:t17-l-cr4:audio	section:set-17:part-5	item:t17-l-cr4	item:t17-l-cr4	src/data/mocks/toefl-set-17.ts	question.audioUrl	/audio/toefl/set-17/listen-choose-4.mp3	public/audio/toefl/set-17/listen-choose-4.mp3	8665dc1077fbb85eb440b9d64f2c0e53db8d16dae214981808d8a34b6d1bf46d	27629	3380	mp3	44100	1	mono	64000				missing_source_pending_T07						not_run_pending_T07		not_recorded	not_recorded	not_recorded	not_recorded	not_recorded	not_recorded_pending_rights_review	draft	legacy_unverified	inventoried_pending_T06	pending_T07	not_reviewed_pending_T08		pending_T06_T07_T08		not_assigned
asset:toefl:set-17:part-5:listen-choose-5		legacy_unversioned	set-17	5	L-001	Listen and Choose a Response	stimulus:t17-l-cr5:audio	section:set-17:part-5	item:t17-l-cr5	item:t17-l-cr5	src/data/mocks/toefl-set-17.ts	question.audioUrl	/audio/toefl/set-17/listen-choose-5.mp3	public/audio/toefl/set-17/listen-choose-5.mp3	ed3fb3d380fb55435aa61fb120ba0a94301e70e743ebef9758ce243eb08ae419	34734	4260	mp3	44100	1	mono	64000				missing_source_pending_T07						not_run_pending_T07		not_recorded	not_recorded	not_recorded	not_recorded	not_recorded	not_recorded_pending_rights_review	draft	legacy_unverified	inventoried_pending_T06	pending_T07	not_reviewed_pending_T08		pending_T06_T07_T08		not_assigned
asset:toefl:set-17:part-6:conversation		legacy_unversioned	set-17	6	L-002	Listen to a Conversation	stimulus:set-17:part-6:audio	section:set-17:part-6		item:t17-l-cv1;item:t17-l-cv2;item:t17-l-cv3;item:t17-l-cv4	src/data/mocks/toefl-set-17.ts	section.audioUrl	/audio/toefl/set-17/conversation.mp3	public/audio/toefl/set-17/conversation.mp3	ee7c090535931fa32fb2bb0b4d1a588f838cc05e3c37d6a136d9a665c00622f3	551123	68820	mp3	44100	1	mono	64000				not_adjudicated_pending_T07	section:set-17:part-6.transcript	91a1c0d89c533c983482149e50993ead2a504d56b3c0d0aa5919911921dfd1f1	1241	222		not_run_pending_T07		not_recorded	not_recorded	not_recorded	not_recorded	not_recorded	not_recorded_pending_rights_review	draft	legacy_unverified	inventoried_pending_T06	pending_T07	not_reviewed_pending_T08		pending_T06_T07_T08		not_assigned
asset:toefl:set-17:part-7:announcement		legacy_unversioned	set-17	7	L-003	Listen to an Announcement	stimulus:set-17:part-7:audio	section:set-17:part-7		item:t17-l-an1;item:t17-l-an2;item:t17-l-an3	src/data/mocks/toefl-set-17.ts	section.audioUrl	/audio/toefl/set-17/announcement.mp3	public/audio/toefl/set-17/announcement.mp3	e4f6fb8a7d11e9295018d0dba9d325c1bbdf55e34e7aa31f8d9135ec0537dd24	409644	51140	mp3	44100	1	mono	64000				not_adjudicated_pending_T07	section:set-17:part-7.transcript	e01da2420ffd330dd5d29076665b4c0a26d1f664bc4c6e90ca023759c8d9ca8e	826	142		not_run_pending_T07		not_recorded	not_recorded	not_recorded	not_recorded	not_recorded	not_recorded_pending_rights_review	draft	legacy_unverified	inventoried_pending_T06	pending_T07	not_reviewed_pending_T08		pending_T06_T07_T08		not_assigned
asset:toefl:set-17:part-8:academic-talk		legacy_unversioned	set-17	8	L-004	Listen to an Academic Talk	stimulus:set-17:part-8:audio	section:set-17:part-8		item:t17-l-at1;item:t17-l-at2;item:t17-l-at3;item:t17-l-at4;item:t17-l-at5	src/data/mocks/toefl-set-17.ts	section.audioUrl	/audio/toefl/set-17/academic-talk.mp3	public/audio/toefl/set-17/academic-talk.mp3	8e03f83e8d0b839607b53249179cbd2ae360a7ded6cce0d8168a0a1c1a3dcd2d	1019655	127380	mp3	44100	1	mono	64000				not_adjudicated_pending_T07	section:set-17:part-8.transcript	78d3ab89147ee710429f0d36ab5150691cf7896598f47896a1c9786d1596f871	1997	325		not_run_pending_T07		not_recorded	not_recorded	not_recorded	not_recorded	not_recorded	not_recorded_pending_rights_review	draft	legacy_unverified	inventoried_pending_T06	pending_T07	not_reviewed_pending_T08		pending_T06_T07_T08		not_assigned
asset:toefl:set-17:part-12:repeat-1		legacy_unversioned	set-17	12	S-001	Listen and Repeat	stimulus:t17-s-rp1:audio	section:set-17:part-12	item:t17-s-rp1	item:t17-s-rp1	src/data/mocks/toefl-set-17.ts	question.audioUrl	/audio/toefl/set-17/repeat-1.mp3	public/audio/toefl/set-17/repeat-1.mp3	a7b535a631160c1069de6bcd66a903cf5a99444b21f3c6f2c8c705043177cf91	17389	2100	mp3	44100	1	mono	64000				not_adjudicated_pending_T07	object:t17-s-rp1.targetSentence	014a3786ef3a6856c0c9022de8c9978c6a43671eed2017e30f68ae80ed0f93d6	30	6		not_run_pending_T07		not_recorded	not_recorded	not_recorded	not_recorded	not_recorded	not_recorded_pending_rights_review	draft	legacy_unverified	inventoried_pending_T06	pending_T07	not_reviewed_pending_T08		pending_T06_T07_T08		not_assigned
asset:toefl:set-17:part-12:repeat-2		legacy_unversioned	set-17	12	S-001	Listen and Repeat	stimulus:t17-s-rp2:audio	section:set-17:part-12	item:t17-s-rp2	item:t17-s-rp2	src/data/mocks/toefl-set-17.ts	question.audioUrl	/audio/toefl/set-17/repeat-2.mp3	public/audio/toefl/set-17/repeat-2.mp3	f94ae94d9bd167fcea6430f809110b16a741072eb64c41fd04c5e02ec468f966	24494	2980	mp3	44100	1	mono	64000				not_adjudicated_pending_T07	object:t17-s-rp2.targetSentence	6813896f9b2130061b4ef3387270bf8a6522903fb79fb62a014fae646f027112	46	10		not_run_pending_T07		not_recorded	not_recorded	not_recorded	not_recorded	not_recorded	not_recorded_pending_rights_review	draft	legacy_unverified	inventoried_pending_T06	pending_T07	not_reviewed_pending_T08		pending_T06_T07_T08		not_assigned
asset:toefl:set-17:part-12:repeat-3		legacy_unversioned	set-17	12	S-001	Listen and Repeat	stimulus:t17-s-rp3:audio	section:set-17:part-12	item:t17-s-rp3	item:t17-s-rp3	src/data/mocks/toefl-set-17.ts	question.audioUrl	/audio/toefl/set-17/repeat-3.mp3	public/audio/toefl/set-17/repeat-3.mp3	cb0799cb6d5bf95fb5bfef992a37a6b8ad9adb3fe7c02254c377ad4cd1d09d9a	32017	3940	mp3	44100	1	mono	64000				not_adjudicated_pending_T07	object:t17-s-rp3.targetSentence	3d4c70e4e8337bae80b881514c739b1e936395b92ec9b086940e2a7704b86c53	54	9		not_run_pending_T07		not_recorded	not_recorded	not_recorded	not_recorded	not_recorded	not_recorded_pending_rights_review	draft	legacy_unverified	inventoried_pending_T06	pending_T07	not_reviewed_pending_T08		pending_T06_T07_T08		not_assigned
asset:toefl:set-17:part-12:repeat-4		legacy_unversioned	set-17	12	S-001	Listen and Repeat	stimulus:t17-s-rp4:audio	section:set-17:part-12	item:t17-s-rp4	item:t17-s-rp4	src/data/mocks/toefl-set-17.ts	question.audioUrl	/audio/toefl/set-17/repeat-4.mp3	public/audio/toefl/set-17/repeat-4.mp3	692964de83c5a5f89d58ff5f5eccf3b9702cb6daaf9ea33fa085003daa5c0671	37242	4580	mp3	44100	1	mono	64000				not_adjudicated_pending_T07	object:t17-s-rp4.targetSentence	b26659d7a466768c698c5c10a8f886d8f5180f93ce8eb15846ad009d814f199b	77	13		not_run_pending_T07		not_recorded	not_recorded	not_recorded	not_recorded	not_recorded	not_recorded_pending_rights_review	draft	legacy_unverified	inventoried_pending_T06	pending_T07	not_reviewed_pending_T08		pending_T06_T07_T08		not_assigned
asset:toefl:set-17:part-12:repeat-5		legacy_unversioned	set-17	12	S-001	Listen and Repeat	stimulus:t17-s-rp5:audio	section:set-17:part-12	item:t17-s-rp5	item:t17-s-rp5	src/data/mocks/toefl-set-17.ts	question.audioUrl	/audio/toefl/set-17/repeat-5.mp3	public/audio/toefl/set-17/repeat-5.mp3	6e9ef6c670c676d9eee09ddc4ec5c4a1c0742fa717ae60cb152248cda8aefee5	50617	6260	mp3	44100	1	mono	64000				not_adjudicated_pending_T07	object:t17-s-rp5.targetSentence	86723657e0790eadd86e7c34d6284cee29ea459fb7d1167ab61c0ee195adb69d	113	17		not_run_pending_T07		not_recorded	not_recorded	not_recorded	not_recorded	not_recorded	not_recorded_pending_rights_review	draft	legacy_unverified	inventoried_pending_T06	pending_T07	not_reviewed_pending_T08		pending_T06_T07_T08		not_assigned
asset:toefl:set-18:part-5:listen-choose-1		legacy_unversioned	set-18	5	L-001	Listen and Choose a Response	stimulus:t18-l-cr1:audio	section:set-18:part-5	item:t18-l-cr1	item:t18-l-cr1	src/data/mocks/toefl-set-18.ts	question.audioUrl	/audio/toefl/set-18/listen-choose-1.mp3	public/audio/toefl/set-18/listen-choose-1.mp3	0e4d74563ef7a86612a58f89e7825213d1994d4d0504c3602e528436f89eaa1c	28256	3460	mp3	44100	1	mono	64000				missing_source_pending_T07						not_run_pending_T07		not_recorded	not_recorded	not_recorded	not_recorded	not_recorded	not_recorded_pending_rights_review	draft	legacy_unverified	inventoried_pending_T06	pending_T07	not_reviewed_pending_T08		pending_T06_T07_T08		not_assigned
asset:toefl:set-18:part-5:listen-choose-2		legacy_unversioned	set-18	5	L-001	Listen and Choose a Response	stimulus:t18-l-cr2:audio	section:set-18:part-5	item:t18-l-cr2	item:t18-l-cr2	src/data/mocks/toefl-set-18.ts	question.audioUrl	/audio/toefl/set-18/listen-choose-2.mp3	public/audio/toefl/set-18/listen-choose-2.mp3	4ab715d16a2df6094195e683cb02bd29609a596c5696ec7e437d9ad0edb0049f	23867	2901	mp3	44100	1	mono	64000				missing_source_pending_T07						not_run_pending_T07		not_recorded	not_recorded	not_recorded	not_recorded	not_recorded	not_recorded_pending_rights_review	draft	legacy_unverified	inventoried_pending_T06	pending_T07	not_reviewed_pending_T08		pending_T06_T07_T08		not_assigned
asset:toefl:set-18:part-5:listen-choose-3		legacy_unversioned	set-18	5	L-001	Listen and Choose a Response	stimulus:t18-l-cr3:audio	section:set-18:part-5	item:t18-l-cr3	item:t18-l-cr3	src/data/mocks/toefl-set-18.ts	question.audioUrl	/audio/toefl/set-18/listen-choose-3.mp3	public/audio/toefl/set-18/listen-choose-3.mp3	c75a0d129067c62ac6d39f6726d0ccd56852013a9521f701797ba1117af8a4ec	33271	4100	mp3	44100	1	mono	64000				missing_source_pending_T07						not_run_pending_T07		not_recorded	not_recorded	not_recorded	not_recorded	not_recorded	not_recorded_pending_rights_review	draft	legacy_unverified	inventoried_pending_T06	pending_T07	not_reviewed_pending_T08		pending_T06_T07_T08		not_assigned
asset:toefl:set-18:part-5:listen-choose-4		legacy_unversioned	set-18	5	L-001	Listen and Choose a Response	stimulus:t18-l-cr4:audio	section:set-18:part-5	item:t18-l-cr4	item:t18-l-cr4	src/data/mocks/toefl-set-18.ts	question.audioUrl	/audio/toefl/set-18/listen-choose-4.mp3	public/audio/toefl/set-18/listen-choose-4.mp3	86b21cce9a8cf07eecb83c5f47d9d5940750ad4be35c6fee1a273e6f726f32b0	28883	3540	mp3	44100	1	mono	64000				missing_source_pending_T07						not_run_pending_T07		not_recorded	not_recorded	not_recorded	not_recorded	not_recorded	not_recorded_pending_rights_review	draft	legacy_unverified	inventoried_pending_T06	pending_T07	not_reviewed_pending_T08		pending_T06_T07_T08		not_assigned
asset:toefl:set-18:part-5:listen-choose-5		legacy_unversioned	set-18	5	L-001	Listen and Choose a Response	stimulus:t18-l-cr5:audio	section:set-18:part-5	item:t18-l-cr5	item:t18-l-cr5	src/data/mocks/toefl-set-18.ts	question.audioUrl	/audio/toefl/set-18/listen-choose-5.mp3	public/audio/toefl/set-18/listen-choose-5.mp3	399c93edd5ad40e5c1a98d150b89be789e69419f6a6dd09d9241b1bd21047d4d	27629	3380	mp3	44100	1	mono	64000				missing_source_pending_T07						not_run_pending_T07		not_recorded	not_recorded	not_recorded	not_recorded	not_recorded	not_recorded_pending_rights_review	draft	legacy_unverified	inventoried_pending_T06	pending_T07	not_reviewed_pending_T08		pending_T06_T07_T08		not_assigned
asset:toefl:set-18:part-6:conversation		legacy_unversioned	set-18	6	L-002	Listen to a Conversation	stimulus:set-18:part-6:audio	section:set-18:part-6		item:t18-l-cv1;item:t18-l-cv2;item:t18-l-cv3;item:t18-l-cv4	src/data/mocks/toefl-set-18.ts	section.audioUrl	/audio/toefl/set-18/conversation.mp3	public/audio/toefl/set-18/conversation.mp3	78fa354239cc77b96c305bc5ae0b82e3d0e60e02bc17f2f978a1080f2f8b30f1	754460	94240	mp3	44100	1	mono	64000				not_adjudicated_pending_T07	section:set-18:part-6.transcript	ce91de05c08e996198bc75fe3613b0f99045e94560fbbe7b1c6109a4343f5d86	1523	260		not_run_pending_T07		not_recorded	not_recorded	not_recorded	not_recorded	not_recorded	not_recorded_pending_rights_review	draft	legacy_unverified	inventoried_pending_T06	pending_T07	not_reviewed_pending_T08		pending_T06_T07_T08		not_assigned
asset:toefl:set-18:part-7:announcement		legacy_unversioned	set-18	7	L-003	Listen to an Announcement	stimulus:set-18:part-7:audio	section:set-18:part-7		item:t18-l-an1;item:t18-l-an2;item:t18-l-an3	src/data/mocks/toefl-set-18.ts	section.audioUrl	/audio/toefl/set-18/announcement.mp3	public/audio/toefl/set-18/announcement.mp3	e7a5f9c32f090c09e0ba6f32e800f172dadeef82839f4675fbbea59a1d0da632	434721	54260	mp3	44100	1	mono	64000				not_adjudicated_pending_T07	section:set-18:part-7.transcript	cf8bc00eb042da5a5cd4119677a2462c337a02df674a8c43d536c5d943f40536	871	153		not_run_pending_T07		not_recorded	not_recorded	not_recorded	not_recorded	not_recorded	not_recorded_pending_rights_review	draft	legacy_unverified	inventoried_pending_T06	pending_T07	not_reviewed_pending_T08		pending_T06_T07_T08		not_assigned
asset:toefl:set-18:part-8:academic-talk		legacy_unversioned	set-18	8	L-004	Listen to an Academic Talk	stimulus:set-18:part-8:audio	section:set-18:part-8		item:t18-l-at1;item:t18-l-at2;item:t18-l-at3;item:t18-l-at4;item:t18-l-at5	src/data/mocks/toefl-set-18.ts	section.audioUrl	/audio/toefl/set-18/academic-talk.mp3	public/audio/toefl/set-18/academic-talk.mp3	e7521a72ed9ee6266f1cf7991f7b40b4312906161cbca44f4b738f3c4e023a18	957588	119620	mp3	44100	1	mono	64000				not_adjudicated_pending_T07	section:set-18:part-8.transcript	93d8b839831a2420f9916808fcf3c2a58d55f2e620c493a0c3acf5b195977bcd	1887	310		not_run_pending_T07		not_recorded	not_recorded	not_recorded	not_recorded	not_recorded	not_recorded_pending_rights_review	draft	legacy_unverified	inventoried_pending_T06	pending_T07	not_reviewed_pending_T08		pending_T06_T07_T08		not_assigned
asset:toefl:set-18:part-12:repeat-1		legacy_unversioned	set-18	12	S-001	Listen and Repeat	stimulus:t18-s-rp1:audio	section:set-18:part-12	item:t18-s-rp1	item:t18-s-rp1	src/data/mocks/toefl-set-18.ts	question.audioUrl	/audio/toefl/set-18/repeat-1.mp3	public/audio/toefl/set-18/repeat-1.mp3	c7d8890b36114fe9e80070adcaeffb8e6997746727650a276871a6c09dad4061	18643	2260	mp3	44100	1	mono	64000				not_adjudicated_pending_T07	object:t18-s-rp1.targetSentence	f7ced0a5687712a101ffc83a7e4304b91c64d3cc0916fbdf05df7c5b735e74f0	23	5		not_run_pending_T07		not_recorded	not_recorded	not_recorded	not_recorded	not_recorded	not_recorded_pending_rights_review	draft	legacy_unverified	inventoried_pending_T06	pending_T07	not_reviewed_pending_T08		pending_T06_T07_T08		not_assigned
asset:toefl:set-18:part-12:repeat-2		legacy_unversioned	set-18	12	S-001	Listen and Repeat	stimulus:t18-s-rp2:audio	section:set-18:part-12	item:t18-s-rp2	item:t18-s-rp2	src/data/mocks/toefl-set-18.ts	question.audioUrl	/audio/toefl/set-18/repeat-2.mp3	public/audio/toefl/set-18/repeat-2.mp3	aaeff2920b5e66eba0ea5c204a6aa28fdff4f255d4968bce67e114ee21994927	23867	2901	mp3	44100	1	mono	64000				not_adjudicated_pending_T07	object:t18-s-rp2.targetSentence	ff9ddde6a27096b22594073fffdbcf76747eac9d31b930b8ef26be0bf5dc42a7	37	8		not_run_pending_T07		not_recorded	not_recorded	not_recorded	not_recorded	not_recorded	not_recorded_pending_rights_review	draft	legacy_unverified	inventoried_pending_T06	pending_T07	not_reviewed_pending_T08		pending_T06_T07_T08		not_assigned
asset:toefl:set-18:part-12:repeat-3		legacy_unversioned	set-18	12	S-001	Listen and Repeat	stimulus:t18-s-rp3:audio	section:set-18:part-12	item:t18-s-rp3	item:t18-s-rp3	src/data/mocks/toefl-set-18.ts	question.audioUrl	/audio/toefl/set-18/repeat-3.mp3	public/audio/toefl/set-18/repeat-3.mp3	8ff7e0733238625af577abf5d12d12308590a5a359556adbc8e104cc4d2a8888	29510	3620	mp3	44100	1	mono	64000				not_adjudicated_pending_T07	object:t18-s-rp3.targetSentence	cf3d8e571c170c19e0f9ff898f23d9807ce06e126d4e88dc2d6b3bf97e1cb557	55	9		not_run_pending_T07		not_recorded	not_recorded	not_recorded	not_recorded	not_recorded	not_recorded_pending_rights_review	draft	legacy_unverified	inventoried_pending_T06	pending_T07	not_reviewed_pending_T08		pending_T06_T07_T08		not_assigned
asset:toefl:set-18:part-12:repeat-4		legacy_unversioned	set-18	12	S-001	Listen and Repeat	stimulus:t18-s-rp4:audio	section:set-18:part-12	item:t18-s-rp4	item:t18-s-rp4	src/data/mocks/toefl-set-18.ts	question.audioUrl	/audio/toefl/set-18/repeat-4.mp3	public/audio/toefl/set-18/repeat-4.mp3	14c168721499f829e801975013eb841921997d1b445d1b9c522ecf8fc186b106	38496	4740	mp3	44100	1	mono	64000				not_adjudicated_pending_T07	object:t18-s-rp4.targetSentence	59335d3609dbe95ff6bb688b91f8c9d143fc8f571fc27687bee13f736d39d895	79	12		not_run_pending_T07		not_recorded	not_recorded	not_recorded	not_recorded	not_recorded	not_recorded_pending_rights_review	draft	legacy_unverified	inventoried_pending_T06	pending_T07	not_reviewed_pending_T08		pending_T06_T07_T08		not_assigned
asset:toefl:set-18:part-12:repeat-5		legacy_unversioned	set-18	12	S-001	Listen and Repeat	stimulus:t18-s-rp5:audio	section:set-18:part-12	item:t18-s-rp5	item:t18-s-rp5	src/data/mocks/toefl-set-18.ts	question.audioUrl	/audio/toefl/set-18/repeat-5.mp3	public/audio/toefl/set-18/repeat-5.mp3	e000d72a555083253bb75a356ee2b9e9ef20d58698a60018e870886e53892a83	53124	6580	mp3	44100	1	mono	64000				not_adjudicated_pending_T07	object:t18-s-rp5.targetSentence	da6942a1460ebd3754839307eb4caa57ef29c306667868b2321e0e841920620e	100	17		not_run_pending_T07		not_recorded	not_recorded	not_recorded	not_recorded	not_recorded	not_recorded_pending_rights_review	draft	legacy_unverified	inventoried_pending_T06	pending_T07	not_reviewed_pending_T08		pending_T06_T07_T08		not_assigned
asset:toefl:set-19:part-5:listen-choose-1		legacy_unversioned	set-19	5	L-001	Listen and Choose a Response	stimulus:t19-l-cr1:audio	section:set-19:part-5	item:t19-l-cr1	item:t19-l-cr1	src/data/mocks/toefl-set-19.ts	question.audioUrl	/audio/toefl/set-19/listen-choose-1.mp3	public/audio/toefl/set-19/listen-choose-1.mp3	0d68fc285257388de4e596e54349324347c0266b7d8f9b6582f8440f5fa1df89	25121	3060	mp3	44100	1	mono	64000				missing_source_pending_T07						not_run_pending_T07		not_recorded	not_recorded	not_recorded	not_recorded	not_recorded	not_recorded_pending_rights_review	draft	legacy_unverified	inventoried_pending_T06	pending_T07	not_reviewed_pending_T08		pending_T06_T07_T08		not_assigned
asset:toefl:set-19:part-5:listen-choose-2		legacy_unversioned	set-19	5	L-001	Listen and Choose a Response	stimulus:t19-l-cr2:audio	section:set-19:part-5	item:t19-l-cr2	item:t19-l-cr2	src/data/mocks/toefl-set-19.ts	question.audioUrl	/audio/toefl/set-19/listen-choose-2.mp3	public/audio/toefl/set-19/listen-choose-2.mp3	28bc70bd2974ce3444fe001fff5614fd2cc129e7b0eed6ed0b07eec2c052ee9e	27629	3380	mp3	44100	1	mono	64000				missing_source_pending_T07						not_run_pending_T07		not_recorded	not_recorded	not_recorded	not_recorded	not_recorded	not_recorded_pending_rights_review	draft	legacy_unverified	inventoried_pending_T06	pending_T07	not_reviewed_pending_T08		pending_T06_T07_T08		not_assigned
asset:toefl:set-19:part-5:listen-choose-3		legacy_unversioned	set-19	5	L-001	Listen and Choose a Response	stimulus:t19-l-cr3:audio	section:set-19:part-5	item:t19-l-cr3	item:t19-l-cr3	src/data/mocks/toefl-set-19.ts	question.audioUrl	/audio/toefl/set-19/listen-choose-3.mp3	public/audio/toefl/set-19/listen-choose-3.mp3	0cdaedb7c6fe5f2b6b36f5fc13fba04eeaf764af1d5eb2943ea31b35b6843089	20524	2500	mp3	44100	1	mono	64000				missing_source_pending_T07						not_run_pending_T07		not_recorded	not_recorded	not_recorded	not_recorded	not_recorded	not_recorded_pending_rights_review	draft	legacy_unverified	inventoried_pending_T06	pending_T07	not_reviewed_pending_T08		pending_T06_T07_T08		not_assigned
asset:toefl:set-19:part-5:listen-choose-4		legacy_unversioned	set-19	5	L-001	Listen and Choose a Response	stimulus:t19-l-cr4:audio	section:set-19:part-5	item:t19-l-cr4	item:t19-l-cr4	src/data/mocks/toefl-set-19.ts	question.audioUrl	/audio/toefl/set-19/listen-choose-4.mp3	public/audio/toefl/set-19/listen-choose-4.mp3	37e25e5fe16c407f52df5883a63ab6b2baed97ada23039d86f3381cc1a172a9c	26375	3220	mp3	44100	1	mono	64000				missing_source_pending_T07						not_run_pending_T07		not_recorded	not_recorded	not_recorded	not_recorded	not_recorded	not_recorded_pending_rights_review	draft	legacy_unverified	inventoried_pending_T06	pending_T07	not_reviewed_pending_T08		pending_T06_T07_T08		not_assigned
asset:toefl:set-19:part-5:listen-choose-5		legacy_unversioned	set-19	5	L-001	Listen and Choose a Response	stimulus:t19-l-cr5:audio	section:set-19:part-5	item:t19-l-cr5	item:t19-l-cr5	src/data/mocks/toefl-set-19.ts	question.audioUrl	/audio/toefl/set-19/listen-choose-5.mp3	public/audio/toefl/set-19/listen-choose-5.mp3	bcca0bb1045a9356909b7a786d2435bca7d91206b39b80bc25b6460ff6b7ca46	28256	3460	mp3	44100	1	mono	64000				missing_source_pending_T07						not_run_pending_T07		not_recorded	not_recorded	not_recorded	not_recorded	not_recorded	not_recorded_pending_rights_review	draft	legacy_unverified	inventoried_pending_T06	pending_T07	not_reviewed_pending_T08		pending_T06_T07_T08		not_assigned
asset:toefl:set-19:part-6:conversation		legacy_unversioned	set-19	6	L-002	Listen to a Conversation	stimulus:set-19:part-6:audio	section:set-19:part-6		item:t19-l-cv1;item:t19-l-cv2;item:t19-l-cv3;item:t19-l-cv4	src/data/mocks/toefl-set-19.ts	section.audioUrl	/audio/toefl/set-19/conversation.mp3	public/audio/toefl/set-19/conversation.mp3	012d5eee40c81439aa27a13fbb965b2b2f2bf4261d531f6cd61f2ab7c921eb97	639521	79860	mp3	44100	1	mono	64000				not_adjudicated_pending_T07	section:set-19:part-6.transcript	a2e16864916887d55431282ef5f7a0400745404bac24df54917b6f847af31634	1294	237		not_run_pending_T07		not_recorded	not_recorded	not_recorded	not_recorded	not_recorded	not_recorded_pending_rights_review	draft	legacy_unverified	inventoried_pending_T06	pending_T07	not_reviewed_pending_T08		pending_T06_T07_T08		not_assigned
asset:toefl:set-19:part-7:announcement		legacy_unversioned	set-19	7	L-003	Listen to an Announcement	stimulus:set-19:part-7:audio	section:set-19:part-7		item:t19-l-an1;item:t19-l-an2;item:t19-l-an3	src/data/mocks/toefl-set-19.ts	section.audioUrl	/audio/toefl/set-19/announcement.mp3	public/audio/toefl/set-19/announcement.mp3	d6cb5b3f14347a4357b9baeb1e577f01ddb896ecdd9592d352fbe66315780194	416122	51940	mp3	44100	1	mono	64000				not_adjudicated_pending_T07	section:set-19:part-7.transcript	74b5d3b2b70803dff9655da50cb1b6d532198416b734815bac690e3df7dfac78	896	159		not_run_pending_T07		not_recorded	not_recorded	not_recorded	not_recorded	not_recorded	not_recorded_pending_rights_review	draft	legacy_unverified	inventoried_pending_T06	pending_T07	not_reviewed_pending_T08		pending_T06_T07_T08		not_assigned
asset:toefl:set-19:part-8:academic-talk		legacy_unversioned	set-19	8	L-004	Listen to an Academic Talk	stimulus:set-19:part-8:audio	section:set-19:part-8		item:t19-l-at1;item:t19-l-at2;item:t19-l-at3;item:t19-l-at4;item:t19-l-at5	src/data/mocks/toefl-set-19.ts	section.audioUrl	/audio/toefl/set-19/academic-talk.mp3	public/audio/toefl/set-19/academic-talk.mp3	419799118727a968f7461e1fe6b5c95b28e8af3a1133937f9d668d78f88f4aa5	949856	118660	mp3	44100	1	mono	64000				not_adjudicated_pending_T07	section:set-19:part-8.transcript	0ffa2ac6432479caa0f992d0f5edfcb550d03f649b3d12e9df0d71dff06d613e	1974	326		not_run_pending_T07		not_recorded	not_recorded	not_recorded	not_recorded	not_recorded	not_recorded_pending_rights_review	draft	legacy_unverified	inventoried_pending_T06	pending_T07	not_reviewed_pending_T08		pending_T06_T07_T08		not_assigned
asset:toefl:set-19:part-12:repeat-1		legacy_unversioned	set-19	12	S-001	Listen and Repeat	stimulus:t19-s-rp1:audio	section:set-19:part-12	item:t19-s-rp1	item:t19-s-rp1	src/data/mocks/toefl-set-19.ts	question.audioUrl	/audio/toefl/set-19/repeat-1.mp3	public/audio/toefl/set-19/repeat-1.mp3	4b7341ec376f860bd4280bbd80e232955b8b8f003fa2b524845343bb5bf84f70	21150	2580	mp3	44100	1	mono	64000				not_adjudicated_pending_T07	object:t19-s-rp1.targetSentence	3590b690e0b4239600ce0b81f6da9f46ac134c87dae01795a4e0b7c784888e71	28	4		not_run_pending_T07		not_recorded	not_recorded	not_recorded	not_recorded	not_recorded	not_recorded_pending_rights_review	draft	legacy_unverified	inventoried_pending_T06	pending_T07	not_reviewed_pending_T08		pending_T06_T07_T08		not_assigned
asset:toefl:set-19:part-12:repeat-2		legacy_unversioned	set-19	12	S-001	Listen and Repeat	stimulus:t19-s-rp2:audio	section:set-19:part-12	item:t19-s-rp2	item:t19-s-rp2	src/data/mocks/toefl-set-19.ts	question.audioUrl	/audio/toefl/set-19/repeat-2.mp3	public/audio/toefl/set-19/repeat-2.mp3	3f8e501348441b7d7cc01b8f67c979062e4f3f967b51ec45d877904015b0e7b7	26375	3220	mp3	44100	1	mono	64000				not_adjudicated_pending_T07	object:t19-s-rp2.targetSentence	4dbaed4c5aeba83a850056e1f69fcf057d5b593dae642a0158af40828964035c	43	9		not_run_pending_T07		not_recorded	not_recorded	not_recorded	not_recorded	not_recorded	not_recorded_pending_rights_review	draft	legacy_unverified	inventoried_pending_T06	pending_T07	not_reviewed_pending_T08		pending_T06_T07_T08		not_assigned
asset:toefl:set-19:part-12:repeat-3		legacy_unversioned	set-19	12	S-001	Listen and Repeat	stimulus:t19-s-rp3:audio	section:set-19:part-12	item:t19-s-rp3	item:t19-s-rp3	src/data/mocks/toefl-set-19.ts	question.audioUrl	/audio/toefl/set-19/repeat-3.mp3	public/audio/toefl/set-19/repeat-3.mp3	13b0684c1e477227b9058b7238fb058254894eafae29de89be60cdb52c7fb91b	26375	3220	mp3	44100	1	mono	64000				not_adjudicated_pending_T07	object:t19-s-rp3.targetSentence	219302dc1064f10896687a3ccb991b6dec039ac79d08a85834c565d4937967f0	53	9		not_run_pending_T07		not_recorded	not_recorded	not_recorded	not_recorded	not_recorded	not_recorded_pending_rights_review	draft	legacy_unverified	inventoried_pending_T06	pending_T07	not_reviewed_pending_T08		pending_T06_T07_T08		not_assigned
asset:toefl:set-19:part-12:repeat-4		legacy_unversioned	set-19	12	S-001	Listen and Repeat	stimulus:t19-s-rp4:audio	section:set-19:part-12	item:t19-s-rp4	item:t19-s-rp4	src/data/mocks/toefl-set-19.ts	question.audioUrl	/audio/toefl/set-19/repeat-4.mp3	public/audio/toefl/set-19/repeat-4.mp3	8e31cd8ce21760fa988ca904b11de09dd175793cb21afea23bba0835da1af354	38496	4740	mp3	44100	1	mono	64000				not_adjudicated_pending_T07	object:t19-s-rp4.targetSentence	f3a67d8028471ff67c924e7c45d873d69426089de014a3e352979d2514729807	74	14		not_run_pending_T07		not_recorded	not_recorded	not_recorded	not_recorded	not_recorded	not_recorded_pending_rights_review	draft	legacy_unverified	inventoried_pending_T06	pending_T07	not_reviewed_pending_T08		pending_T06_T07_T08		not_assigned
asset:toefl:set-19:part-12:repeat-5		legacy_unversioned	set-19	12	S-001	Listen and Repeat	stimulus:t19-s-rp5:audio	section:set-19:part-12	item:t19-s-rp5	item:t19-s-rp5	src/data/mocks/toefl-set-19.ts	question.audioUrl	/audio/toefl/set-19/repeat-5.mp3	public/audio/toefl/set-19/repeat-5.mp3	e8a583c434a82484ae45103050a0fbfbf4f338670e808ea18ad00d99b512ff03	46228	5700	mp3	44100	1	mono	64000				not_adjudicated_pending_T07	object:t19-s-rp5.targetSentence	69bebc6a6d3a202e024646573ff74f37aecc4af6f6a6c733988e5d5a410f848d	104	16		not_run_pending_T07		not_recorded	not_recorded	not_recorded	not_recorded	not_recorded	not_recorded_pending_rights_review	draft	legacy_unverified	inventoried_pending_T06	pending_T07	not_reviewed_pending_T08		pending_T06_T07_T08		not_assigned
asset:toefl:set-20:part-5:listen-choose-1		legacy_unversioned	set-20	5	L-001	Listen and Choose a Response	stimulus:t20-l-cr1:audio	section:set-20:part-5	item:t20-l-cr1	item:t20-l-cr1	src/data/mocks/toefl-set-20.ts	question.audioUrl	/audio/toefl/set-20/listen-choose-1.mp3	public/audio/toefl/set-20/listen-choose-1.mp3	f978eb9776e8a8e25bd7a772ffd1166c01b065bd05b4bcb1f31af646797461ba	29510	3620	mp3	44100	1	mono	64000				missing_source_pending_T07						not_run_pending_T07		not_recorded	not_recorded	not_recorded	not_recorded	not_recorded	not_recorded_pending_rights_review	draft	legacy_unverified	inventoried_pending_T06	pending_T07	not_reviewed_pending_T08		pending_T06_T07_T08		not_assigned
asset:toefl:set-20:part-5:listen-choose-2		legacy_unversioned	set-20	5	L-001	Listen and Choose a Response	stimulus:t20-l-cr2:audio	section:set-20:part-5	item:t20-l-cr2	item:t20-l-cr2	src/data/mocks/toefl-set-20.ts	question.audioUrl	/audio/toefl/set-20/listen-choose-2.mp3	public/audio/toefl/set-20/listen-choose-2.mp3	73bb6f456a389b9b2d3b81c3f91e2eac77f784cb851572b6bc2021a8c8551b7f	30764	3780	mp3	44100	1	mono	64000				missing_source_pending_T07						not_run_pending_T07		not_recorded	not_recorded	not_recorded	not_recorded	not_recorded	not_recorded_pending_rights_review	draft	legacy_unverified	inventoried_pending_T06	pending_T07	not_reviewed_pending_T08		pending_T06_T07_T08		not_assigned
asset:toefl:set-20:part-5:listen-choose-3		legacy_unversioned	set-20	5	L-001	Listen and Choose a Response	stimulus:t20-l-cr3:audio	section:set-20:part-5	item:t20-l-cr3	item:t20-l-cr3	src/data/mocks/toefl-set-20.ts	question.audioUrl	/audio/toefl/set-20/listen-choose-3.mp3	public/audio/toefl/set-20/listen-choose-3.mp3	46a9e19468fbc32fec03c92f11306380b7cc37251983cf3a1e8427ff24438aca	23031	2820	mp3	44100	1	mono	64000				missing_source_pending_T07						not_run_pending_T07		not_recorded	not_recorded	not_recorded	not_recorded	not_recorded	not_recorded_pending_rights_review	draft	legacy_unverified	inventoried_pending_T06	pending_T07	not_reviewed_pending_T08		pending_T06_T07_T08		not_assigned
asset:toefl:set-20:part-5:listen-choose-4		legacy_unversioned	set-20	5	L-001	Listen and Choose a Response	stimulus:t20-l-cr4:audio	section:set-20:part-5	item:t20-l-cr4	item:t20-l-cr4	src/data/mocks/toefl-set-20.ts	question.audioUrl	/audio/toefl/set-20/listen-choose-4.mp3	public/audio/toefl/set-20/listen-choose-4.mp3	c7bcc407f4aab0a779a3cfc23e1e6d709d50c520d8470c94f47763dbef50190f	35988	4420	mp3	44100	1	mono	64000				missing_source_pending_T07						not_run_pending_T07		not_recorded	not_recorded	not_recorded	not_recorded	not_recorded	not_recorded_pending_rights_review	draft	legacy_unverified	inventoried_pending_T06	pending_T07	not_reviewed_pending_T08		pending_T06_T07_T08		not_assigned
asset:toefl:set-20:part-5:listen-choose-5		legacy_unversioned	set-20	5	L-001	Listen and Choose a Response	stimulus:t20-l-cr5:audio	section:set-20:part-5	item:t20-l-cr5	item:t20-l-cr5	src/data/mocks/toefl-set-20.ts	question.audioUrl	/audio/toefl/set-20/listen-choose-5.mp3	public/audio/toefl/set-20/listen-choose-5.mp3	f22d545dc2dc35afdbe27d9b580b82a5882a9183626cebe2cc9fd2ee700b101d	28256	3460	mp3	44100	1	mono	64000				missing_source_pending_T07						not_run_pending_T07		not_recorded	not_recorded	not_recorded	not_recorded	not_recorded	not_recorded_pending_rights_review	draft	legacy_unverified	inventoried_pending_T06	pending_T07	not_reviewed_pending_T08		pending_T06_T07_T08		not_assigned
asset:toefl:set-20:part-6:conversation		legacy_unversioned	set-20	6	L-002	Listen to a Conversation	stimulus:set-20:part-6:audio	section:set-20:part-6		item:t20-l-cv1;item:t20-l-cv2;item:t20-l-cv3;item:t20-l-cv4	src/data/mocks/toefl-set-20.ts	section.audioUrl	/audio/toefl/set-20/conversation.mp3	public/audio/toefl/set-20/conversation.mp3	12f833695bba723d57afc5103e0719488cce8d05512e7e045fe3f5302884548f	776194	96960	mp3	44100	1	mono	64000				not_adjudicated_pending_T07	section:set-20:part-6.transcript	98c9be57bddf43919364da05374b473b3f0e98f0f89b62c76cc7336669b41435	1566	256		not_run_pending_T07		not_recorded	not_recorded	not_recorded	not_recorded	not_recorded	not_recorded_pending_rights_review	draft	legacy_unverified	inventoried_pending_T06	pending_T07	not_reviewed_pending_T08		pending_T06_T07_T08		not_assigned
asset:toefl:set-20:part-7:announcement		legacy_unversioned	set-20	7	L-003	Listen to an Announcement	stimulus:set-20:part-7:audio	section:set-20:part-7		item:t20-l-an1;item:t20-l-an2;item:t20-l-an3	src/data/mocks/toefl-set-20.ts	section.audioUrl	/audio/toefl/set-20/announcement.mp3	public/audio/toefl/set-20/announcement.mp3	750722d825c983c1bc294ed72304d13c351f8e3335b6cfa0d05d1d663acd5d09	442244	55220	mp3	44100	1	mono	64000				not_adjudicated_pending_T07	section:set-20:part-7.transcript	6e4e071ab199e151402466a7a345aedf1112d7bfd398f771e6011d854ec20391	949	160		not_run_pending_T07		not_recorded	not_recorded	not_recorded	not_recorded	not_recorded	not_recorded_pending_rights_review	draft	legacy_unverified	inventoried_pending_T06	pending_T07	not_reviewed_pending_T08		pending_T06_T07_T08		not_assigned
asset:toefl:set-20:part-8:academic-talk		legacy_unversioned	set-20	8	L-004	Listen to an Academic Talk	stimulus:set-20:part-8:audio	section:set-20:part-8		item:t20-l-at1;item:t20-l-at2;item:t20-l-at3;item:t20-l-at4;item:t20-l-at5	src/data/mocks/toefl-set-20.ts	section.audioUrl	/audio/toefl/set-20/academic-talk.mp3	public/audio/toefl/set-20/academic-talk.mp3	2897c7692cda356990a5109f525c6fc4dd5acb7e7e2423bc921a4b1836843495	1075244	134340	mp3	44100	1	mono	64000				not_adjudicated_pending_T07	section:set-20:part-8.transcript	74ebb8c887be53d96e80b338fb17e611bbac5e3c947c33ecfce5b2d1a28de6ef	2006	342		not_run_pending_T07		not_recorded	not_recorded	not_recorded	not_recorded	not_recorded	not_recorded_pending_rights_review	draft	legacy_unverified	inventoried_pending_T06	pending_T07	not_reviewed_pending_T08		pending_T06_T07_T08		not_assigned
asset:toefl:set-20:part-12:repeat-1		legacy_unversioned	set-20	12	S-001	Listen and Repeat	stimulus:t20-s-rp1:audio	section:set-20:part-12	item:t20-s-rp1	item:t20-s-rp1	src/data/mocks/toefl-set-20.ts	question.audioUrl	/audio/toefl/set-20/repeat-1.mp3	public/audio/toefl/set-20/repeat-1.mp3	31e3fe784e3de308e9720c7e99500940e836c81957794aed3499818f31a76fd3	19270	2340	mp3	44100	1	mono	64000				not_adjudicated_pending_T07	object:t20-s-rp1.targetSentence	505945374a38ba1d718b38bcaa1e31a692eb08486fa10143e91d90edd04915a7	21	5		not_run_pending_T07		not_recorded	not_recorded	not_recorded	not_recorded	not_recorded	not_recorded_pending_rights_review	draft	legacy_unverified	inventoried_pending_T06	pending_T07	not_reviewed_pending_T08		pending_T06_T07_T08		not_assigned
asset:toefl:set-20:part-12:repeat-2		legacy_unversioned	set-20	12	S-001	Listen and Repeat	stimulus:t20-s-rp2:audio	section:set-20:part-12	item:t20-s-rp2	item:t20-s-rp2	src/data/mocks/toefl-set-20.ts	question.audioUrl	/audio/toefl/set-20/repeat-2.mp3	public/audio/toefl/set-20/repeat-2.mp3	d85813e38f49624ce31fee29b326fa3bc1bf9ee88b0eb142570e2be0f9b463e5	24494	2980	mp3	44100	1	mono	64000				not_adjudicated_pending_T07	object:t20-s-rp2.targetSentence	c529999a5ac3999a2920a75a94ce4c5b5163a19bede7302d82b5d6c9e8e88661	49	10		not_run_pending_T07		not_recorded	not_recorded	not_recorded	not_recorded	not_recorded	not_recorded_pending_rights_review	draft	legacy_unverified	inventoried_pending_T06	pending_T07	not_reviewed_pending_T08		pending_T06_T07_T08		not_assigned
asset:toefl:set-20:part-12:repeat-3		legacy_unversioned	set-20	12	S-001	Listen and Repeat	stimulus:t20-s-rp3:audio	section:set-20:part-12	item:t20-s-rp3	item:t20-s-rp3	src/data/mocks/toefl-set-20.ts	question.audioUrl	/audio/toefl/set-20/repeat-3.mp3	public/audio/toefl/set-20/repeat-3.mp3	c8028032fcd91d79e10e6bc4dbe15a3f64af331d63596182643e14d416a043e3	35988	4420	mp3	44100	1	mono	64000				not_adjudicated_pending_T07	object:t20-s-rp3.targetSentence	b89a9855d8b81c065cec8d3dbda1bf642742f445284c10aa20915a8c6a6eded2	57	9		not_run_pending_T07		not_recorded	not_recorded	not_recorded	not_recorded	not_recorded	not_recorded_pending_rights_review	draft	legacy_unverified	inventoried_pending_T06	pending_T07	not_reviewed_pending_T08		pending_T06_T07_T08		not_assigned
asset:toefl:set-20:part-12:repeat-4		legacy_unversioned	set-20	12	S-001	Listen and Repeat	stimulus:t20-s-rp4:audio	section:set-20:part-12	item:t20-s-rp4	item:t20-s-rp4	src/data/mocks/toefl-set-20.ts	question.audioUrl	/audio/toefl/set-20/repeat-4.mp3	public/audio/toefl/set-20/repeat-4.mp3	6ab92f24a356e62c960e70eda7f5e11f26f98b414dea4a0d22fac04b7fc48e6d	41004	5060	mp3	44100	1	mono	64000				not_adjudicated_pending_T07	object:t20-s-rp4.targetSentence	7a113f5bc5a5c03b1547c2d8a5e7cf339a177a48eef327fbdb10a18abd4657dc	85	13		not_run_pending_T07		not_recorded	not_recorded	not_recorded	not_recorded	not_recorded	not_recorded_pending_rights_review	draft	legacy_unverified	inventoried_pending_T06	pending_T07	not_reviewed_pending_T08		pending_T06_T07_T08		not_assigned
asset:toefl:set-20:part-12:repeat-5		legacy_unversioned	set-20	12	S-001	Listen and Repeat	stimulus:t20-s-rp5:audio	section:set-20:part-12	item:t20-s-rp5	item:t20-s-rp5	src/data/mocks/toefl-set-20.ts	question.audioUrl	/audio/toefl/set-20/repeat-5.mp3	public/audio/toefl/set-20/repeat-5.mp3	a8f346ff65e5727cf7dc581a06a63b12ca5d2f76217a361fff484e3cd6015113	48736	6020	mp3	44100	1	mono	64000				not_adjudicated_pending_T07	object:t20-s-rp5.targetSentence	2582f162aa04db4d7751520bf928b8bf95b0b0cb65dc1cf1accd23e6a146042a	103	17		not_run_pending_T07		not_recorded	not_recorded	not_recorded	not_recorded	not_recorded	not_recorded_pending_rights_review	draft	legacy_unverified	inventoried_pending_T06	pending_T07	not_reviewed_pending_T08		pending_T06_T07_T08		not_assigned
